as_of_utc,coin,horizon_h,realized_abs_logret,range_68,range_95,in_68,in_95,late,scored_utc
2026-10-07 07:00:00,BTC,1,0.0010037129905401323,0.00253545357285951,0.007487474822612049,1,1,1,2026-10-09 07:08:18.914558
2026-10-07 07:00:00,BTC,24,0.016088544943778794,0.012922026508542269,0.044749834352210464,0,1,1,2026-10-09 07:08:18.914558
2026-10-07 08:00:00,BTC,1,0.0022933116944408045,0.002515996644296621,0.007487474822612049,1,1,1,2026-10-09 07:08:18.914558
2026-10-07 08:00:00,BTC,24,0.01371797404283135,0.012941541096597687,0.044749834352210464,0,1,1,2026-10-09 07:08:18.914558
2026-10-07 09:00:00,BTC,1,0.001769470744852282,0.002515996644296621,0.007487474822612049,1,1,1,2026-10-09 07:08:18.914558
2026-10-07 09:00:00,BTC,24,0.013024761083177261,0.012946995292011203,0.044749834352210464,0,1,1,2026-10-09 07:08:18.914558
2026-10-07 10:00:00,BTC,1,0.0006796734343786043,0.002515996644296621,0.007487474822612049,1,1,1,2026-10-09 07:08:18.914558
2026-10-07 10:00:00,BTC,24,0.008201648289762255,0.012956250620774984,0.044749834352210464,1,1,1,2026-10-09 07:08:18.914558
2026-10-07 11:00:00,BTC,1,8.25137633365577e-05,0.002515996644296621,0.007487474822612049,1,1,1,2026-10-09 07:08:18.914558
2026-10-07 11:00:00,BTC,24,0.01217042352372815,0.012961545561361395,0.044749834352210464,1,1,1,2026-10-09 07:08:18.914558
2026-10-07 12:00:00,BTC,1,0.002968092280317823,0.002515996644296621,0.007487474822612049,0,1,1,2026-10-09 07:08:18.914558
2026-10-07 12:00:00,BTC,24,0.014847412675888884,0.012995981013498727,0.044749834352210464,0,1,1,2026-10-09 07:08:18.914558
2026-10-07 13:00:00,BTC,1,0.0035991500059426706,0.00253545357285951,0.007487474822612049,0,1,1,2026-10-09 07:08:18.914558
2026-10-07 13:00:00,BTC,24,0.014257852583180169,0.013026978783913729,0.044749834352210464,0,1,1,2026-10-09 07:08:18.914558
2026-10-07 14:00:00,BTC,1,0.002184806075929257,0.00253545357285951,0.007487474822612049,1,1,1,2026-10-09 07:08:18.914558
2026-10-07 14:00:00,BTC,24,0.012214887899911679,0.01302979728740887,0.044749834352210464,1,1,1,2026-10-09 07:08:18.914558
2026-10-07 15:00:00,BTC,1,0.005331954198841902,0.00253545357285951,0.007487474822612049,0,1,1,2026-10-09 07:08:18.914558
2026-10-07 15:00:00,BTC,24,0.0036985350321773526,0.01318461252264479,0.044749834352210464,1,1,1,2026-10-09 07:08:18.914558
2026-10-07 16:00:00,BTC,1,0.0008169488011719227,0.00253545357285951,0.007487474822612049,1,1,1,2026-10-09 07:08:18.914558
2026-10-07 16:00:00,BTC,24,0.029380400618497258,0.013369601403442894,0.044749834352210464,0,1,1,2026-10-09 07:08:18.914558
2026-10-07 17:00:00,BTC,1,0.002727191229618126,0.002515996644296621,0.007487474822612049,0,1,1,2026-10-09 07:08:18.914558
2026-10-07 17:00:00,BTC,24,0.029602393195656534,0.0134417406815429,0.044749834352210464,0,1,1,2026-10-09 07:08:18.914558
2026-10-07 18:00:00,BTC,1,0.0031579856383033007,0.00253545357285951,0.007487474822612049,0,1,1,2026-10-09 07:08:18.914558
2026-10-07 18:00:00,BTC,24,0.029415426940434756,0.013478476924854954,0.044749834352210464,0,1,1,2026-10-09 07:08:18.914558
2026-10-07 19:00:00,BTC,1,0.00015174697838654585,0.002538259013519877,0.007487474822612049,1,1,1,2026-10-09 07:08:18.914558
2026-10-07 19:00:00,BTC,24,0.023162054620231784,0.01348629490116896,0.044749834352210464,0,1,1,2026-10-09 07:08:18.914558
2026-10-07 20:00:00,BTC,1,3.200159361018234e-05,0.002538259013519877,0.007487474822612049,1,1,1,2026-10-09 07:08:18.914558
2026-10-07 20:00:00,BTC,24,0.020086117954725032,0.01356704587191576,0.044749834352210464,0,1,1,2026-10-09 07:08:18.914558
2026-10-07 21:00:00,BTC,1,0.0032750854918030367,0.002538259013519877,0.007487474822612049,0,1,1,2026-10-09 07:08:18.914558
2026-10-07 21:00:00,BTC,24,0.01958367056838083,0.01371566256082386,0.044749834352210464,0,1,1,2026-10-09 07:08:18.914558
2026-10-07 22:00:00,BTC,1,0.0008015141207924227,0.002540559367570481,0.007487474822612049,1,1,1,2026-10-09 07:08:18.914558
2026-10-07 22:00:00,BTC,24,0.01753186212644475,0.01375715788522201,0.044749834352210464,0,1,1,2026-10-09 07:08:18.914558
2026-10-07 23:00:00,BTC,1,0.0011518623265940602,0.002538259013519877,0.007487474822612049,1,1,1,2026-10-09 07:08:18.914558
2026-10-07 23:00:00,BTC,24,0.01609941398397847,0.01375715788522201,0.044749834352210464,0,1,1,2026-10-09 07:08:18.914558
2026-10-08 00:00:00,BTC,1,0.0005762736325328611,0.002538259013519877,0.007487474822612049,1,1,1,2026-10-09 07:08:18.914558
2026-10-08 00:00:00,BTC,24,0.018990097085938813,0.01375715788522201,0.044749834352210464,0,1,1,2026-10-09 07:08:18.914558
2026-10-08 01:00:00,BTC,1,0.003251418067426337,0.00253545357285951,0.007487474822612049,0,1,1,2026-10-09 07:08:18.914558
2026-10-08 01:00:00,BTC,24,0.01891157492746547,0.013819229124198093,0.044749834352210464,0,1,1,2026-10-09 07:08:18.914558
2026-10-08 02:00:00,BTC,1,0.0008275834999431409,0.002540456459218845,0.007487474822612049,1,1,1,2026-10-09 07:08:18.914558
2026-10-08 02:00:00,BTC,24,0.013633071382487105,0.013869951669946909,0.044749834352210464,1,1,1,2026-10-09 07:08:18.914558
2026-10-08 03:00:00,BTC,1,0.00495417587315211,0.00253545357285951,0.007487474822612049,0,1,1,2026-10-09 07:08:18.914558
2026-10-08 03:00:00,BTC,24,0.012761559966715722,0.013869951669946909,0.044749834352210464,1,1,1,2026-10-09 07:08:18.914558
2026-10-08 04:00:00,BTC,1,0.0012694594339150152,0.002540456459218845,0.007487474822612049,1,1,1,2026-10-09 07:08:18.914558
2026-10-08 04:00:00,BTC,24,0.003986814714462891,0.01389744797826804,0.044749834352210464,1,1,1,2026-10-09 07:08:18.914558
2026-10-08 05:00:00,BTC,1,0.00038709048880658303,0.00253545357285951,0.007487474822612049,1,1,1,2026-10-09 07:08:18.914558
2026-10-08 05:00:00,BTC,24,0.004875632164537699,0.013954703227734618,0.044749834352210464,1,1,1,2026-10-09 07:08:18.914558
2026-10-08 06:00:00,BTC,1,0.0024324556524549963,0.00253545357285951,0.007487474822612049,1,1,1,2026-10-09 07:08:18.914558
2026-10-08 06:00:00,BTC,24,0.004018755211771492,0.013954703227734618,0.044749834352210464,1,1,1,2026-10-09 07:08:18.914558
2026-10-08 07:00:00,BTC,1,0.0013668579104072556,0.002515996644296621,0.007487474822612049,1,1,1,2026-10-09 07:08:18.914558
2026-10-08 07:00:00,BTC,24,0.003754745810261342,0.013954703227734618,0.044749834352210464,1,1,1,2026-10-09 07:08:18.914558
2026-10-08 08:00:00,BTC,1,0.0016000987347866698,0.002515996644296621,0.007487474822612049,1,1,1,2026-10-09 07:08:18.914558
2026-10-08 09:00:00,BTC,1,0.0030536420485626882,0.002515996644296621,0.007487474822612049,0,1,1,2026-10-09 07:08:18.914558
2026-10-08 10:00:00,BTC,1,0.004648448668344433,0.002515996644296621,0.007487474822612049,0,1,1,2026-10-09 07:08:18.914558
2026-10-08 11:00:00,BTC,1,0.0027595029154973885,0.00253545357285951,0.007487474822612049,0,1,1,2026-10-09 07:08:18.914558
2026-10-08 12:00:00,BTC,1,0.0023785321876091305,0.002540456459218845,0.007487474822612049,1,1,1,2026-10-09 07:08:18.914558
2026-10-08 13:00:00,BTC,1,0.00155618532267415,0.002540456459218845,0.007487474822612049,1,1,1,2026-10-09 07:08:18.914558
2026-10-08 14:00:00,BTC,1,0.006331546791805073,0.00253545357285951,0.007487474822612049,0,1,1,2026-10-09 07:08:18.914558
2026-10-08 15:00:00,BTC,1,0.020349911387477954,0.00253545357285951,0.007477999018841874,0,0,1,2026-10-09 07:08:18.914558
2026-10-08 16:00:00,BTC,1,0.0010389413783311564,0.00253545357285951,0.007487474822612049,1,1,1,2026-10-09 07:08:18.914558
2026-10-08 17:00:00,BTC,1,0.002540224974396489,0.00253545357285951,0.007487474822612049,0,1,1,2026-10-09 07:08:18.914558
2026-10-08 18:00:00,BTC,1,0.009411357958506226,0.00253545357285951,0.007487474822612049,0,0,1,2026-10-09 07:08:18.914558
2026-10-08 19:00:00,BTC,1,0.0032276836438935117,0.002539973021844233,0.00751305353578262,0,1,1,2026-10-09 07:08:18.914558
2026-10-08 20:00:00,BTC,1,0.00047044579273406014,0.0025407084117725987,0.00751305353578262,1,1,1,2026-10-09 07:08:18.914558
2026-10-08 21:00:00,BTC,1,0.0012232770498669886,0.0025407084117725987,0.00751305353578262,1,1,1,2026-10-09 07:08:18.914558
2026-10-08 22:00:00,BTC,1,0.0022339622632586856,0.0025407084117725987,0.00751305353578262,1,1,1,2026-10-09 07:08:18.914558
2026-10-08 23:00:00,BTC,1,0.0017388207753662945,0.0025407084117725987,0.00751305353578262,1,1,1,2026-10-09 07:08:18.914558
2026-10-09 00:00:00,BTC,1,0.0006547957910061605,0.0025407084117725987,0.00751305353578262,1,1,1,2026-10-09 07:08:18.914558
2026-10-09 01:00:00,BTC,1,0.0020270854775520097,0.002539973021844233,0.00751305353578262,1,1,1,2026-10-09 07:08:18.914558
2026-10-09 02:00:00,BTC,1,0.001699094915714754,0.002539973021844233,0.00751305353578262,1,1,1,2026-10-09 07:08:18.914558
2026-10-09 03:00:00,BTC,1,0.0038205693791007055,0.002539973021844233,0.00751305353578262,0,1,1,2026-10-09 07:08:18.914558
2026-10-09 04:00:00,BTC,1,0.0021582768839897314,0.0025407084117725987,0.00751305353578262,1,1,1,2026-10-09 07:08:18.914558
2026-10-09 05:00:00,BTC,1,0.0012439674415729474,0.002539973021844233,0.00751305353578262,1,1,1,2026-10-09 07:08:18.914558
2026-10-09 06:00:00,BTC,1,0.0026964650539650662,0.00253545357285951,0.00751305353578262,0,1,1,2026-10-09 07:08:18.914558
2026-10-07 07:00:00,ETH,1,0.0006419172147243594,0.003197433954561326,0.009049172094809637,1,1,1,2026-10-09 07:08:18.914558
2026-10-07 07:00:00,ETH,24,0.019770160290771097,0.016677368550104037,0.050718768732591415,0,1,1,2026-10-09 07:08:18.914558
2026-10-07 08:00:00,ETH,1,0.002422360363346275,0.0031889067736276646,0.009049172094809637,1,1,1,2026-10-09 07:08:18.914558
2026-10-07 08:00:00,ETH,24,0.01848171986827051,0.016760778632372225,0.050718768732591415,0,1,1,2026-10-09 07:08:18.914558
2026-10-07 09:00:00,ETH,1,0.004993307833282328,0.0031889067736276646,0.009049172094809637,0,1,1,2026-10-09 07:08:18.914558
2026-10-07 09:00:00,ETH,24,0.019307881906437497,0.016861335826470637,0.050718768732591415,0,1,1,2026-10-09 07:08:18.914558
2026-10-07 10:00:00,ETH,1,0.006606319710669477,0.003197433954561326,0.009049172094809637,0,1,1,2026-10-09 07:08:18.914558
2026-10-07 10:00:00,ETH,24,0.01125295518714028,0.016916776810929957,0.050718768732591415,1,1,1,2026-10-09 07:08:18.914558
2026-10-07 11:00:00,ETH,1,0.000368300568438325,0.0032166988684906887,0.009049172094809637,1,1,1,2026-10-09 07:08:18.914558
2026-10-07 11:00:00,ETH,24,0.011108453668104937,0.01698673528457115,0.050718768732591415,1,1,1,2026-10-09 07:08:18.914558
2026-10-07 12:00:00,ETH,1,0.002329247852316986,0.0032166988684906887,0.009049172094809637,1,1,1,2026-10-09 07:08:18.914558
2026-10-07 12:00:00,ETH,24,0.016226704016744645,0.017070566057353145,0.050998878914719846,1,1,1,2026-10-09 07:08:18.914558
2026-10-07 13:00:00,ETH,1,0.0013612376138864898,0.003197433954561326,0.009049172094809637,1,1,1,2026-10-09 07:08:18.914558
2026-10-07 13:00:00,ETH,24,0.01678643388978409,0.01720068584590031,0.05108036946991555,1,1,1,2026-10-09 07:08:18.914558
2026-10-07 14:00:00,ETH,1,0.002197443435146575,0.003197433954561326,0.009049172094809637,1,1,1,2026-10-09 07:08:18.914558
2026-10-07 14:00:00,ETH,24,0.018512828023358976,0.01722060302868964,0.05113134989034589,0,1,1,2026-10-09 07:08:18.914558
2026-10-07 15:00:00,ETH,1,0.00269937237021387,0.0031889067736276646,0.009049172094809637,1,1,1,2026-10-09 07:08:18.914558
2026-10-07 15:00:00,ETH,24,0.012591619247053713,0.01741668513893814,0.051344647055967974,1,1,1,2026-10-09 07:08:18.914558
2026-10-07 16:00:00,ETH,1,0.0008600477253392536,0.0031867077629998877,0.009049172094809637,1,1,1,2026-10-09 07:08:18.914558
2026-10-07 16:00:00,ETH,24,0.05397213823029568,0.01749544285676214,0.051344647055967974,0,0,1,2026-10-09 07:08:18.914558
2026-10-07 17:00:00,ETH,1,0.006597486895490734,0.003169327289271564,0.009049172094809637,0,1,1,2026-10-09 07:08:18.914558
2026-10-07 17:00:00,ETH,24,0.06100964523777034,0.017513356026153865,0.051344647055967974,0,0,1,2026-10-09 07:08:18.914558
2026-10-07 18:00:00,ETH,1,0.004438273350763678,0.003169327289271564,0.009049172094809637,0,1,1,2026-10-09 07:08:18.914558
2026-10-07 18:00:00,ETH,24,0.05368823256476191,0.01758878960299342,0.051462374500842505,0,0,1,2026-10-09 07:08:18.914558
2026-10-07 19:00:00,ETH,1,0.003159289509323395,0.0031867077629998877,0.009049172094809637,1,1,1,2026-10-09 07:08:18.914558
2026-10-07 19:00:00,ETH,24,0.0462016126257651,0.017604647202608594,0.051462374500842505,0,1,1,2026-10-09 07:08:18.914558
2026-10-07 20:00:00,ETH,1,0.0013331754672537249,0.0031867077629998877,0.009049172094809637,1,1,1,2026-10-09 07:08:18.914558
2026-10-07 20:00:00,ETH,24,0.04230446844525614,0.017647125408425796,0.051462374500842505,0,1,1,2026-10-09 07:08:18.914558
2026-10-07 21:00:00,ETH,1,0.00265644694263509,0.0031867077629998877,0.009049172094809637,1,1,1,2026-10-09 07:08:18.914558
2026-10-07 21:00:00,ETH,24,0.03945907724950511,0.017658054227981567,0.051462374500842505,0,1,1,2026-10-09 07:08:18.914558
2026-10-07 22:00:00,ETH,1,0.0008214128372564728,0.0031867077629998877,0.009049172094809637,1,1,1,2026-10-09 07:08:18.914558
2026-10-07 22:00:00,ETH,24,0.03494973508293536,0.017978169837900147,0.051462374500842505,0,1,1,2026-10-09 07:08:18.914558
2026-10-07 23:00:00,ETH,1,0.001687422881996165,0.003169327289271564,0.009049172094809637,1,1,1,2026-10-09 07:08:18.914558
2026-10-07 23:00:00,ETH,24,0.037042373007393194,0.01816753264320098,0.051462374500842505,0,1,1,2026-10-09 07:08:18.914558
2026-10-08 00:00:00,ETH,1,0.0006252560938007423,0.003169327289271564,0.009049172094809637,1,1,1,2026-10-09 07:08:18.914558
2026-10-08 00:00:00,ETH,24,0.0393559130745428,0.018229650563315505,0.051462374500842505,0,1,1,2026-10-09 07:08:18.914558
2026-10-08 01:00:00,ETH,1,0.0008886664573863425,0.003169327289271564,0.009049172094809637,1,1,1,2026-10-09 07:08:18.914558
2026-10-08 01:00:00,ETH,24,0.03860019330169196,0.01823836228163623,0.051462374500842505,0,1,1,2026-10-09 07:08:18.914558
2026-10-08 02:00:00,ETH,1,0.0008840019496419093,0.003166378465462678,0.009049172094809637,1,1,1,2026-10-09 07:08:18.914558
2026-10-08 02:00:00,ETH,24,0.03789624271287496,0.01823948823132543,0.051462374500842505,0,1,1,2026-10-09 07:08:18.914558
2026-10-08 03:00:00,ETH,1,0.006212286678738868,0.003161836493742385,0.009049172094809637,0,1,1,2026-10-09 07:08:18.914558
2026-10-08 03:00:00,ETH,24,0.03575923408831613,0.01823948823132543,0.051462374500842505,0,1,1,2026-10-09 07:08:18.914558
2026-10-08 04:00:00,ETH,1,0.0006943767467750276,0.003166378465462678,0.009049172094809637,1,1,1,2026-10-09 07:08:18.914558
2026-10-08 04:00:00,ETH,24,0.027937594355119104,0.01823948823132543,0.051462374500842505,0,1,1,2026-10-09 07:08:18.914558
2026-10-08 05:00:00,ETH,1,0.00035517670414216186,0.003166378465462678,0.009049172094809637,1,1,1,2026-10-09 07:08:18.914558
2026-10-08 05:00:00,ETH,24,0.02976877058705096,0.018444415200828065,0.051462374500842505,0,1,1,2026-10-09 07:08:18.914558
2026-10-08 06:00:00,ETH,1,0.001988925076524638,0.003166378465462678,0.009049172094809637,1,1,1,2026-10-09 07:08:18.914558
2026-10-08 06:00:00,ETH,24,0.027895088314515686,0.018492644658892884,0.051462374500842505,0,1,1,2026-10-09 07:08:18.914558
2026-10-08 07:00:00,ETH,1,0.0006465232077762925,0.003166378465462678,0.009049172094809637,1,1,1,2026-10-09 07:08:18.914558
2026-10-08 07:00:00,ETH,24,0.026501786875952803,0.018636680407135946,0.051462374500842505,0,1,1,2026-10-09 07:08:18.914558
2026-10-08 08:00:00,ETH,1,0.003248522401513278,0.003161836493742385,0.009049172094809637,0,1,1,2026-10-09 07:08:18.914558
2026-10-08 09:00:00,ETH,1,0.0030616188860149336,0.003166378465462678,0.009049172094809637,1,1,1,2026-10-09 07:08:18.914558
2026-10-08 10:00:00,ETH,1,0.0064618181916341715,0.003161836493742385,0.009049172094809637,0,1,1,2026-10-09 07:08:18.914558
2026-10-08 11:00:00,ETH,1,0.005486550917078093,0.003161836493742385,0.009049172094809637,0,1,1,2026-10-09 07:08:18.914558
2026-10-08 12:00:00,ETH,1,0.0028889777253564043,0.003166378465462678,0.009049172094809637,1,1,1,2026-10-09 07:08:18.914558
2026-10-08 13:00:00,ETH,1,0.0030876317474614035,0.003166378465462678,0.009049172094809637,1,1,1,2026-10-09 07:08:18.914558
2026-10-08 14:00:00,ETH,1,0.003723765341158776,0.003161836493742385,0.009049172094809637,0,1,1,2026-10-09 07:08:18.914558
2026-10-08 15:00:00,ETH,1,0.03868114661302802,0.003161836493742385,0.009026031677757906,0,0,1,2026-10-09 07:08:18.914558
2026-10-08 16:00:00,ETH,1,0.007897554732813823,0.003161836493742385,0.009049172094809637,0,1,1,2026-10-09 07:08:18.914558
2026-10-08 17:00:00,ETH,1,0.0007239257775176854,0.003166378465462678,0.009049172094809637,1,1,1,2026-10-09 07:08:18.914558
2026-10-08 18:00:00,ETH,1,0.011924893289760477,0.003161836493742385,0.009049172094809637,0,0,1,2026-10-09 07:08:18.914558
2026-10-08 19:00:00,ETH,1,0.007056433689832251,0.003166378465462678,0.009200126374185158,0,1,1,2026-10-09 07:08:18.914558
2026-10-08 20:00:00,ETH,1,0.00417856666300471,0.003169327289271564,0.009200126374185158,0,1,1,2026-10-09 07:08:18.914558
2026-10-08 21:00:00,ETH,1,0.0018528952239345283,0.0031867077629998877,0.009200126374185158,1,1,1,2026-10-09 07:08:18.914558
2026-10-08 22:00:00,ETH,1,0.0012712250872014563,0.0031867077629998877,0.009200126374185158,1,1,1,2026-10-09 07:08:18.914558
2026-10-08 23:00:00,ETH,1,0.0006261171851533301,0.0031867077629998877,0.009200126374185158,1,1,1,2026-10-09 07:08:18.914558
2026-10-09 00:00:00,ETH,1,0.0013809758666515869,0.0031867077629998877,0.009200126374185158,1,1,1,2026-10-09 07:08:18.914558
2026-10-09 01:00:00,ETH,1,0.001592617046203364,0.003169327289271564,0.009200126374185158,1,1,1,2026-10-09 07:08:18.914558
2026-10-09 02:00:00,ETH,1,0.0030210105742005896,0.003169327289271564,0.009200126374185158,1,1,1,2026-10-09 07:08:18.914558
2026-10-09 03:00:00,ETH,1,0.0016093530544581329,0.003169327289271564,0.009200126374185158,1,1,1,2026-10-09 07:08:18.914558
2026-10-09 04:00:00,ETH,1,0.0025255529787068863,0.003169327289271564,0.009200126374185158,1,1,1,2026-10-09 07:08:18.914558
2026-10-09 05:00:00,ETH,1,0.0015185055683932039,0.003166378465462678,0.009200126374185158,1,1,1,2026-10-09 07:08:18.914558
2026-10-09 06:00:00,ETH,1,0.0033822265150875164,0.003161836493742385,0.009200126374185158,0,1,1,2026-10-09 07:08:18.914558
2026-10-07 07:00:00,XRP,1,0.0020358313220360923,0.005088079744603065,0.014134146781198655,1,1,1,2026-10-09 07:08:18.914558
2026-10-07 07:00:00,XRP,24,0.0478347533209425,0.02932753254317753,0.07981945461353791,0,1,1,2026-10-09 07:08:18.914558
2026-10-07 08:00:00,XRP,1,0.0064742789271166525,0.005071956970734132,0.014134146781198655,0,1,1,2026-10-09 07:08:18.914558
2026-10-07 08:00:00,XRP,24,0.044661750589936176,0.02932753254317753,0.07981945461353791,0,1,1,2026-10-09 07:08:18.914558
2026-10-07 09:00:00,XRP,1,0.005484725116410476,0.005088079744603065,0.014134146781198655,0,1,1,2026-10-09 07:08:18.914558
2026-10-07 09:00:00,XRP,24,0.03570440841688951,0.02932753254317753,0.07981945461353791,0,1,1,2026-10-09 07:08:18.914558
2026-10-07 10:00:00,XRP,1,0.002546895198800768,0.005101312669258249,0.014134146781198655,1,1,1,2026-10-09 07:08:18.914558
2026-10-07 10:00:00,XRP,24,0.026683111500089562,0.0294018892406809,0.07981945461353791,1,1,1,2026-10-09 07:08:18.914558
2026-10-07 11:00:00,XRP,1,0.0026224997776925045,0.005101312669258249,0.014134146781198655,1,1,1,2026-10-09 07:08:18.914558
2026-10-07 11:00:00,XRP,24,0.03407030778903439,0.029514075598161833,0.07981945461353791,0,1,1,2026-10-09 07:08:18.914558
2026-10-07 12:00:00,XRP,1,0.001521438744381453,0.005101312669258249,0.014134146781198655,1,1,1,2026-10-09 07:08:18.914558
2026-10-07 12:00:00,XRP,24,0.03480507392410025,0.029559223976419136,0.07981945461353791,0,1,1,2026-10-09 07:08:18.914558
2026-10-07 13:00:00,XRP,1,0.007781599747343447,0.005088079744603065,0.014134146781198655,0,1,1,2026-10-09 07:08:18.914558
2026-10-07 13:00:00,XRP,24,0.03457238741651438,0.02963663599117741,0.07981945461353791,0,1,1,2026-10-09 07:08:18.914558
2026-10-07 14:00:00,XRP,1,0.004824340767485742,0.005088079744603065,0.014134146781198655,1,1,1,2026-10-09 07:08:18.914558
2026-10-07 14:00:00,XRP,24,0.024357870547829903,0.029739725152434546,0.07981945461353791,1,1,1,2026-10-09 07:08:18.914558
2026-10-07 15:00:00,XRP,1,0.005451890207597717,0.005088079744603065,0.014134146781198655,0,1,1,2026-10-09 07:08:18.914558
2026-10-07 15:00:00,XRP,24,0.015610417647872334,0.02987369679237268,0.07981945461353791,1,1,1,2026-10-09 07:08:18.914558
2026-10-07 16:00:00,XRP,1,0.003771217543079403,0.005088079744603065,0.014134146781198655,1,1,1,2026-10-09 07:08:18.914558
2026-10-07 16:00:00,XRP,24,0.0634517008157378,0.030040921004714533,0.07981945461353791,0,1,1,2026-10-09 07:08:18.914558
2026-10-07 17:00:00,XRP,1,0.007091979308762915,0.005071956970734132,0.014134146781198655,0,1,1,2026-10-09 07:08:18.914558
2026-10-07 17:00:00,XRP,24,0.061390203072152136,0.030075619838836345,0.07981945461353791,0,1,1,2026-10-09 07:08:18.914558
2026-10-07 18:00:00,XRP,1,0.004710191843036282,0.005088079744603065,0.014134146781198655,1,1,1,2026-10-09 07:08:18.914558
2026-10-07 18:00:00,XRP,24,0.06732821191762077,0.03008001181191252,0.07981945461353791,0,1,1,2026-10-09 07:08:18.914558
2026-10-07 19:00:00,XRP,1,0.00520358392352987,0.005088079744603065,0.014134146781198655,0,1,1,2026-10-09 07:08:18.914558
2026-10-07 19:00:00,XRP,24,0.047248359953430255,0.030091556903329337,0.07981945461353791,0,1,1,2026-10-09 07:08:18.914558
2026-10-07 20:00:00,XRP,1,0.0029567075394166626,0.005101312669258249,0.014134146781198655,1,1,1,2026-10-09 07:08:18.914558
2026-10-07 20:00:00,XRP,24,0.03253134899202713,0.030154807693594812,0.07981945461353791,0,1,1,2026-10-09 07:08:18.914558
2026-10-07 21:00:00,XRP,1,0.005851474272960803,0.005101312669258249,0.014134146781198655,0,1,1,2026-10-09 07:08:18.914558
2026-10-07 21:00:00,XRP,24,0.031853010725811114,0.03021428384636314,0.07981945461353791,0,1,1,2026-10-09 07:08:18.914558
2026-10-07 22:00:00,XRP,1,0.002260047575453016,0.005104982562657283,0.014134146781198655,1,1,1,2026-10-09 07:08:18.914558
2026-10-07 22:00:00,XRP,24,0.02672748929779925,0.03035160952713907,0.07981945461353791,1,1,1,2026-10-09 07:08:18.914558
2026-10-07 23:00:00,XRP,1,0.002817895489147426,0.005101312669258249,0.014134146781198655,1,1,1,2026-10-09 07:08:18.914558
2026-10-07 23:00:00,XRP,24,0.024712013131294452,0.030504746265664642,0.07981945461353791,1,1,1,2026-10-09 07:08:18.914558
2026-10-08 00:00:00,XRP,1,0.0016167015787184325,0.005083339243717434,0.014134146781198655,1,1,1,2026-10-09 07:08:18.914558
2026-10-08 00:00:00,XRP,24,0.02926689972084532,0.030558406346710167,0.07981945461353791,1,1,1,2026-10-09 07:08:18.914558
2026-10-08 01:00:00,XRP,1,0.0004214963181474362,0.005083339243717434,0.014134146781198655,1,1,1,2026-10-09 07:08:18.914558
2026-10-08 01:00:00,XRP,24,0.025393448088709362,0.03066742387465157,0.07981945461353791,1,1,1,2026-10-09 07:08:18.914558
2026-10-08 02:00:00,XRP,1,0.0021758211777510084,0.005083339243717434,0.014134146781198655,1,1,1,2026-10-09 07:08:18.914558
2026-10-08 02:00:00,XRP,24,0.02360411022688798,0.03068523928954629,0.07981945461353791,1,1,1,2026-10-09 07:08:18.914558
2026-10-08 03:00:00,XRP,1,0.006612291959195369,0.005017366887333203,0.014134146781198655,0,1,1,2026-10-09 07:08:18.914558
2026-10-08 03:00:00,XRP,24,0.02427028013485501,0.03068523928954629,0.07981945461353791,1,1,1,2026-10-09 07:08:18.914558
2026-10-08 04:00:00,XRP,1,0.010856945388054212,0.005083339243717434,0.014134146781198655,0,1,1,2026-10-09 07:08:18.914558
2026-10-08 04:00:00,XRP,24,0.015146956257562143,0.030939722262255238,0.07981945461353791,1,1,1,2026-10-09 07:08:18.914558
2026-10-08 05:00:00,XRP,1,0.0013565132555268442,0.005101312669258249,0.014134146781198655,1,1,1,2026-10-09 07:08:18.914558
2026-10-08 05:00:00,XRP,24,0.006944720948772126,0.03098384945649089,0.07981945461353791,1,1,1,2026-10-09 07:08:18.914558
2026-10-08 06:00:00,XRP,1,0.004633102838460726,0.005101312669258249,0.014134146781198655,1,1,1,2026-10-09 07:08:18.914558
2026-10-08 06:00:00,XRP,24,0.002145616614874471,0.031007758799492406,0.07981945461353791,1,1,1,2026-10-09 07:08:18.914558
2026-10-08 07:00:00,XRP,1,0.0011371714089703918,0.005101312669258249,0.014134146781198655,1,1,1,2026-10-09 07:08:18.914558
2026-10-08 07:00:00,XRP,24,0.004133120684550174,0.031039935055840143,0.07981945461353791,1,1,1,2026-10-09 07:08:18.914558
2026-10-08 08:00:00,XRP,1,0.002483063245930105,0.005101312669258249,0.014134146781198655,1,1,1,2026-10-09 07:08:18.914558
2026-10-08 09:00:00,XRP,1,0.0035365718003893126,0.005101312669258249,0.014134146781198655,1,1,1,2026-10-09 07:08:18.914558
2026-10-08 10:00:00,XRP,1,0.009934091487745444,0.005083339243717434,0.014134146781198655,0,1,1,2026-10-09 07:08:18.914558
2026-10-08 11:00:00,XRP,1,0.003357265912758431,0.005101312669258249,0.014134146781198655,1,1,1,2026-10-09 07:08:18.914558
2026-10-08 12:00:00,XRP,1,0.0012887522367955634,0.005101312669258249,0.014134146781198655,1,1,1,2026-10-09 07:08:18.914558
2026-10-08 13:00:00,XRP,1,0.002432917121341127,0.005101312669258249,0.014134146781198655,1,1,1,2026-10-09 07:08:18.914558
2026-10-08 14:00:00,XRP,1,0.003923112132471919,0.005101312669258249,0.014134146781198655,1,1,1,2026-10-09 07:08:18.914558
2026-10-08 15:00:00,XRP,1,0.04238939296026792,0.005083339243717434,0.014134146781198655,0,0,1,2026-10-09 07:08:18.914558
2026-10-08 16:00:00,XRP,1,0.0017097197994936015,0.005083339243717434,0.014298322661288332,1,1,1,2026-10-09 07:08:18.914558
2026-10-08 17:00:00,XRP,1,0.013029988154231575,0.005083339243717434,0.014298322661288332,0,1,1,2026-10-09 07:08:18.914558
2026-10-08 18:00:00,XRP,1,0.024790043807226745,0.005083339243717434,0.014298322661288332,0,0,1,2026-10-09 07:08:18.914558
2026-10-08 19:00:00,XRP,1,0.009513427037873324,0.005101312669258249,0.014638328684101538,0,1,1,2026-10-09 07:08:18.914558
2026-10-08 20:00:00,XRP,1,0.003635045805632747,0.005101312669258249,0.014638328684101538,1,1,1,2026-10-09 07:08:18.914558
2026-10-08 21:00:00,XRP,1,0.0007259528449489054,0.005083339243717434,0.014638328684101538,1,1,1,2026-10-09 07:08:18.914558
2026-10-08 22:00:00,XRP,1,0.0042755237419577615,0.005083339243717434,0.014638328684101538,1,1,1,2026-10-09 07:08:18.914558
2026-10-08 23:00:00,XRP,1,0.0017369911004035696,0.005083339243717434,0.014638328684101538,1,1,1,2026-10-09 07:08:18.914558
2026-10-09 00:00:00,XRP,1,0.0054901532108543845,0.005083339243717434,0.014638328684101538,0,1,1,2026-10-09 07:08:18.914558
2026-10-09 01:00:00,XRP,1,0.0013678415436737612,0.005101312669258249,0.014638328684101538,1,1,1,2026-10-09 07:08:18.914558
2026-10-09 02:00:00,XRP,1,0.0015096512697842185,0.005101312669258249,0.014638328684101538,1,1,1,2026-10-09 07:08:18.914558
2026-10-09 03:00:00,XRP,1,0.0025110319180976334,0.005101312669258249,0.014638328684101538,1,1,1,2026-10-09 07:08:18.914558
2026-10-09 04:00:00,XRP,1,0.0026547100792642525,0.005101312669258249,0.014638328684101538,1,1,1,2026-10-09 07:08:18.914558
2026-10-09 05:00:00,XRP,1,0.003442591078370875,0.005083339243717434,0.014638328684101538,1,1,1,2026-10-09 07:08:18.914558
2026-10-09 06:00:00,XRP,1,0.0026455987687850355,0.005017366887333203,0.014638328684101538,1,1,1,2026-10-09 07:08:18.914558
2026-10-07 07:00:00,BNB,1,0.008537482465807718,0.0031406422530873357,0.007564791568862892,0,0,1,2026-10-09 07:08:18.914558
2026-10-07 07:00:00,BNB,24,0.0006893278026530274,0.017216612557614475,0.039552769266806294,1,1,1,2026-10-09 07:08:18.914558
2026-10-07 08:00:00,BNB,1,0.0033855410432002495,0.003142152813612924,0.007601460231888967,0,1,1,2026-10-09 07:08:18.914558
2026-10-07 08:00:00,BNB,24,0.008056203555394709,0.017216612557614475,0.039552769266806294,1,1,1,2026-10-09 07:08:18.914558
2026-10-07 09:00:00,BNB,1,0.0037347831723113806,0.0031465454651549507,0.007601460231888967,0,1,1,2026-10-09 07:08:18.914558
2026-10-07 09:00:00,BNB,24,0.006922959699863832,0.017216612557614475,0.039552769266806294,1,1,1,2026-10-09 07:08:18.914558
2026-10-07 10:00:00,BNB,1,0.0034097745106140163,0.0031465454651549507,0.007601460231888967,0,1,1,2026-10-09 07:08:18.914558
2026-10-07 10:00:00,BNB,24,0.0005718221788885341,0.017216612557614475,0.039552769266806294,1,1,1,2026-10-09 07:08:18.914558
2026-10-07 11:00:00,BNB,1,0.001016339701276274,0.0031756458862098927,0.007601460231888967,1,1,1,2026-10-09 07:08:18.914558
2026-10-07 11:00:00,BNB,24,0.001617848875292966,0.017216612557614475,0.039552769266806294,1,1,1,2026-10-09 07:08:18.914558
2026-10-07 12:00:00,BNB,1,0.0005471314815244239,0.0031756458862098927,0.007601460231888967,1,1,1,2026-10-09 07:08:18.914558
2026-10-07 12:00:00,BNB,24,0.007372293301974944,0.017216612557614475,0.039552769266806294,1,1,1,2026-10-09 07:08:18.914558
2026-10-07 13:00:00,BNB,1,0.00026057613530635205,0.0031756458862098927,0.007601460231888967,1,1,1,2026-10-09 07:08:18.914558
2026-10-07 13:00:00,BNB,24,0.01055812794508118,0.01724200606564537,0.039552769266806294,1,1,1,2026-10-09 07:08:18.914558
2026-10-07 14:00:00,BNB,1,0.0014470556251894569,0.0031756458862098927,0.007601460231888967,1,1,1,2026-10-09 07:08:18.914558
2026-10-07 14:00:00,BNB,24,0.014473134026554993,0.01736422951526971,0.039552769266806294,1,1,1,2026-10-09 07:08:18.914558
2026-10-07 15:00:00,BNB,1,0.004204996204315283,0.0031756458862098927,0.007601460231888967,0,1,1,2026-10-09 07:08:18.914558
2026-10-07 15:00:00,BNB,24,0.012061700845499037,0.017389266813434348,0.039552769266806294,1,1,1,2026-10-09 07:08:18.914558
2026-10-07 16:00:00,BNB,1,0.001998650927478787,0.0031756458862098927,0.007564791568862892,1,1,1,2026-10-09 07:08:18.914558
2026-10-07 16:00:00,BNB,24,0.051077936645034724,0.017389266813434348,0.039552769266806294,0,0,1,2026-10-09 07:08:18.914558
2026-10-07 17:00:00,BNB,1,0.00237546761062324,0.0031465454651549507,0.007564791568862892,1,1,1,2026-10-09 07:08:18.914558
2026-10-07 17:00:00,BNB,24,0.06230666161685279,0.017389266813434348,0.039552769266806294,0,0,1,2026-10-09 07:08:18.914558
2026-10-07 18:00:00,BNB,1,0.0038524196579268716,0.0031465454651549507,0.007564791568862892,0,1,1,2026-10-09 07:08:18.914558
2026-10-07 18:00:00,BNB,24,0.06306844064176051,0.017389266813434348,0.039552769266806294,0,0,1,2026-10-09 07:08:18.914558
2026-10-07 19:00:00,BNB,1,0.001502882967334136,0.0031756458862098927,0.007564791568862892,1,1,1,2026-10-09 07:08:18.914558
2026-10-07 19:00:00,BNB,24,0.059954882520575035,0.017389266813434348,0.039552769266806294,0,0,1,2026-10-09 07:08:18.914558
2026-10-07 20:00:00,BNB,1,0.00015559964243478354,0.0031756458862098927,0.007564791568862892,1,1,1,2026-10-09 07:08:18.914558
2026-10-07 20:00:00,BNB,24,0.054596791282619586,0.017389266813434348,0.039552769266806294,0,0,1,2026-10-09 07:08:18.914558
2026-10-07 21:00:00,BNB,1,0.0021809410054529368,0.0031756458862098927,0.007564791568862892,1,1,1,2026-10-09 07:08:18.914558
2026-10-07 21:00:00,BNB,24,0.04895162439269518,0.017389266813434348,0.039552769266806294,0,0,1,2026-10-09 07:08:18.914558
2026-10-07 22:00:00,BNB,1,0.003269630408834593,0.0031756458862098927,0.007564791568862892,0,1,1,2026-10-09 07:08:18.914558
2026-10-07 22:00:00,BNB,24,0.04651197055023849,0.017389266813434348,0.039552769266806294,0,0,1,2026-10-09 07:08:18.914558
2026-10-07 23:00:00,BNB,1,0.0005956851850538796,0.0031849908329559186,0.007564791568862892,1,1,1,2026-10-09 07:08:18.914558
2026-10-07 23:00:00,BNB,24,0.04619376312921372,0.01736422951526971,0.039552769266806294,0,0,1,2026-10-09 07:08:18.914558
2026-10-08 00:00:00,BNB,1,0.002095027018769488,0.0031849908329559186,0.007564791568862892,1,1,1,2026-10-09 07:08:18.914558
2026-10-08 00:00:00,BNB,24,0.04822847328395297,0.01724200606564537,0.039552769266806294,0,0,1,2026-10-09 07:08:18.914558
2026-10-08 01:00:00,BNB,1,0.0021597582224688037,0.0031849908329559186,0.007564791568862892,1,1,1,2026-10-09 07:08:18.914558
2026-10-08 01:00:00,BNB,24,0.05142453008058357,0.01724200606564537,0.039552769266806294,0,0,1,2026-10-09 07:08:18.914558
2026-10-08 02:00:00,BNB,1,0.0014360476234148258,0.0031849908329559186,0.007564791568862892,1,1,1,2026-10-09 07:08:18.914558
2026-10-08 02:00:00,BNB,24,0.046982503271592355,0.01724200606564537,0.039552769266806294,0,0,1,2026-10-09 07:08:18.914558
2026-10-08 03:00:00,BNB,1,0.00497674662159823,0.0031756458862098927,0.007564791568862892,0,1,1,2026-10-09 07:08:18.914558
2026-10-08 03:00:00,BNB,24,0.043991158866345796,0.01724200606564537,0.039552769266806294,0,0,1,2026-10-09 07:08:18.914558
2026-10-08 04:00:00,BNB,1,0.0035402413620578208,0.0031756458862098927,0.007564791568862892,0,1,1,2026-10-09 07:08:18.914558
2026-10-08 04:00:00,BNB,24,0.03790724661040384,0.01724200606564537,0.039552769266806294,0,1,1,2026-10-09 07:08:18.914558
2026-10-08 05:00:00,BNB,1,0.0007950421074235802,0.0031756458862098927,0.007564791568862892,1,1,1,2026-10-09 07:08:18.914558
2026-10-08 05:00:00,BNB,24,0.035325577454298415,0.01724200606564537,0.039552769266806294,0,1,1,2026-10-09 07:08:18.914558
2026-10-08 06:00:00,BNB,1,0.0020433536318549194,0.0031465454651549507,0.007564791568862892,1,1,1,2026-10-09 07:08:18.914558
2026-10-08 06:00:00,BNB,24,0.033126443824587425,0.01724200606564537,0.039552769266806294,0,1,1,2026-10-09 07:08:18.914558
2026-10-08 07:00:00,BNB,1,0.00020804889223985818,0.003142152813612924,0.007564791568862892,1,1,1,2026-10-09 07:08:18.914558
2026-10-08 07:00:00,BNB,24,0.034012296452351314,0.01724200606564537,0.039552769266806294,0,1,1,2026-10-09 07:08:18.914558
2026-10-08 08:00:00,BNB,1,0.0022522971876693717,0.0031406422530873357,0.007527323149045582,1,1,1,2026-10-09 07:08:18.914558
2026-10-08 09:00:00,BNB,1,0.0026163543486639987,0.0031406422530873357,0.007527323149045582,1,1,1,2026-10-09 07:08:18.914558
2026-10-08 10:00:00,BNB,1,0.004455801207018455,0.0031406422530873357,0.007527323149045582,0,1,1,2026-10-09 07:08:18.914558
2026-10-08 11:00:00,BNB,1,0.0047381047254056955,0.003142152813612924,0.007527323149045582,0,1,1,2026-10-09 07:08:18.914558
2026-10-08 12:00:00,BNB,1,0.0037329661246307184,0.003142152813612924,0.007527323149045582,0,1,1,2026-10-09 07:08:18.914558
2026-10-08 13:00:00,BNB,1,0.00365442994616743,0.0031465454651549507,0.007527323149045582,0,1,1,2026-10-09 07:08:18.914558
2026-10-08 14:00:00,BNB,1,0.0009643775558664679,0.0031465454651549507,0.007527323149045582,1,1,1,2026-10-09 07:08:18.914558
2026-10-08 15:00:00,BNB,1,0.03481123959522043,0.003142152813612924,0.007527323149045582,0,0,1,2026-10-09 07:08:18.914558
2026-10-08 16:00:00,BNB,1,0.00923007404433921,0.003142152813612924,0.007564791568862892,0,0,1,2026-10-09 07:08:18.914558
2026-10-08 17:00:00,BNB,1,0.0031372466355310065,0.0031465454651549507,0.007601460231888967,1,1,1,2026-10-09 07:08:18.914558
2026-10-08 18:00:00,BNB,1,0.0069659777791124125,0.003142152813612924,0.007601460231888967,0,1,1,2026-10-09 07:08:18.914558
2026-10-08 19:00:00,BNB,1,0.0038552082706212556,0.003142152813612924,0.007601460231888967,0,1,1,2026-10-09 07:08:18.914558
2026-10-08 20:00:00,BNB,1,0.005489567247489606,0.0031465454651549507,0.007601460231888967,0,1,1,2026-10-09 07:08:18.914558
2026-10-08 21:00:00,BNB,1,0.00025871283700391255,0.0031756458862098927,0.007601460231888967,1,1,1,2026-10-09 07:08:18.914558
2026-10-08 22:00:00,BNB,1,0.003587837829859344,0.0031756458862098927,0.007601460231888967,0,1,1,2026-10-09 07:08:18.914558
2026-10-08 23:00:00,BNB,1,0.0014390249696854284,0.0031756458862098927,0.007601460231888967,1,1,1,2026-10-09 07:08:18.914558
2026-10-09 00:00:00,BNB,1,0.0011010297778612232,0.0031465454651549507,0.007601460231888967,1,1,1,2026-10-09 07:08:18.914558
2026-10-09 01:00:00,BNB,1,0.0022822685865223043,0.003142152813612924,0.007601460231888967,1,1,1,2026-10-09 07:08:18.914558
2026-10-09 02:00:00,BNB,1,0.00442739202866135,0.003142152813612924,0.007601460231888967,0,1,1,2026-10-09 07:08:18.914558
2026-10-09 03:00:00,BNB,1,0.0011071656343437184,0.003142152813612924,0.007601460231888967,1,1,1,2026-10-09 07:08:18.914558
2026-10-09 04:00:00,BNB,1,0.0009585722059523738,0.003142152813612924,0.007601460231888967,1,1,1,2026-10-09 07:08:18.914558
2026-10-09 05:00:00,BNB,1,0.0029941757371345075,0.0031414049428792625,0.007601460231888967,1,1,1,2026-10-09 07:08:18.914558
2026-10-09 06:00:00,BNB,1,0.0011575010040911714,0.0031364839457393504,0.007601460231888967,1,1,1,2026-10-09 07:08:18.914558
2026-10-07 07:00:00,SOL,1,0.0014320012555326521,0.004391596114021113,0.011934193307989234,1,1,1,2026-10-09 07:08:18.914558
2026-10-07 07:00:00,SOL,24,0.029557118741277973,0.025950383084133027,0.060069905658923534,0,1,1,2026-10-09 07:08:18.914558
2026-10-07 08:00:00,SOL,1,0.003208378300969534,0.004334846979793703,0.011934193307989234,1,1,1,2026-10-09 07:08:18.914558
2026-10-07 08:00:00,SOL,24,0.03151215446382129,0.025950383084133027,0.060069905658923534,0,1,1,2026-10-09 07:08:18.914558
2026-10-07 09:00:00,SOL,1,0.004067457518585313,0.004334846979793703,0.011934193307989234,1,1,1,2026-10-09 07:08:18.914558
2026-10-07 09:00:00,SOL,24,0.028738842517332316,0.025950383084133027,0.060069905658923534,0,1,1,2026-10-09 07:08:18.914558
2026-10-07 10:00:00,SOL,1,0.0009344604171472459,0.004334846979793703,0.011934193307989234,1,1,1,2026-10-09 07:08:18.914558
2026-10-07 10:00:00,SOL,24,0.022150630915042095,0.025950383084133027,0.060069905658923534,1,1,1,2026-10-09 07:08:18.914558
2026-10-07 11:00:00,SOL,1,0.0027234059385959917,0.004334846979793703,0.011934193307989234,1,1,1,2026-10-09 07:08:18.914558
2026-10-07 11:00:00,SOL,24,0.028010621723457356,0.025950383084133027,0.060069905658923534,0,1,1,2026-10-09 07:08:18.914558
2026-10-07 12:00:00,SOL,1,0.008129082543828828,0.004334846979793703,0.011934193307989234,0,1,1,2026-10-09 07:08:18.914558
2026-10-07 12:00:00,SOL,24,0.036361331418167386,0.025950383084133027,0.060069905658923534,0,1,1,2026-10-09 07:08:18.914558
2026-10-07 13:00:00,SOL,1,0.0015477217191026905,0.004334846979793703,0.011934193307989234,1,1,1,2026-10-09 07:08:18.914558
2026-10-07 13:00:00,SOL,24,0.034082292149150525,0.026011597286441868,0.060069905658923534,0,1,1,2026-10-09 07:08:18.914558
2026-10-07 14:00:00,SOL,1,0.0029300262258112534,0.004330651946248416,0.011934193307989234,1,1,1,2026-10-09 07:08:18.914558
2026-10-07 14:00:00,SOL,24,0.03449221476409421,0.026137857494391018,0.060069905658923534,0,1,1,2026-10-09 07:08:18.914558
2026-10-07 15:00:00,SOL,1,0.007908577281503168,0.004330651946248416,0.011934193307989234,0,1,1,2026-10-09 07:08:18.914558
2026-10-07 15:00:00,SOL,24,0.029337889387314974,0.026160754291135277,0.060069905658923534,0,1,1,2026-10-09 07:08:18.914558
2026-10-07 16:00:00,SOL,1,0.00017123287713073553,0.004330651946248416,0.011925546267897724,1,1,1,2026-10-09 07:08:18.914558
2026-10-07 16:00:00,SOL,24,0.07298232404671341,0.026187171360606106,0.060069905658923534,0,0,1,2026-10-09 07:08:18.914558
2026-10-07 17:00:00,SOL,1,0.004031744684989341,0.004311397336268997,0.011925546267897724,1,1,1,2026-10-09 07:08:18.914558
2026-10-07 17:00:00,SOL,24,0.08129195382681524,0.026233953653858458,0.060069905658923534,0,0,1,2026-10-09 07:08:18.914558
2026-10-07 18:00:00,SOL,1,0.0018066852249490357,0.004311397336268997,0.011925546267897724,1,1,1,2026-10-09 07:08:18.914558
2026-10-07 18:00:00,SOL,24,0.08959335621904187,0.026325332191632706,0.060069905658923534,0,0,1,2026-10-09 07:08:18.914558
2026-10-07 19:00:00,SOL,1,0.002327687589188295,0.004311397336268997,0.011925546267897724,1,1,1,2026-10-09 07:08:18.914558
2026-10-07 19:00:00,SOL,24,0.07174603982955478,0.026518697830962758,0.060069905658923534,0,0,1,2026-10-09 07:08:18.914558
2026-10-07 20:00:00,SOL,1,0.002930278749332774,0.004311397336268997,0.011925546267897724,1,1,1,2026-10-09 07:08:18.914558
2026-10-07 20:00:00,SOL,24,0.059476265376299915,0.026564453241348176,0.060069905658923534,0,1,1,2026-10-09 07:08:18.914558
2026-10-07 21:00:00,SOL,1,0.005263397111634892,0.004311397336268997,0.011925546267897724,0,1,1,2026-10-09 07:08:18.914558
2026-10-07 21:00:00,SOL,24,0.055923983190737804,0.026648171135138086,0.060069905658923534,0,1,1,2026-10-09 07:08:18.914558
2026-10-07 22:00:00,SOL,1,0.0035407438001886058,0.004330651946248416,0.011925546267897724,1,1,1,2026-10-09 07:08:18.914558
2026-10-07 22:00:00,SOL,24,0.043677380809117226,0.026655227113435157,0.060069905658923534,0,1,1,2026-10-09 07:08:18.914558
2026-10-07 23:00:00,SOL,1,0.002582868418254017,0.004330651946248416,0.011925546267897724,1,1,1,2026-10-09 07:08:18.914558
2026-10-07 23:00:00,SOL,24,0.04993305840361933,0.02667567881210209,0.060069905658923534,0,1,1,2026-10-09 07:08:18.914558
2026-10-08 00:00:00,SOL,1,0.001031282318970838,0.004330651946248416,0.011925546267897724,1,1,1,2026-10-09 07:08:18.914558
2026-10-08 00:00:00,SOL,24,0.05915321990664832,0.026694504122186945,0.060069905658923534,0,1,1,2026-10-09 07:08:18.914558
2026-10-08 01:00:00,SOL,1,0.002752453139743686,0.004330651946248416,0.011925546267897724,1,1,1,2026-10-09 07:08:18.914558
2026-10-08 01:00:00,SOL,24,0.06292498078372231,0.026864587938011313,0.060069905658923534,0,0,1,2026-10-09 07:08:18.914558
2026-10-08 02:00:00,SOL,1,0.003353543707839768,0.004330651946248416,0.011925546267897724,1,1,1,2026-10-09 07:08:18.914558
2026-10-08 02:00:00,SOL,24,0.05898406473497379,0.026864587938011313,0.060069905658923534,0,1,1,2026-10-09 07:08:18.914558
2026-10-08 03:00:00,SOL,1,0.006545540551699146,0.004311397336268997,0.011925546267897724,0,1,1,2026-10-09 07:08:18.914558
2026-10-08 03:00:00,SOL,24,0.0544201989266393,0.026864587938011313,0.060069905658923534,0,1,1,2026-10-09 07:08:18.914558
2026-10-08 04:00:00,SOL,1,0.006501691664841514,0.004330651946248416,0.011925546267897724,0,1,1,2026-10-09 07:08:18.914558
2026-10-08 04:00:00,SOL,24,0.04678750479803281,0.026864587938011313,0.060069905658923534,0,1,1,2026-10-09 07:08:18.914558
2026-10-08 05:00:00,SOL,1,0.0007830513298714512,0.004334846979793703,0.011925546267897724,1,1,1,2026-10-09 07:08:18.914558
2026-10-08 05:00:00,SOL,24,0.04509635111433588,0.026864587938011313,0.060069905658923534,0,1,1,2026-10-09 07:08:18.914558
2026-10-08 06:00:00,SOL,1,0.003909139321993149,0.004334846979793703,0.011925546267897724,1,1,1,2026-10-09 07:08:18.914558
2026-10-08 06:00:00,SOL,24,0.04077122260581669,0.026945507515001854,0.060069905658923534,0,1,1,2026-10-09 07:08:18.914558
2026-10-08 07:00:00,SOL,1,0.0033870369780759687,0.004334846979793703,0.011925546267897724,1,1,1,2026-10-09 07:08:18.914558
2026-10-08 07:00:00,SOL,24,0.041512221690207844,0.027041903763163334,0.060069905658923534,0,1,1,2026-10-09 07:08:18.914558
2026-10-08 08:00:00,SOL,1,0.0004350663544805091,0.004334846979793703,0.011925546267897724,1,1,1,2026-10-09 07:08:18.914558
2026-10-08 09:00:00,SOL,1,0.002520754083704999,0.004334846979793703,0.011925546267897724,1,1,1,2026-10-09 07:08:18.914558
2026-10-08 10:00:00,SOL,1,0.006794451225562545,0.004330651946248416,0.011925546267897724,0,1,1,2026-10-09 07:08:18.914558
2026-10-08 11:00:00,SOL,1,0.011074115633306096,0.004334846979793703,0.011925546267897724,0,1,1,2026-10-09 07:08:18.914558
2026-10-08 12:00:00,SOL,1,0.005850043274811981,0.004334846979793703,0.011925546267897724,0,1,1,2026-10-09 07:08:18.914558
2026-10-08 13:00:00,SOL,1,0.001957644334046376,0.004391596114021113,0.011925546267897724,1,1,1,2026-10-09 07:08:18.914558
2026-10-08 14:00:00,SOL,1,0.0022242991509679494,0.004391596114021113,0.011925546267897724,1,1,1,2026-10-09 07:08:18.914558
2026-10-08 15:00:00,SOL,1,0.03573585737789536,0.004334846979793703,0.011925546267897724,0,0,1,2026-10-09 07:08:18.914558
2026-10-08 16:00:00,SOL,1,0.008138396902971164,0.004334846979793703,0.011934193307989234,0,1,1,2026-10-09 07:08:18.914558
2026-10-08 17:00:00,SOL,1,0.012333147077216005,0.004391596114021113,0.011934193307989234,0,0,1,2026-10-09 07:08:18.914558
2026-10-08 18:00:00,SOL,1,0.016040631164537935,0.004391596114021113,0.012026122747701954,0,0,1,2026-10-09 07:08:18.914558
2026-10-08 19:00:00,SOL,1,0.009942086864066628,0.004400825117740368,0.012189409691294178,0,1,1,2026-10-09 07:08:18.914558
2026-10-08 20:00:00,SOL,1,0.006482560934894993,0.004419626766849376,0.012189409691294178,0,1,1,2026-10-09 07:08:18.914558
2026-10-08 21:00:00,SOL,1,0.006983205269985567,0.004422153330923955,0.012189409691294178,0,1,1,2026-10-09 07:08:18.914558
2026-10-08 22:00:00,SOL,1,0.002714933794313407,0.004423953553342805,0.012189409691294178,1,1,1,2026-10-09 07:08:18.914558
2026-10-08 23:00:00,SOL,1,0.006637293084774974,0.004423953553342805,0.012189409691294178,0,1,1,2026-10-09 07:08:18.914558
2026-10-09 00:00:00,SOL,1,0.0027404785581031555,0.004424131023528553,0.012189409691294178,1,1,1,2026-10-09 07:08:18.914558
2026-10-09 01:00:00,SOL,1,0.0011884629090047705,0.004424131023528553,0.012189409691294178,1,1,1,2026-10-09 07:08:18.914558
2026-10-09 02:00:00,SOL,1,0.007917409516174334,0.004424131023528553,0.012189409691294178,0,1,1,2026-10-09 07:08:18.914558
2026-10-09 03:00:00,SOL,1,0.001087153576907241,0.004463798530086365,0.012189409691294178,1,1,1,2026-10-09 07:08:18.914558
2026-10-09 04:00:00,SOL,1,0.00481053798114467,0.004463798530086365,0.012189409691294178,0,1,1,2026-10-09 07:08:18.914558
2026-10-09 05:00:00,SOL,1,0.003542077178647742,0.004463798530086365,0.012189409691294178,1,1,1,2026-10-09 07:08:18.914558
2026-10-09 06:00:00,SOL,1,0.0031681402376020048,0.004463798530086365,0.012189409691294178,1,1,1,2026-10-09 07:08:18.914558
2026-10-07 07:00:00,DOGE,1,0.0012108537997672375,0.00528758643719403,0.015784132178128307,1,1,1,2026-10-09 07:08:18.914558
2026-10-07 07:00:00,DOGE,24,0.03565400070539338,0.029656595397810372,0.07998815607509162,0,1,1,2026-10-09 07:08:18.914558
2026-10-07 08:00:00,DOGE,1,0.005073353773663922,0.00528758643719403,0.015784132178128307,1,1,1,2026-10-09 07:08:18.914558
2026-10-07 08:00:00,DOGE,24,0.036066177983727715,0.029826323361566234,0.07998815607509162,0,1,1,2026-10-09 07:08:18.914558
2026-10-07 09:00:00,DOGE,1,0.008661908682475664,0.00528758643719403,0.015784132178128307,0,1,1,2026-10-09 07:08:18.914558
2026-10-07 09:00:00,DOGE,24,0.03008083144279433,0.029851986819583943,0.07998815607509162,0,1,1,2026-10-09 07:08:18.914558
2026-10-07 10:00:00,DOGE,1,0.002456729320504433,0.005296766060977323,0.015784132178128307,1,1,1,2026-10-09 07:08:18.914558
2026-10-07 10:00:00,DOGE,24,0.01437903902469962,0.029918375259913883,0.07998815607509162,1,1,1,2026-10-09 07:08:18.914558
2026-10-07 11:00:00,DOGE,1,0.006168359153205596,0.005296766060977323,0.015784132178128307,0,1,1,2026-10-09 07:08:18.914558
2026-10-07 11:00:00,DOGE,24,0.02364497282672358,0.03006433457552355,0.07998815607509162,1,1,1,2026-10-09 07:08:18.914558
2026-10-07 12:00:00,DOGE,1,0.0014635521891903293,0.00530739674510972,0.015784132178128307,1,1,1,2026-10-09 07:08:18.914558
2026-10-07 12:00:00,DOGE,24,0.01976887828755349,0.030080312483204228,0.07998815607509162,1,1,1,2026-10-09 07:08:18.914558
2026-10-07 13:00:00,DOGE,1,0.0021428982429016535,0.005296766060977323,0.015716953734522462,1,1,1,2026-10-09 07:08:18.914558
2026-10-07 13:00:00,DOGE,24,0.020717872503747143,0.030462437055270884,0.07998815607509162,1,1,1,2026-10-09 07:08:18.914558
2026-10-07 14:00:00,DOGE,1,0.004186236808745939,0.005296766060977323,0.015716953734522462,1,1,1,2026-10-09 07:08:18.914558
2026-10-07 14:00:00,DOGE,24,0.01765522252895757,0.03051476553223712,0.08022500818057196,1,1,1,2026-10-09 07:08:18.914558
2026-10-07 15:00:00,DOGE,1,0.0072300360134811125,0.005296766060977323,0.015716953734522462,0,1,1,2026-10-09 07:08:18.914558
2026-10-07 15:00:00,DOGE,24,0.01232048438804051,0.03063805827212939,0.08045888718512961,1,1,1,2026-10-09 07:08:18.914558
2026-10-07 16:00:00,DOGE,1,0.002592280967015749,0.005296766060977323,0.01570276439706022,1,1,1,2026-10-09 07:08:18.914558
2026-10-07 16:00:00,DOGE,24,0.07210118994264045,0.03068716772458935,0.08045888718512961,0,1,1,2026-10-09 07:08:18.914558
2026-10-07 17:00:00,DOGE,1,0.0023727484156131524,0.00528758643719403,0.01570276439706022,1,1,1,2026-10-09 07:08:18.914558
2026-10-07 17:00:00,DOGE,24,0.07484613658947856,0.03077418285642702,0.08045888718512961,0,1,1,2026-10-09 07:08:18.914558
2026-10-07 18:00:00,DOGE,1,0.002034128851454377,0.00528758643719403,0.01570276439706022,1,1,1,2026-10-09 07:08:18.914558
2026-10-07 18:00:00,DOGE,24,0.08090091896877838,0.030808047019519436,0.08045888718512961,0,0,1,2026-10-09 07:08:18.914558
2026-10-07 19:00:00,DOGE,1,0.0011295607210275076,0.00528758643719403,0.01570276439706022,1,1,1,2026-10-09 07:08:18.914558
2026-10-07 19:00:00,DOGE,24,0.06434286029244476,0.030882438906382786,0.08045888718512961,0,1,1,2026-10-09 07:08:18.914558
2026-10-07 20:00:00,DOGE,1,0.004848084359022986,0.00528670574387414,0.01570276439706022,1,1,1,2026-10-09 07:08:18.914558
2026-10-07 20:00:00,DOGE,24,0.05458222225513594,0.030979230096043035,0.08045888718512961,0,1,1,2026-10-09 07:08:18.914558
2026-10-07 21:00:00,DOGE,1,0.004622070119163857,0.00528670574387414,0.01570276439706022,1,1,1,2026-10-09 07:08:18.914558
2026-10-07 21:00:00,DOGE,24,0.05348003319705945,0.03102575984344669,0.08045888718512961,0,1,1,2026-10-09 07:08:18.914558
2026-10-07 22:00:00,DOGE,1,0.002933546050509439,0.00528670574387414,0.01570276439706022,1,1,1,2026-10-09 07:08:18.914558
2026-10-07 22:00:00,DOGE,24,0.047909196403309914,0.031296415664172586,0.08045888718512961,0,1,1,2026-10-09 07:08:18.914558
2026-10-07 23:00:00,DOGE,1,0.0031496089028962013,0.00528670574387414,0.01570276439706022,1,1,1,2026-10-09 07:08:18.914558
2026-10-07 23:00:00,DOGE,24,0.04918456370126499,0.03132007533829976,0.08045888718512961,0,1,1,2026-10-09 07:08:18.914558
2026-10-08 00:00:00,DOGE,1,0.0036993484260114326,0.00528670574387414,0.01570276439706022,1,1,1,2026-10-09 07:08:18.914558
2026-10-08 00:00:00,DOGE,24,0.057792830990489645,0.03146055865145766,0.08045888718512961,0,1,1,2026-10-09 07:08:18.914558
2026-10-08 01:00:00,DOGE,1,0.0041486856611608865,0.00528496324334359,0.01570276439706022,1,1,1,2026-10-09 07:08:18.914558
2026-10-08 01:00:00,DOGE,24,0.05864046645731251,0.03148693471748242,0.08045888718512961,0,1,1,2026-10-09 07:08:18.914558
2026-10-08 02:00:00,DOGE,1,0.0010107250004126487,0.00528496324334359,0.01570276439706022,1,1,1,2026-10-09 07:08:18.914558
2026-10-08 02:00:00,DOGE,24,0.04893062347158003,0.03148693471748242,0.08045888718512961,0,1,1,2026-10-09 07:08:18.914558
2026-10-08 03:00:00,DOGE,1,0.00551523712151722,0.005264664245172988,0.01570276439706022,0,1,1,2026-10-09 07:08:18.914558
2026-10-08 03:00:00,DOGE,24,0.04970538811223831,0.03148693471748242,0.08045888718512961,0,1,1,2026-10-09 07:08:18.914558
2026-10-08 04:00:00,DOGE,1,0.013979883301031944,0.00528496324334359,0.01570276439706022,0,1,1,2026-10-09 07:08:18.914558
2026-10-08 04:00:00,DOGE,24,0.04089253876916451,0.03148693471748242,0.08045888718512961,0,1,1,2026-10-09 07:08:18.914558
2026-10-08 05:00:00,DOGE,1,0.0029802864792025366,0.00528670574387414,0.01570276439706022,1,1,1,2026-10-09 07:08:18.914558
2026-10-08 05:00:00,DOGE,24,0.029266982629768047,0.03148693471748242,0.08045888718512961,1,1,1,2026-10-09 07:08:18.914558
2026-10-08 06:00:00,DOGE,1,0.005723458847471563,0.00528670574387414,0.01570276439706022,0,1,1,2026-10-09 07:08:18.914558
2026-10-08 06:00:00,DOGE,24,0.02217025399553066,0.03154049023864375,0.08045888718512961,1,1,1,2026-10-09 07:08:18.914558
2026-10-08 07:00:00,DOGE,1,0.0007986765214328861,0.00528758643719403,0.01570276439706022,1,1,1,2026-10-09 07:08:18.914558
2026-10-08 07:00:00,DOGE,24,0.025197819514745045,0.03180963753639427,0.08045888718512961,1,1,1,2026-10-09 07:08:18.914558
2026-10-08 08:00:00,DOGE,1,0.0009119927672694428,0.00528758643719403,0.01570276439706022,1,1,1,2026-10-09 07:08:18.914558
2026-10-08 09:00:00,DOGE,1,0.007039883735619032,0.00528758643719403,0.01570276439706022,0,1,1,2026-10-09 07:08:18.914558
2026-10-08 10:00:00,DOGE,1,0.011722663122528376,0.00528758643719403,0.01570276439706022,0,1,1,2026-10-09 07:08:18.914558
2026-10-08 11:00:00,DOGE,1,0.002292264614035548,0.005296766060977323,0.01570276439706022,1,1,1,2026-10-09 07:08:18.914558
2026-10-08 12:00:00,DOGE,1,0.0024125464053839896,0.00528758643719403,0.01570276439706022,1,1,1,2026-10-09 07:08:18.914558
2026-10-08 13:00:00,DOGE,1,0.0009197517318881058,0.00528758643719403,0.01570276439706022,1,1,1,2026-10-09 07:08:18.914558
2026-10-08 14:00:00,DOGE,1,0.0011485013321709664,0.00528758643719403,0.01570276439706022,1,1,1,2026-10-09 07:08:18.914558
2026-10-08 15:00:00,DOGE,1,0.05255066954111882,0.00528670574387414,0.01570276439706022,0,0,1,2026-10-09 07:08:18.914558
2026-10-08 16:00:00,DOGE,1,0.005337227613853872,0.00528670574387414,0.015716953734522462,0,1,1,2026-10-09 07:08:18.914558
2026-10-08 17:00:00,DOGE,1,0.008427530794912897,0.00528758643719403,0.015716953734522462,0,1,1,2026-10-09 07:08:18.914558
2026-10-08 18:00:00,DOGE,1,0.018592187527787993,0.00528758643719403,0.015716953734522462,0,0,1,2026-10-09 07:08:18.914558
2026-10-08 19:00:00,DOGE,1,0.008631077316281398,0.00528758643719403,0.015784132178128307,0,1,1,2026-10-09 07:08:18.914558
2026-10-08 20:00:00,DOGE,1,0.005950273417099527,0.005296766060977323,0.015784132178128307,0,1,1,2026-10-09 07:08:18.914558
2026-10-08 21:00:00,DOGE,1,0.0009487666745857901,0.00530739674510972,0.015784132178128307,1,1,1,2026-10-09 07:08:18.914558
2026-10-08 22:00:00,DOGE,1,0.0016581787525543693,0.00530739674510972,0.015784132178128307,1,1,1,2026-10-09 07:08:18.914558
2026-10-08 23:00:00,DOGE,1,0.005458658386328541,0.00530739674510972,0.015784132178128307,0,1,1,2026-10-09 07:08:18.914558
2026-10-09 00:00:00,DOGE,1,0.0028517129591885495,0.005312647222358109,0.015784132178128307,1,1,1,2026-10-09 07:08:18.914558
2026-10-09 01:00:00,DOGE,1,0.005561157324571421,0.00530739674510972,0.015784132178128307,0,1,1,2026-10-09 07:08:18.914558
2026-10-09 02:00:00,DOGE,1,0.00023596035975436482,0.005312647222358109,0.015784132178128307,1,1,1,2026-10-09 07:08:18.914558
2026-10-09 03:00:00,DOGE,1,0.003297612221556673,0.005312647222358109,0.015784132178128307,1,1,1,2026-10-09 07:08:18.914558
2026-10-09 04:00:00,DOGE,1,0.002354327161635484,0.005312647222358109,0.015784132178128307,1,1,1,2026-10-09 07:08:18.914558
2026-10-09 05:00:00,DOGE,1,0.004116442155034796,0.00530739674510972,0.015784132178128307,1,1,1,2026-10-09 07:08:18.914558
2026-10-09 06:00:00,DOGE,1,0.0026958933282574325,0.005296766060977323,0.015784132178128307,1,1,1,2026-10-09 07:08:18.914558
2026-10-07 07:00:00,TRX,1,0.0,0.0011932890923963414,0.003526771520068672,1,1,1,2026-10-09 07:08:18.914558
2026-10-07 07:00:00,TRX,24,0.005687786625432477,0.007430205627397407,0.014468473465167699,1,1,1,2026-10-09 07:08:18.914558
2026-10-07 08:00:00,TRX,1,0.0006006006186548044,0.0011932890923963414,0.003526771520068672,1,1,1,2026-10-09 07:08:18.914558
2026-10-07 08:00:00,TRX,24,0.005687786625432477,0.007430205627397407,0.014468473465167699,1,1,1,2026-10-09 07:08:18.914558
2026-10-07 09:00:00,TRX,1,0.0003003453994647856,0.0011932890923963414,0.003526771520068672,1,1,1,2026-10-09 07:08:18.914558
2026-10-07 09:00:00,TRX,24,0.009269015382225054,0.007430205627397407,0.014468473465167699,0,1,1,2026-10-09 07:08:18.914558
2026-10-07 10:00:00,TRX,1,0.0009004953332501659,0.0011932890923963414,0.003526771520068672,1,1,1,2026-10-09 07:08:18.914558
2026-10-07 10:00:00,TRX,24,0.010158438118349131,0.007434624911204077,0.014468473465167699,0,1,1,2026-10-09 07:08:18.914558
2026-10-07 11:00:00,TRX,1,0.002397364049016857,0.0011932890923963414,0.003526771520068672,0,1,1,2026-10-09 07:08:18.914558
2026-10-07 11:00:00,TRX,24,0.0080681746495104,0.007430205627397407,0.014468473465167699,0,1,1,2026-10-09 07:08:18.914558
2026-10-07 12:00:00,TRX,1,0.0,0.0011932890923963414,0.003526771520068672,1,1,1,2026-10-09 07:08:18.914558
2026-10-07 12:00:00,TRX,24,0.004777554623278373,0.007430205627397407,0.014468473465167699,1,1,1,2026-10-09 07:08:18.914558
2026-10-07 13:00:00,TRX,1,0.00029926679858248727,0.0011929332138039418,0.003526771520068672,1,1,1,2026-10-09 07:08:18.914558
2026-10-07 13:00:00,TRX,24,0.001794258854570069,0.007430205627397407,0.014468473465167699,1,1,1,2026-10-09 07:08:18.914558
2026-10-07 14:00:00,TRX,1,0.0011961723914303962,0.0011929332138039418,0.003526771520068672,0,1,1,2026-10-09 07:08:18.914558
2026-10-07 14:00:00,TRX,24,0.0014949920559875372,0.007430205627397407,0.014468473465167699,1,1,1,2026-10-09 07:08:18.914558
2026-10-07 15:00:00,TRX,1,0.0020898649194592365,0.0011929332138039418,0.003526771520068672,0,1,1,2026-10-09 07:08:18.914558
2026-10-07 15:00:00,TRX,24,0.0002988196645573886,0.007430205627397407,0.014468473465167699,1,1,1,2026-10-09 07:08:18.914558
2026-10-07 16:00:00,TRX,1,0.001192250513806406,0.0011929332138039418,0.003526771520068672,1,1,1,2026-10-09 07:08:18.914558
2026-10-07 16:00:00,TRX,24,0.00688316349173899,0.007430205627397407,0.014468473465167699,1,1,1,2026-10-09 07:08:18.914558
2026-10-07 17:00:00,TRX,1,0.0014905353780612905,0.0011929332138039418,0.003526771520068672,0,1,1,2026-10-09 07:08:18.914558
2026-10-07 17:00:00,TRX,24,0.006874933669295642,0.007430205627397407,0.014468473465167699,1,1,1,2026-10-09 07:08:18.914558
2026-10-07 18:00:00,TRX,1,0.00029828486425476227,0.0011932890923963414,0.003526771520068672,1,1,1,2026-10-09 07:08:18.914558
2026-10-07 18:00:00,TRX,24,0.007185659660874486,0.007430205627397407,0.014468473465167699,1,1,1,2026-10-09 07:08:18.914558
2026-10-07 19:00:00,TRX,1,0.0005963029395537492,0.0011929332138039418,0.003526771520068672,1,1,1,2026-10-09 07:08:18.914558
2026-10-07 19:00:00,TRX,24,0.00628274317949518,0.007430205627397407,0.014468473465167699,1,1,1,2026-10-09 07:08:18.914558
2026-10-07 20:00:00,TRX,1,0.0002981070226281346,0.0011929332138039418,0.003526771520068672,1,1,1,2026-10-09 07:08:18.914558
2026-10-07 20:00:00,TRX,24,0.007479466431292624,0.007430205627397407,0.014468473465167699,0,1,1,2026-10-09 07:08:18.914558
2026-10-07 21:00:00,TRX,1,0.00029819591692560355,0.0011929332138039418,0.003526771520068672,1,1,1,2026-10-09 07:08:18.914558
2026-10-07 21:00:00,TRX,24,0.007481704808129248,0.007430205627397407,0.014468473465167699,0,1,1,2026-10-09 07:08:18.914558
2026-10-07 22:00:00,TRX,1,0.0005966587289180403,0.0011929332138039418,0.003526771520068672,1,1,1,2026-10-09 07:08:18.914558
2026-10-07 22:00:00,TRX,24,0.006582908272548787,0.007430205627397407,0.014468473465167699,1,1,1,2026-10-09 07:08:18.914558
2026-10-07 23:00:00,TRX,1,0.0008948546458437055,0.0011925775474179278,0.003526771520068672,1,1,1,2026-10-09 07:08:18.914558
2026-10-07 23:00:00,TRX,24,0.006586850162285537,0.007430205627397407,0.014468473465167699,1,1,1,2026-10-09 07:08:18.914558
2026-10-08 00:00:00,TRX,1,0.0017873105740958803,0.0011925775474179278,0.003526771520068672,0,1,1,2026-10-09 07:08:18.914558
2026-10-08 00:00:00,TRX,24,0.007782140442054963,0.007430205627397407,0.014468473465167699,0,1,1,2026-10-09 07:08:18.914558
2026-10-08 01:00:00,TRX,1,0.0002975747678556322,0.0011929332138039418,0.003526771520068672,1,1,1,2026-10-09 07:08:18.914558
2026-10-08 01:00:00,TRX,24,0.010170593204377009,0.007430205627397407,0.014468473465167699,0,1,1,2026-10-09 07:08:18.914558
2026-10-08 02:00:00,TRX,1,0.0,0.0011925775474179278,0.003526771520068672,1,1,1,2026-10-09 07:08:18.914558
2026-10-08 02:00:00,TRX,24,0.011069671749766976,0.007430205627397407,0.014468473465167699,0,1,1,2026-10-09 07:08:18.914558
2026-10-08 03:00:00,TRX,1,0.0008929900876195581,0.0011925775474179278,0.003526771520068672,1,1,1,2026-10-09 07:08:18.914558
2026-10-08 03:00:00,TRX,24,0.01137055937051144,0.007434624911204077,0.014468473465167699,0,1,1,2026-10-09 07:08:18.914558
2026-10-08 04:00:00,TRX,1,0.002385212818373929,0.0011925775474179278,0.003526771520068672,0,1,1,2026-10-09 07:08:18.914558
2026-10-08 04:00:00,TRX,24,0.011079616260739526,0.007560469295121224,0.014468473465167699,0,1,1,2026-10-09 07:08:18.914558
2026-10-08 05:00:00,TRX,1,0.0,0.0011925775474179278,0.003526771520068672,1,1,1,2026-10-09 07:08:18.914558
2026-10-08 05:00:00,TRX,24,0.009296813099137704,0.007579504848514204,0.014468473465167699,0,1,1,2026-10-09 07:08:18.914558
2026-10-08 06:00:00,TRX,1,0.0,0.0011922505138064476,0.003506730529112966,1,1,1,2026-10-09 07:08:18.914558
2026-10-08 06:00:00,TRX,24,0.007791468843773434,0.007579504848514204,0.014468473465167699,0,1,1,2026-10-09 07:08:18.914558
2026-10-08 07:00:00,TRX,1,0.0,0.0011922505138064476,0.003506730529112966,1,1,1,2026-10-09 07:08:18.914558
2026-10-08 07:00:00,TRX,24,0.008092356464517956,0.007579504848514204,0.014468473465167699,0,1,1,2026-10-09 07:08:18.914558
2026-10-08 08:00:00,TRX,1,0.00298062813813772,0.0011922220930484873,0.003506730529112966,0,1,1,2026-10-09 07:08:18.914558
2026-10-08 09:00:00,TRX,1,0.001189768135588529,0.0011922505138064476,0.003506730529112966,1,1,1,2026-10-09 07:08:18.914558
2026-10-08 10:00:00,TRX,1,0.0011897681355885735,0.0011922505138064476,0.003506730529112966,1,1,1,2026-10-09 07:08:18.914558
2026-10-08 11:00:00,TRX,1,0.000893255977215102,0.0011922220930484873,0.003506730529112966,1,1,1,2026-10-09 07:08:18.914558
2026-10-08 12:00:00,TRX,1,0.0029832957687083656,0.0011918668505062158,0.003506730529112966,0,1,1,2026-10-09 07:08:18.914558
2026-10-08 13:00:00,TRX,1,0.0,0.0011922220930484873,0.003506730529112966,1,1,1,2026-10-09 07:08:18.914558
2026-10-08 14:00:00,TRX,1,0.0,0.0011922220930484873,0.003506730529112966,1,1,1,2026-10-09 07:08:18.914558
2026-10-08 15:00:00,TRX,1,0.005092118236836995,0.0011918668505062158,0.003488278784776288,0,0,1,2026-10-09 07:08:18.914558
2026-10-08 16:00:00,TRX,1,0.0012004803362496402,0.0011918668505062158,0.003506730529112966,0,1,1,2026-10-09 07:08:18.914558
2026-10-08 17:00:00,TRX,1,0.001801261369640017,0.0011922220930484873,0.003506730529112966,0,1,1,2026-10-09 07:08:18.914558
2026-10-08 18:00:00,TRX,1,0.0012012013456341492,0.0011922220930484873,0.003506730529112966,0,1,1,2026-10-09 07:08:18.914558
2026-10-08 19:00:00,TRX,1,0.0006004203122437008,0.0011922505138064476,0.003506730529112966,1,1,1,2026-10-09 07:08:18.914558
2026-10-08 20:00:00,TRX,1,0.00030034539946475027,0.0011922220930484873,0.003506730529112966,1,1,1,2026-10-09 07:08:18.914558
2026-10-08 21:00:00,TRX,1,0.0006006006186547006,0.0011918668505062158,0.003506730529112966,1,1,1,2026-10-09 07:08:18.914558
2026-10-08 22:00:00,TRX,1,0.0006006006186548044,0.0011918668505062158,0.003506730529112966,1,1,1,2026-10-09 07:08:18.914558
2026-10-08 23:00:00,TRX,1,0.00030043563392572695,0.0011915118196017805,0.003506730529112966,1,1,1,2026-10-09 07:08:18.914558
2026-10-09 00:00:00,TRX,1,0.0006011421882261408,0.0011915118196017805,0.003506730529112966,1,1,1,2026-10-09 07:08:18.914558
2026-10-09 01:00:00,TRX,1,0.0006015037775342237,0.0011911853701531694,0.003506730529112966,1,1,1,2026-10-09 07:08:18.914558
2026-10-09 02:00:00,TRX,1,0.00030088762074449764,0.0011911853701531694,0.003506730529112966,1,1,1,2026-10-09 07:08:18.914558
2026-10-09 03:00:00,TRX,1,0.0006020469778475933,0.0011911853701531694,0.003506730529112966,1,1,1,2026-10-09 07:08:18.914558
2026-10-09 04:00:00,TRX,1,0.0006024096567720224,0.0011911853701531694,0.003506730529112966,1,1,1,2026-10-09 07:08:18.914558
2026-10-09 05:00:00,TRX,1,0.0015053442553641975,0.0011911853701531694,0.003506730529112966,0,1,1,2026-10-09 07:08:18.914558
2026-10-09 06:00:00,TRX,1,0.00030088762074449764,0.0011915118196017805,0.003506730529112966,1,1,1,2026-10-09 07:08:18.914558
2026-10-07 07:00:00,ADA,1,0.001939864817826676,0.0077406705432568135,0.018484935628561197,1,1,1,2026-10-09 07:08:18.914558
2026-10-07 07:00:00,ADA,24,0.016840029833769806,0.03699780945000767,0.08391445049770384,1,1,1,2026-10-09 07:08:18.914558
2026-10-07 08:00:00,ADA,1,0.007391591716137946,0.0077367930394756715,0.018484935628561197,1,1,1,2026-10-09 07:08:18.914558
2026-10-07 08:00:00,ADA,24,0.02353049741019416,0.03702481290693747,0.08391445049770384,1,1,1,2026-10-09 07:08:18.914558
2026-10-07 09:00:00,ADA,1,0.0023455835617203725,0.007724522304078967,0.018484935628561197,1,1,1,2026-10-09 07:08:18.914558
2026-10-07 09:00:00,ADA,24,0.01574215901160538,0.03722023491982352,0.08391445049770384,1,1,1,2026-10-09 07:08:18.914558
2026-10-07 10:00:00,ADA,1,0.00039146604532017495,0.007724522304078967,0.018484935628561197,1,1,1,2026-10-09 07:08:18.914558
2026-10-07 10:00:00,ADA,24,0.003528723520453013,0.03724118743370422,0.08391445049770384,1,1,1,2026-10-09 07:08:18.914558
2026-10-07 11:00:00,ADA,1,0.007072721035368108,0.007724522304078967,0.018484935628561197,1,1,1,2026-10-09 07:08:18.914558
2026-10-07 11:00:00,ADA,24,0.015785647442291856,0.03725994383254863,0.08391445049770384,1,1,1,2026-10-09 07:08:18.914558
2026-10-07 12:00:00,ADA,1,0.002363136192282802,0.007724522304078967,0.018484935628561197,1,1,1,2026-10-09 07:08:18.914558
2026-10-07 12:00:00,ADA,24,0.014697384722164069,0.037487505192082875,0.08465155867611492,1,1,1,2026-10-09 07:08:18.914558
2026-10-07 13:00:00,ADA,1,0.0007870917368170432,0.0077100454560051195,0.018189056333313965,1,1,1,2026-10-09 07:08:18.914558
2026-10-07 13:00:00,ADA,24,0.02711489879696602,0.03767899156043982,0.08473979778820959,1,1,1,2026-10-09 07:08:18.914558
2026-10-07 14:00:00,ADA,1,0.003154576748515544,0.0077100454560051195,0.018189056333313965,1,1,1,2026-10-09 07:08:18.914558
2026-10-07 14:00:00,ADA,24,0.02551972620809566,0.0379893984380267,0.08473979778820959,1,1,1,2026-10-09 07:08:18.914558
2026-10-07 15:00:00,ADA,1,0.011778699192612705,0.0077100454560051195,0.018189056333313965,0,1,1,2026-10-09 07:08:18.914558
2026-10-07 15:00:00,ADA,24,0.02276910826127611,0.03814750736523771,0.08480276186708896,1,1,1,2026-10-09 07:08:18.914558
2026-10-07 16:00:00,ADA,1,0.0003902439073914441,0.0077100454560051195,0.01779446271083877,1,1,1,2026-10-09 07:08:18.914558
2026-10-07 16:00:00,ADA,24,0.10094664376379356,0.03825965094632189,0.08480276186708896,0,0,1,2026-10-09 07:08:18.914558
2026-10-07 17:00:00,ADA,1,0.005477321987955453,0.00767962766223758,0.01779446271083877,1,1,1,2026-10-09 07:08:18.914558
2026-10-07 17:00:00,ADA,24,0.11700300441558453,0.038592838877007714,0.08480276186708896,0,0,1,2026-10-09 07:08:18.914558
2026-10-07 18:00:00,ADA,1,0.007426260433736083,0.00767962766223758,0.01779446271083877,1,1,1,2026-10-09 07:08:18.914558
2026-10-07 18:00:00,ADA,24,0.1225511524393367,0.03886889730819124,0.08480276186708896,0,0,1,2026-10-09 07:08:18.914558
2026-10-07 19:00:00,ADA,1,0.007034026657379824,0.00767962766223758,0.01779446271083877,1,1,1,2026-10-09 07:08:18.914558
2026-10-07 19:00:00,ADA,24,0.115012344857285,0.03910784347341548,0.08480276186708896,0,0,1,2026-10-09 07:08:18.914558
2026-10-07 20:00:00,ADA,1,0.0011757790890120365,0.00767962766223758,0.01779446271083877,1,1,1,2026-10-09 07:08:18.914558
2026-10-07 20:00:00,ADA,24,0.09625179945958601,0.039148237897901256,0.08480276186708896,0,0,1,2026-10-09 07:08:18.914558
2026-10-07 21:00:00,ADA,1,0.0051050572289016586,0.00767962766223758,0.01779446271083877,1,1,1,2026-10-09 07:08:18.914558
2026-10-07 21:00:00,ADA,24,0.08413122139046043,0.039557985677643494,0.08480276186708896,0,1,1,2026-10-09 07:08:18.914558
2026-10-07 22:00:00,ADA,1,0.001180405409537456,0.00767962766223758,0.01779446271083877,1,1,1,2026-10-09 07:08:18.914558
2026-10-07 22:00:00,ADA,24,0.08201315166083513,0.039617139273254186,0.08480276186708896,0,1,1,2026-10-09 07:08:18.914558
2026-10-07 23:00:00,ADA,1,0.004707737215685086,0.007671539469410309,0.01779446271083877,1,1,1,2026-10-09 07:08:18.914558
2026-10-07 23:00:00,ADA,24,0.08063273620869894,0.039641157743859255,0.08480276186708896,0,1,1,2026-10-09 07:08:18.914558
2026-10-08 00:00:00,ADA,1,0.0039062549670652105,0.007650786522142843,0.01779446271083877,1,1,1,2026-10-09 07:08:18.914558
2026-10-08 00:00:00,ADA,24,0.095623340379968,0.039847762823337254,0.08480276186708896,0,0,1,2026-10-09 07:08:18.914558
2026-10-08 01:00:00,ADA,1,0.005081113140189487,0.007635317568434133,0.01779446271083877,1,1,1,2026-10-09 07:08:18.914558
2026-10-08 01:00:00,ADA,24,0.09823843958341322,0.040334452455466595,0.08480276186708896,0,0,1,2026-10-09 07:08:18.914558
2026-10-08 02:00:00,ADA,1,0.007806440892829492,0.007635317568434133,0.01779446271083877,0,1,1,2026-10-09 07:08:18.914558
2026-10-08 02:00:00,ADA,24,0.0884373005165627,0.040334452455466595,0.08480276186708896,0,0,1,2026-10-09 07:08:18.914558
2026-10-08 03:00:00,ADA,1,0.011339319935390155,0.007635317568434133,0.017729242258097463,0,1,1,2026-10-09 07:08:18.914558
2026-10-08 03:00:00,ADA,24,0.09325164684971424,0.040334452455466595,0.08480276186708896,0,0,1,2026-10-09 07:08:18.914558
2026-10-08 04:00:00,ADA,1,0.007499541761015889,0.007650786522142843,0.017729242258097463,1,1,1,2026-10-09 07:08:18.914558
2026-10-08 04:00:00,ADA,24,0.07637922065064236,0.040334452455466595,0.08480276186708896,0,1,1,2026-10-09 07:08:18.914558
2026-10-08 05:00:00,ADA,1,0.0,0.007650786522142843,0.017729242258097463,1,1,1,2026-10-09 07:08:18.914558
2026-10-08 05:00:00,ADA,24,0.073133194447683,0.040334452455466595,0.08480276186708896,0,1,1,2026-10-09 07:08:18.914558
2026-10-08 06:00:00,ADA,1,0.00316455960296294,0.007650786522142843,0.017729242258097463,1,1,1,2026-10-09 07:08:18.914558
2026-10-08 06:00:00,ADA,24,0.060847507192362295,0.040334452455466595,0.08480276186708896,0,1,1,2026-10-09 07:08:18.914558
2026-10-08 07:00:00,ADA,1,0.004750602758597753,0.007650786522142843,0.017729242258097463,1,1,1,2026-10-09 07:08:18.914558
2026-10-08 07:00:00,ADA,24,0.05062834548099474,0.040334452455466595,0.08480276186708896,0,1,1,2026-10-09 07:08:18.914558
2026-10-08 08:00:00,ADA,1,0.00039674668245083273,0.007650786522142843,0.017729242258097463,1,1,1,2026-10-09 07:08:18.914558
2026-10-08 09:00:00,ADA,1,0.009867851929431931,0.007650786522142843,0.017729242258097463,0,1,1,2026-10-09 07:08:18.914558
2026-10-08 10:00:00,ADA,1,0.012648389967159062,0.007650786522142843,0.017729242258097463,0,1,1,2026-10-09 07:08:18.914558
2026-10-08 11:00:00,ADA,1,0.005984458315240307,0.007671539469410309,0.017729242258097463,1,1,1,2026-10-09 07:08:18.914558
2026-10-08 12:00:00,ADA,1,0.010054377882519217,0.007671539469410309,0.017729242258097463,0,1,1,2026-10-09 07:08:18.914558
2026-10-08 13:00:00,ADA,1,0.000808080852053313,0.007709490799613708,0.017729242258097463,1,1,1,2026-10-09 07:08:18.914558
2026-10-08 14:00:00,ADA,1,0.0004039588016959499,0.007709490799613708,0.017729242258097463,1,1,1,2026-10-09 07:08:18.914558
2026-10-08 15:00:00,ADA,1,0.06639883630990479,0.007671539469410309,0.017729242258097463,0,0,1,2026-10-09 07:08:18.914558
2026-10-08 16:00:00,ADA,1,0.015666116744399352,0.007671539469410309,0.017729242258097463,0,1,1,2026-10-09 07:08:18.914558
2026-10-08 17:00:00,ADA,1,0.01102547001170771,0.007671539469410309,0.017729242258097463,0,1,1,2026-10-09 07:08:18.914558
2026-10-08 18:00:00,ADA,1,0.014965068015787808,0.007671539469410309,0.017729242258097463,0,1,1,2026-10-09 07:08:18.914558
2026-10-08 19:00:00,ADA,1,0.011726518740319158,0.007671539469410309,0.017729242258097463,0,1,1,2026-10-09 07:08:18.914558
2026-10-08 20:00:00,ADA,1,0.013296357158137552,0.007709490799613708,0.017729242258097463,0,1,1,2026-10-09 07:08:18.914558
2026-10-08 21:00:00,ADA,1,0.0029869874992762726,0.007724522304078967,0.017729242258097463,1,1,1,2026-10-09 07:08:18.914558
2026-10-08 22:00:00,ADA,1,0.0025608208616736505,0.007709490799613708,0.017729242258097463,1,1,1,2026-10-09 07:08:18.914558
2026-10-08 23:00:00,ADA,1,0.01028286695558403,0.007709490799613708,0.017729242258097463,0,1,1,2026-10-09 07:08:18.914558
2026-10-09 00:00:00,ADA,1,0.0012911557636200296,0.00773575999134355,0.017729242258097463,1,1,1,2026-10-09 07:08:18.914558
2026-10-09 01:00:00,ADA,1,0.004720025926660906,0.00773575999134355,0.017729242258097463,1,1,1,2026-10-09 07:08:18.914558
2026-10-09 02:00:00,ADA,1,0.002992094559678117,0.00773575999134355,0.017729242258097463,1,1,1,2026-10-09 07:08:18.914558
2026-10-09 03:00:00,ADA,1,0.005533106263681607,0.007709490799613708,0.017729242258097463,1,1,1,2026-10-09 07:08:18.914558
2026-10-09 04:00:00,ADA,1,0.004253515558056537,0.007709490799613708,0.017729242258097463,1,1,1,2026-10-09 07:08:18.914558
2026-10-09 05:00:00,ADA,1,0.01228568725532071,0.007671539469410309,0.017370774920351044,0,1,1,2026-10-09 07:08:18.914558
2026-10-09 06:00:00,ADA,1,0.013383721314330356,0.007671539469410309,0.017370774920351044,0,1,1,2026-10-09 07:08:18.914558
2026-10-07 07:00:00,LINK,1,0.0031257976237670376,0.005928072135035088,0.015311299896752638,1,1,1,2026-10-09 07:08:18.914558
2026-10-07 07:00:00,LINK,24,0.04771656446093177,0.04076099245509982,0.07781287827900013,0,1,1,2026-10-09 07:08:18.914558
2026-10-07 08:00:00,LINK,1,0.004524234220292492,0.005919865652022072,0.015311299896752638,1,1,1,2026-10-09 07:08:18.914558
2026-10-07 08:00:00,LINK,24,0.048480783565127895,0.040708458312967946,0.07781287827900013,0,1,1,2026-10-09 07:08:18.914558
2026-10-07 09:00:00,LINK,1,0.004838719118223221,0.00591778752974081,0.015311299896752638,1,1,1,2026-10-09 07:08:18.914558
2026-10-07 09:00:00,LINK,24,0.0447210753759581,0.04041010542735604,0.07774358373184845,0,1,1,2026-10-09 07:08:18.914558
2026-10-07 10:00:00,LINK,1,0.009228903777474318,0.00591778752974081,0.015311299896752638,0,1,1,2026-10-09 07:08:18.914558
2026-10-07 10:00:00,LINK,24,0.03256692319181193,0.04009695881065895,0.07748388913887083,1,1,1,2026-10-09 07:08:18.914558
2026-10-07 11:00:00,LINK,1,0.007370217617009692,0.00591778752974081,0.015311299896752638,0,1,1,2026-10-09 07:08:18.914558
2026-10-07 11:00:00,LINK,24,0.03187791119297698,0.03983143787832741,0.07748388913887083,1,1,1,2026-10-09 07:08:18.914558
2026-10-07 12:00:00,LINK,1,0.002019522732829271,0.005919865652022072,0.015311299896752638,1,1,1,2026-10-09 07:08:18.914558
2026-10-07 12:00:00,LINK,24,0.028190091292898487,0.03983143787832741,0.07748388913887083,1,1,1,2026-10-09 07:08:18.914558
2026-10-07 13:00:00,LINK,1,0.00522740343515173,0.00591778752974081,0.015311299896752638,1,1,1,2026-10-09 07:08:18.914558
2026-10-07 13:00:00,LINK,24,0.032570220302668415,0.03983143787832741,0.07748388913887083,1,1,1,2026-10-09 07:08:18.914558
2026-10-07 14:00:00,LINK,1,0.002610286003130707,0.005899351653130581,0.015311299896752638,1,1,1,2026-10-09 07:08:18.914558
2026-10-07 14:00:00,LINK,24,0.03686983644380538,0.03983143787832741,0.07748388913887083,1,1,1,2026-10-09 07:08:18.914558
2026-10-07 15:00:00,LINK,1,0.0029826284135089456,0.005878495455184539,0.015311299896752638,1,1,1,2026-10-09 07:08:18.914558
2026-10-07 15:00:00,LINK,24,0.03178965106835757,0.03983143787832741,0.07748388913887083,1,1,1,2026-10-09 07:08:18.914558
2026-10-07 16:00:00,LINK,1,0.0014136381209100182,0.005869142109228581,0.015311299896752638,1,1,1,2026-10-09 07:08:18.914558
2026-10-07 16:00:00,LINK,24,0.08293821668985656,0.039660213939726525,0.07748388913887083,0,0,1,2026-10-09 07:08:18.914558
2026-10-07 17:00:00,LINK,1,0.006639090441091039,0.005869142109228581,0.015311299896752638,0,1,1,2026-10-09 07:08:18.914558
2026-10-07 17:00:00,LINK,24,0.08540401791216266,0.0395148393563327,0.07748388913887083,0,0,1,2026-10-09 07:08:18.914558
2026-10-07 18:00:00,LINK,1,0.0016452292074802713,0.005878495455184539,0.015311299896752638,1,1,1,2026-10-09 07:08:18.914558
2026-10-07 18:00:00,LINK,24,0.09213432852958749,0.0395148393563327,0.07748388913887083,0,0,1,2026-10-09 07:08:18.914558
2026-10-07 19:00:00,LINK,1,0.0013458952233550141,0.005869142109228581,0.01529169092449003,1,1,1,2026-10-09 07:08:18.914558
2026-10-07 19:00:00,LINK,24,0.07725698270328102,0.039660213939726525,0.07748388913887083,0,1,1,2026-10-09 07:08:18.914558
2026-10-07 20:00:00,LINK,1,0.0,0.005869142109228581,0.01529169092449003,1,1,1,2026-10-09 07:08:18.914558
2026-10-07 20:00:00,LINK,24,0.0655516292449959,0.03983143787832741,0.07748388913887083,0,1,1,2026-10-09 07:08:18.914558
2026-10-07 21:00:00,LINK,1,0.0047249497286529765,0.005869142109228581,0.01529169092449003,1,1,1,2026-10-09 07:08:18.914558
2026-10-07 21:00:00,LINK,24,0.05300780011363545,0.04009695881065895,0.07748388913887083,0,1,1,2026-10-09 07:08:18.914558
2026-10-07 22:00:00,LINK,1,0.001051919850549092,0.005869142109228581,0.01529169092449003,1,1,1,2026-10-09 07:08:18.914558
2026-10-07 22:00:00,LINK,24,0.043246245734579476,0.04041010542735604,0.07748388913887083,0,1,1,2026-10-09 07:08:18.914558
2026-10-07 23:00:00,LINK,1,0.0007506944275667593,0.005869142109228581,0.01529169092449003,1,1,1,2026-10-09 07:08:18.914558
2026-10-07 23:00:00,LINK,24,0.04155446457338125,0.040708458312967946,0.07748388913887083,0,1,1,2026-10-09 07:08:18.914558
2026-10-08 00:00:00,LINK,1,0.001727440438576749,0.005869142109228581,0.01529169092449003,1,1,1,2026-10-09 07:08:18.914558
2026-10-08 00:00:00,LINK,24,0.047563991417948016,0.04076099245509982,0.07748388913887083,0,1,1,2026-10-09 07:08:18.914558
2026-10-08 01:00:00,LINK,1,0.0017304296534809325,0.005869142109228581,0.01529169092449003,1,1,1,2026-10-09 07:08:18.914558
2026-10-08 01:00:00,LINK,24,0.045600488500406,0.040984608382436845,0.07748388913887083,0,1,1,2026-10-09 07:08:18.914558
2026-10-08 02:00:00,LINK,1,0.001130156458584776,0.005869142109228581,0.01529169092449003,1,1,1,2026-10-09 07:08:18.914558
2026-10-08 02:00:00,LINK,24,0.03642342439679917,0.040984608382436845,0.07748388913887083,1,1,1,2026-10-09 07:08:18.914558
2026-10-08 03:00:00,LINK,1,0.0068837973712018085,0.005838225263214927,0.01529169092449003,0,1,1,2026-10-09 07:08:18.914558
2026-10-08 03:00:00,LINK,24,0.03709105636161304,0.040984608382436845,0.07748388913887083,1,1,1,2026-10-09 07:08:18.914558
2026-10-08 04:00:00,LINK,1,0.00685508054236372,0.005869142109228581,0.01529169092449003,0,1,1,2026-10-09 07:08:18.914558
2026-10-08 04:00:00,LINK,24,0.024745748964889142,0.040984608382436845,0.07748388913887083,1,1,1,2026-10-09 07:08:18.914558
2026-10-08 05:00:00,LINK,1,0.0010694371197244182,0.005878495455184539,0.01529169092449003,1,1,1,2026-10-09 07:08:18.914558
2026-10-08 05:00:00,LINK,24,0.0202276641110719,0.040984608382436845,0.07748388913887083,1,1,1,2026-10-09 07:08:18.914558
2026-10-08 06:00:00,LINK,1,0.002897005914210504,0.005878495455184539,0.01529169092449003,1,1,1,2026-10-09 07:08:18.914558
2026-10-08 06:00:00,LINK,24,0.01826007051191217,0.040984608382436845,0.07748388913887083,1,1,1,2026-10-09 07:08:18.914558
2026-10-08 07:00:00,LINK,1,0.0038900167279631013,0.005878495455184539,0.01529169092449003,1,1,1,2026-10-09 07:08:18.914558
2026-10-08 07:00:00,LINK,24,0.017896710240363337,0.040984608382436845,0.07748388913887083,1,1,1,2026-10-09 07:08:18.914558
2026-10-08 08:00:00,LINK,1,0.0007645260311226845,0.005878495455184539,0.01529169092449003,1,1,1,2026-10-09 07:08:18.914558
2026-10-08 09:00:00,LINK,1,0.007315433065922909,0.005878495455184539,0.01529169092449003,0,1,1,2026-10-09 07:08:18.914558
2026-10-08 10:00:00,LINK,1,0.008539891778639262,0.005899351653130581,0.01529169092449003,0,1,1,2026-10-09 07:08:18.914558
2026-10-08 11:00:00,LINK,1,0.003682397716931317,0.005899351653130581,0.01529169092449003,1,1,1,2026-10-09 07:08:18.914558
2026-10-08 12:00:00,LINK,1,0.006399651742599194,0.005878495455184539,0.01529169092449003,0,1,1,2026-10-09 07:08:18.914558
2026-10-08 13:00:00,LINK,1,0.000927787294014748,0.005899351653130581,0.01529169092449003,1,1,1,2026-10-09 07:08:18.914558
2026-10-08 14:00:00,LINK,1,0.0024698993723171105,0.005899351653130581,0.01529169092449003,1,1,1,2026-10-09 07:08:18.914558
2026-10-08 15:00:00,LINK,1,0.048165937207989874,0.005878495455184539,0.01529169092449003,0,0,1,2026-10-09 07:08:18.914558
2026-10-08 16:00:00,LINK,1,0.0010521631013962235,0.005878495455184539,0.01533026893377865,1,1,1,2026-10-09 07:08:18.914558
2026-10-08 17:00:00,LINK,1,0.013369401058515824,0.005878495455184539,0.01533026893377865,0,1,1,2026-10-09 07:08:18.914558
2026-10-08 18:00:00,LINK,1,0.016522575033786714,0.005878495455184539,0.01533026893377865,0,0,1,2026-10-09 07:08:18.914558
2026-10-08 19:00:00,LINK,1,0.010359458234929975,0.00591602445415715,0.015704286116968967,0,1,1,2026-10-09 07:08:18.914558
2026-10-08 20:00:00,LINK,1,0.012543829131360611,0.005919865652022072,0.015704286116968967,0,1,1,2026-10-09 07:08:18.914558
2026-10-08 21:00:00,LINK,1,0.005036604650402861,0.005928072135035088,0.015704286116968967,1,1,1,2026-10-09 07:08:18.914558
2026-10-08 22:00:00,LINK,1,0.002743701011747585,0.005928072135035088,0.015704286116968967,1,1,1,2026-10-09 07:08:18.914558
2026-10-08 23:00:00,LINK,1,0.005258832416999938,0.005928072135035088,0.015704286116968967,1,1,1,2026-10-09 07:08:18.914558
2026-10-09 00:00:00,LINK,1,0.00023606247896535993,0.005928072135035088,0.015704286116968967,1,1,1,2026-10-09 07:08:18.914558
2026-10-09 01:00:00,LINK,1,0.007446634450125748,0.005928072135035088,0.015704286116968967,0,1,1,2026-10-09 07:08:18.914558
2026-10-09 02:00:00,LINK,1,0.0017977884233985476,0.005934259157533202,0.015704286116968967,1,1,1,2026-10-09 07:08:18.914558
2026-10-09 03:00:00,LINK,1,0.005461510025521943,0.005934259157533202,0.015704286116968967,1,1,1,2026-10-09 07:08:18.914558
2026-10-09 04:00:00,LINK,1,0.0023369956885465606,0.005934259157533202,0.015704286116968967,1,1,1,2026-10-09 07:08:18.914558
2026-10-09 05:00:00,LINK,1,0.0030370307188842824,0.005928072135035088,0.015704286116968967,1,1,1,2026-10-09 07:08:18.914558
2026-10-09 06:00:00,LINK,1,0.00326036618575922,0.005919865652022072,0.015704286116968967,1,1,1,2026-10-09 07:08:18.914558
2026-10-07 07:00:00,AVAX,1,0.006824150203189126,0.006682973030458275,0.019891334665974942,0,1,1,2026-10-09 07:08:18.914558
2026-10-07 07:00:00,AVAX,24,0.030977326769189895,0.041043432457147755,0.12548606246580157,1,1,1,2026-10-09 07:08:18.914558
2026-10-07 08:00:00,AVAX,1,0.012531826449237081,0.006682973030458275,0.019891334665974942,0,1,1,2026-10-09 07:08:18.914558
2026-10-07 08:00:00,AVAX,24,0.043966100626145636,0.041043432457147755,0.12548606246580157,0,1,1,2026-10-09 07:08:18.914558
2026-10-07 09:00:00,AVAX,1,0.01550278907696481,0.006682973030458275,0.019891334665974942,0,1,1,2026-10-09 07:08:18.914558
2026-10-07 09:00:00,AVAX,24,0.037637136262858965,0.041043432457147755,0.12548606246580157,1,1,1,2026-10-09 07:08:18.914558
2026-10-07 10:00:00,AVAX,1,0.0036268060427717156,0.006813077044242209,0.019891334665974942,1,1,1,2026-10-09 07:08:18.914558
2026-10-07 10:00:00,AVAX,24,0.009950330853168092,0.041043432457147755,0.12548606246580157,1,1,1,2026-10-09 07:08:18.914558
2026-10-07 11:00:00,AVAX,1,0.004444653332667298,0.006813077044242209,0.019891334665974942,1,1,1,2026-10-09 07:08:18.914558
2026-10-07 11:00:00,AVAX,24,0.026411438912782723,0.041043432457147755,0.12548606246580157,1,1,1,2026-10-09 07:08:18.914558
2026-10-07 12:00:00,AVAX,1,0.00968026738661228,0.006813077044242209,0.019891334665974942,0,1,1,2026-10-09 07:08:18.914558
2026-10-07 12:00:00,AVAX,24,0.02401329792229108,0.041043432457147755,0.12548606246580157,1,1,1,2026-10-09 07:08:18.914558
2026-10-07 13:00:00,AVAX,1,0.015632995132801395,0.006813077044242209,0.01937075610039096,0,1,1,2026-10-09 07:08:18.914558
2026-10-07 13:00:00,AVAX,24,0.04917738237172449,0.04079108702507773,0.12548606246580157,0,1,1,2026-10-09 07:08:18.914558
2026-10-07 14:00:00,AVAX,1,0.005688904231639175,0.006840412130741367,0.01937075610039096,1,1,1,2026-10-09 07:08:18.914558
2026-10-07 14:00:00,AVAX,24,0.06367616188198856,0.04074314395883119,0.12548606246580157,0,1,1,2026-10-09 07:08:18.914558
2026-10-07 15:00:00,AVAX,1,0.002048177393514904,0.006840412130741367,0.01937075610039096,1,1,1,2026-10-09 07:08:18.914558
2026-10-07 15:00:00,AVAX,24,0.057609471472830145,0.0403619800817462,0.12548606246580157,0,1,1,2026-10-09 07:08:18.914558
2026-10-07 16:00:00,AVAX,1,0.003995211067288247,0.006840412130741367,0.01937075610039096,1,1,1,2026-10-09 07:08:18.914558
2026-10-07 16:00:00,AVAX,24,0.11688272048528109,0.04013618597586315,0.12548606246580157,0,1,1,2026-10-09 07:08:18.914558
2026-10-07 17:00:00,AVAX,1,0.002928259779088334,0.006840412130741367,0.01937075610039096,1,1,1,2026-10-09 07:08:18.914558
2026-10-07 17:00:00,AVAX,24,0.12599046837644698,0.04003944745927211,0.12548606246580157,0,0,1,2026-10-09 07:08:18.914558
2026-10-07 18:00:00,AVAX,1,0.001956947786960924,0.006840412130741367,0.01937075610039096,1,1,1,2026-10-09 07:08:18.914558
2026-10-07 18:00:00,AVAX,24,0.1341790487036979,0.039932778445832755,0.12548606246580157,0,0,1,2026-10-09 07:08:18.914558
2026-10-07 19:00:00,AVAX,1,0.00044529546089138713,0.006840412130741367,0.01937075610039096,1,1,1,2026-10-09 07:08:18.914558
2026-10-07 19:00:00,AVAX,24,0.11619272398718669,0.03990793289691696,0.12548606246580157,0,1,1,2026-10-09 07:08:18.914558
2026-10-07 20:00:00,AVAX,1,0.0008903927219896798,0.006840412130741367,0.01937075610039096,1,1,1,2026-10-09 07:08:18.914558
2026-10-07 20:00:00,AVAX,24,0.1058951320832836,0.039726737312031184,0.12548606246580157,0,1,1,2026-10-09 07:08:18.914558
2026-10-07 21:00:00,AVAX,1,0.02195517376200372,0.006840412130741367,0.01937075610039096,0,0,1,2026-10-09 07:08:18.914558
2026-10-07 21:00:00,AVAX,24,0.09781420224984905,0.039726737312031184,0.12548606246580157,0,1,1,2026-10-09 07:08:18.914558
2026-10-07 22:00:00,AVAX,1,0.007973945839144115,0.006936548777210023,0.019891334665974942,0,1,1,2026-10-09 07:08:18.914558
2026-10-07 22:00:00,AVAX,24,0.08611856407381838,0.039726737312031184,0.12548606246580157,0,1,1,2026-10-09 07:08:18.914558
2026-10-07 23:00:00,AVAX,1,0.0045024839683157755,0.007014104146348041,0.019891334665974942,1,1,1,2026-10-09 07:08:18.914558
2026-10-07 23:00:00,AVAX,24,0.08904823830029993,0.03990793289691696,0.12548606246580157,0,1,1,2026-10-09 07:08:18.914558
2026-10-08 00:00:00,AVAX,1,0.006128353714967361,0.007014104146348041,0.019891334665974942,1,1,1,2026-10-09 07:08:18.914558
2026-10-08 00:00:00,AVAX,24,0.09948780679708966,0.039932778445832755,0.12548606246580157,0,1,1,2026-10-09 07:08:18.914558
2026-10-08 01:00:00,AVAX,1,0.000361532903431756,0.007014104146348041,0.019891334665974942,1,1,1,2026-10-09 07:08:18.914558
2026-10-08 01:00:00,AVAX,24,0.09306176019974532,0.04003944745927211,0.12548606246580157,0,1,1,2026-10-09 07:08:18.914558
2026-10-08 02:00:00,AVAX,1,0.0022566241466863072,0.007014104146348041,0.019891334665974942,1,1,1,2026-10-09 07:08:18.914558
2026-10-08 02:00:00,AVAX,24,0.0816857218429541,0.04003944745927211,0.12548606246580157,0,1,1,2026-10-09 07:08:18.914558
2026-10-08 03:00:00,AVAX,1,0.008875262025877769,0.006936548777210023,0.019891334665974942,0,1,1,2026-10-09 07:08:18.914558
2026-10-08 03:00:00,AVAX,24,0.07564192237555104,0.04003944745927211,0.12548606246580157,0,1,1,2026-10-09 07:08:18.914558
2026-10-08 04:00:00,AVAX,1,0.02328361751600813,0.007014104146348041,0.019891334665974942,0,0,1,2026-10-09 07:08:18.914558
2026-10-08 04:00:00,AVAX,24,0.06598897974277203,0.04003944745927211,0.12548606246580157,0,1,1,2026-10-09 07:08:18.914558
2026-10-08 05:00:00,AVAX,1,0.009360153598435991,0.0071052870650907185,0.020000283118285365,0,1,1,2026-10-09 07:08:18.914558
2026-10-08 05:00:00,AVAX,24,0.05050951850731776,0.04003944745927211,0.12548606246580157,0,1,1,2026-10-09 07:08:18.914558
2026-10-08 06:00:00,AVAX,1,0.005611015962934393,0.007154409321063611,0.020000283118285365,1,1,1,2026-10-09 07:08:18.914558
2026-10-08 06:00:00,AVAX,24,0.05138554105520499,0.04003944745927211,0.12548606246580157,0,1,1,2026-10-09 07:08:18.914558
2026-10-08 07:00:00,AVAX,1,0.006164623653766661,0.007154409321063611,0.020000283118285365,1,1,1,2026-10-09 07:08:18.914558
2026-10-08 07:00:00,AVAX,24,0.052732984668059306,0.04003944745927211,0.12548606246580157,0,1,1,2026-10-09 07:08:18.914558
2026-10-08 08:00:00,AVAX,1,0.006202862085950384,0.007154409321063611,0.020000283118285365,1,1,1,2026-10-09 07:08:18.914558
2026-10-08 09:00:00,AVAX,1,0.012184016332725983,0.007154409321063611,0.020000283118285365,0,1,1,2026-10-09 07:08:18.914558
2026-10-08 10:00:00,AVAX,1,0.012834302016842951,0.007154409321063611,0.020000283118285365,0,1,1,2026-10-09 07:08:18.914558
2026-10-08 11:00:00,AVAX,1,0.00204651234217565,0.007180780057339611,0.020000283118285365,1,1,1,2026-10-09 07:08:18.914558
2026-10-08 12:00:00,AVAX,1,0.01548381706282111,0.007180780057339611,0.020000283118285365,0,1,1,2026-10-09 07:08:18.914558
2026-10-08 13:00:00,AVAX,1,0.0011342156225374715,0.007192936532610066,0.020000283118285365,1,1,1,2026-10-09 07:08:18.914558
2026-10-08 14:00:00,AVAX,1,0.0003777861775192385,0.007180780057339611,0.020000283118285365,1,1,1,2026-10-09 07:08:18.914558
2026-10-08 15:00:00,AVAX,1,0.05722507161893615,0.007154409321063611,0.020000283118285365,0,0,1,2026-10-09 07:08:18.914558
2026-10-08 16:00:00,AVAX,1,0.0051125368238776605,0.007154409321063611,0.020051564880364543,1,1,1,2026-10-09 07:08:18.914558
2026-10-08 17:00:00,AVAX,1,0.011116840106339305,0.007154409321063611,0.020051564880364543,0,1,1,2026-10-09 07:08:18.914558
2026-10-08 18:00:00,AVAX,1,0.01602937692955045,0.007180780057339611,0.020051564880364543,0,1,1,2026-10-09 07:08:18.914558
2026-10-08 19:00:00,AVAX,1,0.00985229644301164,0.007192936532610066,0.020051564880364543,0,1,1,2026-10-09 07:08:18.914558
2026-10-08 20:00:00,AVAX,1,0.008971322555424316,0.007231451084911616,0.020051564880364543,0,1,1,2026-10-09 07:08:18.914558
2026-10-08 21:00:00,AVAX,1,0.010259535585973156,0.0072450345447166425,0.020051564880364543,0,1,1,2026-10-09 07:08:18.914558
2026-10-08 22:00:00,AVAX,1,0.005044271612662716,0.00724822892144358,0.020051564880364543,1,1,1,2026-10-09 07:08:18.914558
2026-10-08 23:00:00,AVAX,1,0.005937084528474002,0.00724822892144358,0.020051564880364543,1,1,1,2026-10-09 07:08:18.914558
2026-10-09 00:00:00,AVAX,1,0.0002976928823771171,0.00724822892144358,0.020051564880364543,1,1,1,2026-10-09 07:08:18.914558
2026-10-09 01:00:00,AVAX,1,0.01173757126022318,0.00724822892144358,0.020051564880364543,0,1,1,2026-10-09 07:08:18.914558
2026-10-09 02:00:00,AVAX,1,0.00830042361408954,0.0072988291338515416,0.020051564880364543,0,1,1,2026-10-09 07:08:18.914558
2026-10-09 03:00:00,AVAX,1,0.000777680606901162,0.007312336621765958,0.020051564880364543,1,1,1,2026-10-09 07:08:18.914558
2026-10-09 04:00:00,AVAX,1,0.00780415628055374,0.007312336621765958,0.020051564880364543,0,1,1,2026-10-09 07:08:18.914558
2026-10-09 05:00:00,AVAX,1,0.008484131050548729,0.007312336621765958,0.020051564880364543,0,1,1,2026-10-09 07:08:18.914558
2026-10-09 06:00:00,AVAX,1,0.004263572350080141,0.007318547398969315,0.020051564880364543,1,1,1,2026-10-09 07:08:18.914558
2026-10-07 07:00:00,SUI,1,0.0001755155774580226,0.00832325970655626,0.022793864403782192,1,1,1,2026-10-09 07:08:18.914558
2026-10-07 07:00:00,SUI,24,0.008725212890870176,0.048311131719630585,0.12187839163248901,1,1,1,2026-10-09 07:08:18.914558
2026-10-07 08:00:00,SUI,1,0.005279843310776356,0.00832325970655626,0.022793864403782192,1,1,1,2026-10-09 07:08:18.914558
2026-10-07 08:00:00,SUI,24,0.009258100778793873,0.048311131719630585,0.12187839163248901,1,1,1,2026-10-09 07:08:18.914558
2026-10-07 09:00:00,SUI,1,0.006106483863219633,0.008265323173570796,0.022793864403782192,1,1,1,2026-10-09 07:08:18.914558
2026-10-07 09:00:00,SUI,24,0.00823924926776742,0.048332066641218134,0.12187839163248901,1,1,1,2026-10-09 07:08:18.914558
2026-10-07 10:00:00,SUI,1,0.002039640666305056,0.008260672287614729,0.022793864403782192,1,1,1,2026-10-09 07:08:18.914558
2026-10-07 10:00:00,SUI,24,0.007517170043203855,0.04845987947949691,0.12187839163248901,1,1,1,2026-10-09 07:08:18.914558
2026-10-07 11:00:00,SUI,1,0.006042314455962586,0.008260672287614729,0.022793864403782192,1,1,1,2026-10-09 07:08:18.914558
2026-10-07 11:00:00,SUI,24,0.005596780922194887,0.04858684199626845,0.12187839163248901,1,1,1,2026-10-09 07:08:18.914558
2026-10-07 12:00:00,SUI,1,0.0003564427056094565,0.008260672287614729,0.022793864403782192,1,1,1,2026-10-09 07:08:18.914558
2026-10-07 12:00:00,SUI,24,0.004824453206381615,0.04864757847326722,0.12187839163248901,1,1,1,2026-10-09 07:08:18.914558
2026-10-07 13:00:00,SUI,1,0.00321256746044657,0.008230987186447818,0.022709042151194597,1,1,1,2026-10-09 07:08:18.914558
2026-10-07 13:00:00,SUI,24,0.02152363696358632,0.04864757847326722,0.12187839163248901,1,1,1,2026-10-09 07:08:18.914558
2026-10-07 14:00:00,SUI,1,0.0015206407510019906,0.0081661969733261,0.022709042151194597,1,1,1,2026-10-09 07:08:18.914558
2026-10-07 14:00:00,SUI,24,0.019768662910516273,0.04865844933825199,0.12187839163248901,1,1,1,2026-10-09 07:08:18.914558
2026-10-07 15:00:00,SUI,1,0.007224756038899008,0.0081661969733261,0.022709042151194597,1,1,1,2026-10-09 07:08:18.914558
2026-10-07 15:00:00,SUI,24,0.01606242799198466,0.049335491257150164,0.12187839163248901,1,1,1,2026-10-09 07:08:18.914558
2026-10-07 16:00:00,SUI,1,0.0006219181933828918,0.008150230698022327,0.02266899225818173,1,1,1,2026-10-09 07:08:18.914558
2026-10-07 16:00:00,SUI,24,0.09161102231078276,0.04958199074580463,0.12187839163248901,0,1,1,2026-10-09 07:08:18.914558
2026-10-07 17:00:00,SUI,1,0.004718459677900516,0.00814054259156454,0.02266899225818173,1,1,1,2026-10-09 07:08:18.914558
2026-10-07 17:00:00,SUI,24,0.0939876689715676,0.04958199074580463,0.12187839163248901,0,1,1,2026-10-09 07:08:18.914558
2026-10-07 18:00:00,SUI,1,0.001961309356543241,0.00814054259156454,0.02266899225818173,1,1,1,2026-10-09 07:08:18.914558
2026-10-07 18:00:00,SUI,24,0.11066936525252791,0.049748453620437304,0.12187839163248901,0,1,1,2026-10-09 07:08:18.914558
2026-10-07 19:00:00,SUI,1,0.005089523910924797,0.00814054259156454,0.02266899225818173,1,1,1,2026-10-09 07:08:18.914558
2026-10-07 19:00:00,SUI,24,0.08889156426550934,0.0498550589108221,0.12187839163248901,0,1,1,2026-10-09 07:08:18.914558
2026-10-07 20:00:00,SUI,1,0.006780291833173444,0.00814054259156454,0.02266899225818173,1,1,1,2026-10-09 07:08:18.914558
2026-10-07 20:00:00,SUI,24,0.0716114869106156,0.04998533216569397,0.12187839163248901,0,1,1,2026-10-09 07:08:18.914558
2026-10-07 21:00:00,SUI,1,0.006601272856683832,0.00814054259156454,0.02266899225818173,1,1,1,2026-10-09 07:08:18.914558
2026-10-07 21:00:00,SUI,24,0.06482901114883252,0.05047279145990063,0.12187839163248901,0,1,1,2026-10-09 07:08:18.914558
2026-10-07 22:00:00,SUI,1,0.004910504934435167,0.00814054259156454,0.02266899225818173,1,1,1,2026-10-09 07:08:18.914558
2026-10-07 22:00:00,SUI,24,0.06260120029260446,0.05061903480282966,0.12187839163248901,0,1,1,2026-10-09 07:08:18.914558
2026-10-07 23:00:00,SUI,1,0.004886509656673075,0.008124091643521575,0.02266899225818173,1,1,1,2026-10-09 07:08:18.914558
2026-10-07 23:00:00,SUI,24,0.06665452149914106,0.05061903480282966,0.12187839163248901,0,1,1,2026-10-09 07:08:18.914558
2026-10-08 00:00:00,SUI,1,0.00882384618677064,0.008124091643521575,0.02266899225818173,0,1,1,2026-10-09 07:08:18.914558
2026-10-08 00:00:00,SUI,24,0.08072242694610499,0.05061903480282966,0.12187839163248901,0,1,1,2026-10-09 07:08:18.914558
2026-10-08 01:00:00,SUI,1,0.008292214063669812,0.008124091643521575,0.02266899225818173,0,1,1,2026-10-09 07:08:18.914558
2026-10-08 01:00:00,SUI,24,0.08657222191691821,0.05061903480282966,0.12187839163248901,0,1,1,2026-10-09 07:08:18.914558
2026-10-08 02:00:00,SUI,1,0.013374594439396849,0.00814054259156454,0.02266899225818173,0,1,1,2026-10-09 07:08:18.914558
2026-10-08 02:00:00,SUI,24,0.06846152184639477,0.05061903480282966,0.12187839163248901,0,1,1,2026-10-09 07:08:18.914558
2026-10-08 03:00:00,SUI,1,0.009219892330427488,0.00814054259156454,0.02266899225818173,0,1,1,2026-10-09 07:08:18.914558
2026-10-08 03:00:00,SUI,24,0.0854472577183117,0.05061903480282966,0.12187839163248901,0,1,1,2026-10-09 07:08:18.914558
2026-10-08 04:00:00,SUI,1,0.007704266577690369,0.008150230698022327,0.02266899225818173,1,1,1,2026-10-09 07:08:18.914558
2026-10-08 04:00:00,SUI,24,0.0704368513203592,0.05061903480282966,0.12187839163248901,0,1,1,2026-10-09 07:08:18.914558
2026-10-08 05:00:00,SUI,1,0.0007114273310287463,0.00814054259156454,0.02266899225818173,1,1,1,2026-10-09 07:08:18.914558
2026-10-08 05:00:00,SUI,24,0.06700102850112497,0.05061903480282966,0.12187839163248901,0,1,1,2026-10-09 07:08:18.914558
2026-10-08 06:00:00,SUI,1,0.004969395265131491,0.00814054259156454,0.02266899225818173,1,1,1,2026-10-09 07:08:18.914558
2026-10-08 06:00:00,SUI,24,0.0530693897419616,0.05061903480282966,0.12187839163248901,0,1,1,2026-10-09 07:08:18.914558
2026-10-08 07:00:00,SUI,1,0.0007084034653817683,0.008124091643521575,0.02266899225818173,1,1,1,2026-10-09 07:08:18.914558
2026-10-08 07:00:00,SUI,24,0.05738234010144586,0.05061903480282966,0.12187839163248901,0,1,1,2026-10-09 07:08:18.914558
2026-10-08 08:00:00,SUI,1,0.004260991799749777,0.008124091643521575,0.02266899225818173,1,1,1,2026-10-09 07:08:18.914558
2026-10-08 09:00:00,SUI,1,0.009649935447751525,0.008124091643521575,0.02266899225818173,0,1,1,2026-10-09 07:08:18.914558
2026-10-08 10:00:00,SUI,1,0.011074310299093665,0.008124091643521575,0.02266899225818173,0,1,1,2026-10-09 07:08:18.914558
2026-10-08 11:00:00,SUI,1,0.005269986740149248,0.00814054259156454,0.02266899225818173,1,1,1,2026-10-09 07:08:18.914558
2026-10-08 12:00:00,SUI,1,0.01634274105159514,0.008124091643521575,0.02266899225818173,0,1,1,2026-10-09 07:08:18.914558
2026-10-08 13:00:00,SUI,1,0.0014575934073764879,0.00814054259156454,0.02266899225818173,1,1,1,2026-10-09 07:08:18.914558
2026-10-08 14:00:00,SUI,1,0.0021855941675295973,0.008124091643521575,0.02266899225818173,1,1,1,2026-10-09 07:08:18.914558
2026-10-08 15:00:00,SUI,1,0.06832383827989902,0.00810000425494386,0.02266899225818173,0,0,1,2026-10-09 07:08:18.914558
2026-10-08 16:00:00,SUI,1,0.0017547284674018005,0.00810000425494386,0.022709042151194597,1,1,1,2026-10-09 07:08:18.914558
2026-10-08 17:00:00,SUI,1,0.021400155958860814,0.00810000425494386,0.022709042151194597,0,1,1,2026-10-09 07:08:18.914558
2026-10-08 18:00:00,SUI,1,0.02373911034356176,0.00810000425494386,0.022709042151194597,0,0,1,2026-10-09 07:08:18.914558
2026-10-08 19:00:00,SUI,1,0.012190553443968997,0.00810000425494386,0.022793864403782192,0,1,1,2026-10-09 07:08:18.914558
2026-10-08 20:00:00,SUI,1,0.013562767594956494,0.008124091643521575,0.022793864403782192,0,1,1,2026-10-09 07:08:18.914558
2026-10-08 21:00:00,SUI,1,0.004373462000455824,0.00814054259156454,0.022793864403782192,1,1,1,2026-10-09 07:08:18.914558
2026-10-08 22:00:00,SUI,1,0.0008571837278986144,0.00814054259156454,0.022793864403782192,1,1,1,2026-10-09 07:08:18.914558
2026-10-08 23:00:00,SUI,1,0.009181395790290954,0.00814054259156454,0.022793864403782192,0,1,1,2026-10-09 07:08:18.914558
2026-10-09 00:00:00,SUI,1,0.002974051215957237,0.008150230698022327,0.022793864403782192,1,1,1,2026-10-09 07:08:18.914558
2026-10-09 01:00:00,SUI,1,0.009818486006853703,0.008150230698022327,0.022793864403782192,0,1,1,2026-10-09 07:08:18.914558
2026-10-09 02:00:00,SUI,1,0.0036111414325201534,0.0081661969733261,0.022793864403782192,1,1,1,2026-10-09 07:08:18.914558
2026-10-09 03:00:00,SUI,1,0.00579051406752487,0.0081661969733261,0.022793864403782192,1,1,1,2026-10-09 07:08:18.914558
2026-10-09 04:00:00,SUI,1,0.0042684437584562,0.0081661969733261,0.022793864403782192,1,1,1,2026-10-09 07:08:18.914558
2026-10-09 05:00:00,SUI,1,0.013220211428134737,0.008150230698022327,0.022793864403782192,0,1,1,2026-10-09 07:08:18.914558
2026-10-09 06:00:00,SUI,1,0.0006564449056471266,0.008150230698022327,0.022793864403782192,1,1,1,2026-10-09 07:08:18.914558
2026-10-07 07:00:00,XLM,1,0.0019361090268664404,0.006944001592584544,0.017523971729355,1,1,1,2026-10-09 07:08:18.914558
2026-10-07 07:00:00,XLM,24,0.03995599307650297,0.0375592220339435,0.08984481494203814,0,1,1,2026-10-09 07:08:18.914558
2026-10-07 08:00:00,XLM,1,0.007782140442054851,0.006944001592584544,0.017523971729355,0,1,1,2026-10-09 07:08:18.914558
2026-10-07 08:00:00,XLM,24,0.03751673938493396,0.037583294829858484,0.08984481494203814,1,1,1,2026-10-09 07:08:18.914558
2026-10-07 09:00:00,XLM,1,0.005385569932592696,0.006944001592584544,0.017523971729355,1,1,1,2026-10-09 07:08:18.914558
2026-10-07 09:00:00,XLM,24,0.026721035637614878,0.037664079314882234,0.08984481494203814,1,1,1,2026-10-09 07:08:18.914558
2026-10-07 10:00:00,XLM,1,0.0004910385563924552,0.006944001592584544,0.017523971729355,1,1,1,2026-10-09 07:08:18.914558
2026-10-07 10:00:00,XLM,24,0.01234888500717595,0.037679492370344334,0.08984481494203814,1,1,1,2026-10-09 07:08:18.914558
2026-10-07 11:00:00,XLM,1,0.0009828010619080888,0.006915158982257728,0.017523971729355,1,1,1,2026-10-09 07:08:18.914558
2026-10-07 11:00:00,XLM,24,0.02184793952586989,0.03806627722446495,0.08984481494203814,1,1,1,2026-10-09 07:08:18.914558
2026-10-07 12:00:00,XLM,1,0.0014760150281205415,0.006915158982257728,0.017523971729355,1,1,1,2026-10-09 07:08:18.914558
2026-10-07 12:00:00,XLM,24,0.024889288763687133,0.0383803297636574,0.08984481494203814,1,1,1,2026-10-09 07:08:18.914558
2026-10-07 13:00:00,XLM,1,0.005925943267547269,0.006889638097522584,0.01723841571039467,1,1,1,2026-10-09 07:08:18.914558
2026-10-07 13:00:00,XLM,24,0.026442049397727235,0.0383803297636574,0.08984481494203814,1,1,1,2026-10-09 07:08:18.914558
2026-10-07 14:00:00,XLM,1,0.00695827857216791,0.006872124538739773,0.01723841571039467,0,1,1,2026-10-09 07:08:18.914558
2026-10-07 14:00:00,XLM,24,0.019505494624256506,0.03841938570393158,0.08984481494203814,1,1,1,2026-10-09 07:08:18.914558
2026-10-07 15:00:00,XLM,1,0.0014973798655037282,0.006889638097522584,0.01723841571039467,1,1,1,2026-10-09 07:08:18.914558
2026-10-07 15:00:00,XLM,24,0.006504901596126103,0.03841938570393158,0.08984481494203814,1,1,1,2026-10-09 07:08:18.914558
2026-10-07 16:00:00,XLM,1,0.0004996252914324128,0.006872124538739773,0.01722187252464983,1,1,1,2026-10-09 07:08:18.914558
2026-10-07 16:00:00,XLM,24,0.056512210263342216,0.038470641586499404,0.08984481494203814,0,1,1,2026-10-09 07:08:18.914558
2026-10-07 17:00:00,XLM,1,0.006015055729761257,0.006862441810311397,0.01720238138226361,1,1,1,2026-10-09 07:08:18.914558
2026-10-07 17:00:00,XLM,24,0.05918887139033065,0.038470641586499404,0.08984481494203814,0,1,1,2026-10-09 07:08:18.914558
2026-10-07 18:00:00,XLM,1,0.0025106716678114315,0.006862441810311397,0.01720238138226361,1,1,1,2026-10-09 07:08:18.914558
2026-10-07 18:00:00,XLM,24,0.06598082101695982,0.038542775525713974,0.08984481494203814,0,1,1,2026-10-09 07:08:18.914558
2026-10-07 19:00:00,XLM,1,0.003516707969966866,0.006862441810311397,0.01720238138226361,1,1,1,2026-10-09 07:08:18.914558
2026-10-07 19:00:00,XLM,24,0.048815239709497686,0.03868865492447533,0.08984481494203814,0,1,1,2026-10-09 07:08:18.914558
2026-10-07 20:00:00,XLM,1,0.005020090863998465,0.006850156057603814,0.017172295675863168,1,1,1,2026-10-09 07:08:18.914558
2026-10-07 20:00:00,XLM,24,0.03899929831154382,0.03868865492447533,0.08984481494203814,0,1,1,2026-10-09 07:08:18.914558
2026-10-07 21:00:00,XLM,1,0.0030090293516189053,0.006850156057603814,0.017172295675863168,1,1,1,2026-10-09 07:08:18.914558
2026-10-07 21:00:00,XLM,24,0.0346443205100861,0.03893810584022752,0.08984481494203814,1,1,1,2026-10-09 07:08:18.914558
2026-10-07 22:00:00,XLM,1,0.004010030436203783,0.006850156057603814,0.017172295675863168,1,1,1,2026-10-09 07:08:18.914558
2026-10-07 22:00:00,XLM,24,0.03371105734231172,0.03900949566054936,0.08984481494203814,1,1,1,2026-10-09 07:08:18.914558
2026-10-07 23:00:00,XLM,1,0.002997005240269506,0.006840038088817933,0.017172295675863168,1,1,1,2026-10-09 07:08:18.914558
2026-10-07 23:00:00,XLM,24,0.03512705260146882,0.03912206630651191,0.08984481494203814,1,1,1,2026-10-09 07:08:18.914558
2026-10-08 00:00:00,XLM,1,0.0,0.006821559878357935,0.017172295675863168,1,1,1,2026-10-09 07:08:18.914558
2026-10-08 00:00:00,XLM,24,0.042798176972112995,0.03921357380206507,0.08984481494203814,0,1,1,2026-10-09 07:08:18.914558
2026-10-08 01:00:00,XLM,1,0.0024968801985871545,0.006821559878357935,0.017172295675863168,1,1,1,2026-10-09 07:08:18.914558
2026-10-08 01:00:00,XLM,24,0.04071809301878503,0.039364412010751144,0.08984481494203814,0,1,1,2026-10-09 07:08:18.914558
2026-10-08 02:00:00,XLM,1,0.002995508979798371,0.006821559878357935,0.017172295675863168,1,1,1,2026-10-09 07:08:18.914558
2026-10-08 02:00:00,XLM,24,0.033039854078200155,0.039364412010751144,0.08984481494203814,1,1,1,2026-10-09 07:08:18.914558
2026-10-08 03:00:00,XLM,1,0.00851068966790873,0.0068062972806932544,0.01714214900554771,0,1,1,2026-10-09 07:08:18.914558
2026-10-08 03:00:00,XLM,24,0.035002305114884925,0.039364412010751144,0.08984481494203814,1,1,1,2026-10-09 07:08:18.914558
2026-10-08 04:00:00,XLM,1,0.003525563964038887,0.006821559878357935,0.01714214900554771,1,1,1,2026-10-09 07:08:18.914558
2026-10-08 04:00:00,XLM,24,0.02237002280142545,0.03942887958533114,0.08984481494203814,1,1,1,2026-10-09 07:08:18.914558
2026-10-08 05:00:00,XLM,1,0.0005044136298627622,0.006821559878357935,0.01714214900554771,1,1,1,2026-10-09 07:08:18.914558
2026-10-08 05:00:00,XLM,24,0.019873265512493167,0.03942887958533114,0.08984481494203814,1,1,1,2026-10-09 07:08:18.914558
2026-10-08 06:00:00,XLM,1,0.002015114032020891,0.006821559878357935,0.01714214900554771,1,1,1,2026-10-09 07:08:18.914558
2026-10-08 06:00:00,XLM,24,0.016781476962003432,0.03944106539851866,0.08984481494203814,1,1,1,2026-10-09 07:08:18.914558
2026-10-08 07:00:00,XLM,1,0.0005031446647025511,0.0068062972806932544,0.01714214900554771,1,1,1,2026-10-09 07:08:18.914558
2026-10-08 07:00:00,XLM,24,0.01623577013235066,0.039550172856118525,0.08984481494203814,1,1,1,2026-10-09 07:08:18.914558
2026-10-08 08:00:00,XLM,1,0.0030135633052642587,0.0068062972806932544,0.01714214900554771,1,1,1,2026-10-09 07:08:18.914558
2026-10-08 09:00:00,XLM,1,0.008986580697846186,0.0068062972806932544,0.01714214900554771,0,1,1,2026-10-09 07:08:18.914558
2026-10-08 10:00:00,XLM,1,0.009990093075086299,0.0068062972806932544,0.01714214900554771,0,1,1,2026-10-09 07:08:18.914558
2026-10-08 11:00:00,XLM,1,0.00402415029972538,0.006821559878357935,0.01714214900554771,1,1,1,2026-10-09 07:08:18.914558
2026-10-08 12:00:00,XLM,1,0.0030287756621605925,0.0068062972806932544,0.01714214900554771,1,1,1,2026-10-09 07:08:18.914558
2026-10-08 13:00:00,XLM,1,0.0010106115059234598,0.0068062972806932544,0.01714214900554771,1,1,1,2026-10-09 07:08:18.914558
2026-10-08 14:00:00,XLM,1,0.0060423144559624406,0.0068062972806932544,0.01714214900554771,1,1,1,2026-10-09 07:08:18.914558
2026-10-08 15:00:00,XLM,1,0.05150468853271991,0.006797250111439644,0.01714214900554771,0,0,1,2026-10-09 07:08:18.914558
2026-10-08 16:00:00,XLM,1,0.0031762864184208183,0.006797250111439644,0.017172295675863168,1,1,1,2026-10-09 07:08:18.914558
2026-10-08 17:00:00,XLM,1,0.012807005356390353,0.006797250111439644,0.017172295675863168,0,1,1,2026-10-09 07:08:18.914558
2026-10-08 18:00:00,XLM,1,0.019676252975273596,0.006797250111439644,0.017172295675863168,0,0,1,2026-10-09 07:08:18.914558
2026-10-08 19:00:00,XLM,1,0.0062992334279871505,0.0068062972806932544,0.01722187252464983,1,1,1,2026-10-09 07:08:18.914558
2026-10-08 20:00:00,XLM,1,0.009375068665456102,0.0068062972806932544,0.01722187252464983,0,1,1,2026-10-09 07:08:18.914558
2026-10-08 21:00:00,XLM,1,0.0020757661838444194,0.006821559878357935,0.01722187252464983,1,1,1,2026-10-09 07:08:18.914558
2026-10-08 22:00:00,XLM,1,0.002594035177046749,0.006821559878357935,0.01722187252464983,1,1,1,2026-10-09 07:08:18.914558
2026-10-08 23:00:00,XLM,1,0.004674119130374693,0.006821559878357935,0.01722187252464983,1,1,1,2026-10-09 07:08:18.914558
2026-10-09 00:00:00,XLM,1,0.002080083953328005,0.006821559878357935,0.01722187252464983,1,1,1,2026-10-09 07:08:18.914558
2026-10-09 01:00:00,XLM,1,0.0051813587419975845,0.006821559878357935,0.01722187252464983,1,1,1,2026-10-09 07:08:18.914558
2026-10-09 02:00:00,XLM,1,0.0010330579431138164,0.006821559878357935,0.01722187252464983,1,1,1,2026-10-09 07:08:18.914558
2026-10-09 03:00:00,XLM,1,0.0041215926455507165,0.006821559878357935,0.01722187252464983,1,1,1,2026-10-09 07:08:18.914558
2026-10-09 04:00:00,XLM,1,0.0010288066751066353,0.006821559878357935,0.01722187252464983,1,1,1,2026-10-09 07:08:18.914558
2026-10-09 05:00:00,XLM,1,0.0035962021803525087,0.0068062972806932544,0.01722187252464983,1,1,1,2026-10-09 07:08:18.914558
2026-10-09 06:00:00,XLM,1,0.0025608208616736505,0.0068062972806932544,0.01722187252464983,1,1,1,2026-10-09 07:08:18.914558
2026-10-07 07:00:00,BCH,1,0.0029225544426017425,0.006087463398407281,0.01876843530144749,1,1,1,2026-10-09 07:08:18.914558
2026-10-07 07:00:00,BCH,24,0.03968774826724258,0.025121749728417304,0.11788868501682201,0,1,1,2026-10-09 07:08:18.914558
2026-10-07 08:00:00,BCH,1,0.0019531256208821846,0.006040858467755967,0.01876843530144749,1,1,1,2026-10-09 07:08:18.914558
2026-10-07 08:00:00,BCH,24,0.038115632922512147,0.0254352859250185,0.11788868501682201,0,1,1,2026-10-09 07:08:18.914558
2026-10-07 09:00:00,BCH,1,0.00228347840210707,0.006040858467755967,0.01876843530144749,1,1,1,2026-10-09 07:08:18.914558
2026-10-07 09:00:00,BCH,24,0.03380043432891434,0.025637477023398768,0.11788868501682201,0,1,1,2026-10-09 07:08:18.914558
2026-10-07 10:00:00,BCH,1,0.006881888540264354,0.006040858467755967,0.01876843530144749,0,1,1,2026-10-09 07:08:18.914558
2026-10-07 10:00:00,BCH,24,0.026809482539557533,0.02566193944507869,0.11788868501682201,0,1,1,2026-10-09 07:08:18.914558
2026-10-07 11:00:00,BCH,1,0.0039538766501275024,0.006087463398407281,0.01876843530144749,1,1,1,2026-10-09 07:08:18.914558
2026-10-07 11:00:00,BCH,24,0.029364805933442057,0.025681926521455803,0.11788868501682201,0,1,1,2026-10-09 07:08:18.914558
2026-10-07 12:00:00,BCH,1,0.002313668194552384,0.006087463398407281,0.01876843530144749,1,1,1,2026-10-09 07:08:18.914558
2026-10-07 12:00:00,BCH,24,0.027784214004661526,0.025704242332259073,0.11788868501682201,0,1,1,2026-10-09 07:08:18.914558
2026-10-07 13:00:00,BCH,1,0.0016559036736237362,0.006040858467755967,0.018504099650527094,1,1,1,2026-10-09 07:08:18.914558
2026-10-07 13:00:00,BCH,24,0.026149662983918024,0.025711174438608778,0.11788868501682201,0,1,1,2026-10-09 07:08:18.914558
2026-10-07 14:00:00,BCH,1,0.0033200561705320126,0.006040858467755967,0.018504099650527094,1,1,1,2026-10-09 07:08:18.914558
2026-10-07 14:00:00,BCH,24,0.020425957090968637,0.02585135943112281,0.11788868501682201,1,1,1,2026-10-09 07:08:18.914558
2026-10-07 15:00:00,BCH,1,0.006298711359772322,0.006022090893450809,0.018504099650527094,0,1,1,2026-10-09 07:08:18.914558
2026-10-07 15:00:00,BCH,24,0.01271770822476926,0.02585135943112281,0.11788868501682201,1,1,1,2026-10-09 07:08:18.914558
2026-10-07 16:00:00,BCH,1,0.0003305238833594307,0.006022090893450809,0.018504099650527094,1,1,1,2026-10-09 07:08:18.914558
2026-10-07 16:00:00,BCH,24,0.07299008585844446,0.025890133509747067,0.11788868501682201,0,1,1,2026-10-09 07:08:18.914558
2026-10-07 17:00:00,BCH,1,0.003974831334640527,0.005998161101885557,0.01833537145823833,1,1,1,2026-10-09 07:08:18.914558
2026-10-07 17:00:00,BCH,24,0.07550755250814517,0.025890133509747067,0.11788868501682201,0,1,1,2026-10-09 07:08:18.914558
2026-10-07 18:00:00,BCH,1,0.0019933561417722575,0.005988826635653162,0.01833537145823833,1,1,1,2026-10-09 07:08:18.914558
2026-10-07 18:00:00,BCH,24,0.09133534846968433,0.02589541749888085,0.11788868501682201,0,1,1,2026-10-09 07:08:18.914558
2026-10-07 19:00:00,BCH,1,0.000998170104503766,0.005988826635653162,0.01833537145823833,1,1,1,2026-10-09 07:08:18.914558
2026-10-07 19:00:00,BCH,24,0.07168069347307555,0.02621689213600936,0.11788868501682201,0,1,1,2026-10-09 07:08:18.914558
2026-10-07 20:00:00,BCH,1,0.003986716243821383,0.005988826635653162,0.01833537145823833,1,1,1,2026-10-09 07:08:18.914558
2026-10-07 20:00:00,BCH,24,0.06356252176991287,0.02631150957220222,0.11788868501682201,0,1,1,2026-10-09 07:08:18.914558
2026-10-07 21:00:00,BCH,1,0.008992566843908981,0.005988826635653162,0.01833537145823833,0,1,1,2026-10-09 07:08:18.914558
2026-10-07 21:00:00,BCH,24,0.0615368414758286,0.02669804392882881,0.11788868501682201,0,1,1,2026-10-09 07:08:18.914558
2026-10-07 22:00:00,BCH,1,0.0036734053663088884,0.005998161101885557,0.01833537145823833,1,1,1,2026-10-09 07:08:18.914558
2026-10-07 22:00:00,BCH,24,0.05536913526747431,0.026863277786116573,0.11788868501682201,0,1,1,2026-10-09 07:08:18.914558
2026-10-07 23:00:00,BCH,1,0.000999500333083645,0.005988826635653162,0.01833537145823833,1,1,1,2026-10-09 07:08:18.914558
2026-10-07 23:00:00,BCH,24,0.054104258993200885,0.027041681542166605,0.11788868501682201,0,1,1,2026-10-09 07:08:18.914558
2026-10-08 00:00:00,BCH,1,0.002328289759591168,0.005968308656951038,0.01833537145823833,1,1,1,2026-10-09 07:08:18.914558
2026-10-08 00:00:00,BCH,24,0.10229421848466468,0.02711020256094912,0.11788868501682201,0,1,1,2026-10-09 07:08:18.914558
2026-10-08 01:00:00,BCH,1,0.004328290426258197,0.005966448120889183,0.01833537145823833,1,1,1,2026-10-09 07:08:18.914558
2026-10-08 01:00:00,BCH,24,0.08852263615590661,0.027126841719874586,0.11788868501682201,0,1,1,2026-10-09 07:08:18.914558
2026-10-08 02:00:00,BCH,1,0.0036636177530672614,0.005966448120889183,0.01833537145823833,1,1,1,2026-10-09 07:08:18.914558
2026-10-08 02:00:00,BCH,24,0.07192867968917424,0.027126841719874586,0.11788868501682201,0,1,1,2026-10-09 07:08:18.914558
2026-10-08 03:00:00,BCH,1,0.006671138817022535,0.005949463158922656,0.018242068482205772,0,1,1,2026-10-09 07:08:18.914558
2026-10-08 03:00:00,BCH,24,0.08315036833217024,0.027126841719874586,0.11788868501682201,0,1,1,2026-10-09 07:08:18.914558
2026-10-08 04:00:00,BCH,1,0.013138137437431845,0.005949463158922656,0.018242068482205772,0,1,1,2026-10-09 07:08:18.914558
2026-10-08 04:00:00,BCH,24,0.06856267143729666,0.027126841719874586,0.11788868501682201,0,1,1,2026-10-09 07:08:18.914558
2026-10-08 05:00:00,BCH,1,0.0006779661276632754,0.005966448120889183,0.018242068482205772,1,1,1,2026-10-09 07:08:18.914558
2026-10-08 05:00:00,BCH,24,0.05327630546157517,0.027223836904793467,0.11788868501682201,0,1,1,2026-10-09 07:08:18.914558
2026-10-08 06:00:00,BCH,1,0.004395611473037908,0.005966448120889183,0.018242068482205772,1,1,1,2026-10-09 07:08:18.914558
2026-10-08 06:00:00,BCH,24,0.050740556986142785,0.027264330710155955,0.11788868501682201,0,1,1,2026-10-09 07:08:18.914558
2026-10-08 07:00:00,BCH,1,0.0013504390978713512,0.005966448120889183,0.018242068482205772,1,1,1,2026-10-09 07:08:18.914558
2026-10-08 07:00:00,BCH,24,0.0540672212702757,0.02727751483620965,0.11788868501682201,0,1,1,2026-10-09 07:08:18.914558
2026-10-08 08:00:00,BCH,1,0.0023620729727157528,0.005966448120889183,0.018242068482205772,1,1,1,2026-10-09 07:08:18.914558
2026-10-08 09:00:00,BCH,1,0.004707473387249762,0.005949463158922656,0.018242068482205772,1,1,1,2026-10-09 07:08:18.914558
2026-10-08 10:00:00,BCH,1,0.00943721193414881,0.005882899507976198,0.018242068482205772,0,1,1,2026-10-09 07:08:18.914558
2026-10-08 11:00:00,BCH,1,0.0023732847213470206,0.005882899507976198,0.018242068482205772,1,1,1,2026-10-09 07:08:18.914558
2026-10-08 12:00:00,BCH,1,0.0006791171738088817,0.005882899507976198,0.018242068482205772,1,1,1,2026-10-09 07:08:18.914558
2026-10-08 13:00:00,BCH,1,0.004067802219325748,0.005882899507976198,0.018242068482205772,1,1,1,2026-10-09 07:08:18.914558
2026-10-08 14:00:00,BCH,1,0.004388192695667151,0.0058752985894092195,0.018242068482205772,1,1,1,2026-10-09 07:08:18.914558
2026-10-08 15:00:00,BCH,1,0.05397366627390286,0.005869534518757753,0.018242068482205772,0,0,1,2026-10-09 07:08:18.914558
2026-10-08 16:00:00,BCH,1,0.002847990533060191,0.0058752985894092195,0.01834895971113284,1,1,1,2026-10-09 07:08:18.914558
2026-10-08 17:00:00,BCH,1,0.019802627296179754,0.0058752985894092195,0.01834895971113284,0,0,1,2026-10-09 07:08:18.914558
2026-10-08 18:00:00,BCH,1,0.017661298854836457,0.0058752985894092195,0.01876843530144749,0,1,1,2026-10-09 07:08:18.914558
2026-10-08 19:00:00,BCH,1,0.007120001598658937,0.005882899507976198,0.01876843530144749,0,1,1,2026-10-09 07:08:18.914558
2026-10-08 20:00:00,BCH,1,0.00601239653790581,0.005949463158922656,0.01876843530144749,0,1,1,2026-10-09 07:08:18.914558
2026-10-08 21:00:00,BCH,1,0.002824860635554739,0.005966448120889183,0.01876843530144749,1,1,1,2026-10-09 07:08:18.914558
2026-10-08 22:00:00,BCH,1,0.004938281640582577,0.005966448120889183,0.01876843530144749,1,1,1,2026-10-09 07:08:18.914558
2026-10-08 23:00:00,BCH,1,0.04719045915838026,0.005949463158922656,0.01876843530144749,0,0,1,2026-10-09 07:08:18.914558
2026-10-09 00:00:00,BCH,1,0.016099872088349145,0.005966448120889183,0.01890730282609956,0,1,1,2026-10-09 07:08:18.914558
2026-10-09 01:00:00,BCH,1,0.012265666040474023,0.005968308656951038,0.01890730282609956,0,1,1,2026-10-09 07:08:18.914558
2026-10-09 02:00:00,BCH,1,0.007558070889928666,0.005988826635653162,0.01890730282609956,0,1,1,2026-10-09 07:08:18.914558
2026-10-09 03:00:00,BCH,1,0.007916558077851008,0.005998161101885557,0.01890730282609956,0,1,1,2026-10-09 07:08:18.914558
2026-10-09 04:00:00,BCH,1,0.002148228538289605,0.006011310273213546,0.01890730282609956,1,1,1,2026-10-09 07:08:18.914558
2026-10-09 05:00:00,BCH,1,0.0032137146030958245,0.005998161101885557,0.01890730282609956,1,1,1,2026-10-09 07:08:18.914558
2026-10-09 06:00:00,BCH,1,0.0010689471889051855,0.005988826635653162,0.01890730282609956,1,1,1,2026-10-09 07:08:18.914558
2026-10-07 07:00:00,HBAR,1,0.0039558660789884735,0.006949052847128918,0.0179899531504186,1,1,1,2026-10-09 07:08:18.914558
2026-10-07 07:00:00,HBAR,24,0.03553297576846414,0.03763353204848429,0.12674995853687163,1,1,1,2026-10-09 07:08:18.914558
2026-10-07 08:00:00,HBAR,1,0.007118212825691284,0.006949052847128918,0.0179899531504186,0,1,1,2026-10-09 07:08:18.914558
2026-10-07 08:00:00,HBAR,24,0.026423012593070738,0.03773200462020089,0.12674995853687163,1,1,1,2026-10-09 07:08:18.914558
2026-10-07 09:00:00,HBAR,1,0.00463305030067812,0.006982835567061461,0.0179899531504186,1,1,1,2026-10-09 07:08:18.914558
2026-10-07 09:00:00,HBAR,24,0.008545707964972336,0.0377660439057569,0.12674995853687163,1,1,1,2026-10-09 07:08:18.914558
2026-10-07 10:00:00,HBAR,1,0.0004222527245257852,0.006982835567061461,0.0179899531504186,1,1,1,2026-10-09 07:08:18.914558
2026-10-07 10:00:00,HBAR,24,0.008930976094819845,0.03784658680490366,0.12674995853687163,1,1,1,2026-10-09 07:08:18.914558
2026-10-07 11:00:00,HBAR,1,0.008056865378535588,0.006982835567061461,0.0179899531504186,0,1,1,2026-10-09 07:08:18.914558
2026-10-07 11:00:00,HBAR,24,0.000844327226940254,0.03796171247465022,0.12674995853687163,1,1,1,2026-10-09 07:08:18.914558
2026-10-07 12:00:00,HBAR,1,0.0004258490429521828,0.007054089780714838,0.0179899531504186,1,1,1,2026-10-09 07:08:18.914558
2026-10-07 12:00:00,HBAR,24,0.0032941956361104766,0.03804898560700547,0.12674995853687163,1,1,1,2026-10-09 07:08:18.914558
2026-10-07 13:00:00,HBAR,1,0.0026656730611265543,0.006982835567061461,0.017794978403275343,1,1,1,2026-10-09 07:08:18.914558
2026-10-07 13:00:00,HBAR,24,0.003189456244054256,0.03833515638742399,0.12674995853687163,1,1,1,2026-10-09 07:08:18.914558
2026-10-07 14:00:00,HBAR,1,0.011706088676275744,0.006982835567061461,0.017794978403275343,0,1,1,2026-10-09 07:08:18.914558
2026-10-07 14:00:00,HBAR,24,0.006809985884016029,0.03844241937488053,0.12674995853687163,1,1,1,2026-10-09 07:08:18.914558
2026-10-07 15:00:00,HBAR,1,0.008176484498535492,0.007054089780714838,0.017794978403275343,0,1,1,2026-10-09 07:08:18.914558
2026-10-07 15:00:00,HBAR,24,0.013199740933058958,0.03878503302986852,0.12674995853687163,1,1,1,2026-10-09 07:08:18.914558
2026-10-07 16:00:00,HBAR,1,0.006126087190324473,0.007054089780714838,0.017585277819104052,1,1,1,2026-10-09 07:08:18.914558
2026-10-07 16:00:00,HBAR,24,0.04649450484510286,0.038823283311648527,0.12674995853687163,0,1,1,2026-10-09 07:08:18.914558
2026-10-07 17:00:00,HBAR,1,0.006272325094968622,0.006982835567061461,0.017571587992085958,1,1,1,2026-10-09 07:08:18.914558
2026-10-07 17:00:00,HBAR,24,0.033656232257419025,0.038879329173069584,0.12674995853687163,1,1,1,2026-10-09 07:08:18.914558
2026-10-07 18:00:00,HBAR,1,0.002816598113817769,0.006982835567061461,0.017571587992085958,1,1,1,2026-10-09 07:08:18.914558
2026-10-07 18:00:00,HBAR,24,0.03938562152101876,0.03893257543915305,0.12674995853687163,0,1,1,2026-10-09 07:08:18.914558
2026-10-07 19:00:00,HBAR,1,0.0021612284185051492,0.006982835567061461,0.017571587992085958,1,1,1,2026-10-09 07:08:18.914558
2026-10-07 19:00:00,HBAR,24,0.010002257774692118,0.038967307042432925,0.12674995853687163,1,1,1,2026-10-09 07:08:18.914558
2026-10-07 20:00:00,HBAR,1,0.004415969263574593,0.006982835567061461,0.017571587992085958,1,1,1,2026-10-09 07:08:18.914558
2026-10-07 20:00:00,HBAR,24,0.007367313929704265,0.039005005251903646,0.12674995853687163,1,1,1,2026-10-09 07:08:18.914558
2026-10-07 21:00:00,HBAR,1,0.00603645252209093,0.006982835567061461,0.017571587992085958,1,1,1,2026-10-09 07:08:18.914558
2026-10-07 21:00:00,HBAR,24,0.011565820976481912,0.03905649424101195,0.12674995853687163,1,1,1,2026-10-09 07:08:18.914558
2026-10-07 22:00:00,HBAR,1,0.004100135221748222,0.006982835567061461,0.017571587992085958,1,1,1,2026-10-09 07:08:18.914558
2026-10-07 22:00:00,HBAR,24,0.014594029441496733,0.03920791262571712,0.12674995853687163,1,1,1,2026-10-09 07:08:18.914558
2026-10-07 23:00:00,HBAR,1,0.00021537798920211415,0.006949052847128918,0.017571587992085958,1,1,1,2026-10-09 07:08:18.914558
2026-10-07 23:00:00,HBAR,24,0.018365091002621535,0.03938059554337113,0.12674995853687163,1,1,1,2026-10-09 07:08:18.914558
2026-10-08 00:00:00,HBAR,1,0.0030110787348516495,0.006949052847128918,0.017571587992085958,1,1,1,2026-10-09 07:08:18.914558
2026-10-08 00:00:00,HBAR,24,0.02740495757225664,0.039409338218935275,0.12674995853687163,1,1,1,2026-10-09 07:08:18.914558
2026-10-08 01:00:00,HBAR,1,0.002365083880345315,0.006934902667362976,0.017571587992085958,1,1,1,2026-10-09 07:08:18.914558
2026-10-08 01:00:00,HBAR,24,0.028757019170524603,0.03942107657820457,0.12674995853687163,1,1,1,2026-10-09 07:08:18.914558
2026-10-08 02:00:00,HBAR,1,0.009107043175481215,0.006934902667362976,0.017571587992085958,0,1,1,2026-10-09 07:08:18.914558
2026-10-08 02:00:00,HBAR,24,0.021321377689089916,0.03951733823041148,0.12674995853687163,1,1,1,2026-10-09 07:08:18.914558
2026-10-08 03:00:00,HBAR,1,0.00856903272510129,0.006934902667362976,0.017571587992085958,0,1,1,2026-10-09 07:08:18.914558
2026-10-08 03:00:00,HBAR,24,0.02691617929991651,0.03951733823041148,0.12674995853687163,1,1,1,2026-10-09 07:08:18.914558
2026-10-08 04:00:00,HBAR,1,0.007233499826115739,0.006949052847128918,0.017571587992085958,0,1,1,2026-10-09 07:08:18.914558
2026-10-08 04:00:00,HBAR,24,0.015939616412157187,0.03951733823041148,0.12674995853687163,1,1,1,2026-10-09 07:08:18.914558
2026-10-08 05:00:00,HBAR,1,0.00021668472457493833,0.006982835567061461,0.017571587992085958,1,1,1,2026-10-09 07:08:18.914558
2026-10-08 05:00:00,HBAR,24,0.008378265645997467,0.03963834278613772,0.12674995853687163,1,1,1,2026-10-09 07:08:18.914558
2026-10-08 06:00:00,HBAR,1,0.006263519397369358,0.006982835567061461,0.017571587992085958,1,1,1,2026-10-09 07:08:18.914558
2026-10-08 06:00:00,HBAR,24,0.0009745006455781854,0.03971871293578195,0.12674995853687163,1,1,1,2026-10-09 07:08:18.914558
2026-10-08 07:00:00,HBAR,1,0.0051540970964050765,0.006949052847128918,0.017571587992085958,1,1,1,2026-10-09 07:08:18.914558
2026-10-08 07:00:00,HBAR,24,0.0022632978352540457,0.03971871293578195,0.12674995853687163,1,1,1,2026-10-09 07:08:18.914558
2026-10-08 08:00:00,HBAR,1,0.010759091802407058,0.006949052847128918,0.017571587992085958,0,1,1,2026-10-09 07:08:18.914558
2026-10-08 09:00:00,HBAR,1,0.012843633759114181,0.006982835567061461,0.017571587992085958,0,1,1,2026-10-09 07:08:18.914558
2026-10-08 10:00:00,HBAR,1,0.00850890159240543,0.006982835567061461,0.017571587992085958,0,1,1,2026-10-09 07:08:18.914558
2026-10-08 11:00:00,HBAR,1,0.0056069969693654685,0.007054089780714838,0.017571587992085958,1,1,1,2026-10-09 07:08:18.914558
2026-10-08 12:00:00,HBAR,1,0.0005305884350083418,0.007054089780714838,0.017571587992085958,1,1,1,2026-10-09 07:08:18.914558
2026-10-08 13:00:00,HBAR,1,0.000954856578835345,0.007054089780714838,0.017571587992085958,1,1,1,2026-10-09 07:08:18.914558
2026-10-08 14:00:00,HBAR,1,0.005316333627232782,0.007054089780714838,0.017571587992085958,1,1,1,2026-10-09 07:08:18.914558
2026-10-08 15:00:00,HBAR,1,0.051517761279626505,0.007054089780714838,0.017571587992085958,0,0,1,2026-10-09 07:08:18.914558
2026-10-08 16:00:00,HBAR,1,0.006712185397359309,0.007054089780714838,0.017585277819104052,1,1,1,2026-10-09 07:08:18.914558
2026-10-08 17:00:00,HBAR,1,0.012001714358568328,0.006982835567061461,0.017585277819104052,0,1,1,2026-10-09 07:08:18.914558
2026-10-08 18:00:00,HBAR,1,0.03219996186014433,0.006982835567061461,0.017585277819104052,0,0,1,2026-10-09 07:08:18.914558
2026-10-08 19:00:00,HBAR,1,0.0047961722634930135,0.007054089780714838,0.017794978403275343,1,1,1,2026-10-09 07:08:18.914558
2026-10-08 20:00:00,HBAR,1,0.00021746221679704635,0.007054089780714838,0.017794978403275343,1,1,1,2026-10-09 07:08:18.914558
2026-10-08 21:00:00,HBAR,1,0.009064660987105854,0.007054089780714838,0.017794978403275343,0,1,1,2026-10-09 07:08:18.914558
2026-10-08 22:00:00,HBAR,1,0.0003290736606232629,0.007077887190503685,0.017794978403275343,1,1,1,2026-10-09 07:08:18.914558
2026-10-08 23:00:00,HBAR,1,0.009255244558837148,0.007077887190503685,0.017794978403275343,0,1,1,2026-10-09 07:08:18.914558
2026-10-09 00:00:00,HBAR,1,0.0016590171365837094,0.007099971845232176,0.017794978403275343,1,1,1,2026-10-09 07:08:18.914558
2026-10-09 01:00:00,HBAR,1,0.00507055760108944,0.007099971845232176,0.017794978403275343,1,1,1,2026-10-09 07:08:18.914558
2026-10-09 02:00:00,HBAR,1,0.003512241564654611,0.007099971845232176,0.017794978403275343,1,1,1,2026-10-09 07:08:18.914558
2026-10-09 03:00:00,HBAR,1,0.002407530162657914,0.007099971845232176,0.017794978403275343,1,1,1,2026-10-09 07:08:18.914558
2026-10-09 04:00:00,HBAR,1,0.0003278509400438148,0.007099971845232176,0.017794978403275343,1,1,1,2026-10-09 07:08:18.914558
2026-10-09 05:00:00,HBAR,1,0.009569451016150672,0.007077887190503685,0.017794978403275343,0,1,1,2026-10-09 07:08:18.914558
2026-10-09 06:00:00,HBAR,1,0.0030257209165371114,0.007099971845232176,0.017794978403275343,1,1,1,2026-10-09 07:08:18.914558
2026-10-07 07:00:00,LTC,1,0.0011797671328565562,0.005583492585507664,0.015177819494638055,1,1,1,2026-10-09 07:08:18.914558
2026-10-07 07:00:00,LTC,24,0.05218575317057007,0.029480642493136165,0.06070415195823999,0,1,1,2026-10-09 07:08:18.914558
2026-10-07 08:00:00,LTC,1,0.005326244282674094,0.005583492585507664,0.015177819494638055,1,1,1,2026-10-09 07:08:18.914558
2026-10-07 08:00:00,LTC,24,0.05100598603771349,0.029480642493136165,0.06070415195823999,0,1,1,2026-10-09 07:08:18.914558
2026-10-07 09:00:00,LTC,1,0.00044513688694064815,0.005583492585507664,0.015177819494638055,1,1,1,2026-10-09 07:08:18.914558
2026-10-07 09:00:00,LTC,24,0.04381812160833937,0.029596569335505057,0.06070415195823999,0,1,1,2026-10-09 07:08:18.914558
2026-10-07 10:00:00,LTC,1,0.0005934718275080126,0.005578352599353131,0.014894632228247438,1,1,1,2026-10-09 07:08:18.914558
2026-10-07 10:00:00,LTC,24,0.039042634620177825,0.02966086421305056,0.06070415195823999,0,1,1,2026-10-09 07:08:18.914558
2026-10-07 11:00:00,LTC,1,0.006547642439856124,0.005564917758405344,0.014894632228247438,0,1,1,2026-10-09 07:08:18.914558
2026-10-07 11:00:00,LTC,24,0.04676018799503438,0.02966086421305056,0.06070415195823999,0,1,1,2026-10-09 07:08:18.914558
2026-10-07 12:00:00,LTC,1,0.0017931863741059957,0.005578352599353131,0.014894632228247438,1,1,1,2026-10-09 07:08:18.914558
2026-10-07 12:00:00,LTC,24,0.04379370936689262,0.029679032837571645,0.06070415195823999,0,1,1,2026-10-09 07:08:18.914558
2026-10-07 13:00:00,LTC,1,0.00029917726475947777,0.005564917758405344,0.014584276243129177,1,1,1,2026-10-09 07:08:18.914558
2026-10-07 13:00:00,LTC,24,0.042000522992786636,0.029679032837571645,0.0606201021720039,0,1,1,2026-10-09 07:08:18.914558
2026-10-07 14:00:00,LTC,1,0.010376813166228238,0.005538549403454241,0.01453968662877325,0,1,1,2026-10-09 07:08:18.914558
2026-10-07 14:00:00,LTC,24,0.041701345728027056,0.029679032837571645,0.0606201021720039,0,1,1,2026-10-09 07:08:18.914558
2026-10-07 15:00:00,LTC,1,0.00015118300731805092,0.005538549403454241,0.01453968662877325,1,1,1,2026-10-09 07:08:18.914558
2026-10-07 15:00:00,LTC,24,0.029454499291263612,0.029679032837571645,0.0606201021720039,1,1,1,2026-10-09 07:08:18.914558
2026-10-07 16:00:00,LTC,1,0.0022704921583165424,0.005518457771968262,0.01452988893542293,1,1,1,2026-10-09 07:08:18.914558
2026-10-07 16:00:00,LTC,24,0.06560753300859007,0.029722501850596772,0.0606201021720039,0,0,1,2026-10-09 07:08:18.914558
2026-10-07 17:00:00,LTC,1,0.0,0.005518457771968262,0.01452988893542293,1,1,1,2026-10-09 07:08:18.914558
2026-10-07 17:00:00,LTC,24,0.06011331143042886,0.029810910975538125,0.0606201021720039,0,1,1,2026-10-09 07:08:18.914558
2026-10-07 18:00:00,LTC,1,0.0012115706464641079,0.0055018859298009565,0.01452988893542293,1,1,1,2026-10-09 07:08:18.914558
2026-10-07 18:00:00,LTC,24,0.07193052705402232,0.029921057399317982,0.0606201021720039,0,0,1,2026-10-09 07:08:18.914558
2026-10-07 19:00:00,LTC,1,0.0,0.0055018859298009565,0.01452988893542293,1,1,1,2026-10-09 07:08:18.914558
2026-10-07 19:00:00,LTC,24,0.059716906171658,0.029985856162052515,0.0606201021720039,0,1,1,2026-10-09 07:08:18.914558
2026-10-07 20:00:00,LTC,1,0.0009077156447766314,0.0055018859298009565,0.01452988893542293,1,1,1,2026-10-09 07:08:18.914558
2026-10-07 20:00:00,LTC,24,0.052991500517748605,0.03000132737418938,0.0606201021720039,0,1,1,2026-10-09 07:08:18.914558
2026-10-07 21:00:00,LTC,1,0.006980301483689667,0.0055018859298009565,0.01452988893542293,0,1,1,2026-10-09 07:08:18.914558
2026-10-07 21:00:00,LTC,24,0.047535847569656155,0.0301794898145953,0.0606201021720039,0,1,1,2026-10-09 07:08:18.914558
2026-10-07 22:00:00,LTC,1,0.003496241305580425,0.005518457771968262,0.01452988893542293,1,1,1,2026-10-09 07:08:18.914558
2026-10-07 22:00:00,LTC,24,0.03817968371867392,0.03020293930220302,0.0606201021720039,0,1,1,2026-10-09 07:08:18.914558
2026-10-07 23:00:00,LTC,1,0.0031815798370250174,0.0055018859298009565,0.01452988893542293,1,1,1,2026-10-09 07:08:18.914558
2026-10-07 23:00:00,LTC,24,0.03772865535341208,0.03027331783275157,0.0606201021720039,0,1,1,2026-10-09 07:08:18.914558
2026-10-08 00:00:00,LTC,1,0.0003024803410842495,0.0055018859298009565,0.01452988893542293,1,1,1,2026-10-09 07:08:18.914558
2026-10-08 00:00:00,LTC,24,0.04564883195804549,0.030317034388356534,0.0606201021720039,0,1,1,2026-10-09 07:08:18.914558
2026-10-08 01:00:00,LTC,1,0.0012104707182366329,0.005483238196012686,0.01452988893542293,1,1,1,2026-10-09 07:08:18.914558
2026-10-08 01:00:00,LTC,24,0.04389516289935696,0.03035130580180518,0.0606201021720039,0,1,1,2026-10-09 07:08:18.914558
2026-10-08 02:00:00,LTC,1,0.0006054185140271388,0.005483238196012686,0.01452988893542293,1,1,1,2026-10-09 07:08:18.914558
2026-10-08 02:00:00,LTC,24,0.036698536939400284,0.030470427910586885,0.0606201021720039,0,1,1,2026-10-09 07:08:18.914558
2026-10-08 03:00:00,LTC,1,0.0075942041767172825,0.005428403406185503,0.01452988893542293,0,1,1,2026-10-09 07:08:18.914558
2026-10-08 03:00:00,LTC,24,0.040607663327312,0.030470427910586885,0.0606201021720039,0,1,1,2026-10-09 07:08:18.914558
2026-10-08 04:00:00,LTC,1,0.017068147107271274,0.005483238196012686,0.01452988893542293,0,0,1,2026-10-09 07:08:18.914558
2026-10-08 04:00:00,LTC,24,0.02845406126710861,0.030601197603232433,0.0606201021720039,1,1,1,2026-10-09 07:08:18.914558
2026-10-08 05:00:00,LTC,1,0.002639958051601045,0.0055018859298009565,0.01453968662877325,1,1,1,2026-10-09 07:08:18.914558
2026-10-08 05:00:00,LTC,24,0.008253570173521213,0.030657448555759192,0.0606201021720039,1,1,1,2026-10-09 07:08:18.914558
2026-10-08 06:00:00,LTC,1,0.0013984929635363047,0.0055018859298009565,0.01453968662877325,1,1,1,2026-10-09 07:08:18.914558
2026-10-08 06:00:00,LTC,24,0.00436341661606095,0.030683860062260454,0.0606201021720039,1,1,1,2026-10-09 07:08:18.914558
2026-10-08 07:00:00,LTC,1,0.0,0.0055018859298009565,0.01453968662877325,1,1,1,2026-10-09 07:08:18.914558
2026-10-08 07:00:00,LTC,24,0.0029546713043511253,0.030700699429753602,0.0606201021720039,1,1,1,2026-10-09 07:08:18.914558
2026-10-08 08:00:00,LTC,1,0.0018616201467001076,0.0055018859298009565,0.01453968662877325,1,1,1,2026-10-09 07:08:18.914558
2026-10-08 09:00:00,LTC,1,0.004330350101220896,0.005483238196012686,0.01453968662877325,1,1,1,2026-10-09 07:08:18.914558
2026-10-08 10:00:00,LTC,1,0.007124081547348596,0.005483238196012686,0.01453968662877325,0,1,1,2026-10-09 07:08:18.914558
2026-10-08 11:00:00,LTC,1,0.003581163811714384,0.0055018859298009565,0.01453968662877325,1,1,1,2026-10-09 07:08:18.914558
2026-10-08 12:00:00,LTC,1,0.0,0.0055018859298009565,0.01453968662877325,1,1,1,2026-10-09 07:08:18.914558
2026-10-08 13:00:00,LTC,1,0.0,0.0055018859298009565,0.01453968662877325,1,1,1,2026-10-09 07:08:18.914558
2026-10-08 14:00:00,LTC,1,0.0018700332705351445,0.005483238196012686,0.01453968662877325,1,1,1,2026-10-09 07:08:18.914558
2026-10-08 15:00:00,LTC,1,0.0363042167246445,0.005483238196012686,0.01453968662877325,0,0,1,2026-10-09 07:08:18.914558
2026-10-08 16:00:00,LTC,1,0.003223729419844672,0.005483238196012686,0.014584276243129177,1,1,1,2026-10-09 07:08:18.914558
2026-10-08 17:00:00,LTC,1,0.011817215623593539,0.005428403406185503,0.014584276243129177,0,1,1,2026-10-09 07:08:18.914558
2026-10-08 18:00:00,LTC,1,0.013425191528828428,0.005428403406185503,0.014584276243129177,0,1,1,2026-10-09 07:08:18.914558
2026-10-08 19:00:00,LTC,1,0.006725405653909453,0.005483238196012686,0.014584276243129177,0,1,1,2026-10-09 07:08:18.914558
2026-10-08 20:00:00,LTC,1,0.0063633685928692835,0.0055018859298009565,0.014584276243129177,0,1,1,2026-10-09 07:08:18.914558
2026-10-08 21:00:00,LTC,1,0.00237586236729265,0.005537213951824534,0.014584276243129177,1,1,1,2026-10-09 07:08:18.914558
2026-10-08 22:00:00,LTC,1,0.00394726967084214,0.005537213951824534,0.014584276243129177,1,1,1,2026-10-09 07:08:18.914558
2026-10-08 23:00:00,LTC,1,0.004738596767608287,0.005537213951824534,0.014584276243129177,1,1,1,2026-10-09 07:08:18.914558
2026-10-09 00:00:00,LTC,1,0.0020561493997727815,0.005537213951824534,0.014584276243129177,1,1,1,2026-10-09 07:08:18.914558
2026-10-09 01:00:00,LTC,1,0.005986155241720111,0.005537213951824534,0.014584276243129177,0,1,1,2026-10-09 07:08:18.914558
2026-10-09 02:00:00,LTC,1,0.003303707873884429,0.005564917758405344,0.014584276243129177,1,1,1,2026-10-09 07:08:18.914558
2026-10-09 03:00:00,LTC,1,0.004559397883486064,0.005564917758405344,0.014584276243129177,1,1,1,2026-10-09 07:08:18.914558
2026-10-09 04:00:00,LTC,1,0.0031323439863162024,0.005537213951824534,0.014584276243129177,1,1,1,2026-10-09 07:08:18.914558
2026-10-09 05:00:00,LTC,1,0.001250195505859006,0.0055018859298009565,0.014584276243129177,1,1,1,2026-10-09 07:08:18.914558
2026-10-09 06:00:00,LTC,1,0.0028072382752461086,0.005483238196012686,0.014584276243129177,1,1,1,2026-10-09 07:08:18.914558
2026-06-28 03:00:00,TON,1,0.004471422333401251,0.009514291606960384,0.026236765263278308,1,1,1,2026-10-09 07:08:18.914558
2026-06-28 03:00:00,TON,24,0.01398624197473987,0.04454877814620837,0.13008500972827347,1,1,1,2026-10-09 07:08:18.914558
2026-06-28 04:00:00,TON,1,0.007677580899034306,0.009514291606960384,0.026236765263278308,1,1,1,2026-10-09 07:08:18.914558
2026-06-28 04:00:00,TON,24,0.022062035693427236,0.04454877814620837,0.13008500972827347,1,1,1,2026-10-09 07:08:18.914558
2026-06-28 05:00:00,TON,1,0.0,0.009514291606960384,0.026236765263278308,1,1,1,2026-10-09 07:08:18.914558
2026-06-28 05:00:00,TON,24,0.030362863730117966,0.04454877814620837,0.13008500972827347,1,1,1,2026-10-09 07:08:18.914558
2026-06-28 06:00:00,TON,1,0.00644332126093223,0.009514291606960384,0.026236765263278308,1,1,1,2026-10-09 07:08:18.914558
2026-06-28 06:00:00,TON,24,0.030362863730117966,0.04454877814620837,0.13008500972827347,1,1,1,2026-10-09 07:08:18.914558
2026-06-28 07:00:00,TON,1,0.00900906994236591,0.00945756585078752,0.026236765263278308,1,1,1,2026-10-09 07:08:18.914558
2026-06-28 07:00:00,TON,24,0.04610857765336369,0.04454877814620837,0.13008500972827347,0,1,1,2026-10-09 07:08:18.914558
2026-06-28 08:00:00,TON,1,0.003208215777095098,0.00945756585078752,0.026236765263278308,1,1,1,2026-10-09 07:08:18.914558
2026-06-28 08:00:00,TON,24,0.02841997399127509,0.04454877814620837,0.13008500972827347,1,1,1,2026-10-09 07:08:18.914558
2026-06-28 09:00:00,TON,1,0.004488625683139659,0.00945756585078752,0.026236765263278308,1,1,1,2026-10-09 07:08:18.914558
2026-06-28 09:00:00,TON,24,0.023500605171711597,0.04454877814620837,0.13008500972827347,1,1,1,2026-10-09 07:08:18.914558
2026-06-28 10:00:00,TON,1,0.00256246136370005,0.00945756585078752,0.026236765263278308,1,1,1,2026-10-09 07:08:18.914558
2026-06-28 10:00:00,TON,24,0.02526982218807639,0.04454877814620837,0.13008500972827347,1,1,1,2026-10-09 07:08:18.914558
2026-06-28 11:00:00,TON,1,0.0012820514576555744,0.00945756585078752,0.026236765263278308,1,1,1,2026-10-09 07:08:18.914558
2026-06-28 11:00:00,TON,24,0.023455908951977557,0.04454877814620837,0.13008500972827347,1,1,1,2026-10-09 07:08:18.914558
2026-06-28 12:00:00,TON,1,0.0038510959020975344,0.009407318612340327,0.026236765263278308,1,1,1,2026-10-09 07:08:18.914558
2026-06-28 12:00:00,TON,24,0.020919938834728282,0.04454877814620837,0.13008500972827347,1,1,1,2026-10-09 07:08:18.914558
2026-06-28 13:00:00,TON,1,0.0012853472206637193,0.009407318612340327,0.026236765263278308,1,1,1,2026-10-09 07:08:18.914558
2026-06-28 13:00:00,TON,24,0.029777303014970072,0.04454877814620837,0.13008500972827347,1,1,1,2026-10-09 07:08:18.914558
2026-06-28 14:00:00,TON,1,0.0012853472206638696,0.009407318612340327,0.026236765263278308,1,1,1,2026-10-09 07:08:18.914558
2026-06-28 14:00:00,TON,24,0.02473960617575575,0.04454877814620837,0.13008500972827347,1,1,1,2026-10-09 07:08:18.914558
2026-06-28 15:00:00,TON,1,0.0025756614367957054,0.009407318612340327,0.026236765263278308,1,1,1,2026-10-09 07:08:18.914558
2026-06-28 15:00:00,TON,24,0.03413732237904884,0.04454877814620837,0.13008500972827347,1,1,1,2026-10-09 07:08:18.914558
2026-06-28 16:00:00,TON,1,0.0,0.009402778383988194,0.026236765263278308,1,1,1,2026-10-09 07:08:18.914558
2026-06-28 16:00:00,TON,24,0.03671298381584448,0.04454877814620837,0.13008500972827347,1,1,1,2026-10-09 07:08:18.914558
2026-06-28 17:00:00,TON,1,0.0025756614367956703,0.009402778383988194,0.026236765263278308,1,1,1,2026-10-09 07:08:18.914558
2026-06-28 17:00:00,TON,24,0.04167269640056808,0.04454877814620837,0.13008500972827347,1,1,1,2026-10-09 07:08:18.914558
2026-06-28 18:00:00,TON,1,0.004511770463662061,0.009402778383988194,0.026236765263278308,1,1,1,2026-10-09 07:08:18.914558
2026-06-28 18:00:00,TON,24,0.033515625125577354,0.04454877814620837,0.13008500972827347,1,1,1,2026-10-09 07:08:18.914558
2026-06-28 19:00:00,TON,1,0.008362866365759506,0.009360083576368741,0.026236765263278308,1,1,1,2026-10-09 07:08:18.914558
2026-06-28 19:00:00,TON,24,0.047928466571950774,0.04454877814620837,0.13008500972827347,0,1,1,2026-10-09 07:08:18.914558
2026-06-28 20:00:00,TON,1,0.0038363218405887438,0.009360083576368741,0.026236765263278308,1,1,1,2026-10-09 07:08:18.914558
2026-06-28 20:00:00,TON,24,0.03276915760977677,0.04454877814620837,0.13008500972827347,1,1,1,2026-10-09 07:08:18.914558
2026-06-28 21:00:00,TON,1,0.022089885272283893,0.009360083576368741,0.026236765263278308,0,1,1,2026-10-09 07:08:18.914558
2026-06-28 21:00:00,TON,24,0.02707121562248802,0.04454877814620837,0.13008500972827347,1,1,1,2026-10-09 07:08:18.914558
2026-06-28 22:00:00,TON,1,0.00751883241402734,0.009402778383988194,0.026236765263278308,1,1,1,2026-10-09 07:08:18.914558
2026-06-28 22:00:00,TON,24,0.009937969990132493,0.04454877814620837,0.13008500972827347,1,1,1,2026-10-09 07:08:18.914558
2026-06-28 23:00:00,TON,1,0.0006291286775613404,0.009402778383988194,0.026236765263278308,1,1,1,2026-10-09 07:08:18.914558
2026-06-28 23:00:00,TON,24,0.016219943866763474,0.04454877814620837,0.13008500972827347,1,1,1,2026-10-09 07:08:18.914558
2026-06-29 00:00:00,TON,1,0.0,0.009402778383988194,0.026236765263278308,1,1,1,2026-10-09 07:08:18.914558
2026-06-29 00:00:00,TON,24,0.008771986072837041,0.04454877814620837,0.13008500972827347,1,1,1,2026-10-09 07:08:18.914558
2026-06-29 01:00:00,TON,1,0.001257861801070929,0.009402778383988194,0.026236765263278308,1,1,1,2026-10-09 07:08:18.914558
2026-06-29 01:00:00,TON,24,0.005021981678296398,0.04454877814620837,0.13008500972827347,1,1,1,2026-10-09 07:08:18.914558
2026-06-29 02:00:00,TON,1,0.004409455963415666,0.009402778383988194,0.026236765263278308,1,1,1,2026-10-09 07:08:18.914558
2026-06-29 02:00:00,TON,24,0.0006283380665416248,0.04454877814620837,0.13008500972827347,1,1,1,2026-10-09 07:08:18.914558
2026-06-29 03:00:00,TON,1,0.012547216052088556,0.009402778383988194,0.026236765263278308,0,1,1,2026-10-09 07:08:18.914558
2026-06-29 03:00:00,TON,24,0.010050335853501506,0.04454877814620837,0.13008500972827347,1,1,1,2026-10-09 07:08:18.914558
2026-06-29 04:00:00,TON,1,0.0006232471376564235,0.009402778383988194,0.026236765263278308,1,1,1,2026-10-09 07:08:18.914558
2026-06-29 05:00:00,TON,1,0.0,0.009402778383988194,0.026236765263278308,1,1,1,2026-10-09 07:08:18.914558
2026-06-29 06:00:00,TON,1,0.00930239266231363,0.009360083576368741,0.026236765263278308,1,1,1,2026-10-09 07:08:18.914558
2026-06-29 07:00:00,TON,1,0.00867953371972277,0.009360083576368741,0.026236765263278308,1,1,1,2026-10-09 07:08:18.914558
2026-06-29 08:00:00,TON,1,0.00812758459665849,0.009360083576368741,0.026236765263278308,1,1,1,2026-10-09 07:08:18.914558
2026-06-29 09:00:00,TON,1,0.006257842699504494,0.009360083576368741,0.026236765263278308,1,1,1,2026-10-09 07:08:18.914558
2026-06-29 10:00:00,TON,1,0.004376374599798777,0.009360083576368741,0.026236765263278308,1,1,1,2026-10-09 07:08:18.914558
2026-06-29 11:00:00,TON,1,0.0012539186595936988,0.009360083576368741,0.026236765263278308,1,1,1,2026-10-09 07:08:18.914558
2026-06-29 12:00:00,TON,1,0.005006268278144222,0.009360083576368741,0.026236765263278308,1,1,1,2026-10-09 07:08:18.914558
2026-06-29 13:00:00,TON,1,0.003752349618550464,0.009360083576368741,0.026236765263278308,1,1,1,2026-10-09 07:08:18.914558
2026-06-29 14:00:00,TON,1,0.008112368982629174,0.009360083576368741,0.026236765263278308,1,1,1,2026-10-09 07:08:18.914558
2026-06-29 15:00:00,TON,1,0.0,0.009334178057184808,0.026236765263278308,1,1,1,2026-10-09 07:08:18.914558
2026-06-29 16:00:00,TON,1,0.004959712584723652,0.009334178057184808,0.026236765263278308,1,1,1,2026-10-09 07:08:18.914558
2026-06-29 17:00:00,TON,1,0.005581409838195152,0.009323394687183538,0.026236765263278308,1,1,1,2026-10-09 07:08:18.914558
2026-06-29 18:00:00,TON,1,0.009901070982711537,0.009323394687183538,0.026236765263278308,0,1,1,2026-10-09 07:08:18.914558
2026-06-29 19:00:00,TON,1,0.006796442596414432,0.009334178057184808,0.026236765263278308,1,1,1,2026-10-09 07:08:18.914558
2026-06-29 20:00:00,TON,1,0.0018616201467000699,0.009334178057184808,0.026236765263278308,1,1,1,2026-10-09 07:08:18.914558
2026-06-29 21:00:00,TON,1,0.004956639639928416,0.009334178057184808,0.026236765263278308,1,1,1,2026-10-09 07:08:18.914558
2026-06-29 22:00:00,TON,1,0.0012368585373963583,0.009334178057184808,0.026236765263278308,1,1,1,2026-10-09 07:08:18.914558
2026-06-29 23:00:00,TON,1,0.008077086471487797,0.009334178057184808,0.026236765263278308,1,1,1,2026-10-09 07:08:18.914558
2026-06-30 00:00:00,TON,1,0.0037500043945404966,0.009334178057184808,0.026236765263278308,1,1,1,2026-10-09 07:08:18.914558
2026-06-30 01:00:00,TON,1,0.0031357818106840566,0.009323394687183538,0.026134159302153636,1,1,1,2026-10-09 07:08:18.914558
2026-06-30 02:00:00,TON,1,0.0050125418235441935,0.009300235554778947,0.026134159302153636,1,1,1,2026-10-09 07:08:18.914558
2026-10-07 07:00:00,SHIB,1,0.0,0.005819609053263619,0.016213394306941437,1,1,1,2026-10-09 07:08:18.914558
2026-10-07 07:00:00,SHIB,24,0.031052723341585254,0.03312321655738779,0.07285421696368254,1,1,1,2026-10-09 07:08:18.914558
2026-10-07 08:00:00,SHIB,1,0.007220247973487132,0.005819609053263619,0.016213394306941437,0,1,1,2026-10-09 07:08:18.914558
2026-10-07 08:00:00,SHIB,24,0.029199154692262353,0.03320849077345635,0.07285421696368254,1,1,1,2026-10-09 07:08:18.914558
2026-10-07 09:00:00,SHIB,1,0.0036297680505787237,0.005819609053263619,0.016213394306941437,1,1,1,2026-10-09 07:08:18.914558
2026-10-07 09:00:00,SHIB,24,0.023832475368098037,0.03324606520052819,0.07285421696368254,1,1,1,2026-10-09 07:08:18.914558
2026-10-07 10:00:00,SHIB,1,0.0036429912785009805,0.005819609053263619,0.016213394306941437,1,1,1,2026-10-09 07:08:18.914558
2026-10-07 10:00:00,SHIB,24,0.007299302481611496,0.03330253473300488,0.07285421696368254,1,1,1,2026-10-09 07:08:18.914558
2026-10-07 11:00:00,SHIB,1,0.005489492284771369,0.005819609053263619,0.016213394306941437,1,1,1,2026-10-09 07:08:18.914558
2026-10-07 11:00:00,SHIB,24,0.011009285508369368,0.03348519199306198,0.0733570719288597,1,1,1,2026-10-09 07:08:18.914558
2026-10-07 12:00:00,SHIB,1,0.0,0.005819609053263619,0.016213394306941437,1,1,1,2026-10-09 07:08:18.914558
2026-10-07 12:00:00,SHIB,24,0.01107022375424692,0.03369422633333031,0.07388210265735103,1,1,1,2026-10-09 07:08:18.914558
2026-10-07 13:00:00,SHIB,1,0.01107022375424692,0.005819609053263619,0.01611958483412987,0,1,1,2026-10-09 07:08:18.914558
2026-10-07 13:00:00,SHIB,24,0.014787700154379389,0.033948640640942496,0.07457246248493024,1,1,1,2026-10-09 07:08:18.914558
2026-10-07 14:00:00,SHIB,1,0.0018570107472127711,0.005819609053263619,0.01611958483412987,1,1,1,2026-10-09 07:08:18.914558
2026-10-07 14:00:00,SHIB,24,0.0018535686493228347,0.034084218440195116,0.07512747648787224,1,1,1,2026-10-09 07:08:18.914558
2026-10-07 15:00:00,SHIB,1,0.005560718684696958,0.005819609053263619,0.01611958483412987,1,1,1,2026-10-09 07:08:18.914558
2026-10-07 15:00:00,SHIB,24,0.007407441277861818,0.03412990276733981,0.07550755250814517,1,1,1,2026-10-09 07:08:18.914558
2026-10-07 16:00:00,SHIB,1,0.003703707937484303,0.005819609053263619,0.016060312120685614,1,1,1,2026-10-09 07:08:18.914558
2026-10-07 16:00:00,SHIB,24,0.04731251336491882,0.034133006369458464,0.07552923254450702,0,1,1,2026-10-09 07:08:18.914558
2026-10-07 17:00:00,SHIB,1,0.0018570107472127711,0.005819609053263619,0.015869266922894712,1,1,1,2026-10-09 07:08:18.914558
2026-10-07 17:00:00,SHIB,24,0.045548670245261005,0.03424056970918885,0.07594821089648558,0,1,1,2026-10-09 07:08:18.914558
2026-10-07 18:00:00,SHIB,1,0.005560718684696958,0.005819609053263619,0.015869266922894712,1,1,1,2026-10-09 07:08:18.914558
2026-10-07 18:00:00,SHIB,24,0.047582714991014866,0.034249923043078445,0.07608625918284578,0,1,1,2026-10-09 07:08:18.914558
2026-10-07 19:00:00,SHIB,1,0.0,0.005816915294366183,0.015869266922894712,1,1,1,2026-10-09 07:08:18.914558
2026-10-07 19:00:00,SHIB,24,0.03766923709311451,0.03433753939110036,0.07608625918284578,0,1,1,2026-10-09 07:08:18.914558
2026-10-07 20:00:00,SHIB,1,0.005529968009460955,0.005785046061192674,0.015869266922894712,1,1,1,2026-10-09 07:08:18.914558
2026-10-07 20:00:00,SHIB,24,0.02432299514022002,0.034378635159623555,0.07608625918284578,1,1,1,2026-10-09 07:08:18.914558
2026-10-07 21:00:00,SHIB,1,0.00923367594694544,0.005785046061192674,0.015869266922894712,0,1,1,2026-10-09 07:08:18.914558
2026-10-07 21:00:00,SHIB,24,0.024187225614003705,0.03442318682602061,0.07608625918284578,1,1,1,2026-10-09 07:08:18.914558
2026-10-07 22:00:00,SHIB,1,0.0037037079374844318,0.005816915294366183,0.015869266922894712,1,1,1,2026-10-09 07:08:18.914558
2026-10-07 22:00:00,SHIB,24,0.014953549667058358,0.03448142660548292,0.07608625918284578,1,1,1,2026-10-09 07:08:18.914558
2026-10-07 23:00:00,SHIB,1,0.003690041087453963,0.005785046061192674,0.015869266922894712,1,1,1,2026-10-09 07:08:18.914558
2026-10-07 23:00:00,SHIB,24,0.016775789504837126,0.03448617607116944,0.07608625918284578,1,1,1,2026-10-09 07:08:18.914558
2026-10-08 00:00:00,SHIB,1,0.007339482488045748,0.005785046061192674,0.015869266922894712,0,1,1,2026-10-09 07:08:18.914558
2026-10-08 00:00:00,SHIB,24,0.024232313387767858,0.03451839290446801,0.07608625918284578,1,1,1,2026-10-09 07:08:18.914558
2026-10-08 01:00:00,SHIB,1,0.005499555566038658,0.005785046061192674,0.015869266922894712,1,1,1,2026-10-09 07:08:18.914558
2026-10-08 01:00:00,SHIB,24,0.02968678118004239,0.03454378511269406,0.07608625918284578,1,1,1,2026-10-09 07:08:18.914558
2026-10-08 02:00:00,SHIB,1,0.001836547807301552,0.005785046061192674,0.015869266922894712,1,1,1,2026-10-09 07:08:18.914558
2026-10-08 02:00:00,SHIB,24,0.01855340789574772,0.03454378511269406,0.07608625918284578,1,1,1,2026-10-09 07:08:18.914558
2026-10-08 03:00:00,SHIB,1,0.0036764747293087483,0.00577302773352848,0.015869266922894712,1,1,1,2026-10-09 07:08:18.914558
2026-10-08 03:00:00,SHIB,24,0.018519047767237642,0.03454378511269406,0.07608625918284578,1,1,1,2026-10-09 07:08:18.914558
2026-10-08 04:00:00,SHIB,1,0.007393749024938265,0.00577302773352848,0.015869266922894712,0,1,1,2026-10-09 07:08:18.914558
2026-10-08 04:00:00,SHIB,24,0.012975158863133305,0.03454378511269406,0.07608625918284578,1,1,1,2026-10-09 07:08:18.914558
2026-10-08 05:00:00,SHIB,1,0.0018570107472127711,0.005785046061192674,0.015869266922894712,1,1,1,2026-10-09 07:08:18.914558
2026-10-08 05:00:00,SHIB,24,0.005581409838195152,0.03454378511269406,0.07608625918284578,1,1,1,2026-10-09 07:08:18.914558
2026-10-08 06:00:00,SHIB,1,0.0018570107472126892,0.005785046061192674,0.015869266922894712,1,1,1,2026-10-09 07:08:18.914558
2026-10-08 06:00:00,SHIB,24,0.0,0.034612994284247814,0.07608625918284578,1,1,1,2026-10-09 07:08:18.914558
2026-10-08 07:00:00,SHIB,1,0.0018535686493228347,0.005785046061192674,0.015869266922894712,1,1,1,2026-10-09 07:08:18.914558
2026-10-08 07:00:00,SHIB,24,0.0018535686493228347,0.034612994284247814,0.07608625918284578,1,1,1,2026-10-09 07:08:18.914558
2026-10-08 08:00:00,SHIB,1,0.0018535686493229438,0.005785046061192674,0.015869266922894712,1,1,1,2026-10-09 07:08:18.914558
2026-10-08 09:00:00,SHIB,1,0.012903404835908001,0.005785046061192674,0.015869266922894712,0,1,1,2026-10-09 07:08:18.914558
2026-10-08 10:00:00,SHIB,1,0.007352974305258918,0.005785046061192674,0.015869266922894712,0,1,1,2026-10-09 07:08:18.914558
2026-10-08 11:00:00,SHIB,1,0.00555043053064898,0.005816915294366183,0.015869266922894712,1,1,1,2026-10-09 07:08:18.914558
2026-10-08 12:00:00,SHIB,1,0.00371747640013242,0.005785046061192674,0.015869266922894712,1,1,1,2026-10-09 07:08:18.914558
2026-10-08 13:00:00,SHIB,1,0.0055710450494554295,0.005785046061192674,0.015869266922894712,1,1,1,2026-10-09 07:08:18.914558
2026-10-08 14:00:00,SHIB,1,0.0036968618813262026,0.00577302773352848,0.015869266922894712,1,1,1,2026-10-09 07:08:18.914558
2026-10-08 15:00:00,SHIB,1,0.04915923595808349,0.005752652489448451,0.015869266922894712,0,0,1,2026-10-09 07:08:18.914558
2026-10-08 16:00:00,SHIB,1,0.0019398648178265917,0.005752652489448451,0.016060312120685614,1,1,1,2026-10-09 07:08:18.914558
2026-10-08 17:00:00,SHIB,1,0.0038910554929665647,0.005752652489448451,0.016060312120685614,1,1,1,2026-10-09 07:08:18.914558
2026-10-08 18:00:00,SHIB,1,0.015474196582597383,0.005752652489448451,0.016060312120685614,0,1,1,2026-10-09 07:08:18.914558
2026-10-08 19:00:00,SHIB,1,0.013346241952894486,0.005752652489448451,0.016060312120685614,0,1,1,2026-10-09 07:08:18.914558
2026-10-08 20:00:00,SHIB,1,0.0056657375356773,0.005752652489448451,0.016060312120685614,1,1,1,2026-10-09 07:08:18.914558
2026-10-08 21:00:00,SHIB,1,0.0,0.005752652489448451,0.016060312120685614,1,1,1,2026-10-09 07:08:18.914558
2026-10-08 22:00:00,SHIB,1,0.0018814680997055703,0.005752652489448451,0.016060312120685614,1,1,1,2026-10-09 07:08:18.914558
2026-10-08 23:00:00,SHIB,1,0.003766482795476782,0.005752652489448451,0.016060312120685614,1,1,1,2026-10-09 07:08:18.914558
2026-10-09 00:00:00,SHIB,1,0.001885014695771204,0.005752652489448451,0.016060312120685614,1,1,1,2026-10-09 07:08:18.914558
2026-10-09 01:00:00,SHIB,1,0.005633817718255844,0.005752652489448451,0.016060312120685614,1,1,1,2026-10-09 07:08:18.914558
2026-10-09 02:00:00,SHIB,1,0.0018709079358116025,0.005752652489448451,0.016060312120685614,1,1,1,2026-10-09 07:08:18.914558
2026-10-09 03:00:00,SHIB,1,0.001867414174795684,0.005752652489448451,0.016060312120685614,1,1,1,2026-10-09 07:08:18.914558
2026-10-09 04:00:00,SHIB,1,0.0,0.005752652489448451,0.016060312120685614,1,1,1,2026-10-09 07:08:18.914558
2026-10-09 05:00:00,SHIB,1,0.003724399090982494,0.005752652489448451,0.016060312120685614,1,1,1,2026-10-09 07:08:18.914558
2026-10-09 06:00:00,SHIB,1,0.0037105793965355534,0.005752652489448451,0.016060312120685614,1,1,1,2026-10-09 07:08:18.914558
2026-10-07 07:00:00,DOT,1,0.005300365765841052,0.00858759352800803,0.02246319310240759,1,1,1,2026-10-09 07:08:18.914558
2026-10-07 07:00:00,DOT,24,0.02950594020264319,0.05100157918088321,0.10090965028268783,1,1,1,2026-10-09 07:08:18.914558
2026-10-07 08:00:00,DOT,1,0.007111141077502122,0.00858759352800803,0.02246319310240759,1,1,1,2026-10-09 07:08:18.914558
2026-10-07 08:00:00,DOT,24,0.028753103874431838,0.05143321035845999,0.10090965028268783,1,1,1,2026-10-09 07:08:18.914558
2026-10-07 09:00:00,DOT,1,0.004470280130903522,0.008543571940153314,0.02246319310240759,1,1,1,2026-10-09 07:08:18.914558
2026-10-07 09:00:00,DOT,24,0.01982046866853862,0.051484113799911156,0.10090965028268783,1,1,1,2026-10-09 07:08:18.914558
2026-10-07 10:00:00,DOT,1,0.0,0.008543571940153314,0.02246319310240759,1,1,1,2026-10-09 07:08:18.914558
2026-10-07 10:00:00,DOT,24,0.0008956561279443863,0.05154412749354457,0.10090965028268783,1,1,1,2026-10-09 07:08:18.914558
2026-10-07 11:00:00,DOT,1,0.003590668130728596,0.008543571940153314,0.02246319310240759,1,1,1,2026-10-09 07:08:18.914558
2026-10-07 11:00:00,DOT,24,0.008097210232619475,0.05216698207119359,0.10090965028268783,1,1,1,2026-10-09 07:08:18.914558
2026-10-07 12:00:00,DOT,1,0.005410292728247543,0.008543571940153314,0.02246319310240759,1,1,1,2026-10-09 07:08:18.914558
2026-10-07 12:00:00,DOT,24,0.00722024797348702,0.05242841328403685,0.10109978184471555,1,1,1,2026-10-09 07:08:18.914558
2026-10-07 13:00:00,DOT,1,0.0018099552452395303,0.008500572479601254,0.02220657410372161,1,1,1,2026-10-09 07:08:18.914558
2026-10-07 13:00:00,DOT,24,0.00453104535960025,0.05245271056818873,0.10109978184471555,1,1,1,2026-10-09 07:08:18.914558
2026-10-07 14:00:00,DOT,1,0.0036297680505787237,0.00846687799912197,0.021699993343941487,1,1,1,2026-10-09 07:08:18.914558
2026-10-07 14:00:00,DOT,24,0.005420067469339113,0.05245271056818873,0.10109978184471555,1,1,1,2026-10-09 07:08:18.914558
2026-10-07 15:00:00,DOT,1,0.0045351551653911425,0.008459144053712873,0.021699993343941487,1,1,1,2026-10-09 07:08:18.914558
2026-10-07 15:00:00,DOT,24,0.0045351551653911425,0.05245271056818873,0.10090965028268783,1,1,1,2026-10-09 07:08:18.914558
2026-10-07 16:00:00,DOT,1,0.0027186242389932733,0.008444793524241993,0.021699993343941487,1,1,1,2026-10-09 07:08:18.914558
2026-10-07 16:00:00,DOT,24,0.06834666791034513,0.05245271056818873,0.10052976543629345,0,1,1,2026-10-09 07:08:18.914558
2026-10-07 17:00:00,DOT,1,0.00454752943762963,0.008430963288799477,0.021699993343941487,1,1,1,2026-10-09 07:08:18.914558
2026-10-07 17:00:00,DOT,24,0.06853925387881038,0.05245271056818873,0.100434335148673,0,1,1,2026-10-09 07:08:18.914558
2026-10-07 18:00:00,DOT,1,0.004547529437629737,0.008430963288799477,0.021699993343941487,1,1,1,2026-10-09 07:08:18.914558
2026-10-07 18:00:00,DOT,24,0.07572206422667041,0.05245271056818873,0.100434335148673,0,1,1,2026-10-09 07:08:18.914558
2026-10-07 19:00:00,DOT,1,0.00452694299577705,0.008430963288799477,0.021699993343941487,1,1,1,2026-10-09 07:08:18.914558
2026-10-07 19:00:00,DOT,24,0.0627252840133905,0.05245271056818873,0.100434335148673,0,1,1,2026-10-09 07:08:18.914558
2026-10-07 20:00:00,DOT,1,0.004506542101891016,0.008430963288799477,0.021447217536479872,1,1,1,2026-10-09 07:08:18.914558
2026-10-07 20:00:00,DOT,24,0.056680288083768675,0.05245271056818873,0.100434335148673,0,1,1,2026-10-09 07:08:18.914558
2026-10-07 21:00:00,DOT,1,0.0018001805041478545,0.008430963288799477,0.021447217536479872,1,1,1,2026-10-09 07:08:18.914558
2026-10-07 21:00:00,DOT,24,0.024580208835967832,0.05245271056818873,0.100434335148673,1,1,1,2026-10-09 07:08:18.914558
2026-10-07 22:00:00,DOT,1,0.0009004953332501659,0.008430963288799477,0.021447217536479872,1,1,1,2026-10-09 07:08:18.914558
2026-10-07 22:00:00,DOT,24,0.015433806129841326,0.05245271056818873,0.100434335148673,1,1,1,2026-10-09 07:08:18.914558
2026-10-07 23:00:00,DOT,1,0.005386009429570678,0.008430458198435643,0.021311132002793488,1,1,1,2026-10-09 07:08:18.914558
2026-10-07 23:00:00,DOT,24,0.006320562802589259,0.05245271056818873,0.100434335148673,1,1,1,2026-10-09 07:08:18.914558
2026-10-08 00:00:00,DOT,1,0.0035746240029592047,0.008421822562375836,0.021311132002793488,1,1,1,2026-10-09 07:08:18.914558
2026-10-08 00:00:00,DOT,24,0.024468823846011286,0.05245271056818873,0.100434335148673,1,1,1,2026-10-09 07:08:18.914558
2026-10-08 01:00:00,DOT,1,0.004470280130903522,0.008385949582581752,0.021311132002793488,1,1,1,2026-10-09 07:08:18.914558
2026-10-08 01:00:00,DOT,24,0.0,0.052733239257959044,0.100434335148673,1,1,1,2026-10-09 07:08:18.914558
2026-10-08 02:00:00,DOT,1,0.004470280130903512,0.008346736919919275,0.021311132002793488,1,1,1,2026-10-09 07:08:18.914558
2026-10-08 02:00:00,DOT,24,0.0221542069208193,0.05245271056818873,0.100434335148673,1,1,1,2026-10-09 07:08:18.914558
2026-10-08 03:00:00,DOT,1,0.011664555764930737,0.008346736919919275,0.021311132002793488,0,1,1,2026-10-09 07:08:18.914558
2026-10-08 03:00:00,DOT,24,0.019435240722650706,0.05237469608900917,0.100434335148673,1,1,1,2026-10-09 07:08:18.914558
2026-10-08 04:00:00,DOT,1,0.01180222505662798,0.008346736919919275,0.021311132002793488,0,1,1,2026-10-09 07:08:18.914558
2026-10-08 04:00:00,DOT,24,0.03894297394860733,0.05154412749354457,0.10040760110703756,1,1,1,2026-10-09 07:08:18.914558
2026-10-08 05:00:00,DOT,1,0.0018248180246291173,0.008346736919919275,0.021311132002793488,1,1,1,2026-10-09 07:08:18.914558
2026-10-08 05:00:00,DOT,24,0.05766564184980908,0.051484113799911156,0.10040760110703756,0,1,1,2026-10-09 07:08:18.914558
2026-10-08 06:00:00,DOT,1,0.004547529437629737,0.008333175114121107,0.021311132002793488,1,1,1,2026-10-09 07:08:18.914558
2026-10-08 06:00:00,DOT,24,0.055840823825179964,0.05143321035845999,0.10040760110703756,0,1,1,2026-10-09 07:08:18.914558
2026-10-08 07:00:00,DOT,1,0.00454752943762963,0.00824654351513031,0.021311132002793488,1,1,1,2026-10-09 07:08:18.914558
2026-10-08 07:00:00,DOT,24,0.057309642573696216,0.05100157918088321,0.10040760110703756,0,1,1,2026-10-09 07:08:18.914558
2026-10-08 08:00:00,DOT,1,0.001821494128391014,0.00824654351513031,0.021311132002793488,1,1,1,2026-10-09 07:08:18.914558
2026-10-08 09:00:00,DOT,1,0.016245844665579375,0.00824654351513031,0.021311132002793488,0,1,1,2026-10-09 07:08:18.914558
2026-10-08 10:00:00,DOT,1,0.008992866360563838,0.00824654351513031,0.021311132002793488,0,1,1,2026-10-09 07:08:18.914558
2026-10-08 11:00:00,DOT,1,0.002713705871596162,0.008333175114121107,0.021311132002793488,1,1,1,2026-10-09 07:08:18.914558
2026-10-08 12:00:00,DOT,1,0.0027210901143607247,0.008333175114121107,0.021311132002793488,1,1,1,2026-10-09 07:08:18.914558
2026-10-08 13:00:00,DOT,1,0.008141157583699866,0.00824654351513031,0.021311132002793488,1,1,1,2026-10-09 07:08:18.914558
2026-10-08 14:00:00,DOT,1,0.0045146803545266945,0.008195158662823889,0.021311132002793488,1,1,1,2026-10-09 07:08:18.914558
2026-10-08 15:00:00,DOT,1,0.06834666791034513,0.008176259534211352,0.020847798958686648,0,0,1,2026-10-09 07:08:18.914558
2026-10-08 16:00:00,DOT,1,0.002911210207458553,0.008176259534211352,0.020847798958686648,1,1,1,2026-10-09 07:08:18.914558
2026-10-08 17:00:00,DOT,1,0.011730339785489716,0.008176259534211352,0.020847798958686648,0,1,1,2026-10-09 07:08:18.914558
2026-10-08 18:00:00,DOT,1,0.017544309650909525,0.008176259534211352,0.020776006357834574,0,1,1,2026-10-09 07:08:18.914558
2026-10-08 19:00:00,DOT,1,0.010571938925398896,0.008176259534211352,0.020776006357834574,0,1,1,2026-10-09 07:08:18.914558
2026-10-08 20:00:00,DOT,1,0.03660662134969161,0.008176259534211352,0.020410628814972447,0,0,1,2026-10-09 07:08:18.914558
2026-10-08 21:00:00,DOT,1,0.007346222201978559,0.008195158662823889,0.020776006357834574,1,1,1,2026-10-09 07:08:18.914558
2026-10-08 22:00:00,DOT,1,0.01001373866050222,0.008195158662823889,0.020776006357834574,0,1,1,2026-10-09 07:08:18.914558
2026-10-08 23:00:00,DOT,1,0.012762251613851293,0.00824654351513031,0.020776006357834574,0,1,1,2026-10-09 07:08:18.914558
2026-10-09 00:00:00,DOT,1,0.028043447848970556,0.008333175114121107,0.020776006357834574,0,0,1,2026-10-09 07:08:18.914558
2026-10-09 01:00:00,DOT,1,0.01768392678991583,0.008333175114121107,0.020776006357834574,0,1,1,2026-10-09 07:08:18.914558
2026-10-09 02:00:00,DOT,1,0.0017513139327351016,0.008333175114121107,0.020776006357834574,1,1,1,2026-10-09 07:08:18.914558
2026-10-09 03:00:00,DOT,1,0.007843177461025879,0.00824654351513031,0.020776006357834574,1,1,1,2026-10-09 07:08:18.914558
2026-10-09 04:00:00,DOT,1,0.006920442844573757,0.00824654351513031,0.020776006357834574,1,1,1,2026-10-09 07:08:18.914558
2026-10-09 05:00:00,DOT,1,0.0,0.008195158662823889,0.020776006357834574,1,1,1,2026-10-09 07:08:18.914558
2026-10-09 06:00:00,DOT,1,0.006016348186145694,0.008176259534211352,0.020410628814972447,1,1,1,2026-10-09 07:08:18.914558
2026-10-07 07:00:00,UNI,1,0.0030482252463156466,0.009394767270265128,0.025005912339251615,1,1,1,2026-10-09 07:08:18.914558
2026-10-07 07:00:00,UNI,24,0.05595602609685655,0.04414775376009889,0.14807656138844189,0,1,1,2026-10-09 07:08:18.914558
2026-10-07 08:00:00,UNI,1,0.011174672678081726,0.009394767270265128,0.025005912339251615,0,1,1,2026-10-09 07:08:18.914558
2026-10-07 08:00:00,UNI,24,0.051235452097750954,0.04416980736595091,0.14807656138844189,0,1,1,2026-10-09 07:08:18.914558
2026-10-07 09:00:00,UNI,1,0.0065663371656229375,0.009415923276401594,0.025005912339251615,1,1,1,2026-10-09 07:08:18.914558
2026-10-07 09:00:00,UNI,24,0.041218261382864364,0.04419988000743676,0.14807656138844189,1,1,1,2026-10-09 07:08:18.914558
2026-10-07 10:00:00,UNI,1,0.007235560509094607,0.009394767270265128,0.025005912339251615,1,1,1,2026-10-09 07:08:18.914558
2026-10-07 10:00:00,UNI,24,0.02542936621381713,0.044377743531593794,0.14807656138844189,1,1,1,2026-10-09 07:08:18.914558
2026-10-07 11:00:00,UNI,1,0.0012528190062594375,0.009386119031309637,0.025005912339251615,1,1,1,2026-10-09 07:08:18.914558
2026-10-07 11:00:00,UNI,24,0.02947742330674973,0.04467265028240002,0.14807656138844189,1,1,1,2026-10-09 07:08:18.914558
2026-10-07 12:00:00,UNI,1,0.0022590371052801897,0.009386119031309637,0.025005912339251615,1,1,1,2026-10-09 07:08:18.914558
2026-10-07 12:00:00,UNI,24,0.032618511602313764,0.044708190652847785,0.14807656138844189,1,1,1,2026-10-09 07:08:18.914558
2026-10-07 13:00:00,UNI,1,0.003902566796025402,0.009313951209660535,0.025005912339251615,1,1,1,2026-10-09 07:08:18.914558
2026-10-07 13:00:00,UNI,24,0.04971407369202662,0.04524717196667834,0.14807656138844189,0,1,1,2026-10-09 07:08:18.914558
2026-10-07 14:00:00,UNI,1,0.012949273239466184,0.009313951209660535,0.025005912339251615,0,1,1,2026-10-09 07:08:18.914558
2026-10-07 14:00:00,UNI,24,0.04198942646062985,0.04541971227432899,0.14807656138844189,1,1,1,2026-10-09 07:08:18.914558
2026-10-07 15:00:00,UNI,1,0.0028071984748413666,0.009313951209660535,0.025005912339251615,1,1,1,2026-10-09 07:08:18.914558
2026-10-07 15:00:00,UNI,24,0.02654392910424021,0.04554561609469071,0.14807656138844189,1,1,1,2026-10-09 07:08:18.914558
2026-10-07 16:00:00,UNI,1,0.0017854870194224171,0.009284154217862018,0.02492849615753235,1,1,1,2026-10-09 07:08:18.914558
2026-10-07 16:00:00,UNI,24,0.06910209545079773,0.045568200099709605,0.14807656138844189,0,1,1,2026-10-09 07:08:18.914558
2026-10-07 17:00:00,UNI,1,0.0006384473178624088,0.009245529045186612,0.02492849615753235,1,1,1,2026-10-09 07:08:18.914558
2026-10-07 17:00:00,UNI,24,0.09150074845892472,0.045568200099709605,0.14807656138844189,0,1,1,2026-10-09 07:08:18.914558
2026-10-07 18:00:00,UNI,1,0.011691531647455776,0.009245529045186612,0.02492849615753235,0,1,1,2026-10-09 07:08:18.914558
2026-10-07 18:00:00,UNI,24,0.10452352339015333,0.0457460821499318,0.14807656138844189,0,1,1,2026-10-09 07:08:18.914558
2026-10-07 19:00:00,UNI,1,0.00528453894631565,0.009284154217862018,0.02492849615753235,1,1,1,2026-10-09 07:08:18.914558
2026-10-07 19:00:00,UNI,24,0.07164565037109538,0.045821549127872764,0.14807656138844189,0,1,1,2026-10-09 07:08:18.914558
2026-10-07 20:00:00,UNI,1,0.0020547072851028357,0.009245529045186612,0.02492849615753235,1,1,1,2026-10-09 07:08:18.914558
2026-10-07 20:00:00,UNI,24,0.0689102348265273,0.045858901593686906,0.14807656138844189,0,1,1,2026-10-09 07:08:18.914558
2026-10-07 21:00:00,UNI,1,0.004371310637737995,0.009245529045186612,0.02492849615753235,1,1,1,2026-10-09 07:08:18.914558
2026-10-07 21:00:00,UNI,24,0.057694345827157226,0.04608728803095953,0.14807656138844189,0,1,1,2026-10-09 07:08:18.914558
2026-10-07 22:00:00,UNI,1,0.01102010127333448,0.009245529045186612,0.02492849615753235,0,1,1,2026-10-09 07:08:18.914558
2026-10-07 22:00:00,UNI,24,0.05250792850117041,0.04612588221777179,0.14807656138844189,0,1,1,2026-10-09 07:08:18.914558
2026-10-07 23:00:00,UNI,1,0.007996488634226355,0.009245529045186612,0.02492849615753235,1,1,1,2026-10-09 07:08:18.914558
2026-10-07 23:00:00,UNI,24,0.06706496721224592,0.04612588221777179,0.14807656138844189,0,1,1,2026-10-09 07:08:18.914558
2026-10-08 00:00:00,UNI,1,0.005169925139783949,0.009245529045186612,0.02492849615753235,1,1,1,2026-10-09 07:08:18.914558
2026-10-08 00:00:00,UNI,24,0.10522005635567813,0.04612588221777179,0.14807656138844189,0,1,1,2026-10-09 07:08:18.914558
2026-10-08 01:00:00,UNI,1,0.003780246437203693,0.009245529045186612,0.02492849615753235,1,1,1,2026-10-09 07:08:18.914558
2026-10-08 01:00:00,UNI,24,0.10046746279898935,0.046730762715365984,0.14807656138844189,0,1,1,2026-10-09 07:08:18.914558
2026-10-08 02:00:00,UNI,1,0.0025217514309312326,0.00916517143522766,0.024863310818744152,1,1,1,2026-10-09 07:08:18.914558
2026-10-08 02:00:00,UNI,24,0.08150613540819389,0.046730762715365984,0.14807656138844189,0,1,1,2026-10-09 07:08:18.914558
2026-10-08 03:00:00,UNI,1,0.00872705216312156,0.009127851406968833,0.024863310818744152,1,1,1,2026-10-09 07:08:18.914558
2026-10-08 03:00:00,UNI,24,0.08006369601451374,0.046730762715365984,0.14807656138844189,0,1,1,2026-10-09 07:08:18.914558
2026-10-08 04:00:00,UNI,1,0.007779163121791995,0.009127851406968833,0.024863310818744152,1,1,1,2026-10-09 07:08:18.914558
2026-10-08 04:00:00,UNI,24,0.06589445354870702,0.046730762715365984,0.14807656138844189,0,1,1,2026-10-09 07:08:18.914558
2026-10-08 05:00:00,UNI,1,0.012885115777336649,0.009127851406968833,0.024863310818744152,0,1,1,2026-10-09 07:08:18.914558
2026-10-08 05:00:00,UNI,24,0.06423984172502924,0.046730762715365984,0.14807656138844189,0,1,1,2026-10-09 07:08:18.914558
2026-10-08 06:00:00,UNI,1,0.007236108586686698,0.00916517143522766,0.024863310818744152,1,1,1,2026-10-09 07:08:18.914558
2026-10-08 06:00:00,UNI,24,0.044823201843310026,0.04689930888685627,0.14807656138844189,1,1,1,2026-10-09 07:08:18.914558
2026-10-08 07:00:00,UNI,1,0.0016723487527898916,0.00916517143522766,0.024863310818744152,1,1,1,2026-10-09 07:08:18.914558
2026-10-08 07:00:00,UNI,24,0.04328199393463205,0.04699906182865793,0.14807656138844189,1,1,1,2026-10-09 07:08:18.914558
2026-10-08 08:00:00,UNI,1,0.0011574819631950865,0.00916517143522766,0.024863310818744152,1,1,1,2026-10-09 07:08:18.914558
2026-10-08 09:00:00,UNI,1,0.009222558003424282,0.00916517143522766,0.024863310818744152,0,1,1,2026-10-09 07:08:18.914558
2026-10-08 10:00:00,UNI,1,0.011283617602027283,0.009218118403148417,0.024863310818744152,0,1,1,2026-10-09 07:08:18.914558
2026-10-08 11:00:00,UNI,1,0.004393907301823438,0.009218118403148417,0.024863310818744152,1,1,1,2026-10-09 07:08:18.914558
2026-10-08 12:00:00,UNI,1,0.0193545991949931,0.009218118403148417,0.024863310818744152,0,1,1,2026-10-09 07:08:18.914558
2026-10-08 13:00:00,UNI,1,0.0038220804353714184,0.009249968645462393,0.024863310818744152,1,1,1,2026-10-09 07:08:18.914558
2026-10-08 14:00:00,UNI,1,0.0024962241169235143,0.009249968645462393,0.024863310818744152,1,1,1,2026-10-09 07:08:18.914558
2026-10-08 15:00:00,UNI,1,0.03975096787171621,0.009249968645462393,0.024863310818744152,0,0,1,2026-10-09 07:08:18.914558
2026-10-08 16:00:00,UNI,1,0.024184140027549476,0.009284154217862018,0.02492849615753235,0,1,1,2026-10-09 07:08:18.914558
2026-10-08 17:00:00,UNI,1,0.013661222249090974,0.009284154217862018,0.02492849615753235,0,1,1,2026-10-09 07:08:18.914558
2026-10-08 18:00:00,UNI,1,0.021186341371602246,0.009313951209660535,0.02492849615753235,0,1,1,2026-10-09 07:08:18.914558
2026-10-08 19:00:00,UNI,1,0.008019954490883887,0.009386119031309637,0.02492849615753235,1,1,1,2026-10-09 07:08:18.914558
2026-10-08 20:00:00,UNI,1,0.013270596284472757,0.009386119031309637,0.02492849615753235,0,1,1,2026-10-09 07:08:18.914558
2026-10-08 21:00:00,UNI,1,0.0008151066882487424,0.009394767270265128,0.02492849615753235,1,1,1,2026-10-09 07:08:18.914558
2026-10-08 22:00:00,UNI,1,0.0035369374377410456,0.009394767270265128,0.02492849615753235,1,1,1,2026-10-09 07:08:18.914558
2026-10-08 23:00:00,UNI,1,0.030158600509205897,0.009386119031309637,0.02492849615753235,0,0,1,2026-10-09 07:08:18.914558
2026-10-09 00:00:00,UNI,1,0.009922518696472477,0.009394767270265128,0.025005912339251615,0,1,1,2026-10-09 07:08:18.914558
2026-10-09 01:00:00,UNI,1,0.015181080953591787,0.009415923276401594,0.025005912339251615,0,1,1,2026-10-09 07:08:18.914558
2026-10-09 02:00:00,UNI,1,0.003964190824611453,0.009423587308120958,0.025005912339251615,1,1,1,2026-10-09 07:08:18.914558
2026-10-09 03:00:00,UNI,1,0.005442190302685036,0.009423587308120958,0.025005912339251615,1,1,1,2026-10-09 07:08:18.914558
2026-10-09 04:00:00,UNI,1,0.0061245512981142605,0.009423587308120958,0.025005912339251615,1,1,1,2026-10-09 07:08:18.914558
2026-10-09 05:00:00,UNI,1,0.006531524104382463,0.009415923276401594,0.025005912339251615,1,1,1,2026-10-09 07:08:18.914558
2026-10-09 06:00:00,UNI,1,0.008777316495364769,0.009415923276401594,0.025005912339251615,1,1,1,2026-10-09 07:08:18.914558
2026-10-07 07:00:00,AAVE,1,0.0015855940804266125,0.007690953575559014,0.018358135919401955,1,1,1,2026-10-09 07:08:18.914558
2026-10-07 07:00:00,AAVE,24,0.0196566525495516,0.046809901239535545,0.09689772905637149,1,1,1,2026-10-09 07:08:18.914558
2026-10-07 08:00:00,AAVE,1,0.006938153400951414,0.007682726638385696,0.018358135919401955,1,1,1,2026-10-09 07:08:18.914558
2026-10-07 08:00:00,AAVE,24,0.023626306827793285,0.046809901239535545,0.09689772905637149,1,1,1,2026-10-09 07:08:18.914558
2026-10-07 09:00:00,AAVE,1,0.004633212921488143,0.007645309854968652,0.018358135919401955,1,1,1,2026-10-09 07:08:18.914558
2026-10-07 09:00:00,AAVE,24,0.01750087842223322,0.046809901239535545,0.09689772905637149,1,1,1,2026-10-09 07:08:18.914558
2026-10-07 10:00:00,AAVE,1,0.008058989046611176,0.007645309854968652,0.018358135919401955,0,1,1,2026-10-09 07:08:18.914558
2026-10-07 10:00:00,AAVE,24,0.009794397592287585,0.046809901239535545,0.09689772905637149,1,1,1,2026-10-09 07:08:18.914558
2026-10-07 11:00:00,AAVE,1,0.0073090411817028095,0.007682726638385696,0.018358135919401955,1,1,1,2026-10-09 07:08:18.914558
2026-10-07 11:00:00,AAVE,24,0.0119775837413361,0.046809901239535545,0.09689772905637149,1,1,1,2026-10-09 07:08:18.914558
2026-10-07 12:00:00,AAVE,1,0.002674575697493525,0.007682726638385696,0.018358135919401955,1,1,1,2026-10-09 07:08:18.914558
2026-10-07 12:00:00,AAVE,24,0.005078078911708107,0.04687321208586158,0.09689772905637149,1,1,1,2026-10-09 07:08:18.914558
2026-10-07 13:00:00,AAVE,1,0.0014526862719110196,0.007645309854968652,0.018358135919401955,1,1,1,2026-10-09 07:08:18.914558
2026-10-07 13:00:00,AAVE,24,0.014976294888430438,0.047314475651960834,0.09689772905637149,1,1,1,2026-10-09 07:08:18.914558
2026-10-07 14:00:00,AAVE,1,0.008350169682204634,0.007635758258856847,0.018358135919401955,0,1,1,2026-10-09 07:08:18.914558
2026-10-07 14:00:00,AAVE,24,0.009817176957594924,0.04742511480106238,0.09689772905637149,1,1,1,2026-10-09 07:08:18.914558
2026-10-07 15:00:00,AAVE,1,0.007943039074900224,0.007645309854968652,0.018358135919401955,0,1,1,2026-10-09 07:08:18.914558
2026-10-07 15:00:00,AAVE,24,0.0131649830560519,0.04762712884122825,0.09689772905637149,1,1,1,2026-10-09 07:08:18.914558
2026-10-07 16:00:00,AAVE,1,0.0012806335064152405,0.007645309854968652,0.018358135919401955,1,1,1,2026-10-09 07:08:18.914558
2026-10-07 16:00:00,AAVE,24,0.04102804638545054,0.04768082465291261,0.09689772905637149,1,1,1,2026-10-09 07:08:18.914558
2026-10-07 17:00:00,AAVE,1,0.002624596881508696,0.007635758258856847,0.018358135919401955,1,1,1,2026-10-09 07:08:18.914558
2026-10-07 17:00:00,AAVE,24,0.045034411308402994,0.04768082465291261,0.09689772905637149,1,1,1,2026-10-09 07:08:18.914558
2026-10-07 18:00:00,AAVE,1,0.005997281360147877,0.007635758258856847,0.018358135919401955,1,1,1,2026-10-09 07:08:18.914558
2026-10-07 18:00:00,AAVE,24,0.059865697117875885,0.04786896828288935,0.09689772905637149,0,1,1,2026-10-09 07:08:18.914558
2026-10-07 19:00:00,AAVE,1,0.0015661710327448761,0.007635758258856847,0.018358135919401955,1,1,1,2026-10-09 07:08:18.914558
2026-10-07 19:00:00,AAVE,24,0.047919766342699795,0.047947844821021796,0.09689772905637149,1,1,1,2026-10-09 07:08:18.914558
2026-10-07 20:00:00,AAVE,1,0.010206818132202823,0.007635758258856847,0.018358135919401955,0,1,1,2026-10-09 07:08:18.914558
2026-10-07 20:00:00,AAVE,24,0.03810153441624867,0.04803863874740486,0.09689772905637149,1,1,1,2026-10-09 07:08:18.914558
2026-10-07 21:00:00,AAVE,1,0.006504181561915932,0.007645309854968652,0.018358135919401955,1,1,1,2026-10-09 07:08:18.914558
2026-10-07 21:00:00,AAVE,24,0.04278414010922016,0.04803863874740486,0.09689772905637149,1,1,1,2026-10-09 07:08:18.914558
2026-10-07 22:00:00,AAVE,1,0.002249589966090588,0.007645309854968652,0.018358135919401955,1,1,1,2026-10-09 07:08:18.914558
2026-10-07 22:00:00,AAVE,24,0.03215673420504126,0.04803863874740486,0.09689772905637149,1,1,1,2026-10-09 07:08:18.914558
2026-10-07 23:00:00,AAVE,1,0.0029916027374280074,0.007645309854968652,0.018358135919401955,1,1,1,2026-10-09 07:08:18.914558
2026-10-07 23:00:00,AAVE,24,0.035898282792405686,0.04803863874740486,0.09689772905637149,1,1,1,2026-10-09 07:08:18.914558
2026-10-08 00:00:00,AAVE,1,0.005472206276593205,0.007645309854968652,0.018358135919401955,1,1,1,2026-10-09 07:08:18.914558
2026-10-08 00:00:00,AAVE,24,0.04650360295445579,0.04803863874740486,0.09689772905637149,1,1,1,2026-10-09 07:08:18.914558
2026-10-08 01:00:00,AAVE,1,0.004265136148713706,0.007645309854968652,0.018358135919401955,1,1,1,2026-10-09 07:08:18.914558
2026-10-08 01:00:00,AAVE,24,0.04356212832501282,0.04803863874740486,0.09689772905637149,1,1,1,2026-10-09 07:08:18.914558
2026-10-08 02:00:00,AAVE,1,0.011266597115612785,0.007645309854968652,0.018358135919401955,0,1,1,2026-10-09 07:08:18.914558
2026-10-08 02:00:00,AAVE,24,0.044454376857649816,0.04803863874740486,0.09689772905637149,1,1,1,2026-10-09 07:08:18.914558
2026-10-08 03:00:00,AAVE,1,0.01541621980688023,0.007645309854968652,0.018358135919401955,0,1,1,2026-10-09 07:08:18.914558
2026-10-08 03:00:00,AAVE,24,0.059818105691248354,0.04803863874740486,0.09689772905637149,0,1,1,2026-10-09 07:08:18.914558
2026-10-08 04:00:00,AAVE,1,0.002602285695798143,0.007682726638385696,0.018358135919401955,1,1,1,2026-10-09 07:08:18.914558
2026-10-08 04:00:00,AAVE,24,0.04060544274548896,0.04803863874740486,0.09689772905637149,1,1,1,2026-10-09 07:08:18.914558
2026-10-08 05:00:00,AAVE,1,0.005865460063512249,0.007682726638385696,0.018358135919401955,1,1,1,2026-10-09 07:08:18.914558
2026-10-08 05:00:00,AAVE,24,0.04476238616335045,0.04803863874740486,0.09689772905637149,1,1,1,2026-10-09 07:08:18.914558
2026-10-08 06:00:00,AAVE,1,0.009275966563033472,0.007682726638385696,0.018358135919401955,0,1,1,2026-10-09 07:08:18.914558
2026-10-08 06:00:00,AAVE,24,0.018280110519784367,0.04803863874740486,0.09689772905637149,1,1,1,2026-10-09 07:08:18.914558
2026-10-08 07:00:00,AAVE,1,0.005555248358668214,0.007690953575559014,0.018358135919401955,1,1,1,2026-10-09 07:08:18.914558
2026-10-08 07:00:00,AAVE,24,0.02536367849185514,0.04803863874740486,0.09689772905637149,1,1,1,2026-10-09 07:08:18.914558
2026-10-08 08:00:00,AAVE,1,0.0008127249953913074,0.007690953575559014,0.018358135919401955,1,1,1,2026-10-09 07:08:18.914558
2026-10-08 09:00:00,AAVE,1,0.0030732679084573334,0.007690953575559014,0.018358135919401955,1,1,1,2026-10-09 07:08:18.914558
2026-10-08 10:00:00,AAVE,1,0.01024217519565965,0.007682726638385696,0.018358135919401955,0,1,1,2026-10-09 07:08:18.914558
2026-10-08 11:00:00,AAVE,1,0.00040953635207486585,0.007690953575559014,0.018358135919401955,1,1,1,2026-10-09 07:08:18.914558
2026-10-08 12:00:00,AAVE,1,0.007223640279228689,0.007690953575559014,0.018358135919401955,1,1,1,2026-10-09 07:08:18.914558
2026-10-08 13:00:00,AAVE,1,0.003706431658924597,0.007690953575559014,0.018358135919401955,1,1,1,2026-10-09 07:08:18.914558
2026-10-08 14:00:00,AAVE,1,0.014631990331442012,0.007682726638385696,0.018358135919401955,0,1,1,2026-10-09 07:08:18.914558
2026-10-08 15:00:00,AAVE,1,0.04624999036660219,0.007682726638385696,0.018358135919401955,0,0,1,2026-10-09 07:08:18.914558
2026-10-08 16:00:00,AAVE,1,0.00528699842936774,0.007682726638385696,0.018504758263628004,1,1,1,2026-10-09 07:08:18.914558
2026-10-08 17:00:00,AAVE,1,0.017455882690981594,0.007682726638385696,0.018504758263628004,0,1,1,2026-10-09 07:08:18.914558
2026-10-08 18:00:00,AAVE,1,0.017943212135323933,0.007682726638385696,0.018504758263628004,0,1,1,2026-10-09 07:08:18.914558
2026-10-08 19:00:00,AAVE,1,0.011384402959196209,0.007690953575559014,0.018504758263628004,0,1,1,2026-10-09 07:08:18.914558
2026-10-08 20:00:00,AAVE,1,0.0055242124392313125,0.007699700531882563,0.018504758263628004,1,1,1,2026-10-09 07:08:18.914558
2026-10-08 21:00:00,AAVE,1,0.004123224342262951,0.007699700531882563,0.018504758263628004,1,1,1,2026-10-09 07:08:18.914558
2026-10-08 22:00:00,AAVE,1,0.0014919586212739438,0.007699700531882563,0.018504758263628004,1,1,1,2026-10-09 07:08:18.914558
2026-10-08 23:00:00,AAVE,1,0.007613717424622076,0.007699700531882563,0.018504758263628004,1,1,1,2026-10-09 07:08:18.914558
2026-10-09 00:00:00,AAVE,1,0.0025307316471502527,0.007699700531882563,0.018504758263628004,1,1,1,2026-10-09 07:08:18.914558
2026-10-09 01:00:00,AAVE,1,0.0033728876160767736,0.007699700531882563,0.018504758263628004,1,1,1,2026-10-09 07:08:18.914558
2026-10-09 02:00:00,AAVE,1,0.004097131717985663,0.007699700531882563,0.018504758263628004,1,1,1,2026-10-09 07:08:18.914558
2026-10-09 03:00:00,AAVE,1,0.003796443138879105,0.007699700531882563,0.018504758263628004,1,1,1,2026-10-09 07:08:18.914558
2026-10-09 04:00:00,AAVE,1,0.006759229113659525,0.007699700531882563,0.018504758263628004,1,1,1,2026-10-09 07:08:18.914558
2026-10-09 05:00:00,AAVE,1,0.02061681558005382,0.007690953575559014,0.018504758263628004,0,0,1,2026-10-09 07:08:18.914558
2026-10-09 06:00:00,AAVE,1,0.0021923985909626967,0.007690953575559014,0.018591203791212218,1,1,1,2026-10-09 07:08:18.914558
2026-10-07 07:00:00,NEAR,1,0.0027032262068615925,0.012848665595570151,0.030938286380966597,1,1,1,2026-10-09 07:08:18.914558
2026-10-07 07:00:00,NEAR,24,0.060238893749935685,0.06864657742576936,0.17871627932331932,1,1,1,2026-10-09 07:08:18.914558
2026-10-07 08:00:00,NEAR,1,0.00368039156352389,0.012827995419585358,0.030376608957021805,1,1,1,2026-10-09 07:08:18.914558
2026-10-07 08:00:00,NEAR,24,0.039614769597671684,0.06864657742576936,0.17871627932331932,1,1,1,2026-10-09 07:08:18.914558
2026-10-07 09:00:00,NEAR,1,0.03354695004681968,0.01277966193835613,0.030376608957021805,0,0,1,2026-10-09 07:08:18.914558
2026-10-07 09:00:00,NEAR,24,0.011384589916511534,0.06864657742576936,0.17871627932331932,1,1,1,2026-10-09 07:08:18.914558
2026-10-07 10:00:00,NEAR,1,0.01177070946646065,0.012827995419585358,0.030938286380966597,1,1,1,2026-10-09 07:08:18.914558
2026-10-07 10:00:00,NEAR,24,0.060919699335439746,0.06864657742576936,0.17871627932331932,1,1,1,2026-10-09 07:08:18.914558
2026-10-07 11:00:00,NEAR,1,0.001389302595202402,0.012827995419585358,0.030938286380966597,1,1,1,2026-10-09 07:08:18.914558
2026-10-07 11:00:00,NEAR,24,0.023908644218668017,0.06864657742576936,0.17871627932331932,1,1,1,2026-10-09 07:08:18.914558
2026-10-07 12:00:00,NEAR,1,0.007124510642356299,0.012827995419585358,0.030938286380966597,1,1,1,2026-10-09 07:08:18.914558
2026-10-07 12:00:00,NEAR,24,0.009881503329997552,0.06864657742576936,0.17871627932331932,1,1,1,2026-10-09 07:08:18.914558
2026-10-07 13:00:00,NEAR,1,0.002363601651883644,0.012827995419585358,0.030938286380966597,1,1,1,2026-10-09 07:08:18.914558
2026-10-07 13:00:00,NEAR,24,0.0005914243642081711,0.06864657742576936,0.17871627932331932,1,1,1,2026-10-09 07:08:18.914558
2026-10-07 14:00:00,NEAR,1,0.010879347736764636,0.012827995419585358,0.030938286380966597,1,1,1,2026-10-09 07:08:18.914558
2026-10-07 14:00:00,NEAR,24,0.016863806052004805,0.06864657742576936,0.17871627932331932,1,1,1,2026-10-09 07:08:18.914558
2026-10-07 15:00:00,NEAR,1,0.001589825454099777,0.012827995419585358,0.030938286380966597,1,1,1,2026-10-09 07:08:18.914558
2026-10-07 15:00:00,NEAR,24,0.004584877960817037,0.06864657742576936,0.17871627932331932,1,1,1,2026-10-09 07:08:18.914558
2026-10-07 16:00:00,NEAR,1,0.021801904488516773,0.01277966193835613,0.030938286380966597,0,1,1,2026-10-09 07:08:18.914558
2026-10-07 16:00:00,NEAR,24,0.08340750974758933,0.06864657742576936,0.17871627932331932,0,1,1,2026-10-09 07:08:18.914558
2026-10-07 17:00:00,NEAR,1,0.0005826940050273827,0.012827995419585358,0.030938286380966597,1,1,1,2026-10-09 07:08:18.914558
2026-10-07 17:00:00,NEAR,24,0.10348416041157874,0.06864657742576936,0.17871627932331932,0,1,1,2026-10-09 07:08:18.914558
2026-10-07 18:00:00,NEAR,1,0.022843876551503887,0.012827995419585358,0.030938286380966597,0,1,1,2026-10-09 07:08:18.914558
2026-10-07 18:00:00,NEAR,24,0.15059713061860064,0.06864657742576936,0.17871627932331932,0,1,1,2026-10-09 07:08:18.914558
2026-10-07 19:00:00,NEAR,1,0.013385061744954657,0.012848665595570151,0.030938286380966597,0,1,1,2026-10-09 07:08:18.914558
2026-10-07 19:00:00,NEAR,24,0.1537711731813373,0.06864657742576936,0.17871627932331932,0,1,1,2026-10-09 07:08:18.914558
2026-10-07 20:00:00,NEAR,1,0.013023439886286823,0.012884797799651891,0.030938286380966597,0,1,1,2026-10-09 07:08:18.914558
2026-10-07 20:00:00,NEAR,24,0.1544003988946068,0.06864657742576936,0.17871627932331932,0,1,1,2026-10-09 07:08:18.914558
2026-10-07 21:00:00,NEAR,1,0.02394427898344967,0.012902157593483033,0.030938286380966597,0,1,1,2026-10-09 07:08:18.914558
2026-10-07 21:00:00,NEAR,24,0.16306273287188086,0.06864657742576936,0.17871627932331932,0,1,1,2026-10-09 07:08:18.914558
2026-10-07 22:00:00,NEAR,1,0.01689546478605069,0.012918742642768684,0.030938286380966597,0,1,1,2026-10-09 07:08:18.914558
2026-10-07 22:00:00,NEAR,24,0.15314147070918063,0.06849597649151512,0.17871627932331932,0,1,1,2026-10-09 07:08:18.914558
2026-10-07 23:00:00,NEAR,1,0.006911393907274443,0.01293545385747033,0.030938286380966597,1,1,1,2026-10-09 07:08:18.914558
2026-10-07 23:00:00,NEAR,24,0.16893427797916424,0.06849597649151512,0.17871627932331932,0,1,1,2026-10-09 07:08:18.914558
2026-10-08 00:00:00,NEAR,1,0.0028155814001636324,0.01293545385747033,0.030938286380966597,1,1,1,2026-10-09 07:08:18.914558
2026-10-08 00:00:00,NEAR,24,0.17824365967470676,0.06849597649151512,0.17871627932331932,0,1,1,2026-10-09 07:08:18.914558
2026-10-08 01:00:00,NEAR,1,0.002823531287606718,0.012918742642768684,0.030938286380966597,1,1,1,2026-10-09 07:08:18.914558
2026-10-08 01:00:00,NEAR,24,0.16296130950941332,0.06849597649151512,0.17871627932331932,0,1,1,2026-10-09 07:08:18.914558
2026-10-08 02:00:00,NEAR,1,0.015338871632450186,0.012918742642768684,0.030938286380966597,0,1,1,2026-10-09 07:08:18.914558
2026-10-08 02:00:00,NEAR,24,0.12492440299722729,0.06849597649151512,0.17871627932331932,0,1,1,2026-10-09 07:08:18.914558
2026-10-08 03:00:00,NEAR,1,0.010262241381934371,0.012918742642768684,0.030938286380966597,1,1,1,2026-10-09 07:08:18.914558
2026-10-08 03:00:00,NEAR,24,0.14047688138046313,0.06864657742576936,0.17871627932331932,0,1,1,2026-10-09 07:08:18.914558
2026-10-08 04:00:00,NEAR,1,0.004677714582361176,0.012918742642768684,0.030938286380966597,1,1,1,2026-10-09 07:08:18.914558
2026-10-08 04:00:00,NEAR,24,0.1084493856681316,0.06867371639429884,0.17871627932331932,0,1,1,2026-10-09 07:08:18.914558
2026-10-08 05:00:00,NEAR,1,0.004284257274869612,0.012918742642768684,0.030938286380966597,1,1,1,2026-10-09 07:08:18.914558
2026-10-08 05:00:00,NEAR,24,0.12723111259669878,0.06870303178593207,0.17871627932331932,0,1,1,2026-10-09 07:08:18.914558
2026-10-08 06:00:00,NEAR,1,0.023513206692715484,0.012918742642768684,0.030938286380966597,0,1,1,2026-10-09 07:08:18.914558
2026-10-08 06:00:00,NEAR,24,0.1053605156578264,0.06870303178593207,0.17871627932331932,0,1,1,2026-10-09 07:08:18.914558
2026-10-08 07:00:00,NEAR,1,0.023327350359125823,0.01293545385747033,0.030938286380966597,0,1,1,2026-10-09 07:08:18.914558
2026-10-08 07:00:00,NEAR,24,0.1278416240031694,0.06870303178593207,0.17871627932331932,0,1,1,2026-10-09 07:08:18.914558
2026-10-08 08:00:00,NEAR,1,0.03191057124468396,0.01293545385747033,0.030938286380966597,0,0,1,2026-10-09 07:08:18.914558
2026-10-08 09:00:00,NEAR,1,0.0159881593721085,0.012942227884908463,0.03100184574393951,0,1,1,2026-10-09 07:08:18.914558
2026-10-08 10:00:00,NEAR,1,0.025240345650311177,0.012966141712999053,0.03100184574393951,0,1,1,2026-10-09 07:08:18.914558
2026-10-08 11:00:00,NEAR,1,0.015416443483872756,0.012971997958166446,0.03100184574393951,0,1,1,2026-10-09 07:08:18.914558
2026-10-08 12:00:00,NEAR,1,0.0021655683234332026,0.013019351091287783,0.03100184574393951,1,1,1,2026-10-09 07:08:18.914558
2026-10-08 13:00:00,NEAR,1,0.015091628764329363,0.013019351091287783,0.03100184574393951,0,1,1,2026-10-09 07:08:18.914558
2026-10-08 14:00:00,NEAR,1,0.0013995803544232636,0.013047939074478357,0.03100184574393951,1,1,1,2026-10-09 07:08:18.914558
2026-10-08 15:00:00,NEAR,1,0.07723280633267253,0.013019351091287783,0.03100184574393951,0,0,1,2026-10-09 07:08:18.914558
2026-10-08 16:00:00,NEAR,1,0.0017252538245273673,0.013019351091287783,0.03147095708317451,1,1,1,2026-10-09 07:08:18.914558
2026-10-08 17:00:00,NEAR,1,0.046530276201994555,0.013019351091287783,0.03147095708317451,0,0,1,2026-10-09 07:08:18.914558
2026-10-08 18:00:00,NEAR,1,0.019669833988767316,0.013019351091287783,0.031707217075040504,0,1,1,2026-10-09 07:08:18.914558
2026-10-08 19:00:00,NEAR,1,0.012755836031685164,0.013047939074478357,0.031707217075040504,1,1,1,2026-10-09 07:08:18.914558
2026-10-08 20:00:00,NEAR,1,0.004361105909012478,0.013047939074478357,0.031707217075040504,1,1,1,2026-10-09 07:08:18.914558
2026-10-08 21:00:00,NEAR,1,0.0140230168207494,0.013047939074478357,0.031707217075040504,0,1,1,2026-10-09 07:08:18.914558
2026-10-08 22:00:00,NEAR,1,0.0011026575160670356,0.013055600086746723,0.031707217075040504,1,1,1,2026-10-09 07:08:18.914558
2026-10-08 23:00:00,NEAR,1,0.01622077560281692,0.013055600086746723,0.031707217075040504,0,1,1,2026-10-09 07:08:18.914558
2026-10-09 00:00:00,NEAR,1,0.012466768765129848,0.013129001744411424,0.031707217075040504,1,1,1,2026-10-09 07:08:18.914558
2026-10-09 01:00:00,NEAR,1,0.03521337522457935,0.013129001744411424,0.031707217075040504,0,0,1,2026-10-09 07:08:18.914558
2026-10-09 02:00:00,NEAR,1,0.00021360675078559044,0.013201947448564148,0.03191246799206401,1,1,1,2026-10-09 07:08:18.914558
2026-10-09 03:00:00,NEAR,1,0.02176525433039713,0.013129001744411424,0.03191246799206401,0,1,1,2026-10-09 07:08:18.914558
2026-10-09 04:00:00,NEAR,1,0.014104012346206025,0.013201947448564148,0.03191246799206401,0,1,1,2026-10-09 07:08:18.914558
2026-10-09 05:00:00,NEAR,1,0.02615485421374209,0.013201947448564148,0.03191246799206401,0,1,1,2026-10-09 07:08:18.914558
2026-10-09 06:00:00,NEAR,1,0.001032098347372409,0.01322662804526117,0.03191246799206401,1,1,1,2026-10-09 07:08:18.914558
2026-10-07 07:00:00,PEPE,1,0.002412546405383926,0.007841541318641135,0.02140568378531754,1,1,1,2026-10-09 07:08:18.914558
2026-10-07 07:00:00,PEPE,24,0.02445109586416431,0.03977132342689663,0.11504645266118636,1,1,1,2026-10-09 07:08:18.914558
2026-10-07 08:00:00,PEPE,1,0.009685305734463768,0.007841541318641135,0.02140568378531754,0,1,1,2026-10-09 07:08:18.914558
2026-10-07 08:00:00,PEPE,24,0.024391453124159124,0.039943353191626875,0.11504645266118636,1,1,1,2026-10-09 07:08:18.914558
2026-10-07 09:00:00,PEPE,1,0.0024360547978811158,0.007871586113315133,0.02140568378531754,1,1,1,2026-10-09 07:08:18.914558
2026-10-07 09:00:00,PEPE,24,0.022141125877213518,0.040131967556467266,0.11504645266118636,1,1,1,2026-10-09 07:08:18.914558
2026-10-07 10:00:00,PEPE,1,0.002436054797881121,0.007871586113315133,0.02140568378531754,1,1,1,2026-10-09 07:08:18.914558
2026-10-07 10:00:00,PEPE,24,0.007343974255758394,0.04023451241723175,0.11504645266118636,1,1,1,2026-10-09 07:08:18.914558
2026-10-07 11:00:00,PEPE,1,0.007326040092072786,0.007841541318641135,0.02140568378531754,1,1,1,2026-10-09 07:08:18.914558
2026-10-07 11:00:00,PEPE,24,0.017178336535084403,0.040246499370180565,0.11504645266118636,1,1,1,2026-10-09 07:08:18.914558
2026-10-07 12:00:00,PEPE,1,0.00491401480242904,0.007841541318641135,0.02140568378531754,1,1,1,2026-10-09 07:08:18.914558
2026-10-07 12:00:00,PEPE,24,0.012330612457478561,0.04033035690913678,0.11504645266118636,1,1,1,2026-10-09 07:08:18.914558
2026-10-07 13:00:00,PEPE,1,0.0024660924951934427,0.007822725681208453,0.021307011167740073,1,1,1,2026-10-09 07:08:18.914558
2026-10-07 13:00:00,PEPE,24,0.012391732295163497,0.04069825183829946,0.11504645266118636,1,1,1,2026-10-09 07:08:18.914558
2026-10-07 14:00:00,PEPE,1,0.007434978487518202,0.007821098049446534,0.021307011167740073,1,1,1,2026-10-09 07:08:18.914558
2026-10-07 14:00:00,PEPE,24,0.007434978487518202,0.040910682412495146,0.11504645266118636,1,1,1,2026-10-09 07:08:18.914558
2026-10-07 15:00:00,PEPE,1,0.009901070982711755,0.007821098049446534,0.021307011167740073,0,1,1,2026-10-09 07:08:18.914558
2026-10-07 15:00:00,PEPE,24,0.002484473327662187,0.041174210139943344,0.11504645266118636,1,1,1,2026-10-09 07:08:18.914558
2026-10-07 16:00:00,PEPE,1,0.004938281640582566,0.007821098049446534,0.021247982218243595,1,1,1,2026-10-09 07:08:18.914558
2026-10-07 16:00:00,PEPE,24,0.07942713363132178,0.041282707937667834,0.11504645266118636,0,1,1,2026-10-09 07:08:18.914558
2026-10-07 17:00:00,PEPE,1,0.00247831601446709,0.007783489092114952,0.02089596120116431,1,1,1,2026-10-09 07:08:18.914558
2026-10-07 17:00:00,PEPE,24,0.0798364583173346,0.041325161368427524,0.11504645266118636,0,1,1,2026-10-09 07:08:18.914558
2026-10-07 18:00:00,PEPE,1,0.004950505159856205,0.007564717603481057,0.02089596120116431,1,1,1,2026-10-09 07:08:18.914558
2026-10-07 18:00:00,PEPE,24,0.09630322854531682,0.04141821396138067,0.11504645266118636,0,1,1,2026-10-09 07:08:18.914558
2026-10-07 19:00:00,PEPE,1,0.0024660924951934683,0.007564717603481057,0.02089596120116431,1,1,1,2026-10-09 07:08:18.914558
2026-10-07 19:00:00,PEPE,24,0.07164187965852845,0.041463675293165164,0.11504645266118636,0,1,1,2026-10-09 07:08:18.914558
2026-10-07 20:00:00,PEPE,1,0.00736199644106904,0.007545690498215834,0.02089596120116431,1,1,1,2026-10-09 07:08:18.914558
2026-10-07 20:00:00,PEPE,24,0.06618190688130123,0.04147950885374138,0.11504645266118636,0,1,1,2026-10-09 07:08:18.914558
2026-10-07 21:00:00,PEPE,1,0.0049019706002066685,0.007545690498215834,0.02089596120116431,1,1,1,2026-10-09 07:08:18.914558
2026-10-07 21:00:00,PEPE,24,0.060471821755017335,0.04148060112071876,0.11504645266118636,0,1,1,2026-10-09 07:08:18.914558
2026-10-07 22:00:00,PEPE,1,0.002453988961566787,0.007545690498215834,0.02089596120116431,1,1,1,2026-10-09 07:08:18.914558
2026-10-07 22:00:00,PEPE,24,0.060778196261949045,0.04174630793584893,0.11504645266118636,0,1,1,2026-10-09 07:08:18.914558
2026-10-07 23:00:00,PEPE,1,0.00488998529419177,0.0075282664207918515,0.02089596120116431,1,1,1,2026-10-09 07:08:18.914558
2026-10-07 23:00:00,PEPE,24,0.05542980493933075,0.04179491141428805,0.11504645266118636,0,1,1,2026-10-09 07:08:18.914558
2026-10-08 00:00:00,PEPE,1,0.0,0.007525258845461167,0.02089596120116431,1,1,1,2026-10-09 07:08:18.914558
2026-10-08 00:00:00,PEPE,24,0.06812217051770744,0.04182416404483657,0.11504645266118636,0,1,1,2026-10-09 07:08:18.914558
2026-10-08 01:00:00,PEPE,1,0.0,0.007525258845461167,0.02089596120116431,1,1,1,2026-10-09 07:08:18.914558
2026-10-08 01:00:00,PEPE,24,0.06291382541056909,0.04182416404483657,0.11504645266118636,0,1,1,2026-10-09 07:08:18.914558
2026-10-08 02:00:00,PEPE,1,0.0,0.007525258845461167,0.02089596120116431,1,1,1,2026-10-09 07:08:18.914558
2026-10-08 02:00:00,PEPE,24,0.05257781607990713,0.04182416404483657,0.11504645266118636,0,1,1,2026-10-09 07:08:18.914558
2026-10-08 03:00:00,PEPE,1,0.007343974255758394,0.007487694043192051,0.02089596120116431,1,1,1,2026-10-09 07:08:18.914558
2026-10-08 03:00:00,PEPE,24,0.05257781607990713,0.04182416404483657,0.11504645266118636,0,1,1,2026-10-09 07:08:18.914558
2026-10-08 04:00:00,PEPE,1,0.007398307481444813,0.007487694043192051,0.02089596120116431,1,1,1,2026-10-09 07:08:18.914558
2026-10-08 04:00:00,PEPE,24,0.03755134565213248,0.04182416404483657,0.11504645266118636,1,1,1,2026-10-09 07:08:18.914558
2026-10-08 05:00:00,PEPE,1,0.004962789342129125,0.007487694043192051,0.02089596120116431,1,1,1,2026-10-09 07:08:18.914558
2026-10-08 05:00:00,PEPE,24,0.030153038170687672,0.04182416404483657,0.11504645266118636,1,1,1,2026-10-09 07:08:18.914558
2026-10-08 06:00:00,PEPE,1,0.004962789342129097,0.007487694043192051,0.02089596120116431,1,1,1,2026-10-09 07:08:18.914558
2026-10-08 06:00:00,PEPE,24,0.02010117932108704,0.04182416404483657,0.11504645266118636,1,1,1,2026-10-09 07:08:18.914558
2026-10-08 07:00:00,PEPE,1,0.002472189145389073,0.007487694043192051,0.02089596120116431,1,1,1,2026-10-09 07:08:18.914558
2026-10-08 07:00:00,PEPE,24,0.022529113060028222,0.04182416404483657,0.11504645266118636,1,1,1,2026-10-09 07:08:18.914558
2026-10-08 08:00:00,PEPE,1,0.007434978487518202,0.007487694043192051,0.02089596120116431,1,1,1,2026-10-09 07:08:18.914558
2026-10-08 09:00:00,PEPE,1,0.012361096823573926,0.007487694043192051,0.02089596120116431,0,1,1,2026-10-09 07:08:18.914558
2026-10-08 10:00:00,PEPE,1,0.007398307481444813,0.007525258845461167,0.02089596120116431,1,1,1,2026-10-09 07:08:18.914558
2026-10-08 11:00:00,PEPE,1,0.00247831601446709,0.007525258845461167,0.02089596120116431,1,1,1,2026-10-09 07:08:18.914558
2026-10-08 12:00:00,PEPE,1,0.004975134640113955,0.007525258845461167,0.02089596120116431,1,1,1,2026-10-09 07:08:18.914558
2026-10-08 13:00:00,PEPE,1,0.0024906613124518304,0.007525258845461167,0.02089596120116431,1,1,1,2026-10-09 07:08:18.914558
2026-10-08 14:00:00,PEPE,1,0.002484473327662187,0.007487694043192051,0.02089596120116431,1,1,1,2026-10-09 07:08:18.914558
2026-10-08 15:00:00,PEPE,1,0.07201053597627227,0.007451972881215312,0.02089596120116431,0,0,1,2026-10-09 07:08:18.914558
2026-10-08 16:00:00,PEPE,1,0.005347606326595353,0.007487694043192051,0.021247982218243595,1,1,1,2026-10-09 07:08:18.914558
2026-10-08 17:00:00,PEPE,1,0.018945086242449193,0.007487694043192051,0.021247982218243595,0,1,1,2026-10-09 07:08:18.914558
2026-10-08 18:00:00,PEPE,1,0.02961185404664444,0.007525258845461167,0.021247982218243595,0,0,1,2026-10-09 07:08:18.914558
2026-10-08 19:00:00,PEPE,1,0.007926065272420723,0.007525258845461167,0.021307011167740073,0,1,1,2026-10-09 07:08:18.914558
2026-10-08 20:00:00,PEPE,1,0.013072081567352921,0.007525258845461167,0.021307011167740073,0,1,1,2026-10-09 07:08:18.914558
2026-10-08 21:00:00,PEPE,1,0.005208345107138458,0.0075282664207918515,0.021307011167740073,1,1,1,2026-10-09 07:08:18.914558
2026-10-08 22:00:00,PEPE,1,0.00780238028418502,0.0075282664207918515,0.021307011167740073,0,1,1,2026-10-09 07:08:18.914558
2026-10-08 23:00:00,PEPE,1,0.007802380284185011,0.007545690498215834,0.021307011167740073,0,1,1,2026-10-09 07:08:18.914558
2026-10-09 00:00:00,PEPE,1,0.005208345107138481,0.007564717603481057,0.021307011167740073,1,1,1,2026-10-09 07:08:18.914558
2026-10-09 01:00:00,PEPE,1,0.010336009330662073,0.007545690498215834,0.021307011167740073,0,1,1,2026-10-09 07:08:18.914558
2026-10-09 02:00:00,PEPE,1,0.0,0.007545690498215834,0.021307011167740073,1,1,1,2026-10-09 07:08:18.914558
2026-10-09 03:00:00,PEPE,1,0.007682496172016211,0.007545690498215834,0.021307011167740073,0,1,1,2026-10-09 07:08:18.914558
2026-10-09 04:00:00,PEPE,1,0.0,0.007564717603481057,0.021307011167740073,1,1,1,2026-10-09 07:08:18.914558
2026-10-09 05:00:00,PEPE,1,0.005089069507471449,0.007545690498215834,0.021247982218243595,1,1,1,2026-10-09 07:08:18.914558
2026-10-09 06:00:00,PEPE,1,0.0025348556031881157,0.0075282664207918515,0.021247982218243595,1,1,1,2026-10-09 07:08:18.914558
2026-10-07 07:00:00,TAO,1,0.0,0.008964671204364408,0.020238004693885956,1,1,1,2026-10-09 07:08:18.914558
2026-10-07 07:00:00,TAO,24,0.055693297980247365,0.051485383677124325,0.0976885683164666,0,1,1,2026-10-09 07:08:18.914558
2026-10-07 08:00:00,TAO,1,0.002662231189677972,0.008961968324827154,0.020238004693885956,1,1,1,2026-10-09 07:08:18.914558
2026-10-07 08:00:00,TAO,24,0.05815592015707407,0.05108542049197731,0.09694053883581835,0,1,1,2026-10-09 07:08:18.914558
2026-10-07 09:00:00,TAO,1,0.017140396106501688,0.008950636713331406,0.020238004693885956,0,1,1,2026-10-09 07:08:18.914558
2026-10-07 09:00:00,TAO,24,0.06008328219589441,0.050975740858090784,0.09648677974289145,0,1,1,2026-10-09 07:08:18.914558
2026-10-07 10:00:00,TAO,1,0.007144102506132142,0.008961968324827154,0.020238004693885956,1,1,1,2026-10-09 07:08:18.914558
2026-10-07 10:00:00,TAO,24,0.03168309084405274,0.0509414236649863,0.09566983513855738,1,1,1,2026-10-09 07:08:18.914558
2026-10-07 11:00:00,TAO,1,0.0023927545170885967,0.008961968324827154,0.020238004693885956,1,1,1,2026-10-09 07:08:18.914558
2026-10-07 11:00:00,TAO,24,0.04005410915339911,0.05090442214504357,0.0954633636338931,1,1,1,2026-10-09 07:08:18.914558
2026-10-07 12:00:00,TAO,1,0.004802753657234748,0.008961968324827154,0.020238004693885956,1,1,1,2026-10-09 07:08:18.914558
2026-10-07 12:00:00,TAO,24,0.04300610279519132,0.05058361001630975,0.0954633636338931,1,1,1,2026-10-09 07:08:18.914558
2026-10-07 13:00:00,TAO,1,0.0006875215121281927,0.008961968324827154,0.020238004693885956,1,1,1,2026-10-09 07:08:18.914558
2026-10-07 13:00:00,TAO,24,0.04429546617002183,0.05057643121575727,0.0954633636338931,1,1,1,2026-10-09 07:08:18.914558
2026-10-07 14:00:00,TAO,1,0.011057472718225032,0.008961968324827154,0.020238004693885956,0,1,1,2026-10-09 07:08:18.914558
2026-10-07 14:00:00,TAO,24,0.041036794220361404,0.050546235209491634,0.0954633636338931,1,1,1,2026-10-09 07:08:18.914558
2026-10-07 15:00:00,TAO,1,0.006234866058293858,0.008964671204364408,0.020238004693885956,1,1,1,2026-10-09 07:08:18.914558
2026-10-07 15:00:00,TAO,24,0.023911125119521714,0.050546235209491634,0.0954633636338931,1,1,1,2026-10-09 07:08:18.914558
2026-10-07 16:00:00,TAO,1,0.00207397239912926,0.008961968324827154,0.02005848024492253,1,1,1,2026-10-09 07:08:18.914558
2026-10-07 16:00:00,TAO,24,0.09482687120238076,0.050546235209491634,0.0954633636338931,0,1,1,2026-10-09 07:08:18.914558
2026-10-07 17:00:00,TAO,1,0.001731602164277935,0.008950636713331406,0.02005848024492253,1,1,1,2026-10-09 07:08:18.914558
2026-10-07 17:00:00,TAO,24,0.10766998550648885,0.050546235209491634,0.0954633636338931,0,0,1,2026-10-09 07:08:18.914558
2026-10-07 18:00:00,TAO,1,0.0003466805373602829,0.008950636713331406,0.02005848024492253,1,1,1,2026-10-09 07:08:18.914558
2026-10-07 18:00:00,TAO,24,0.1171766337666181,0.05057643121575727,0.0954633636338931,0,0,1,2026-10-09 07:08:18.914558
2026-10-07 19:00:00,TAO,1,0.001387925274847969,0.008950636713331406,0.02005848024492253,1,1,1,2026-10-09 07:08:18.914558
2026-10-07 19:00:00,TAO,24,0.07597678226592054,0.05058361001630975,0.0954633636338931,0,1,1,2026-10-09 07:08:18.914558
2026-10-07 20:00:00,TAO,1,0.010362787035546658,0.008950636713331406,0.02005848024492253,0,1,1,2026-10-09 07:08:18.914558
2026-10-07 20:00:00,TAO,24,0.07234670358538291,0.05090442214504357,0.0954633636338931,0,1,1,2026-10-09 07:08:18.914558
2026-10-07 21:00:00,TAO,1,0.0127963011862486,0.008961968324827154,0.02005848024492253,0,1,1,2026-10-09 07:08:18.914558
2026-10-07 21:00:00,TAO,24,0.07046671110525211,0.05090442214504357,0.0954633636338931,0,1,1,2026-10-09 07:08:18.914558
2026-10-07 22:00:00,TAO,1,0.00797369452631742,0.008964671204364408,0.02005848024492253,1,1,1,2026-10-09 07:08:18.914558
2026-10-07 22:00:00,TAO,24,0.06284602221158833,0.0509414236649863,0.0954633636338931,0,1,1,2026-10-09 07:08:18.914558
2026-10-07 23:00:00,TAO,1,0.0061962332495429625,0.008964671204364408,0.02005848024492253,1,1,1,2026-10-09 07:08:18.914558
2026-10-07 23:00:00,TAO,24,0.06970839971299135,0.050975740858090784,0.0954633636338931,0,1,1,2026-10-09 07:08:18.914558
2026-10-08 00:00:00,TAO,1,0.0006865774385735155,0.008964671204364408,0.02005848024492253,1,1,1,2026-10-09 07:08:18.914558
2026-10-08 00:00:00,TAO,24,0.08147360967196708,0.05108542049197731,0.0954633636338931,0,1,1,2026-10-09 07:08:18.914558
2026-10-08 01:00:00,TAO,1,0.0,0.008961968324827154,0.02005848024492253,1,1,1,2026-10-09 07:08:18.914558
2026-10-08 01:00:00,TAO,24,0.07707093728437878,0.05108542049197731,0.0954633636338931,0,1,1,2026-10-09 07:08:18.914558
2026-10-08 02:00:00,TAO,1,0.0024009615375380463,0.008961968324827154,0.02005848024492253,1,1,1,2026-10-09 07:08:18.914558
2026-10-08 02:00:00,TAO,24,0.06967992063798971,0.05108542049197731,0.0954633636338931,0,1,1,2026-10-09 07:08:18.914558
2026-10-08 03:00:00,TAO,1,0.01171619191191476,0.008950636713331406,0.02005848024492253,0,1,1,2026-10-09 07:08:18.914558
2026-10-08 03:00:00,TAO,24,0.06474409211167348,0.050975740858090784,0.0954633636338931,0,1,1,2026-10-09 07:08:18.914558
2026-10-08 04:00:00,TAO,1,0.02066261569772708,0.008961968324827154,0.02005848024492253,0,0,1,2026-10-09 07:08:18.914558
2026-10-08 04:00:00,TAO,24,0.05193200967912184,0.050974945795936415,0.0954633636338931,0,1,1,2026-10-09 07:08:18.914558
2026-10-08 05:00:00,TAO,1,0.0,0.008964671204364408,0.020238004693885956,1,1,1,2026-10-09 07:08:18.914558
2026-10-08 05:00:00,TAO,24,0.03456067506546744,0.05090442214504357,0.0954633636338931,1,1,1,2026-10-09 07:08:18.914558
2026-10-08 06:00:00,TAO,1,0.007052215405325001,0.008964671204364408,0.020238004693885956,1,1,1,2026-10-09 07:08:18.914558
2026-10-08 06:00:00,TAO,24,0.026897802319898204,0.05090442214504357,0.0954633636338931,1,1,1,2026-10-09 07:08:18.914558
2026-10-08 07:00:00,TAO,1,0.002462622176826653,0.008964671204364408,0.020238004693885956,1,1,1,2026-10-09 07:08:18.914558
2026-10-08 07:00:00,TAO,24,0.030683819938602096,0.05090442214504357,0.0954633636338931,1,1,1,2026-10-09 07:08:18.914558
2026-10-08 08:00:00,TAO,1,0.004589593228498317,0.008964671204364408,0.020238004693885956,1,1,1,2026-10-09 07:08:18.914558
2026-10-08 09:00:00,TAO,1,0.011259795245339817,0.008961968324827154,0.020238004693885956,0,1,1,2026-10-09 07:08:18.914558
2026-10-08 10:00:00,TAO,1,0.015515120815478524,0.008961968324827154,0.020238004693885956,0,1,1,2026-10-09 07:08:18.914558
2026-10-08 11:00:00,TAO,1,0.005344748158880816,0.008964671204364408,0.020238004693885956,1,1,1,2026-10-09 07:08:18.914558
2026-10-08 12:00:00,TAO,1,0.00609211703206525,0.008964671204364408,0.020238004693885956,1,1,1,2026-10-09 07:08:18.914558
2026-10-08 13:00:00,TAO,1,0.003946193461788692,0.008964671204364408,0.020238004693885956,1,1,1,2026-10-09 07:08:18.914558
2026-10-08 14:00:00,TAO,1,0.006068196382614648,0.008964671204364408,0.020238004693885956,1,1,1,2026-10-09 07:08:18.914558
2026-10-08 15:00:00,TAO,1,0.06468088002456514,0.008961968324827154,0.02005848024492253,0,0,1,2026-10-09 07:08:18.914558
2026-10-08 16:00:00,TAO,1,0.014917086703237267,0.008961968324827154,0.020238004693885956,0,1,1,2026-10-09 07:08:18.914558
2026-10-08 17:00:00,TAO,1,0.011238250424407176,0.008961968324827154,0.02005848024492253,0,1,1,2026-10-09 07:08:18.914558
2026-10-08 18:00:00,TAO,1,0.04085317096333717,0.008961968324827154,0.020049848864149844,0,0,1,2026-10-09 07:08:18.914558
2026-10-08 19:00:00,TAO,1,0.0022421534056895056,0.008961968324827154,0.02005848024492253,1,1,1,2026-10-09 07:08:18.914558
2026-10-08 20:00:00,TAO,1,0.012242779515677427,0.008961968324827154,0.02005848024492253,0,1,1,2026-10-09 07:08:18.914558
2026-10-08 21:00:00,TAO,1,0.005175612292584875,0.008964671204364408,0.02005848024492253,1,1,1,2026-10-09 07:08:18.914558
2026-10-08 22:00:00,TAO,1,0.001111317024914533,0.008961968324827154,0.02005848024492253,1,1,1,2026-10-09 07:08:18.914558
2026-10-08 23:00:00,TAO,1,0.0055689767094327,0.008950636713331406,0.02005848024492253,1,1,1,2026-10-09 07:08:18.914558
2026-10-09 00:00:00,TAO,1,0.0037160949490148538,0.008950636713331406,0.02005848024492253,1,1,1,2026-10-09 07:08:18.914558
2026-10-09 01:00:00,TAO,1,0.007391016646389182,0.008950636713331406,0.02005848024492253,1,1,1,2026-10-09 07:08:18.914558
2026-10-09 02:00:00,TAO,1,0.007336790063854308,0.008950636713331406,0.02005848024492253,1,1,1,2026-10-09 07:08:18.914558
2026-10-09 03:00:00,TAO,1,0.0010958905206368877,0.008950636713331406,0.02005848024492253,1,1,1,2026-10-09 07:08:18.914558
2026-10-09 04:00:00,TAO,1,0.0032912810840726213,0.008950636713331406,0.02005848024492253,1,1,1,2026-10-09 07:08:18.914558
2026-10-09 05:00:00,TAO,1,0.007662872745569097,0.008916282782638127,0.02005848024492253,1,1,1,2026-10-09 07:08:18.914558
2026-10-09 06:00:00,TAO,1,0.0032661977866211022,0.008916282782638127,0.02005848024492253,1,1,1,2026-10-09 07:08:18.914558
2026-10-07 07:00:00,APT,1,0.0010317256525197945,0.010711554735887849,0.023032533208915722,1,1,1,2026-10-09 07:08:18.914558
2026-10-07 07:00:00,APT,24,0.006992130001850386,0.04729780714495616,0.09721768419785928,1,1,1,2026-10-09 07:08:18.914558
2026-10-07 08:00:00,APT,1,0.008023855654370166,0.010704635124779593,0.023032533208915722,1,1,1,2026-10-09 07:08:18.914558
2026-10-07 08:00:00,APT,24,0.013234914867122425,0.047348593578486316,0.09721768419785928,1,1,1,2026-10-09 07:08:18.914558
2026-10-07 09:00:00,APT,1,0.005472326359894812,0.010637534362793131,0.023032533208915722,1,1,1,2026-10-09 07:08:18.914558
2026-10-07 09:00:00,APT,24,0.00038988888660774004,0.04774005416457336,0.09721768419785928,1,1,1,2026-10-09 07:08:18.914558
2026-10-07 10:00:00,APT,1,0.0018274381798877332,0.010637534362793131,0.023032533208915722,1,1,1,2026-10-09 07:08:18.914558
2026-10-07 10:00:00,APT,24,0.03567682365403906,0.04778786097008289,0.09721768419785928,1,1,1,2026-10-09 07:08:18.914558
2026-10-07 11:00:00,APT,1,0.009829054952301457,0.010637534362793131,0.023032533208915722,1,1,1,2026-10-09 07:08:18.914558
2026-10-07 11:00:00,APT,24,0.01398624197473987,0.04804041766044397,0.09721768419785928,1,1,1,2026-10-09 07:08:18.914558
2026-10-07 12:00:00,APT,1,0.0005269398093208686,0.010637534362793131,0.023032533208915722,1,1,1,2026-10-09 07:08:18.914558
2026-10-07 12:00:00,APT,24,0.031756929546343085,0.048342758458964,0.09721768419785928,1,1,1,2026-10-09 07:08:18.914558
2026-10-07 13:00:00,APT,1,0.005549697119044357,0.010619610744717515,0.023032533208915722,1,1,1,2026-10-09 07:08:18.914558
2026-10-07 13:00:00,APT,24,0.03559555242308956,0.04861544548857374,0.09721768419785928,1,1,1,2026-10-09 07:08:18.914558
2026-10-07 14:00:00,APT,1,0.007981950054183245,0.010619610744717515,0.023032533208915722,1,1,1,2026-10-09 07:08:18.914558
2026-10-07 14:00:00,APT,24,0.04520616882844893,0.04865309203342368,0.09721768419785928,1,1,1,2026-10-09 07:08:18.914558
2026-10-07 15:00:00,APT,1,0.0050626273863911145,0.010619610744717515,0.023032533208915722,1,1,1,2026-10-09 07:08:18.914558
2026-10-07 15:00:00,APT,24,0.0549595985310143,0.04865309203342368,0.09760143380197801,0,1,1,2026-10-09 07:08:18.914558
2026-10-07 16:00:00,APT,1,0.0031944656474400942,0.010526520125092125,0.023032533208915722,1,1,1,2026-10-09 07:08:18.914558
2026-10-07 16:00:00,APT,24,0.0560255790931236,0.04866121754018047,0.09760143380197801,0,1,1,2026-10-09 07:08:18.914558
2026-10-07 17:00:00,APT,1,0.008434349484620856,0.01051053295757996,0.023032533208915722,1,1,1,2026-10-09 07:08:18.914558
2026-10-07 17:00:00,APT,24,0.053112249236121,0.04876326488908027,0.09760143380197801,0,1,1,2026-10-09 07:08:18.914558
2026-10-07 18:00:00,APT,1,0.000403252912245939,0.01051053295757996,0.023032533208915722,1,1,1,2026-10-09 07:08:18.914558
2026-10-07 18:00:00,APT,24,0.06283700279395311,0.048805488163647465,0.0981113849532889,0,1,1,2026-10-09 07:08:18.914558
2026-10-07 19:00:00,APT,1,0.006296490760166862,0.01051053295757996,0.023032533208915722,1,1,1,2026-10-09 07:08:18.914558
2026-10-07 19:00:00,APT,24,0.013530175286479845,0.04884785887766676,0.09912289306727941,1,1,1,2026-10-09 07:08:18.914558
2026-10-07 20:00:00,APT,1,0.011683616708486156,0.010484637427144772,0.023032533208915722,0,1,1,2026-10-09 07:08:18.914558
2026-10-07 20:00:00,APT,24,0.012497643012527813,0.049079487748550234,0.09951308615980363,1,1,1,2026-10-09 07:08:18.914558
2026-10-07 21:00:00,APT,1,0.015295902394399862,0.01051053295757996,0.023032533208915722,0,1,1,2026-10-09 07:08:18.914558
2026-10-07 21:00:00,APT,24,0.012217947471934087,0.04936928138060082,0.10072842701762512,1,1,1,2026-10-09 07:08:18.914558
2026-10-07 22:00:00,APT,1,0.011858109771555972,0.010526520125092125,0.023032533208915722,0,1,1,2026-10-09 07:08:18.914558
2026-10-07 22:00:00,APT,24,0.008885357326614116,0.04941086681363596,0.10089926855939953,1,1,1,2026-10-09 07:08:18.914558
2026-10-07 23:00:00,APT,1,0.01145729264531378,0.010526520125092125,0.023032533208915722,0,1,1,2026-10-09 07:08:18.914558
2026-10-07 23:00:00,APT,24,0.01508002153977017,0.04958218118624587,0.10089926855939953,1,1,1,2026-10-09 07:08:18.914558
2026-10-08 00:00:00,APT,1,0.005223989939514278,0.010619610744717515,0.023032533208915722,1,1,1,2026-10-09 07:08:18.914558
2026-10-08 00:00:00,APT,24,0.03599428820557053,0.04994942909034955,0.10089926855939953,1,1,1,2026-10-09 07:08:18.914558
2026-10-08 01:00:00,APT,1,0.0027391916951084875,0.010619610744717515,0.023032533208915722,1,1,1,2026-10-09 07:08:18.914558
2026-10-08 01:00:00,APT,24,0.040132943619877966,0.0501002354816934,0.10089926855939953,1,1,1,2026-10-09 07:08:18.914558
2026-10-08 02:00:00,APT,1,0.012074148631160068,0.010619610744717515,0.023032533208915722,0,1,1,2026-10-09 07:08:18.914558
2026-10-08 02:00:00,APT,24,0.012618463959211462,0.0501002354816934,0.10089926855939953,1,1,1,2026-10-09 07:08:18.914558
2026-10-08 03:00:00,APT,1,0.0067331602296327574,0.010619610744717515,0.02284888403489719,1,1,1,2026-10-09 07:08:18.914558
2026-10-08 03:00:00,APT,24,0.02073221137427459,0.0501002354816934,0.10089926855939953,1,1,1,2026-10-09 07:08:18.914558
2026-10-08 04:00:00,APT,1,0.009267181116808456,0.010526520125092125,0.02284888403489719,1,1,1,2026-10-09 07:08:18.914558
2026-10-08 04:00:00,APT,24,0.0,0.0501002354816934,0.10089926855939953,1,1,1,2026-10-09 07:08:18.914558
2026-10-08 05:00:00,APT,1,0.002095887589336299,0.010526520125092125,0.02284888403489719,1,1,1,2026-10-09 07:08:18.914558
2026-10-08 05:00:00,APT,24,0.016129381929883717,0.0501002354816934,0.10089926855939953,1,1,1,2026-10-09 07:08:18.914558
2026-10-08 06:00:00,APT,1,0.007041364338697076,0.010526520125092125,0.02284888403489719,1,1,1,2026-10-09 07:08:18.914558
2026-10-08 06:00:00,APT,24,0.04902692282001673,0.0501002354816934,0.10089926855939953,1,1,1,2026-10-09 07:08:18.914558
2026-10-08 07:00:00,APT,1,0.005211059212752199,0.010526520125092125,0.02284888403489719,1,1,1,2026-10-09 07:08:18.914558
2026-10-08 07:00:00,APT,24,0.051163348314987867,0.0501002354816934,0.10089926855939953,0,1,1,2026-10-09 07:08:18.914558
2026-10-08 08:00:00,APT,1,0.004821170326144553,0.010526520125092125,0.02284888403489719,1,1,1,2026-10-09 07:08:18.914558
2026-10-08 09:00:00,APT,1,0.03059438618075199,0.010526520125092125,0.02284888403489719,0,0,1,2026-10-09 07:08:18.914558
2026-10-08 10:00:00,APT,1,0.019863143499411675,0.010526520125092125,0.02284888403489719,0,1,1,2026-10-09 07:08:18.914558
2026-10-08 11:00:00,APT,1,0.007941632619301819,0.010526520125092125,0.02284888403489719,1,1,1,2026-10-09 07:08:18.914558
2026-10-08 12:00:00,APT,1,0.003311683067425694,0.01051053295757996,0.02284888403489719,1,1,1,2026-10-09 07:08:18.914558
2026-10-08 13:00:00,APT,1,0.004060919286315012,0.01051053295757996,0.02284888403489719,1,1,1,2026-10-09 07:08:18.914558
2026-10-08 14:00:00,APT,1,0.0017714796483822427,0.010484637427144772,0.02284888403489719,1,1,1,2026-10-09 07:08:18.914558
2026-10-08 15:00:00,APT,1,0.10592255023774681,0.010454343581101944,0.02284888403489719,0,0,1,2026-10-09 07:08:18.914558
2026-10-08 16:00:00,APT,1,0.0002811357904375685,0.010454343581101944,0.02284888403489719,1,1,1,2026-10-09 07:08:18.914558
2026-10-08 17:00:00,APT,1,0.018159103042453054,0.010415486223956185,0.02284888403489719,0,1,1,2026-10-09 07:08:18.914558
2026-10-08 18:00:00,APT,1,0.04971008041971916,0.010454343581101944,0.02284888403489719,0,0,1,2026-10-09 07:08:18.914558
2026-10-08 19:00:00,APT,1,0.007329023034118901,0.010484637427144772,0.023032533208915722,1,1,1,2026-10-09 07:08:18.914558
2026-10-08 20:00:00,APT,1,0.011963312249079882,0.010484637427144772,0.023032533208915722,0,1,1,2026-10-09 07:08:18.914558
2026-10-08 21:00:00,APT,1,0.011963312249079983,0.01051053295757996,0.023032533208915722,0,1,1,2026-10-09 07:08:18.914558
2026-10-08 22:00:00,APT,1,0.005663445558399994,0.010526520125092125,0.023032533208915722,1,1,1,2026-10-09 07:08:18.914558
2026-10-08 23:00:00,APT,1,0.009456974020486628,0.010526520125092125,0.023032533208915722,1,1,1,2026-10-09 07:08:18.914558
2026-10-09 00:00:00,APT,1,0.0010853345252070641,0.010526520125092125,0.023032533208915722,1,1,1,2026-10-09 07:08:18.914558
2026-10-09 01:00:00,APT,1,0.024775287965558154,0.01051053295757996,0.023032533208915722,0,0,1,2026-10-09 07:08:18.914558
2026-10-09 02:00:00,APT,1,0.003960401216096914,0.010526520125092125,0.023144087155635058,1,1,1,2026-10-09 07:08:18.914558
2026-10-09 03:00:00,APT,1,0.013999051144641875,0.010526520125092125,0.023144087155635058,0,1,1,2026-10-09 07:08:18.914558
2026-10-09 04:00:00,APT,1,0.006862200813075243,0.010619610744717515,0.023144087155635058,1,1,1,2026-10-09 07:08:18.914558
2026-10-09 05:00:00,APT,1,0.034993428479469256,0.010526520125092125,0.023144087155635058,0,0,1,2026-10-09 07:08:18.914558
2026-10-09 06:00:00,APT,1,0.009177789833668099,0.010619610744717515,0.02340863156756932,1,1,1,2026-10-09 07:08:18.914558
2026-10-07 07:00:00,ICP,1,0.001546790718298733,0.009329196117502275,0.021690940964835346,1,1,1,2026-10-09 07:08:18.914558
2026-10-07 07:00:00,ICP,24,0.019381663282385705,0.04356438687944249,0.10148153300063174,1,1,1,2026-10-09 07:08:18.914558
2026-10-07 08:00:00,ICP,1,0.012128900048835574,0.009324837913102067,0.021148936520197635,0,1,1,2026-10-09 07:08:18.914558
2026-10-07 08:00:00,ICP,24,0.018721295608208968,0.04356438687944249,0.10109957466954417,1,1,1,2026-10-09 07:08:18.914558
2026-10-07 09:00:00,ICP,1,0.0009391141713832493,0.009329196117502275,0.021148936520197635,1,1,1,2026-10-09 07:08:18.914558
2026-10-07 09:00:00,ICP,24,0.009115260347525557,0.04356438687944249,0.09989970052431564,1,1,1,2026-10-09 07:08:18.914558
2026-10-07 10:00:00,ICP,1,0.0028147008418779205,0.009324837913102067,0.021148936520197635,1,1,1,2026-10-09 07:08:18.914558
2026-10-07 10:00:00,ICP,24,0.0040797169405595,0.04356438687944249,0.09939572746444607,1,1,1,2026-10-09 07:08:18.914558
2026-10-07 11:00:00,ICP,1,0.00563734659238629,0.00928909389541614,0.021148936520197635,1,1,1,2026-10-09 07:08:18.914558
2026-10-07 11:00:00,ICP,24,0.01923439401801347,0.04356438687944249,0.09881109102245489,1,1,1,2026-10-09 07:08:18.914558
2026-10-07 12:00:00,ICP,1,0.0003140210419900822,0.009248050763153116,0.021111284317486923,1,1,1,2026-10-09 07:08:18.914558
2026-10-07 12:00:00,ICP,24,0.020625830356470344,0.04356438687944249,0.09881109102245489,1,1,1,2026-10-09 07:08:18.914558
2026-10-07 13:00:00,ICP,1,0.008196767204178626,0.009148096137927402,0.021085975661316068,1,1,1,2026-10-09 07:08:18.914558
2026-10-07 13:00:00,ICP,24,0.025438573638684635,0.04356438687944249,0.09881109102245489,1,1,1,2026-10-09 07:08:18.914558
2026-10-07 14:00:00,ICP,1,0.005395981986518737,0.009148096137927402,0.021085975661316068,1,1,1,2026-10-09 07:08:18.914558
2026-10-07 14:00:00,ICP,24,0.012422519998557096,0.04356438687944249,0.09881109102245489,1,1,1,2026-10-09 07:08:18.914558
2026-10-07 15:00:00,ICP,1,0.0060288934000513866,0.009148096137927402,0.021085975661316068,1,1,1,2026-10-09 07:08:18.914558
2026-10-07 15:00:00,ICP,24,0.008309411824927533,0.04356438687944249,0.09939572746444607,1,1,1,2026-10-09 07:08:18.914558
2026-10-07 16:00:00,ICP,1,0.004121102678323868,0.009133095945218531,0.021011504979202695,1,1,1,2026-10-09 07:08:18.914558
2026-10-07 16:00:00,ICP,24,0.06976145890639059,0.04356438687944249,0.09939572746444607,0,1,1,2026-10-09 07:08:18.914558
2026-10-07 17:00:00,ICP,1,0.004457186621327733,0.009105389455112078,0.02094303793532843,1,1,1,2026-10-09 07:08:18.914558
2026-10-07 17:00:00,ICP,24,0.07484130714955303,0.04356438687944249,0.09881109102245489,0,1,1,2026-10-09 07:08:18.914558
2026-10-07 18:00:00,ICP,1,0.004774798185058472,0.009092357698720415,0.02094303793532843,1,1,1,2026-10-09 07:08:18.914558
2026-10-07 18:00:00,ICP,24,0.08590970407502879,0.04356438687944249,0.09833707907079706,0,1,1,2026-10-09 07:08:18.914558
2026-10-07 19:00:00,ICP,1,0.01042498779670744,0.009005222771822537,0.02094303793532843,0,1,1,2026-10-09 07:08:18.914558
2026-10-07 19:00:00,ICP,24,0.07379046143506784,0.04356438687944249,0.09753737022171387,0,1,1,2026-10-09 07:08:18.914558
2026-10-07 20:00:00,ICP,1,0.005640879890085706,0.009005222771822537,0.02094303793532843,1,1,1,2026-10-09 07:08:18.914558
2026-10-07 20:00:00,ICP,24,0.07672222616003746,0.04356438687944249,0.09575679445705755,0,1,1,2026-10-09 07:08:18.914558
2026-10-07 21:00:00,ICP,1,0.006584127877015349,0.008987901542998111,0.02094303793532843,1,1,1,2026-10-09 07:08:18.914558
2026-10-07 21:00:00,ICP,24,0.07728609396007378,0.04356438687944249,0.09553544329570732,0,1,1,2026-10-09 07:08:18.914558
2026-10-07 22:00:00,ICP,1,0.01126067576091709,0.008987901542998111,0.02094303793532843,0,1,1,2026-10-09 07:08:18.914558
2026-10-07 22:00:00,ICP,24,0.07917802971218268,0.04356438687944249,0.09549485543527433,0,1,1,2026-10-09 07:08:18.914558
2026-10-07 23:00:00,ICP,1,0.008363065623901753,0.008987901542998111,0.02075408712764582,1,1,1,2026-10-09 07:08:18.914558
2026-10-07 23:00:00,ICP,24,0.08907769811772472,0.04356438687944249,0.09549485543527433,0,1,1,2026-10-09 07:08:18.914558
2026-10-08 00:00:00,ICP,1,0.0040179315373461925,0.008987901542998111,0.02075408712764582,1,1,1,2026-10-09 07:08:18.914558
2026-10-08 00:00:00,ICP,24,0.10700694533618682,0.04356438687944249,0.09549485543527433,0,0,1,2026-10-09 07:08:18.914558
2026-10-08 01:00:00,ICP,1,0.008396877201615284,0.008930036590150323,0.02075408712764582,1,1,1,2026-10-09 07:08:18.914558
2026-10-08 01:00:00,ICP,24,0.09580581205534813,0.04354611007276404,0.09512046210581869,0,0,1,2026-10-09 07:08:18.914558
2026-10-08 02:00:00,ICP,1,0.003429465559198598,0.008930036590150323,0.02075408712764582,1,1,1,2026-10-09 07:08:18.914558
2026-10-08 02:00:00,ICP,24,0.07017586772995756,0.043462195567125855,0.09436231303523886,0,1,1,2026-10-09 07:08:18.914558
2026-10-08 03:00:00,ICP,1,0.005617992304223373,0.008930036590150323,0.02075408712764582,1,1,1,2026-10-09 07:08:18.914558
2026-10-08 03:00:00,ICP,24,0.06759329113252817,0.04336939159547795,0.09436231303523886,0,1,1,2026-10-09 07:08:18.914558
2026-10-08 04:00:00,ICP,1,0.001566171032744835,0.008930036590150323,0.02075408712764582,1,1,1,2026-10-09 07:08:18.914558
2026-10-08 04:00:00,ICP,24,0.05137566331803649,0.04327792619669717,0.09309860977037417,0,1,1,2026-10-09 07:08:18.914558
2026-10-08 05:00:00,ICP,1,0.0025109868811581133,0.008930036590150323,0.02075408712764582,1,1,1,2026-10-09 07:08:18.914558
2026-10-08 05:00:00,ICP,24,0.05277930143058903,0.04321136566577787,0.09309860977037417,0,1,1,2026-10-09 07:08:18.914558
2026-10-08 06:00:00,ICP,1,0.004409455963415666,0.008930036590150323,0.02075408712764582,1,1,1,2026-10-09 07:08:18.914558
2026-10-08 06:00:00,ICP,24,0.043352429912023115,0.04321136566577787,0.09309860977037417,0,1,1,2026-10-09 07:08:18.914558
2026-10-08 07:00:00,ICP,1,0.0022071583924753893,0.008930036590150323,0.02075408712764582,1,1,1,2026-10-09 07:08:18.914558
2026-10-08 07:00:00,ICP,24,0.0495006437730307,0.04321136566577787,0.09309860977037417,0,1,1,2026-10-09 07:08:18.914558
2026-10-08 08:00:00,ICP,1,0.0025228647881522038,0.008930036590150323,0.02075408712764582,1,1,1,2026-10-09 07:08:18.914558
2026-10-08 09:00:00,ICP,1,0.004096429235582788,0.008817127385005038,0.02075408712764582,1,1,1,2026-10-09 07:08:18.914558
2026-10-08 10:00:00,ICP,1,0.012339976235576026,0.008817127385005038,0.02075408712764582,0,1,1,2026-10-09 07:08:18.914558
2026-10-08 11:00:00,ICP,1,0.007028782930843172,0.008817127385005038,0.020697463777423684,1,1,1,2026-10-09 07:08:18.914558
2026-10-08 12:00:00,ICP,1,0.004498722240224167,0.008817127385005038,0.020697463777423684,1,1,1,2026-10-09 07:08:18.914558
2026-10-08 13:00:00,ICP,1,0.004819286435948922,0.008810429409533747,0.020697463777423684,1,1,1,2026-10-09 07:08:18.914558
2026-10-08 14:00:00,ICP,1,0.0012828738128891524,0.008806468393784144,0.020697463777423684,1,1,1,2026-10-09 07:08:18.914558
2026-10-08 15:00:00,ICP,1,0.05542315368141168,0.008806468393784144,0.020697463777423684,0,0,1,2026-10-09 07:08:18.914558
2026-10-08 16:00:00,ICP,1,0.0092009509214863,0.008810429409533747,0.02075408712764582,0,1,1,2026-10-09 07:08:18.914558
2026-10-08 17:00:00,ICP,1,0.015525583546803643,0.008810429409533747,0.02075408712764582,0,1,1,2026-10-09 07:08:18.914558
2026-10-08 18:00:00,ICP,1,0.016894040825019618,0.008817127385005038,0.02075408712764582,0,1,1,2026-10-09 07:08:18.914558
2026-10-08 19:00:00,ICP,1,0.007493223071738005,0.008930036590150323,0.02075408712764582,1,1,1,2026-10-09 07:08:18.914558
2026-10-08 20:00:00,ICP,1,0.005077012090049513,0.008930036590150323,0.02075408712764582,1,1,1,2026-10-09 07:08:18.914558
2026-10-08 21:00:00,ICP,1,0.008476063629124163,0.008817127385005038,0.02075408712764582,1,1,1,2026-10-09 07:08:18.914558
2026-10-08 22:00:00,ICP,1,0.001361007355374997,0.008817127385005038,0.02075408712764582,1,1,1,2026-10-09 07:08:18.914558
2026-10-08 23:00:00,ICP,1,0.009566181594560446,0.008817127385005038,0.02075408712764582,0,1,1,2026-10-09 07:08:18.914558
2026-10-09 00:00:00,ICP,1,0.007183201743492572,0.008930036590150323,0.02075408712764582,1,1,1,2026-10-09 07:08:18.914558
2026-10-09 01:00:00,ICP,1,0.017233067123775408,0.008930036590150323,0.02075408712764582,0,1,1,2026-10-09 07:08:18.914558
2026-10-09 02:00:00,ICP,1,0.006012042156627973,0.008930036590150323,0.02075408712764582,1,1,1,2026-10-09 07:08:18.914558
2026-10-09 03:00:00,ICP,1,0.010599635510268442,0.008930036590150323,0.02075408712764582,0,1,1,2026-10-09 07:08:18.914558
2026-10-09 04:00:00,ICP,1,0.002969809145297558,0.008930036590150323,0.02075408712764582,1,1,1,2026-10-09 07:08:18.914558
2026-10-09 05:00:00,ICP,1,0.006915884637407878,0.008817127385005038,0.02075408712764582,1,1,1,2026-10-09 07:08:18.914558
2026-10-09 06:00:00,ICP,1,0.010557669824423285,0.008817127385005038,0.02075408712764582,0,1,1,2026-10-09 07:08:18.914558
2026-10-07 07:00:00,ETC,1,0.0,0.006725639497309679,0.01950730367621475,1,1,1,2026-10-09 07:08:18.914558
2026-10-07 07:00:00,ETC,24,0.014218249002279025,0.034759886866847646,0.08189839921459811,1,1,1,2026-10-09 07:08:18.914558
2026-10-07 08:00:00,ETC,1,0.008269391482506742,0.006715941965437011,0.01950730367621475,0,1,1,2026-10-09 07:08:18.914558
2026-10-07 08:00:00,ETC,24,0.014218249002279025,0.035268641299172385,0.08189839921459811,1,1,1,2026-10-09 07:08:18.914558
2026-10-07 09:00:00,ETC,1,0.004756251534649153,0.006725639497309679,0.01950730367621475,1,1,1,2026-10-09 07:08:18.914558
2026-10-07 09:00:00,ETC,24,0.005948857519772285,0.03535116114300799,0.08189839921459811,1,1,1,2026-10-09 07:08:18.914558
2026-10-07 10:00:00,ETC,1,0.0023866359777309667,0.006725639497309679,0.01950730367621475,1,1,1,2026-10-09 07:08:18.914558
2026-10-07 10:00:00,ETC,24,0.0071259208899674435,0.03542436300819015,0.08189839921459811,1,1,1,2026-10-09 07:08:18.914558
2026-10-07 11:00:00,ETC,1,0.0011954574047736343,0.006725639497309679,0.01950730367621475,1,1,1,2026-10-09 07:08:18.914558
2026-10-07 11:00:00,ETC,24,0.0,0.03553577738421848,0.08189839921459811,1,1,1,2026-10-09 07:08:18.914558
2026-10-07 12:00:00,ETC,1,0.0,0.006725639497309679,0.01950730367621475,1,1,1,2026-10-09 07:08:18.914558
2026-10-07 12:00:00,ETC,24,0.0011954574047737313,0.03559455049138939,0.08189839921459811,1,1,1,2026-10-09 07:08:18.914558
2026-10-07 13:00:00,ETC,1,0.001196888233846064,0.006715941965437011,0.019401023615863638,1,1,1,2026-10-09 07:08:18.914558
2026-10-07 13:00:00,ETC,24,0.0,0.03559455049138939,0.08189839921459811,1,1,1,2026-10-09 07:08:18.914558
2026-10-07 14:00:00,ETC,1,0.006006024060211698,0.006714981465977274,0.019401023615863638,1,1,1,2026-10-09 07:08:18.914558
2026-10-07 14:00:00,ETC,24,0.004778981616350821,0.03561985764648182,0.08189839921459811,1,1,1,2026-10-09 07:08:18.914558
2026-10-07 15:00:00,ETC,1,0.007202912294057796,0.006714981465977274,0.019401023615863638,0,1,1,2026-10-09 07:08:18.914558
2026-10-07 15:00:00,ETC,24,0.009592399691439508,0.03563716886137493,0.08189839921459811,1,1,1,2026-10-09 07:08:18.914558
2026-10-07 16:00:00,ETC,1,0.003594970917858812,0.006714981465977274,0.019401023615863638,1,1,1,2026-10-09 07:08:18.914558
2026-10-07 16:00:00,ETC,24,0.06040036466729828,0.03563851544735873,0.08189839921459811,0,1,1,2026-10-09 07:08:18.914558
2026-10-07 17:00:00,ETC,1,0.002403847311394443,0.006699184281908545,0.019401023615863638,1,1,1,2026-10-09 07:08:18.914558
2026-10-07 17:00:00,ETC,24,0.056805393749439506,0.035711717229701595,0.08189839921459811,0,1,1,2026-10-09 07:08:18.914558
2026-10-07 18:00:00,ETC,1,0.005998818229253223,0.006643837254406702,0.019401023615863638,1,1,1,2026-10-09 07:08:18.914558
2026-10-07 18:00:00,ETC,24,0.06590327067705665,0.035718082602079246,0.08189839921459811,0,1,1,2026-10-09 07:08:18.914558
2026-10-07 19:00:00,ETC,1,0.0023894873973814854,0.006634669723005687,0.019401023615863638,1,1,1,2026-10-09 07:08:18.914558
2026-10-07 19:00:00,ETC,24,0.052805391449853654,0.03573587774516625,0.08189839921459811,0,1,1,2026-10-09 07:08:18.914558
2026-10-07 20:00:00,ETC,1,0.0059488575197722635,0.006634669723005687,0.019401023615863638,1,1,1,2026-10-09 07:08:18.914558
2026-10-07 20:00:00,ETC,24,0.04515715341372391,0.03581017450310646,0.08189839921459811,0,1,1,2026-10-09 07:08:18.914558
2026-10-07 21:00:00,ETC,1,0.0035650661644960344,0.006634669723005687,0.019401023615863638,1,1,1,2026-10-09 07:08:18.914558
2026-10-07 21:00:00,ETC,24,0.041168040943363744,0.03581650053390589,0.08189839921459811,0,1,1,2026-10-09 07:08:18.914558
2026-10-07 22:00:00,ETC,1,0.007117467768863955,0.006620211938040477,0.019401023615863638,0,1,1,2026-10-09 07:08:18.914558
2026-10-07 22:00:00,ETC,24,0.04255961441879589,0.03582089437838457,0.08189839921459811,0,1,1,2026-10-09 07:08:18.914558
2026-10-07 23:00:00,ETC,1,0.0023612761856796854,0.006620211938040477,0.019401023615863638,1,1,1,2026-10-09 07:08:18.914558
2026-10-07 23:00:00,ETC,24,0.045957301085127966,0.03593592918056264,0.08189839921459811,0,1,1,2026-10-09 07:08:18.914558
2026-10-08 00:00:00,ETC,1,0.003531492781470938,0.006592851469673846,0.019401023615863638,1,1,1,2026-10-09 07:08:18.914558
2026-10-08 00:00:00,ETC,24,0.05203835837333967,0.0360523437273324,0.08189839921459811,0,1,1,2026-10-09 07:08:18.914558
2026-10-08 01:00:00,ETC,1,0.003531492781471037,0.006585961604564012,0.019401023615863638,1,1,1,2026-10-09 07:08:18.914558
2026-10-08 01:00:00,ETC,24,0.053088460303425324,0.03630264537229659,0.08189839921459811,0,1,1,2026-10-09 07:08:18.914558
2026-10-08 02:00:00,ETC,1,0.0023557136924589835,0.006585961604564012,0.019401023615863638,1,1,1,2026-10-09 07:08:18.914558
2026-10-08 02:00:00,ETC,24,0.04092026978936279,0.03630264537229659,0.08189839921459811,0,1,1,2026-10-09 07:08:18.914558
2026-10-08 03:00:00,ETC,1,0.008269391482506742,0.006585961604564012,0.019401023615863638,0,1,1,2026-10-09 07:08:18.914558
2026-10-08 03:00:00,ETC,24,0.040821994520255166,0.03630264537229659,0.08189839921459811,0,1,1,2026-10-09 07:08:18.914558
2026-10-08 04:00:00,ETC,1,0.009535233150999944,0.006585961604564012,0.019401023615863638,0,1,1,2026-10-09 07:08:18.914558
2026-10-08 04:00:00,ETC,24,0.024010757324785567,0.03630264537229659,0.08189839921459811,1,1,1,2026-10-09 07:08:18.914558
2026-10-08 05:00:00,ETC,1,0.0023980826840127437,0.006585961604564012,0.019401023615863638,1,1,1,2026-10-09 07:08:18.914558
2026-10-08 05:00:00,ETC,24,0.01204833851617448,0.03630264537229659,0.08189839921459811,1,1,1,2026-10-09 07:08:18.914558
2026-10-08 06:00:00,ETC,1,0.005984458315240486,0.006585961604564012,0.019401023615863638,1,1,1,2026-10-09 07:08:18.914558
2026-10-08 06:00:00,ETC,24,0.002403847311394443,0.03630264537229659,0.08189839921459811,1,1,1,2026-10-09 07:08:18.914558
2026-10-08 07:00:00,ETC,1,0.0,0.006585961604564012,0.019401023615863638,1,1,1,2026-10-09 07:08:18.914558
2026-10-08 07:00:00,ETC,24,0.009592399691439409,0.03630264537229659,0.08189839921459811,1,1,1,2026-10-09 07:08:18.914558
2026-10-08 08:00:00,ETC,1,0.0,0.006582955757104863,0.019401023615863638,1,1,1,2026-10-09 07:08:18.914558
2026-10-08 09:00:00,ETC,1,0.008318526875090593,0.006578625061566026,0.019401023615863638,0,1,1,2026-10-09 07:08:18.914558
2026-10-08 10:00:00,ETC,1,0.009512556867698554,0.006582955757104863,0.019401023615863638,0,1,1,2026-10-09 07:08:18.914558
2026-10-08 11:00:00,ETC,1,0.0,0.006582955757104863,0.019401023615863638,1,1,1,2026-10-09 07:08:18.914558
2026-10-08 12:00:00,ETC,1,0.0011954574047736343,0.006578625061566026,0.019401023615863638,1,1,1,2026-10-09 07:08:18.914558
2026-10-08 13:00:00,ETC,1,0.0035820933825046557,0.006573266034411134,0.01883166230065891,1,1,1,2026-10-09 07:08:18.914558
2026-10-08 14:00:00,ETC,1,0.0011926059851231359,0.006573266034411134,0.01883166230065891,1,1,1,2026-10-09 07:08:18.914558
2026-10-08 15:00:00,ETC,1,0.06278985206467992,0.006553417715005613,0.018697624560664924,0,0,1,2026-10-09 07:08:18.914558
2026-10-08 16:00:00,ETC,1,0.0,0.006553417715005613,0.018697624560664924,1,1,1,2026-10-09 07:08:18.914558
2026-10-08 17:00:00,ETC,1,0.01150172423901164,0.006507615156738478,0.018697624560664924,0,1,1,2026-10-09 07:08:18.914558
2026-10-08 18:00:00,ETC,1,0.019096697456456407,0.006507615156738478,0.018697624560664924,0,0,1,2026-10-09 07:08:18.914558
2026-10-08 19:00:00,ETC,1,0.010037725433511299,0.006507615156738478,0.018697624560664924,0,1,1,2026-10-09 07:08:18.914558
2026-10-08 20:00:00,ETC,1,0.009937969990132493,0.006553417715005613,0.018697624560664924,0,1,1,2026-10-09 07:08:18.914558
2026-10-08 21:00:00,ETC,1,0.004956639639928177,0.006553417715005613,0.018303505831322384,1,1,1,2026-10-09 07:08:18.914558
2026-10-08 22:00:00,ETC,1,0.0037197811025318607,0.006553417715005613,0.018303505831322384,1,1,1,2026-10-09 07:08:18.914558
2026-10-08 23:00:00,ETC,1,0.0037197811025319006,0.006553417715005613,0.018303505831322384,1,1,1,2026-10-09 07:08:18.914558
2026-10-09 00:00:00,ETC,1,0.002481390851385476,0.006553417715005613,0.018303505831322384,1,1,1,2026-10-09 07:08:18.914558
2026-10-09 01:00:00,ETC,1,0.008636697732591564,0.006507615156738478,0.018303505831322384,0,1,1,2026-10-09 07:08:18.914558
2026-10-09 02:00:00,ETC,1,0.002453988961566566,0.006507615156738478,0.01810890312102659,1,1,1,2026-10-09 07:08:18.914558
2026-10-09 03:00:00,ETC,1,0.008541845712962773,0.006507502250018451,0.01810890312102659,0,1,1,2026-10-09 07:08:18.914558
2026-10-09 04:00:00,ETC,1,0.0024271856576111375,0.006507502250018451,0.01807718681030037,1,1,1,2026-10-09 07:08:18.914558
2026-10-09 05:00:00,ETC,1,0.007246408520767253,0.006506203822738144,0.01807718681030037,0,1,1,2026-10-09 07:08:18.914558
2026-10-09 06:00:00,ETC,1,0.0012040940648045638,0.006507502250018451,0.01807718681030037,1,1,1,2026-10-09 07:08:18.914558
2026-10-07 07:00:00,ONDO,1,0.00274406504641323,0.00856105151195004,0.02280147773812563,1,1,1,2026-10-09 07:08:18.914558
2026-10-07 07:00:00,ONDO,24,0.016578488096186093,0.04131888436822223,0.11149210582200307,1,1,1,2026-10-09 07:08:18.914558
2026-10-07 08:00:00,ONDO,1,0.009984150913540138,0.008551104566983088,0.02280147773812563,0,1,1,2026-10-09 07:08:18.914558
2026-10-07 08:00:00,ONDO,24,0.0063613446070176,0.04131888436822223,0.11149210582200307,1,1,1,2026-10-09 07:08:18.914558
2026-10-07 09:00:00,ONDO,1,0.005136997597916357,0.008551104566983088,0.022622258381495626,1,1,1,2026-10-09 07:08:18.914558
2026-10-07 09:00:00,ONDO,24,0.01040680518864007,0.04131888436822223,0.11149210582200307,1,1,1,2026-10-09 07:08:18.914558
2026-10-07 10:00:00,ONDO,1,0.0004292766754052846,0.008547037001129283,0.022622258381495626,1,1,1,2026-10-09 07:08:18.914558
2026-10-07 10:00:00,ONDO,24,0.039963256811837156,0.0416711641845882,0.11149210582200307,1,1,1,2026-10-09 07:08:18.914558
2026-10-07 11:00:00,ONDO,1,0.0058133439635342605,0.008547037001129283,0.022622258381495626,1,1,1,2026-10-09 07:08:18.914558
2026-10-07 11:00:00,ONDO,24,0.03750176129039695,0.04194047700700845,0.11149210582200307,1,1,1,2026-10-09 07:08:18.914558
2026-10-07 12:00:00,ONDO,1,0.0004317789358964526,0.008547037001129283,0.022622258381495626,1,1,1,2026-10-09 07:08:18.914558
2026-10-07 12:00:00,ONDO,24,0.04124513970422494,0.04198015235040378,0.11149210582200307,1,1,1,2026-10-09 07:08:18.914558
2026-10-07 13:00:00,ONDO,1,0.004092628221906774,0.00853365325142537,0.022622258381495626,1,1,1,2026-10-09 07:08:18.914558
2026-10-07 13:00:00,ONDO,24,0.03956932162799752,0.04203640506225329,0.11149210582200307,1,1,1,2026-10-09 07:08:18.914558
2026-10-07 14:00:00,ONDO,1,0.004308494385723843,0.008528436597547318,0.022622258381495626,1,1,1,2026-10-09 07:08:18.914558
2026-10-07 14:00:00,ONDO,24,0.054791039442569446,0.042162545436857955,0.11149210582200307,0,1,1,2026-10-09 07:08:18.914558
2026-10-07 15:00:00,ONDO,1,0.007313433328544059,0.008528436597547318,0.022622258381495626,1,1,1,2026-10-09 07:08:18.914558
2026-10-07 15:00:00,ONDO,24,0.05767401683707228,0.042356498122797105,0.11149210582200307,0,1,1,2026-10-09 07:08:18.914558
2026-10-07 16:00:00,ONDO,1,0.001930709598998109,0.0085176512246447,0.022516855738934093,1,1,1,2026-10-09 07:08:18.914558
2026-10-07 16:00:00,ONDO,24,0.05325790937920456,0.04276366246623173,0.11149210582200307,0,1,1,2026-10-09 07:08:18.914558
2026-10-07 17:00:00,ONDO,1,0.004088225166900262,0.008502160712998443,0.022293771952857467,1,1,1,2026-10-09 07:08:18.914558
2026-10-07 17:00:00,ONDO,24,0.04165442163025856,0.04297366698373937,0.11149210582200307,1,1,1,2026-10-09 07:08:18.914558
2026-10-07 18:00:00,ONDO,1,0.007089942686631153,0.008502160712998443,0.022293771952857467,1,1,1,2026-10-09 07:08:18.914558
2026-10-07 18:00:00,ONDO,24,0.04137914265519101,0.04315751572280964,0.11149210582200307,1,1,1,2026-10-09 07:08:18.914558
2026-10-07 19:00:00,ONDO,1,0.004059400938216868,0.00849838418575867,0.022293771952857467,1,1,1,2026-10-09 07:08:18.914558
2026-10-07 19:00:00,ONDO,24,0.04295203009905403,0.0432676785524928,0.11149210582200307,1,1,1,2026-10-09 07:08:18.914558
2026-10-07 20:00:00,ONDO,1,0.0074349784875179905,0.00849838418575867,0.022293771952857467,1,1,1,2026-10-09 07:08:18.914558
2026-10-07 20:00:00,ONDO,24,0.04421070264773295,0.04362303562029705,0.11149210582200307,0,1,1,2026-10-09 07:08:18.914558
2026-10-07 21:00:00,ONDO,1,0.012994111897514784,0.00849838418575867,0.022293771952857467,0,1,1,2026-10-09 07:08:18.914558
2026-10-07 21:00:00,ONDO,24,0.03350641188984272,0.0437265736097724,0.11149210582200307,1,1,1,2026-10-09 07:08:18.914558
2026-10-07 22:00:00,ONDO,1,0.0049192698923779445,0.008502160712998443,0.022293771952857467,1,1,1,2026-10-09 07:08:18.914558
2026-10-07 22:00:00,ONDO,24,0.03642124479265489,0.04377831617841888,0.11149210582200307,1,1,1,2026-10-09 07:08:18.914558
2026-10-07 23:00:00,ONDO,1,0.003195231177308708,0.00849838418575867,0.022293771952857467,1,1,1,2026-10-09 07:08:18.914558
2026-10-07 23:00:00,ONDO,24,0.026320079171863468,0.04421867855942041,0.11149210582200307,1,1,1,2026-10-09 07:08:18.914558
2026-10-08 00:00:00,ONDO,1,0.0008503401872929663,0.008487705641196564,0.022293771952857467,1,1,1,2026-10-09 07:08:18.914558
2026-10-08 00:00:00,ONDO,24,0.0006378229194651849,0.04424412361161493,0.11149210582200307,1,1,1,2026-10-09 07:08:18.914558
2026-10-08 01:00:00,ONDO,1,0.004685844569699889,0.008468146634868057,0.022293771952857467,1,1,1,2026-10-09 07:08:18.914558
2026-10-08 01:00:00,ONDO,24,0.004899360103766132,0.04426095263673163,0.11149210582200307,1,1,1,2026-10-09 07:08:18.914558
2026-10-08 02:00:00,ONDO,1,0.005323125525946711,0.008468146634868057,0.022293771952857467,1,1,1,2026-10-09 07:08:18.914558
2026-10-08 02:00:00,ONDO,24,0.011040451846233663,0.04426095263673163,0.11149210582200307,1,1,1,2026-10-09 07:08:18.914558
2026-10-08 03:00:00,ONDO,1,0.007246408520767086,0.00844134793980683,0.022293771952857467,1,1,1,2026-10-09 07:08:18.914558
2026-10-08 03:00:00,ONDO,24,0.00571732632028702,0.04426095263673163,0.11149210582200307,1,1,1,2026-10-09 07:08:18.914558
2026-10-08 04:00:00,ONDO,1,0.009024556306139046,0.00844134793980683,0.022293771952857467,0,1,1,2026-10-09 07:08:18.914558
2026-10-08 04:00:00,ONDO,24,0.022838801957509383,0.04426095263673163,0.11149210582200307,1,1,1,2026-10-09 07:08:18.914558
2026-10-08 05:00:00,ONDO,1,0.0036626131647536347,0.00844134793980683,0.022293771952857467,1,1,1,2026-10-09 07:08:18.914558
2026-10-08 05:00:00,ONDO,24,0.026622805446254744,0.04426095263673163,0.11149210582200307,1,1,1,2026-10-09 07:08:18.914558
2026-10-08 06:00:00,ONDO,1,0.0034349539999732615,0.00844134793980683,0.022293771952857467,1,1,1,2026-10-09 07:08:18.914558
2026-10-08 06:00:00,ONDO,24,0.03403774311805175,0.04426095263673163,0.11149210582200307,1,1,1,2026-10-09 07:08:18.914558
2026-10-08 07:00:00,ONDO,1,0.007473078442755302,0.00844134793980683,0.022293771952857467,1,1,1,2026-10-09 07:08:18.914558
2026-10-08 07:00:00,ONDO,24,0.031849154048845564,0.04426095263673163,0.11149210582200307,1,1,1,2026-10-09 07:08:18.914558
2026-10-08 08:00:00,ONDO,1,0.006783998882117359,0.00844134793980683,0.022293771952857467,1,1,1,2026-10-09 07:08:18.914558
2026-10-08 09:00:00,ONDO,1,0.024419454025280833,0.00844134793980683,0.022293771952857467,0,0,1,2026-10-09 07:08:18.914558
2026-10-08 10:00:00,ONDO,1,0.002890772196845645,0.00844134793980683,0.022516855738934093,1,1,1,2026-10-09 07:08:18.914558
2026-10-08 11:00:00,ONDO,1,0.0020699655497062137,0.008431733546126691,0.022516855738934093,1,1,1,2026-10-09 07:08:18.914558
2026-10-08 12:00:00,ONDO,1,0.0012440391403310339,0.008431733546126691,0.022516855738934093,1,1,1,2026-10-09 07:08:18.914558
2026-10-08 13:00:00,ONDO,1,0.01931434603647837,0.008431733546126691,0.022516855738934093,0,1,1,2026-10-09 07:08:18.914558
2026-10-08 14:00:00,ONDO,1,0.0014255169912209499,0.00844134793980683,0.022516855738934093,1,1,1,2026-10-09 07:08:18.914558
2026-10-08 15:00:00,ONDO,1,0.10361849288773264,0.008431733546126691,0.022516855738934093,0,0,1,2026-10-09 07:08:18.914558
2026-10-08 16:00:00,ONDO,1,0.009672778149947811,0.008431733546126691,0.022622258381495626,0,1,1,2026-10-09 07:08:18.914558
2026-10-08 17:00:00,ONDO,1,0.003812946191832788,0.008431733546126691,0.022622258381495626,1,1,1,2026-10-09 07:08:18.914558
2026-10-08 18:00:00,ONDO,1,0.0914211154408761,0.008427414642355677,0.022622258381495626,0,0,1,2026-10-09 07:08:18.914558
2026-10-08 19:00:00,ONDO,1,0.005318073486895927,0.008431733546126691,0.02280147773812563,1,1,1,2026-10-09 07:08:18.914558
2026-10-08 20:00:00,ONDO,1,0.0032693122703721946,0.008431733546126691,0.02280147773812563,1,1,1,2026-10-09 07:08:18.914558
2026-10-08 21:00:00,ONDO,1,0.010079278994702444,0.008431733546126691,0.02280147773812563,0,1,1,2026-10-09 07:08:18.914558
2026-10-08 22:00:00,ONDO,1,0.0051818957284137535,0.00844134793980683,0.02280147773812563,1,1,1,2026-10-09 07:08:18.914558
2026-10-08 23:00:00,ONDO,1,0.022487025075089612,0.00844134793980683,0.02280147773812563,0,1,1,2026-10-09 07:08:18.914558
2026-10-09 00:00:00,ONDO,1,0.00468684283593826,0.008468146634868057,0.02280147773812563,1,1,1,2026-10-09 07:08:18.914558
2026-10-09 01:00:00,ONDO,1,0.011253967380300002,0.008468146634868057,0.02280147773812563,0,1,1,2026-10-09 07:08:18.914558
2026-10-09 02:00:00,ONDO,1,0.0,0.008487705641196564,0.02280147773812563,1,1,1,2026-10-09 07:08:18.914558
2026-10-09 03:00:00,ONDO,1,0.009875067116455197,0.008487705641196564,0.02280147773812563,0,1,1,2026-10-09 07:08:18.914558
2026-10-09 04:00:00,ONDO,1,0.0052405528173939606,0.00849838418575867,0.02280147773812563,1,1,1,2026-10-09 07:08:18.914558
2026-10-09 05:00:00,ONDO,1,0.011077550836550773,0.008487705641196564,0.02280147773812563,0,1,1,2026-10-09 07:08:18.914558
2026-10-09 06:00:00,ONDO,1,0.0012463649307670552,0.00849838418575867,0.02280147773812563,1,1,1,2026-10-09 07:08:18.914558
2026-10-07 07:00:00,ENA,1,0.0012591816983776015,0.01098837905245504,0.02885527341456393,1,1,1,2026-10-09 07:08:18.914558
2026-10-07 07:00:00,ENA,24,0.07543343908987692,0.06047549786780027,0.15120104916155902,0,1,1,2026-10-09 07:08:18.914558
2026-10-07 08:00:00,ENA,1,0.008001727259207102,0.01097980413961876,0.02885527341456393,1,1,1,2026-10-09 07:08:18.914558
2026-10-07 08:00:00,ENA,24,0.07941371090261504,0.06047549786780027,0.15120104916155902,0,1,1,2026-10-09 07:08:18.914558
2026-10-07 09:00:00,ENA,1,0.004662013105811301,0.01097980413961876,0.02885527341456393,1,1,1,2026-10-09 07:08:18.914558
2026-10-07 09:00:00,ENA,24,0.07641996133056683,0.06047549786780027,0.15120104916155902,0,1,1,2026-10-09 07:08:18.914558
2026-10-07 10:00:00,ENA,1,0.008532474973720703,0.01097980413961876,0.02885527341456393,1,1,1,2026-10-09 07:08:18.914558
2026-10-07 10:00:00,ENA,24,0.06448188156348564,0.06047549786780027,0.15120104916155902,0,1,1,2026-10-09 07:08:18.914558
2026-10-07 11:00:00,ENA,1,0.023846783600817066,0.01097980413961876,0.02885527341456393,0,1,1,2026-10-09 07:08:18.914558
2026-10-07 11:00:00,ENA,24,0.061401487337229506,0.06047549786780027,0.15120104916155902,0,1,1,2026-10-09 07:08:18.914558
2026-10-07 12:00:00,ENA,1,0.011777671583320177,0.01098837905245504,0.02885527341456393,0,1,1,2026-10-09 07:08:18.914558
2026-10-07 12:00:00,ENA,24,0.04993166668614742,0.06047549786780027,0.15120104916155902,1,1,1,2026-10-09 07:08:18.914558
2026-10-07 13:00:00,ENA,1,0.006483705445432759,0.011101457117112858,0.02885527341456393,1,1,1,2026-10-09 07:08:18.914558
2026-10-07 13:00:00,ENA,24,0.06772369829115615,0.06047549786780027,0.15120104916155902,0,1,1,2026-10-09 07:08:18.914558
2026-10-07 14:00:00,ENA,1,0.019139340210697395,0.011101457117112858,0.02885527341456393,0,1,1,2026-10-09 07:08:18.914558
2026-10-07 14:00:00,ENA,24,0.0700397663080649,0.06047549786780027,0.15120104916155902,0,1,1,2026-10-09 07:08:18.914558
2026-10-07 15:00:00,ENA,1,0.00219346435828122,0.011137504444465112,0.02885527341456393,1,1,1,2026-10-09 07:08:18.914558
2026-10-07 15:00:00,ENA,24,0.04951506452738056,0.06047549786780027,0.15120104916155902,1,1,1,2026-10-09 07:08:18.914558
2026-10-07 16:00:00,ENA,1,0.00571304564217922,0.011101457117112858,0.02885527341456393,1,1,1,2026-10-09 07:08:18.914558
2026-10-07 16:00:00,ENA,24,0.1106329356043988,0.06047549786780027,0.15120104916155902,0,1,1,2026-10-09 07:08:18.914558
2026-10-07 17:00:00,ENA,1,0.010633684603487022,0.01098837905245504,0.02885527341456393,1,1,1,2026-10-09 07:08:18.914558
2026-10-07 17:00:00,ENA,24,0.11278233832784164,0.06047549786780027,0.15120104916155902,0,1,1,2026-10-09 07:08:18.914558
2026-10-07 18:00:00,ENA,1,0.0026690407303775715,0.01098837905245504,0.02885527341456393,1,1,1,2026-10-09 07:08:18.914558
2026-10-07 18:00:00,ENA,24,0.1276309218685416,0.06047549786780027,0.15120104916155902,0,1,1,2026-10-09 07:08:18.914558
2026-10-07 19:00:00,ENA,1,0.0017754110300466199,0.01098837905245504,0.02885527341456393,1,1,1,2026-10-09 07:08:18.914558
2026-10-07 19:00:00,ENA,24,0.10432447619565842,0.06047549786780027,0.15120104916155902,0,1,1,2026-10-09 07:08:18.914558
2026-10-07 20:00:00,ENA,1,0.008390422373702513,0.01098837905245504,0.02885527341456393,1,1,1,2026-10-09 07:08:18.914558
2026-10-07 20:00:00,ENA,24,0.09824130061318373,0.06047549786780027,0.15120104916155902,0,1,1,2026-10-09 07:08:18.914558
2026-10-07 21:00:00,ENA,1,0.013726139790272944,0.01098837905245504,0.02885527341456393,0,1,1,2026-10-09 07:08:18.914558
2026-10-07 21:00:00,ENA,24,0.09689454770902796,0.06042668636311032,0.15120104916155902,0,1,1,2026-10-09 07:08:18.914558
2026-10-07 22:00:00,ENA,1,0.004892160079513212,0.011101457117112858,0.02885527341456393,1,1,1,2026-10-09 07:08:18.914558
2026-10-07 22:00:00,ENA,24,0.08026564826079365,0.06042668636311032,0.15120104916155902,0,1,1,2026-10-09 07:08:18.914558
2026-10-07 23:00:00,ENA,1,0.004426744723351967,0.011101457117112858,0.02885527341456393,1,1,1,2026-10-09 07:08:18.914558
2026-10-07 23:00:00,ENA,24,0.08419209122034786,0.06025329970658486,0.15120104916155902,0,1,1,2026-10-09 07:08:18.914558
2026-10-08 00:00:00,ENA,1,0.0022060454567681903,0.011101457117112858,0.02885527341456393,1,1,1,2026-10-09 07:08:18.914558
2026-10-08 00:00:00,ENA,24,0.09151878964348965,0.06018031331694433,0.15120104916155902,0,1,1,2026-10-09 07:08:18.914558
2026-10-08 01:00:00,ENA,1,0.008408989581375793,0.011101457117112858,0.02885527341456393,1,1,1,2026-10-09 07:08:18.914558
2026-10-08 01:00:00,ENA,24,0.08409084921912395,0.06018031331694433,0.15120104916155902,0,1,1,2026-10-09 07:08:18.914558
2026-10-08 02:00:00,ENA,1,0.004434597067865775,0.01098837905245504,0.02885527341456393,1,1,1,2026-10-09 07:08:18.914558
2026-10-08 02:00:00,ENA,24,0.05433886309984866,0.06018031331694433,0.15120104916155902,1,1,1,2026-10-09 07:08:18.914558
2026-10-08 03:00:00,ENA,1,0.015607897665990942,0.01097980413961876,0.02885527341456393,0,1,1,2026-10-09 07:08:18.914558
2026-10-08 03:00:00,ENA,24,0.06678292583614866,0.06018031331694433,0.15120104916155902,0,1,1,2026-10-09 07:08:18.914558
2026-10-08 04:00:00,ENA,1,0.020432038817205966,0.01098837905245504,0.02885527341456393,0,1,1,2026-10-09 07:08:18.914558
2026-10-08 04:00:00,ENA,24,0.04834082693428255,0.06018031331694433,0.15120104916155902,1,1,1,2026-10-09 07:08:18.914558
2026-10-08 05:00:00,ENA,1,0.00366300775873702,0.011101457117112858,0.02885527341456393,1,1,1,2026-10-09 07:08:18.914558
2026-10-08 05:00:00,ENA,24,0.03263692931302255,0.06009830224876192,0.15120104916155902,1,1,1,2026-10-09 07:08:18.914558
2026-10-08 06:00:00,ENA,1,0.009099243855114089,0.011101457117112858,0.02885527341456393,1,1,1,2026-10-09 07:08:18.914558
2026-10-08 06:00:00,ENA,24,0.01798526689936129,0.06009830224876192,0.15120104916155902,1,1,1,2026-10-09 07:08:18.914558
2026-10-08 07:00:00,ENA,1,0.0027210901143606132,0.01098837905245504,0.02885527341456393,1,1,1,2026-10-09 07:08:18.914558
2026-10-08 07:00:00,ENA,24,0.021516050890099968,0.06009830224876192,0.15120104916155902,1,1,1,2026-10-09 07:08:18.914558
2026-10-08 08:00:00,ENA,1,0.00500797768715888,0.01098837905245504,0.02885527341456393,1,1,1,2026-10-09 07:08:18.914558
2026-10-08 09:00:00,ENA,1,0.0072760666612700035,0.01098837905245504,0.02885527341456393,1,1,1,2026-10-09 07:08:18.914558
2026-10-08 10:00:00,ENA,1,0.005452080747464675,0.01097980413961876,0.02885527341456393,1,1,1,2026-10-09 07:08:18.914558
2026-10-08 11:00:00,ENA,1,0.012376962949734907,0.01097828361453253,0.02885527341456393,0,1,1,2026-10-09 07:08:18.914558
2026-10-08 12:00:00,ENA,1,0.006014360021688668,0.01097828361453253,0.02885527341456393,1,1,1,2026-10-09 07:08:18.914558
2026-10-08 13:00:00,ENA,1,0.004167637428524124,0.01097828361453253,0.02885527341456393,1,1,1,2026-10-09 07:08:18.914558
2026-10-08 14:00:00,ENA,1,0.0013853615699869835,0.01097828361453253,0.02885527341456393,1,1,1,2026-10-09 07:08:18.914558
2026-10-08 15:00:00,ENA,1,0.058924406718737006,0.010965544918056791,0.02885527341456393,0,0,1,2026-10-09 07:08:18.914558
2026-10-08 16:00:00,ENA,1,0.00786244836562212,0.010965544918056791,0.02888643192408451,1,1,1,2026-10-09 07:08:18.914558
2026-10-08 17:00:00,ENA,1,0.0254822681441869,0.010965544918056791,0.02888643192408451,0,1,1,2026-10-09 07:08:18.914558
2026-10-08 18:00:00,ENA,1,0.025975486403260736,0.010965544918056791,0.02888643192408451,0,1,1,2026-10-09 07:08:18.914558
2026-10-08 19:00:00,ENA,1,0.00785858661252131,0.01097828361453253,0.02888643192408451,1,1,1,2026-10-09 07:08:18.914558
2026-10-08 20:00:00,ENA,1,0.009737175277858244,0.01097828361453253,0.02888643192408451,1,1,1,2026-10-09 07:08:18.914558
2026-10-08 21:00:00,ENA,1,0.00290275965796141,0.01097828361453253,0.02888643192408451,1,1,1,2026-10-09 07:08:18.914558
2026-10-08 22:00:00,ENA,1,0.0009657171199590132,0.01097828361453253,0.02888643192408451,1,1,1,2026-10-09 07:08:18.914558
2026-10-08 23:00:00,ENA,1,0.0028999536997897602,0.01097828361453253,0.02888643192408451,1,1,1,2026-10-09 07:08:18.914558
2026-10-09 00:00:00,ENA,1,0.00963398588113401,0.01097828361453253,0.02888643192408451,1,1,1,2026-10-09 07:08:18.914558
2026-10-09 01:00:00,ENA,1,0.021342996537899485,0.01097828361453253,0.02888643192408451,0,1,1,2026-10-09 07:08:18.914558
2026-10-09 02:00:00,ENA,1,0.00800946566843427,0.01097980413961876,0.02888643192408451,1,1,1,2026-10-09 07:08:18.914558
2026-10-09 03:00:00,ENA,1,0.0028342012358751134,0.01097980413961876,0.02888643192408451,1,1,1,2026-10-09 07:08:18.914558
2026-10-09 04:00:00,ENA,1,0.004728141195946012,0.01097980413961876,0.02888643192408451,1,1,1,2026-10-09 07:08:18.914558
2026-10-09 05:00:00,ENA,1,0.018314670172398413,0.01097828361453253,0.02888643192408451,0,1,1,2026-10-09 07:08:18.914558
2026-10-09 06:00:00,ENA,1,0.0055684598643754865,0.01097980413961876,0.02888643192408451,1,1,1,2026-10-09 07:08:18.914558
2026-10-07 07:00:00,POL,1,0.005109183524513282,0.0073570481935415445,0.019507281117236527,1,1,1,2026-10-09 07:08:18.914558
2026-10-07 07:00:00,POL,24,0.02305213199169753,0.03906408248097409,0.07860492672083622,1,1,1,2026-10-09 07:08:18.914558
2026-10-07 08:00:00,POL,1,0.009321360821549062,0.0073570481935415445,0.019507281117236527,0,1,1,2026-10-09 07:08:18.914558
2026-10-07 08:00:00,POL,24,0.009906840931950532,0.03914725618340548,0.07860492672083622,1,1,1,2026-10-09 07:08:18.914558
2026-10-07 09:00:00,POL,1,0.0037001015924086676,0.007430185293503461,0.019507281117236527,1,1,1,2026-10-09 07:08:18.914558
2026-10-07 09:00:00,POL,24,0.010887263638227368,0.0392367458343838,0.07860492672083622,1,1,1,2026-10-09 07:08:18.914558
2026-10-07 10:00:00,POL,1,0.002627610873900095,0.007430185293503461,0.019507281117236527,1,1,1,2026-10-09 07:08:18.914558
2026-10-07 10:00:00,POL,24,0.008393568700505071,0.03927210530182278,0.07860492672083622,1,1,1,2026-10-09 07:08:18.914558
2026-10-07 11:00:00,POL,1,0.0016552265110119035,0.007430185293503461,0.019507281117236527,1,1,1,2026-10-09 07:08:18.914558
2026-10-07 11:00:00,POL,24,0.01968180045064624,0.03931291242434855,0.07860492672083622,1,1,1,2026-10-09 07:08:18.914558
2026-10-07 12:00:00,POL,1,0.009186929352015899,0.007430185293503461,0.019507281117236527,0,1,1,2026-10-09 07:08:18.914558
2026-10-07 12:00:00,POL,24,0.021237648079588847,0.03956672256970159,0.07860492672083622,1,1,1,2026-10-09 07:08:18.914558
2026-10-07 13:00:00,POL,1,0.004604014597772409,0.007482253868569978,0.019507281117236527,1,1,1,2026-10-09 07:08:18.914558
2026-10-07 13:00:00,POL,24,0.014837067430467737,0.03960004776201224,0.07860492672083622,1,1,1,2026-10-09 07:08:18.914558
2026-10-07 14:00:00,POL,1,0.012291811184016078,0.007430185293503461,0.019507281117236527,0,1,1,2026-10-09 07:08:18.914558
2026-10-07 14:00:00,POL,24,0.013182679839817581,0.03976477195826592,0.07860492672083622,1,1,1,2026-10-09 07:08:18.914558
2026-10-07 15:00:00,POL,1,0.017361036311117663,0.007482253868569978,0.019507281117236527,0,1,1,2026-10-09 07:08:18.914558
2026-10-07 15:00:00,POL,24,0.0019768712576225212,0.039876943015097414,0.07860492672083622,1,1,1,2026-10-09 07:08:18.914558
2026-10-07 16:00:00,POL,1,0.006242704628084744,0.007482253868569978,0.019507281117236527,1,1,1,2026-10-09 07:08:18.914558
2026-10-07 16:00:00,POL,24,0.06861787929489448,0.039886929680310296,0.07860492672083622,0,1,1,2026-10-09 07:08:18.914558
2026-10-07 17:00:00,POL,1,0.007957210805115654,0.007430185293503461,0.019507281117236527,0,1,1,2026-10-09 07:08:18.914558
2026-10-07 17:00:00,POL,24,0.06195868153292567,0.0400611892019451,0.07860492672083622,0,1,1,2026-10-09 07:08:18.914558
2026-10-07 18:00:00,POL,1,0.001084331517353827,0.007482253868569978,0.019507281117236527,1,1,1,2026-10-09 07:08:18.914558
2026-10-07 18:00:00,POL,24,0.06299452516716862,0.04027635871510216,0.07860492672083622,0,1,1,2026-10-09 07:08:18.914558
2026-10-07 19:00:00,POL,1,9.852702111527481e-05,0.007482253868569978,0.019507281117236527,1,1,1,2026-10-09 07:08:18.914558
2026-10-07 19:00:00,POL,24,0.04359677663049437,0.04048503312013252,0.07860492672083622,0,1,1,2026-10-09 07:08:18.914558
2026-10-07 20:00:00,POL,1,0.007851645008189283,0.007482253868569978,0.019507281117236527,0,1,1,2026-10-09 07:08:18.914558
2026-10-07 20:00:00,POL,24,0.03652457761864144,0.04059152170509618,0.07860492672083622,1,1,1,2026-10-09 07:08:18.914558
2026-10-07 21:00:00,POL,1,0.0058829466658699495,0.007516591677282847,0.019507281117236527,1,1,1,2026-10-09 07:08:18.914558
2026-10-07 21:00:00,POL,24,0.03481553141253347,0.041077892384952824,0.07860492672083622,1,1,1,2026-10-09 07:08:18.914558
2026-10-07 22:00:00,POL,1,0.005002707966557847,0.007516591677282847,0.019507281117236527,1,1,1,2026-10-09 07:08:18.914558
2026-10-07 22:00:00,POL,24,0.029742711373249405,0.041219079824086666,0.07860492672083622,1,1,1,2026-10-09 07:08:18.914558
2026-10-07 23:00:00,POL,1,0.006048208857754411,0.007516591677282847,0.019507281117236527,1,1,1,2026-10-09 07:08:18.914558
2026-10-07 23:00:00,POL,24,0.034036522657125264,0.04138752630505691,0.07860492672083622,1,1,1,2026-10-09 07:08:18.914558
2026-10-08 00:00:00,POL,1,0.0018461842682436149,0.007516591677282847,0.019507281117236527,1,1,1,2026-10-09 07:08:18.914558
2026-10-08 00:00:00,POL,24,0.0452610942530231,0.04140380921408472,0.07860492672083622,0,1,1,2026-10-09 07:08:18.914558
2026-10-08 01:00:00,POL,1,0.008873345724982246,0.007516591677282847,0.019507281117236527,0,1,1,2026-10-09 07:08:18.914558
2026-10-08 01:00:00,POL,24,0.046802043742481265,0.04153636552237096,0.07860492672083622,0,1,1,2026-10-09 07:08:18.914558
2026-10-08 02:00:00,POL,1,0.0017614252523660177,0.007568336566094748,0.019507281117236527,1,1,1,2026-10-09 07:08:18.914558
2026-10-08 02:00:00,POL,24,0.026498846178637608,0.04153636552237096,0.07860492672083622,1,1,1,2026-10-09 07:08:18.914558
2026-10-08 03:00:00,POL,1,0.00598187613591616,0.007568336566094748,0.019507281117236527,1,1,1,2026-10-09 07:08:18.914558
2026-10-08 03:00:00,POL,24,0.032594300288395855,0.04153636552237096,0.07860492672083622,1,1,1,2026-10-09 07:08:18.914558
2026-10-08 04:00:00,POL,1,0.006314771847428775,0.007568336566094748,0.019507281117236527,1,1,1,2026-10-09 07:08:18.914558
2026-10-08 04:00:00,POL,24,0.015262932567358237,0.04153636552237096,0.07860492672083622,1,1,1,2026-10-09 07:08:18.914558
2026-10-08 05:00:00,POL,1,0.0,0.007568336566094748,0.019507281117236527,1,1,1,2026-10-09 07:08:18.914558
2026-10-08 05:00:00,POL,24,0.00785019185182797,0.04153636552237096,0.07860492672083622,1,1,1,2026-10-09 07:08:18.914558
2026-10-08 06:00:00,POL,1,0.005921264710034254,0.007568336566094748,0.019507281117236527,1,1,1,2026-10-09 07:08:18.914558
2026-10-08 06:00:00,POL,24,0.0067534271972937415,0.04153636552237096,0.07860492672083622,1,1,1,2026-10-09 07:08:18.914558
2026-10-08 07:00:00,POL,1,0.008036107535233667,0.007568336566094748,0.019507281117236527,0,1,1,2026-10-09 07:08:18.914558
2026-10-08 07:00:00,POL,24,0.010087110845715714,0.04153636552237096,0.07860492672083622,1,1,1,2026-10-09 07:08:18.914558
2026-10-08 08:00:00,POL,1,0.010301783527825945,0.007587493891234036,0.019507281117236527,0,1,1,2026-10-09 07:08:18.914558
2026-10-08 09:00:00,POL,1,0.006193796530130901,0.0076003383958958715,0.019507281117236527,1,1,1,2026-10-09 07:08:18.914558
2026-10-08 10:00:00,POL,1,0.013915842624041242,0.0076003383958958715,0.019507281117236527,0,1,1,2026-10-09 07:08:18.914558
2026-10-08 11:00:00,POL,1,9.937888206936229e-05,0.00762124912386966,0.019507281117236527,1,1,1,2026-10-09 07:08:18.914558
2026-10-08 12:00:00,POL,1,0.0027863487028947716,0.00762124912386966,0.019507281117236527,1,1,1,2026-10-09 07:08:18.914558
2026-10-08 13:00:00,POL,1,0.006258402188422466,0.00762124912386966,0.019507281117236527,1,1,1,2026-10-09 07:08:18.914558
2026-10-08 14:00:00,POL,1,0.002867739913423995,0.0076003383958958715,0.019507281117236527,1,1,1,2026-10-09 07:08:18.914558
2026-10-08 15:00:00,POL,1,0.05323371424139939,0.007587493891234036,0.019507281117236527,0,0,1,2026-10-09 07:08:18.914558
2026-10-08 16:00:00,POL,1,0.00041649313388415944,0.007587493891234036,0.01979393475731353,1,1,1,2026-10-09 07:08:18.914558
2026-10-08 17:00:00,POL,1,0.008993054439358677,0.007568336566094748,0.01979393475731353,0,1,1,2026-10-09 07:08:18.914558
2026-10-08 18:00:00,POL,1,0.02048208005402792,0.007568336566094748,0.01979393475731353,0,0,1,2026-10-09 07:08:18.914558
2026-10-08 19:00:00,POL,1,0.006973671990737682,0.007568336566094748,0.020152571227440148,1,1,1,2026-10-09 07:08:18.914558
2026-10-08 20:00:00,POL,1,0.009560691214297359,0.007568336566094748,0.020152571227440148,0,1,1,2026-10-09 07:08:18.914558
2026-10-08 21:00:00,POL,1,0.0008101266265859942,0.007587493891234036,0.020152571227440148,1,1,1,2026-10-09 07:08:18.914558
2026-10-08 22:00:00,POL,1,0.000708896682682147,0.007587493891234036,0.020152571227440148,1,1,1,2026-10-09 07:08:18.914558
2026-10-08 23:00:00,POL,1,0.005176362738143397,0.007587493891234036,0.020152571227440148,1,1,1,2026-10-09 07:08:18.914558
2026-10-09 00:00:00,POL,1,0.00030523477878535254,0.007587493891234036,0.020152571227440148,1,1,1,2026-10-09 07:08:18.914558
2026-10-09 01:00:00,POL,1,0.011429851838861353,0.007587493891234036,0.020152571227440148,0,1,1,2026-10-09 07:08:18.914558
2026-10-09 02:00:00,POL,1,0.004334028857392275,0.0076003383958958715,0.020152571227440148,1,1,1,2026-10-09 07:08:18.914558
2026-10-09 03:00:00,POL,1,0.011349491585121399,0.0076003383958958715,0.020152571227440148,0,1,1,2026-10-09 07:08:18.914558
2026-10-09 04:00:00,POL,1,0.001097968868101356,0.00762124912386966,0.020152571227440148,1,1,1,2026-10-09 07:08:18.914558
2026-10-09 05:00:00,POL,1,0.0010967646545342962,0.0076003383958958715,0.020152571227440148,1,1,1,2026-10-09 07:08:18.914558
2026-10-09 06:00:00,POL,1,0.0025875810616122702,0.0076003383958958715,0.020152571227440148,1,1,1,2026-10-09 07:08:18.914558
2026-10-07 07:00:00,ARB,1,0.0037184637799374627,0.011641550594766239,0.031097807802218477,1,1,1,2026-10-09 07:08:18.914558
2026-10-07 07:00:00,ARB,24,0.020430818180387476,0.051378384312685946,0.15258655951665262,1,1,1,2026-10-09 07:08:18.914558
2026-10-07 08:00:00,ARB,1,0.010661081786113703,0.011535175129766735,0.031097807802218477,1,1,1,2026-10-09 07:08:18.914558
2026-10-07 08:00:00,ARB,24,0.021437048130605405,0.051378384312685946,0.15201092592771745,1,1,1,2026-10-09 07:08:18.914558
2026-10-07 09:00:00,ARB,1,0.0005360493293731397,0.011504955734180325,0.031097807802218477,1,1,1,2026-10-09 07:08:18.914558
2026-10-07 09:00:00,ARB,24,0.006451635281488607,0.051378384312685946,0.1478121206510294,1,1,1,2026-10-09 07:08:18.914558
2026-10-07 10:00:00,ARB,1,0.002684565370668987,0.011504955734180325,0.031097807802218477,1,1,1,2026-10-09 07:08:18.914558
2026-10-07 10:00:00,ARB,24,0.009605196579236546,0.051378384312685946,0.14502099815728128,1,1,1,2026-10-09 07:08:18.914558
2026-10-07 11:00:00,ARB,1,0.0016142053545411135,0.011504955734180325,0.031097807802218477,1,1,1,2026-10-09 07:08:18.914558
2026-10-07 11:00:00,ARB,24,0.0,0.051378384312685946,0.14445238852950285,1,1,1,2026-10-09 07:08:18.914558
2026-10-07 12:00:00,ARB,1,0.0032362487792084163,0.011504955734180325,0.031097807802218477,1,1,1,2026-10-09 07:08:18.914558
2026-10-07 12:00:00,ARB,24,0.008110344537453625,0.051378384312685946,0.1440041797431424,1,1,1,2026-10-09 07:08:18.914558
2026-10-07 13:00:00,ARB,1,0.004312675147946707,0.011504955734180325,0.031097807802218477,1,1,1,2026-10-09 07:08:18.914558
2026-10-07 13:00:00,ARB,24,0.012503560559402143,0.051378384312685946,0.14380804002387584,1,1,1,2026-10-09 07:08:18.914558
2026-10-07 14:00:00,ARB,1,0.00810158360490493,0.011434030994778565,0.031097807802218477,1,1,1,2026-10-09 07:08:18.914558
2026-10-07 14:00:00,ARB,24,0.013539334905033907,0.051378384312685946,0.14380804002387584,1,1,1,2026-10-09 07:08:18.914558
2026-10-07 15:00:00,ARB,1,0.0016255760827007953,0.011406534265015464,0.031097807802218477,1,1,1,2026-10-09 07:08:18.914558
2026-10-07 15:00:00,ARB,24,0.010905233482262468,0.051378384312685946,0.14380804002387584,1,1,1,2026-10-09 07:08:18.914558
2026-10-07 16:00:00,ARB,1,0.005973409018804102,0.01140121948270151,0.030200203377986068,1,1,1,2026-10-09 07:08:18.914558
2026-10-07 16:00:00,ARB,24,0.10554100478384651,0.051378384312685946,0.14357401089795155,0,1,1,2026-10-09 07:08:18.914558
2026-10-07 17:00:00,ARB,1,0.0038199227895701,0.011394964255438511,0.030200203377986068,1,1,1,2026-10-09 07:08:18.914558
2026-10-07 17:00:00,ARB,24,0.09776416876589157,0.051378384312685946,0.14357401089795155,0,1,1,2026-10-09 07:08:18.914558
2026-10-07 18:00:00,ARB,1,0.0027374777565889693,0.011394964255438511,0.030200203377986068,1,1,1,2026-10-09 07:08:18.914558
2026-10-07 18:00:00,ARB,24,0.10968306964703615,0.051378384312685946,0.14357401089795155,0,1,1,2026-10-09 07:08:18.914558
2026-10-07 19:00:00,ARB,1,0.0005480953823151954,0.011394964255438511,0.030200203377986068,1,1,1,2026-10-09 07:08:18.914558
2026-10-07 19:00:00,ARB,24,0.07808008808830855,0.051378384312685946,0.14357401089795155,0,1,1,2026-10-09 07:08:18.914558
2026-10-07 20:00:00,ARB,1,0.010899290458035638,0.011366548681736859,0.030200203377986068,1,1,1,2026-10-09 07:08:18.914558
2026-10-07 20:00:00,ARB,24,0.06333376769247184,0.051378384312685946,0.14357401089795155,0,1,1,2026-10-09 07:08:18.914558
2026-10-07 21:00:00,ARB,1,0.010351495319713706,0.011366548681736859,0.030200203377986068,1,1,1,2026-10-09 07:08:18.914558
2026-10-07 21:00:00,ARB,24,0.06378000129841829,0.051378384312685946,0.14357401089795155,0,1,1,2026-10-09 07:08:18.914558
2026-10-07 22:00:00,ARB,1,0.00763778944811754,0.011366548681736859,0.030200203377986068,1,1,1,2026-10-09 07:08:18.914558
2026-10-07 22:00:00,ARB,24,0.052850972032533465,0.051378384312685946,0.14357401089795155,0,1,1,2026-10-09 07:08:18.914558
2026-10-07 23:00:00,ARB,1,0.009735068770752413,0.011366548681736859,0.030200203377986068,1,1,1,2026-10-09 07:08:18.914558
2026-10-07 23:00:00,ARB,24,0.05703054477769391,0.051378384312685946,0.14357401089795155,0,1,1,2026-10-09 07:08:18.914558
2026-10-08 00:00:00,ARB,1,0.00804078307030462,0.011366548681736859,0.030200203377986068,1,1,1,2026-10-09 07:08:18.914558
2026-10-08 00:00:00,ARB,24,0.07311484122710529,0.051378384312685946,0.14357401089795155,0,1,1,2026-10-09 07:08:18.914558
2026-10-08 01:00:00,ARB,1,0.0053533318425000405,0.011366548681736859,0.030200203377986068,1,1,1,2026-10-09 07:08:18.914558
2026-10-08 01:00:00,ARB,24,0.08463590623254899,0.051378384312685946,0.14357401089795155,0,1,1,2026-10-09 07:08:18.914558
2026-10-08 02:00:00,ARB,1,0.003215436853974393,0.011366548681736859,0.030200203377986068,1,1,1,2026-10-09 07:08:18.914558
2026-10-08 02:00:00,ARB,24,0.06945306477625107,0.050280526479716633,0.14357401089795155,0,1,1,2026-10-09 07:08:18.914558
2026-10-08 03:00:00,ARB,1,0.00751883241402734,0.011366548681736859,0.030200203377986068,1,1,1,2026-10-09 07:08:18.914558
2026-10-08 03:00:00,ARB,24,0.06407492253432828,0.04966249227229189,0.14357401089795155,0,1,1,2026-10-09 07:08:18.914558
2026-10-08 04:00:00,ARB,1,0.015756913886621652,0.011366548681736859,0.030200203377986068,0,1,1,2026-10-09 07:08:18.914558
2026-10-08 04:00:00,ARB,24,0.04690514947366071,0.04966249227229189,0.14357401089795155,1,1,1,2026-10-09 07:08:18.914558
2026-10-08 05:00:00,ARB,1,0.0010958905206371124,0.011394964255438511,0.030200203377986068,1,1,1,2026-10-09 07:08:18.914558
2026-10-08 05:00:00,ARB,24,0.03227881795732501,0.04966249227229189,0.14357401089795155,1,1,1,2026-10-09 07:08:18.914558
2026-10-08 06:00:00,ARB,1,0.0092770105988012,0.011366548681736859,0.030200203377986068,1,1,1,2026-10-09 07:08:18.914558
2026-10-08 06:00:00,ARB,24,0.02498048296844159,0.04966249227229189,0.14357401089795155,1,1,1,2026-10-09 07:08:18.914558
2026-10-08 07:00:00,ARB,1,0.002712233829719555,0.011359087858142882,0.030200203377986068,1,1,1,2026-10-09 07:08:18.914558
2026-10-08 07:00:00,ARB,24,0.03201156336993758,0.04966249227229189,0.14357401089795155,1,1,1,2026-10-09 07:08:18.914558
2026-10-08 08:00:00,ARB,1,0.0043243310630030245,0.011359087858142882,0.030200203377986068,1,1,1,2026-10-09 07:08:18.914558
2026-10-08 09:00:00,ARB,1,0.015520782531351966,0.011359087858142882,0.030200203377986068,0,1,1,2026-10-09 07:08:18.914558
2026-10-08 10:00:00,ARB,1,0.012289761949905505,0.011359087858142882,0.030200203377986068,0,1,1,2026-10-09 07:08:18.914558
2026-10-08 11:00:00,ARB,1,0.009724549891994744,0.011366548681736859,0.030200203377986068,1,1,1,2026-10-09 07:08:18.914558
2026-10-08 12:00:00,ARB,1,0.007629464801156951,0.011366548681736859,0.030200203377986068,1,1,1,2026-10-09 07:08:18.914558
2026-10-08 13:00:00,ARB,1,0.0032769008023150127,0.011359087858142882,0.030200203377986068,1,1,1,2026-10-09 07:08:18.914558
2026-10-08 14:00:00,ARB,1,0.005467482182133501,0.011359087858142882,0.030200203377986068,1,1,1,2026-10-09 07:08:18.914558
2026-10-08 15:00:00,ARB,1,0.09301019521888329,0.01127563535313759,0.030200203377986068,0,0,1,2026-10-09 07:08:18.914558
2026-10-08 16:00:00,ARB,1,0.0018034269991507267,0.011359087858142882,0.031097807802218477,1,1,1,2026-10-09 07:08:18.914558
2026-10-08 17:00:00,ARB,1,0.015738823670714656,0.01127563535313759,0.031097807802218477,0,1,1,2026-10-09 07:08:18.914558
2026-10-08 18:00:00,ARB,1,0.028865503802138537,0.011359087858142882,0.031097807802218477,0,1,1,2026-10-09 07:08:18.914558
2026-10-08 19:00:00,ARB,1,0.015294415778151773,0.011366548681736859,0.031097807802218477,0,1,1,2026-10-09 07:08:18.914558
2026-10-08 20:00:00,ARB,1,0.01045305685208922,0.011394964255438511,0.031097807802218477,1,1,1,2026-10-09 07:08:18.914558
2026-10-08 21:00:00,ARB,1,0.0005775339461710599,0.011394964255438511,0.031097807802218477,1,1,1,2026-10-09 07:08:18.914558
2026-10-08 22:00:00,ARB,1,0.003458216702956889,0.011394964255438511,0.031097807802218477,1,1,1,2026-10-09 07:08:18.914558
2026-10-08 23:00:00,ARB,1,0.006349227678658892,0.011394964255438511,0.031097807802218477,1,1,1,2026-10-09 07:08:18.914558
2026-10-09 00:00:00,ARB,1,0.0034802819351391723,0.011394964255438511,0.031097807802218477,1,1,1,2026-10-09 07:08:18.914558
2026-10-09 01:00:00,ARB,1,0.009829509613798018,0.011394964255438511,0.031097807802218477,1,1,1,2026-10-09 07:08:18.914558
2026-10-09 02:00:00,ARB,1,0.008593579095897077,0.011394964255438511,0.031097807802218477,1,1,1,2026-10-09 07:08:18.914558
2026-10-09 03:00:00,ARB,1,0.009650940646640302,0.011394964255438511,0.031097807802218477,1,1,1,2026-10-09 07:08:18.914558
2026-10-09 04:00:00,ARB,1,0.0011305823702859154,0.011394964255438511,0.031097807802218477,1,1,1,2026-10-09 07:08:18.914558
2026-10-09 05:00:00,ARB,1,0.006202444468246377,0.011366548681736859,0.031097807802218477,1,1,1,2026-10-09 07:08:18.914558
2026-10-09 06:00:00,ARB,1,0.002245930197305225,0.011359087858142882,0.031097807802218477,1,1,1,2026-10-09 07:08:18.914558
2026-10-07 07:00:00,ATOM,1,0.0011695907766026694,0.007959579506357521,0.01972918170943112,1,1,1,2026-10-09 07:08:18.914558
2026-10-07 07:00:00,ATOM,24,0.021991627018465666,0.04325031932385403,0.08788080119704902,1,1,1,2026-10-09 07:08:18.914558
2026-10-07 08:00:00,ATOM,1,0.007626907020900925,0.007959579506357521,0.01972918170943112,1,1,1,2026-10-09 07:08:18.914558
2026-10-07 08:00:00,ATOM,24,0.03503085727283273,0.04332732459304413,0.08788080119704902,1,1,1,2026-10-09 07:08:18.914558
2026-10-07 09:00:00,ATOM,1,0.0023584916592929396,0.007959579506357521,0.01972918170943112,1,1,1,2026-10-09 07:08:18.914558
2026-10-07 09:00:00,ATOM,24,0.040397876326296184,0.04334899008701523,0.08788080119704902,1,1,1,2026-10-09 07:08:18.914558
2026-10-07 10:00:00,ATOM,1,0.002364067294880507,0.007959579506357521,0.01972918170943112,1,1,1,2026-10-09 07:08:18.914558
2026-10-07 10:00:00,ATOM,24,0.06623424904787169,0.04340577363972033,0.08788080119704902,0,1,1,2026-10-09 07:08:18.914558
2026-10-07 11:00:00,ATOM,1,0.007722046093910278,0.007959579506357521,0.01972918170943112,1,1,1,2026-10-09 07:08:18.914558
2026-10-07 11:00:00,ATOM,24,0.05412950522283551,0.04347914979932772,0.08788080119704902,0,1,1,2026-10-09 07:08:18.914558
2026-10-07 12:00:00,ATOM,1,0.008904778342959685,0.007959579506357521,0.01972918170943112,0,1,1,2026-10-09 07:08:18.914558
2026-10-07 12:00:00,ATOM,24,0.07410797215372183,0.043508019165475774,0.08788080119704902,0,1,1,2026-10-09 07:08:18.914558
2026-10-07 13:00:00,ATOM,1,0.0023612761856796854,0.007959579506357521,0.019560023900213278,1,1,1,2026-10-09 07:08:18.914558
2026-10-07 13:00:00,ATOM,24,0.06631000078595321,0.043508019165475774,0.08788080119704902,0,1,1,2026-10-09 07:08:18.914558
2026-10-07 14:00:00,ATOM,1,0.0065069735653862735,0.007959579506357521,0.019560023900213278,1,1,1,2026-10-09 07:08:18.914558
2026-10-07 14:00:00,ATOM,24,0.07221095832681466,0.043508019165475774,0.08788080119704902,0,1,1,2026-10-09 07:08:18.914558
2026-10-07 15:00:00,ATOM,1,0.0035545061121182333,0.007959579506357521,0.019560023900213278,1,1,1,2026-10-09 07:08:18.914558
2026-10-07 15:00:00,ATOM,24,0.07321736796838887,0.043508019165475774,0.08788080119704902,0,1,1,2026-10-09 07:08:18.914558
2026-10-07 16:00:00,ATOM,1,0.00589624349728142,0.007859005301509502,0.019560023900213278,1,1,1,2026-10-09 07:08:18.914558
2026-10-07 16:00:00,ATOM,24,0.004148154096308343,0.043513484178941124,0.08788080119704902,1,1,1,2026-10-09 07:08:18.914558
2026-10-07 17:00:00,ATOM,1,0.0070796755880616884,0.007837190521427959,0.019560023900213278,1,1,1,2026-10-09 07:08:18.914558
2026-10-07 17:00:00,ATOM,24,0.015403148136694914,0.043513484178941124,0.08788080119704902,1,1,1,2026-10-09 07:08:18.914558
2026-10-07 18:00:00,ATOM,1,0.01118645754071495,0.007821910805655839,0.019560023900213278,0,1,1,2026-10-09 07:08:18.914558
2026-10-07 18:00:00,ATOM,24,0.02214996272687678,0.04367140128016536,0.08788080119704902,1,1,1,2026-10-09 07:08:18.914558
2026-10-07 19:00:00,ATOM,1,0.0017579846308979545,0.007857747489316554,0.019560023900213278,1,1,1,2026-10-09 07:08:18.914558
2026-10-07 19:00:00,ATOM,24,0.008820992215379811,0.04369411099137466,0.08788080119704902,1,1,1,2026-10-09 07:08:18.914558
2026-10-07 20:00:00,ATOM,1,0.004681108606502695,0.007857747489316554,0.019560023900213278,1,1,1,2026-10-09 07:08:18.914558
2026-10-07 20:00:00,ATOM,24,0.009340406493922157,0.04369411099137466,0.08788080119704902,1,1,1,2026-10-09 07:08:18.914558
2026-10-07 21:00:00,ATOM,1,0.007029905928258174,0.007857747489316554,0.019560023900213278,1,1,1,2026-10-09 07:08:18.914558
2026-10-07 21:00:00,ATOM,24,0.01908123807542749,0.04367908987105159,0.08788080119704902,1,1,1,2026-10-09 07:08:18.914558
2026-10-07 22:00:00,ATOM,1,0.009362268501613695,0.007821910805655839,0.019560023900213278,0,1,1,2026-10-09 07:08:18.914558
2026-10-07 22:00:00,ATOM,24,0.03466551610034438,0.04369411099137466,0.08788080119704902,1,1,1,2026-10-09 07:08:18.914558
2026-10-07 23:00:00,ATOM,1,0.004648468567984695,0.007821910805655839,0.019560023900213278,1,1,1,2026-10-09 07:08:18.914558
2026-10-07 23:00:00,ATOM,24,0.02530324759873058,0.04369411099137466,0.08788080119704902,1,1,1,2026-10-09 07:08:18.914558
2026-10-08 00:00:00,ATOM,1,0.010954275003464714,0.00781132139465278,0.019560023900213278,0,1,1,2026-10-09 07:08:18.914558
2026-10-08 00:00:00,ATOM,24,0.021222477030664624,0.04369411099137466,0.08788080119704902,1,1,1,2026-10-09 07:08:18.914558
2026-10-08 01:00:00,ATOM,1,0.010374732825551704,0.007821910805655839,0.019560023900213278,0,1,1,2026-10-09 07:08:18.914558
2026-10-08 01:00:00,ATOM,24,0.02323708974481458,0.04369411099137466,0.08788080119704902,1,1,1,2026-10-09 07:08:18.914558
2026-10-08 02:00:00,ATOM,1,0.012093438490683337,0.007857747489316554,0.019560023900213278,0,1,1,2026-10-09 07:08:18.914558
2026-10-08 02:00:00,ATOM,24,0.05850937419209341,0.04369411099137466,0.08788080119704902,0,1,1,2026-10-09 07:08:18.914558
2026-10-08 03:00:00,ATOM,1,0.0017157567835030458,0.007857747489316554,0.019560023900213278,1,1,1,2026-10-09 07:08:18.914558
2026-10-08 03:00:00,ATOM,24,0.05077799278157576,0.04369411099137466,0.08788080119704902,0,1,1,2026-10-09 07:08:18.914558
2026-10-08 04:00:00,ATOM,1,0.018454964373359122,0.007857747489316554,0.019560023900213278,0,1,1,2026-10-09 07:08:18.914558
2026-10-08 04:00:00,ATOM,24,0.05286348955706781,0.04369411099137466,0.08788080119704902,0,1,1,2026-10-09 07:08:18.914558
2026-10-08 05:00:00,ATOM,1,0.0005819028386486878,0.007959579506357521,0.019560023900213278,1,1,1,2026-10-09 07:08:18.914558
2026-10-08 05:00:00,ATOM,24,0.07887788517724328,0.04369411099137466,0.08788080119704902,0,1,1,2026-10-09 07:08:18.914558
2026-10-08 06:00:00,ATOM,1,0.016157304751207375,0.007959579506357521,0.019560023900213278,0,1,1,2026-10-09 07:08:18.914558
2026-10-08 06:00:00,ATOM,24,0.09165444975345909,0.04369411099137466,0.08788080119704902,0,0,1,2026-10-09 07:08:18.914558
2026-10-08 07:00:00,ATOM,1,0.01420882103096959,0.007997492825644268,0.019560023900213278,0,1,1,2026-10-09 07:08:18.914558
2026-10-08 07:00:00,ATOM,24,0.07230734963415156,0.04369411099137466,0.08788080119704902,0,1,1,2026-10-09 07:08:18.914558
2026-10-08 08:00:00,ATOM,1,0.0022598879674374786,0.007997492825644268,0.019560023900213278,1,1,1,2026-10-09 07:08:18.914558
2026-10-08 09:00:00,ATOM,1,0.023477881062282605,0.007997492825644268,0.019560023900213278,0,0,1,2026-10-09 07:08:18.914558
2026-10-08 10:00:00,ATOM,1,0.014468811119916774,0.008024658446862721,0.01972918170943112,0,1,1,2026-10-09 07:08:18.914558
2026-10-08 11:00:00,ATOM,1,0.012256420836976022,0.008067527243044608,0.01972918170943112,0,1,1,2026-10-09 07:08:18.914558
2026-10-08 12:00:00,ATOM,1,0.0011068069751910472,0.008067527243044608,0.01972918170943112,1,1,1,2026-10-09 07:08:18.914558
2026-10-08 13:00:00,ATOM,1,0.00826223372654112,0.008024658446862721,0.019560023900213278,0,1,1,2026-10-09 07:08:18.914558
2026-10-08 14:00:00,ATOM,1,0.005500563923811969,0.008024658446862721,0.019122767265117763,1,1,1,2026-10-09 07:08:18.914558
2026-10-08 15:00:00,ATOM,1,0.07381101595257897,0.007997492825644268,0.01848722472336202,0,0,1,2026-10-09 07:08:18.914558
2026-10-08 16:00:00,ATOM,1,0.00535875054310519,0.007997492825644268,0.01848722472336202,1,1,1,2026-10-09 07:08:18.914558
2026-10-08 17:00:00,ATOM,1,0.01382649017824351,0.007997492825644268,0.01848722472336202,0,1,1,2026-10-09 07:08:18.914558
2026-10-08 18:00:00,ATOM,1,0.024515428052212032,0.008024658446862721,0.01848722472336202,0,0,1,2026-10-09 07:08:18.914558
2026-10-08 19:00:00,ATOM,1,0.01640341407840418,0.008067527243044608,0.019122767265117763,0,1,1,2026-10-09 07:08:18.914558
2026-10-08 20:00:00,ATOM,1,0.014421940188008008,0.00807363819849297,0.019122767265117763,0,1,1,2026-10-09 07:08:18.914558
2026-10-08 21:00:00,ATOM,1,0.008554372096658595,0.00807363819849297,0.019122767265117763,0,1,1,2026-10-09 07:08:18.914558
2026-10-08 22:00:00,ATOM,1,0.0,0.00807363819849297,0.018509820615060325,1,1,1,2026-10-09 07:08:18.914558
2026-10-08 23:00:00,ATOM,1,0.0005676979999187895,0.00807363819849297,0.018509820615060325,1,1,1,2026-10-09 07:08:18.914558
2026-10-09 00:00:00,ATOM,1,0.01296888771761451,0.00807363819849297,0.018509820615060325,0,1,1,2026-10-09 07:08:18.914558
2026-10-09 01:00:00,ATOM,1,0.024897551621727302,0.00807363819849297,0.018509820615060325,0,0,1,2026-10-09 07:08:18.914558
2026-10-09 02:00:00,ATOM,1,0.004362057080165828,0.00807386162151047,0.019560023900213278,1,1,1,2026-10-09 07:08:18.914558
2026-10-09 03:00:00,ATOM,1,0.0038012535589951146,0.00807363819849297,0.019560023900213278,1,1,1,2026-10-09 07:08:18.914558
2026-10-09 04:00:00,ATOM,1,0.0075594312468163635,0.00807363819849297,0.019560023900213278,1,1,1,2026-10-09 07:08:18.914558
2026-10-09 05:00:00,ATOM,1,0.013358467414864399,0.008067527243044608,0.018509820615060325,0,1,1,2026-10-09 07:08:18.914558
2026-10-09 06:00:00,ATOM,1,0.0031897953681001494,0.008067527243044608,0.018509820615060325,1,1,1,2026-10-09 07:08:18.914558
2026-10-07 07:00:00,ALGO,1,0.0,0.008911868648177066,0.023479881465784374,1,1,1,2026-10-09 07:08:18.914558
2026-10-07 07:00:00,ALGO,24,0.015960019578729407,0.044309499095166426,0.09627711243589089,1,1,1,2026-10-09 07:08:18.914558
2026-10-07 08:00:00,ALGO,1,0.009208939085309724,0.008901080858725435,0.023479881465784374,0,1,1,2026-10-09 07:08:18.914558
2026-10-07 08:00:00,ALGO,24,0.04321911911997664,0.04448578824780027,0.09627711243589089,1,1,1,2026-10-09 07:08:18.914558
2026-10-07 09:00:00,ALGO,1,0.006751080493419632,0.008911868648177066,0.023479881465784374,1,1,1,2026-10-09 07:08:18.914558
2026-10-07 09:00:00,ALGO,24,0.08307878765176538,0.044841751728375394,0.09627711243589089,0,1,1,2026-10-09 07:08:18.914558
2026-10-07 10:00:00,ALGO,1,0.0008470987376518866,0.008911868648177066,0.023479881465784374,1,1,1,2026-10-09 07:08:18.914558
2026-10-07 10:00:00,ALGO,24,0.15427163537624164,0.04501604409853909,0.09627711243589089,0,0,1,2026-10-09 07:08:18.914558
2026-10-07 11:00:00,ALGO,1,0.013652089168327207,0.008911868648177066,0.023479881465784374,0,1,1,2026-10-09 07:08:18.914558
2026-10-07 11:00:00,ALGO,24,0.1279011658219682,0.04511308774188971,0.09627711243589089,0,0,1,2026-10-09 07:08:18.914558
2026-10-07 12:00:00,ALGO,1,0.0017167386190545491,0.008947781276123995,0.023479881465784374,1,1,1,2026-10-09 07:08:18.914558
2026-10-07 12:00:00,ALGO,24,0.13181170174499598,0.04529961533751665,0.09627711243589089,0,0,1,2026-10-09 07:08:18.914558
2026-10-07 13:00:00,ALGO,1,0.002576214391773252,0.008911868648177066,0.023479881465784374,1,1,1,2026-10-09 07:08:18.914558
2026-10-07 13:00:00,ALGO,24,0.10493160722320043,0.045319850704513116,0.09627711243589089,0,0,1,2026-10-09 07:08:18.914558
2026-10-07 14:00:00,ALGO,1,0.0025828684182540775,0.008911868648177066,0.023479881465784374,1,1,1,2026-10-09 07:08:18.914558
2026-10-07 14:00:00,ALGO,24,0.04456391000744781,0.04534157197024942,0.09627711243589089,1,1,1,2026-10-09 07:08:18.914558
2026-10-07 15:00:00,ALGO,1,0.0034423441909726986,0.008911868648177066,0.023479881465784374,1,1,1,2026-10-09 07:08:18.914558
2026-10-07 15:00:00,ALGO,24,0.0339015516756812,0.045386621111525145,0.09627711243589089,1,1,1,2026-10-09 07:08:18.914558
2026-10-07 16:00:00,ALGO,1,0.0008594757727187045,0.008911868648177066,0.023479881465784374,1,1,1,2026-10-09 07:08:18.914558
2026-10-07 16:00:00,ALGO,24,0.021250268399398625,0.04590197033067681,0.09627711243589089,1,1,1,2026-10-09 07:08:18.914558
2026-10-07 17:00:00,ALGO,1,0.004290010869507913,0.008911868648177066,0.023479881465784374,1,1,1,2026-10-09 07:08:18.914558
2026-10-07 17:00:00,ALGO,24,0.01958342703900621,0.04594961551138661,0.09627711243589089,1,1,1,2026-10-09 07:08:18.914558
2026-10-07 18:00:00,ALGO,1,0.006825965070399891,0.008911868648177066,0.023479881465784374,1,1,1,2026-10-09 07:08:18.914558
2026-10-07 18:00:00,ALGO,24,0.010327114155849628,0.04638198508603646,0.09627711243589089,1,1,1,2026-10-09 07:08:18.914558
2026-10-07 19:00:00,ALGO,1,0.004242687738789997,0.008911868648177066,0.023479881465784374,1,1,1,2026-10-09 07:08:18.914558
2026-10-07 19:00:00,ALGO,24,0.008467451099098596,0.046445703810042926,0.09627711243589089,1,1,1,2026-10-09 07:08:18.914558
2026-10-07 20:00:00,ALGO,1,0.0033812373718691362,0.008911868648177066,0.023479881465784374,1,1,1,2026-10-09 07:08:18.914558
2026-10-07 20:00:00,ALGO,24,0.014291962478032456,0.04660100819161665,0.09627711243589089,1,1,1,2026-10-09 07:08:18.914558
2026-10-07 21:00:00,ALGO,1,0.006773946308954805,0.008911868648177066,0.023479881465784374,1,1,1,2026-10-09 07:08:18.914558
2026-10-07 21:00:00,ALGO,24,0.01007565198874164,0.04660100819161665,0.09627711243589089,1,1,1,2026-10-09 07:08:18.914558
2026-10-07 22:00:00,ALGO,1,0.005929708183674265,0.008911868648177066,0.023479881465784374,1,1,1,2026-10-09 07:08:18.914558
2026-10-07 22:00:00,ALGO,24,0.008460287349391402,0.04679928669554394,0.09627711243589089,1,1,1,2026-10-09 07:08:18.914558
2026-10-07 23:00:00,ALGO,1,0.003372684478639156,0.008911868648177066,0.023479881465784374,1,1,1,2026-10-09 07:08:18.914558
2026-10-07 23:00:00,ALGO,24,0.004231914906580119,0.04679928669554394,0.09627711243589089,1,1,1,2026-10-09 07:08:18.914558
2026-10-08 00:00:00,ALGO,1,0.005037794029957081,0.008901080858725435,0.023479881465784374,1,1,1,2026-10-09 07:08:18.914558
2026-10-08 00:00:00,ALGO,24,0.011854499534548481,0.04679928669554394,0.09627711243589089,1,1,1,2026-10-09 07:08:18.914558
2026-10-08 01:00:00,ALGO,1,0.008410478508596404,0.008886085746817311,0.023479881465784374,1,1,1,2026-10-09 07:08:18.914558
2026-10-08 01:00:00,ALGO,24,0.010947477755185158,0.04679928669554394,0.09627711243589089,1,1,1,2026-10-09 07:08:18.914558
2026-10-08 02:00:00,ALGO,1,0.0067340321813441194,0.008852038307310474,0.023479881465784374,1,1,1,2026-10-09 07:08:18.914558
2026-10-08 02:00:00,ALGO,24,0.011754963231443684,0.04679928669554394,0.09627711243589089,1,1,1,2026-10-09 07:08:18.914558
2026-10-08 03:00:00,ALGO,1,0.007578983646908295,0.008852038307310474,0.023479881465784374,1,1,1,2026-10-09 07:08:18.914558
2026-10-08 03:00:00,ALGO,24,0.007578983646908295,0.04679928669554394,0.09627711243589089,1,1,1,2026-10-09 07:08:18.914558
2026-10-08 04:00:00,ALGO,1,0.00848901532491131,0.008852038307310474,0.023479881465784374,1,1,1,2026-10-09 07:08:18.914558
2026-10-08 04:00:00,ALGO,24,0.000845666012343258,0.04660100819161665,0.09627711243589089,1,1,1,2026-10-09 07:08:18.914558
2026-10-08 05:00:00,ALGO,1,0.0008528785165175153,0.008852038307310474,0.023479881465784374,1,1,1,2026-10-09 07:08:18.914558
2026-10-08 05:00:00,ALGO,24,0.012706651269114883,0.04660100819161665,0.09627711243589089,1,1,1,2026-10-09 07:08:18.914558
2026-10-08 06:00:00,ALGO,1,0.007649846060404328,0.008852038307310474,0.023479881465784374,1,1,1,2026-10-09 07:08:18.914558
2026-10-08 06:00:00,ALGO,24,0.02194180853843673,0.04660100819161665,0.09627711243589089,1,1,1,2026-10-09 07:08:18.914558
2026-10-08 07:00:00,ALGO,1,0.059179138698706064,0.008838239129690085,0.023479881465784374,0,0,1,2026-10-09 07:08:18.914558
2026-10-08 07:00:00,ALGO,24,0.012621118313214792,0.04660100819161665,0.09627711243589089,1,1,1,2026-10-09 07:08:18.914558
2026-10-08 08:00:00,ALGO,1,0.03065072944647891,0.008852038307310474,0.02387885958810196,0,0,1,2026-10-09 07:08:18.914558
2026-10-08 09:00:00,ALGO,1,0.0644417672310566,0.008886085746817311,0.024021709330896087,0,0,1,2026-10-09 07:08:18.914558
2026-10-08 10:00:00,ALGO,1,0.027217568291925384,0.008886085746817311,0.024102410429460704,0,0,1,2026-10-09 07:08:18.914558
2026-10-08 11:00:00,ALGO,1,0.00974155324529936,0.008901080858725435,0.024214763936822828,0,1,1,2026-10-09 07:08:18.914558
2026-10-08 12:00:00,ALGO,1,0.025163355902741012,0.008911868648177066,0.024214763936822828,0,0,1,2026-10-09 07:08:18.914558
2026-10-08 13:00:00,ALGO,1,0.06294391160752583,0.008947781276123995,0.024600294432774603,0,0,1,2026-10-09 07:08:18.914558
2026-10-08 14:00:00,ALGO,1,0.01324522675002068,0.009000264487242175,0.02469793768755974,0,1,1,2026-10-09 07:08:18.914558
2026-10-08 15:00:00,ALGO,1,0.009208939085309724,0.009000264487242175,0.02469793768755974,0,1,1,2026-10-09 07:08:18.914558
2026-10-08 16:00:00,ALGO,1,0.0025263171331111364,0.009000264487242175,0.02469793768755974,1,1,1,2026-10-09 07:08:18.914558
2026-10-08 17:00:00,ALGO,1,0.025620530325347984,0.009000264487242175,0.02469793768755974,0,0,1,2026-10-09 07:08:18.914558
2026-10-08 18:00:00,ALGO,1,0.025620530325348046,0.009008709394423633,0.02481732660256302,0,0,1,2026-10-09 07:08:18.914558
2026-10-08 19:00:00,ALGO,1,0.01006719911772394,0.009008709394423633,0.02518621462387101,0,1,1,2026-10-09 07:08:18.914558
2026-10-08 20:00:00,ALGO,1,0.000835073117421507,0.009084419560541105,0.02518621462387101,1,1,1,2026-10-09 07:08:18.914558
2026-10-08 21:00:00,ALGO,1,0.00838931094830511,0.009084419560541105,0.02518621462387101,1,1,1,2026-10-09 07:08:18.914558
2026-10-08 22:00:00,ALGO,1,0.006762494072297113,0.009084419560541105,0.02518621462387101,1,1,1,2026-10-09 07:08:18.914558
2026-10-08 23:00:00,ALGO,1,0.0042499001493291515,0.009084419560541105,0.02518621462387101,1,1,1,2026-10-09 07:08:18.914558
2026-10-09 00:00:00,ALGO,1,0.005944815809320387,0.009084419560541105,0.02518621462387101,1,1,1,2026-10-09 07:08:18.914558
2026-10-09 01:00:00,ALGO,1,0.014291962478032456,0.009084419560541105,0.02518621462387101,0,1,1,2026-10-09 07:08:18.914558
2026-10-09 02:00:00,ALGO,1,0.012599914697007943,0.009084419560541105,0.02518621462387101,0,1,1,2026-10-09 07:08:18.914558
2026-10-09 03:00:00,ALGO,1,0.000845666012343258,0.009090971701252358,0.02518621462387101,1,1,1,2026-10-09 07:08:18.914558
2026-10-09 04:00:00,ALGO,1,0.005063301956546855,0.009090971701252358,0.02518621462387101,1,1,1,2026-10-09 07:08:18.914558
2026-10-09 05:00:00,ALGO,1,0.008382278752804439,0.009084419560541105,0.02518621462387101,1,1,1,2026-10-09 07:08:18.914558
2026-10-09 06:00:00,ALGO,1,0.0016708441648176058,0.009008709394423633,0.02518621462387101,1,1,1,2026-10-09 07:08:18.914558
2026-10-07 07:00:00,RENDER,1,0.009024046039445576,0.009090327449637461,0.020071986268387826,1,1,1,2026-10-09 07:08:18.914558
2026-10-07 07:00:00,RENDER,24,0.03855899360368304,0.04181654107241417,0.0885333642731641,1,1,1,2026-10-09 07:08:18.914558
2026-10-07 08:00:00,RENDER,1,0.009587801155153513,0.009054547439794822,0.020071986268387826,0,1,1,2026-10-09 07:08:18.914558
2026-10-07 08:00:00,RENDER,24,0.029043667770519498,0.04181654107241417,0.0885333642731641,1,1,1,2026-10-09 07:08:18.914558
2026-10-07 09:00:00,RENDER,1,0.022899904459964555,0.009054547439794822,0.020071986268387826,0,0,1,2026-10-09 07:08:18.914558
2026-10-07 09:00:00,RENDER,24,0.025861407118033745,0.04179354779621819,0.0885333642731641,1,1,1,2026-10-09 07:08:18.914558
2026-10-07 10:00:00,RENDER,1,0.010901991029476551,0.009090327449637461,0.020088078122349494,0,1,1,2026-10-09 07:08:18.914558
2026-10-07 10:00:00,RENDER,24,0.0034440378445986883,0.04181654107241417,0.0885333642731641,1,1,1,2026-10-09 07:08:18.914558
2026-10-07 11:00:00,RENDER,1,0.008506431077800174,0.009099623049752594,0.020088078122349494,1,1,1,2026-10-09 07:08:18.914558
2026-10-07 11:00:00,RENDER,24,0.006498398274554508,0.04185628919536082,0.0885333642731641,1,1,1,2026-10-09 07:08:18.914558
2026-10-07 12:00:00,RENDER,1,0.013972283195016115,0.009099623049752594,0.020088078122349494,0,1,1,2026-10-09 07:08:18.914558
2026-10-07 12:00:00,RENDER,24,0.002515724597247247,0.04222423793695539,0.0885333642731641,1,1,1,2026-10-09 07:08:18.914558
2026-10-07 13:00:00,RENDER,1,0.003462778627085377,0.009099623049752594,0.020088078122349494,1,1,1,2026-10-09 07:08:18.914558
2026-10-07 13:00:00,RENDER,24,0.0200206887308967,0.04236066483607624,0.0885333642731641,1,1,1,2026-10-09 07:08:18.914558
2026-10-07 14:00:00,RENDER,1,0.011423019665473644,0.009099623049752594,0.020088078122349494,0,1,1,2026-10-09 07:08:18.914558
2026-10-07 14:00:00,RENDER,24,0.02348346735798204,0.042518802705649804,0.0885333642731641,1,1,1,2026-10-09 07:08:18.914558
2026-10-07 15:00:00,RENDER,1,0.01880312696309631,0.009100163912691306,0.020088078122349494,0,1,1,2026-10-09 07:08:18.914558
2026-10-07 15:00:00,RENDER,24,0.0030015030037565085,0.042518802705649804,0.0885333642731641,1,1,1,2026-10-09 07:08:18.914558
2026-10-07 16:00:00,RENDER,1,0.009357369434641143,0.009100163912691306,0.020071986268387826,0,1,1,2026-10-09 07:08:18.914558
2026-10-07 16:00:00,RENDER,24,0.11466290832013988,0.04264530251224364,0.0885333642731641,0,0,1,2026-10-09 07:08:18.914558
2026-10-07 17:00:00,RENDER,1,0.0049358441767638666,0.009100163912691306,0.019936586578219,1,1,1,2026-10-09 07:08:18.914558
2026-10-07 17:00:00,RENDER,24,0.1053055388854988,0.04276432475277663,0.0885333642731641,0,0,1,2026-10-09 07:08:18.914558
2026-10-07 18:00:00,RENDER,1,0.004421525257877256,0.009100163912691306,0.019936586578219,1,1,1,2026-10-09 07:08:18.914558
2026-10-07 18:00:00,RENDER,24,0.1336017334257335,0.042859908371503046,0.0885333642731641,0,0,1,2026-10-09 07:08:18.914558
2026-10-07 19:00:00,RENDER,1,0.0009808730555920593,0.009100163912691306,0.019936586578219,1,1,1,2026-10-09 07:08:18.914558
2026-10-07 19:00:00,RENDER,24,0.10699583899855715,0.043165662269442566,0.0885333642731641,0,0,1,2026-10-09 07:08:18.914558
2026-10-07 20:00:00,RENDER,1,0.0,0.009100163912691306,0.019936586578219,1,1,1,2026-10-09 07:08:18.914558
2026-10-07 20:00:00,RENDER,24,0.091392447075423,0.04360554952614853,0.0885333642731641,0,0,1,2026-10-09 07:08:18.914558
2026-10-07 21:00:00,RENDER,1,0.011349739401886638,0.009100163912691306,0.019936586578219,0,1,1,2026-10-09 07:08:18.914558
2026-10-07 21:00:00,RENDER,24,0.09085495714041933,0.04378289476638744,0.0885333642731641,0,0,1,2026-10-09 07:08:18.914558
2026-10-07 22:00:00,RENDER,1,0.0009930487409920373,0.009133938386394239,0.019936586578219,1,1,1,2026-10-09 07:08:18.914558
2026-10-07 22:00:00,RENDER,24,0.0908536237777521,0.04402649013936685,0.0885333642731641,0,0,1,2026-10-09 07:08:18.914558
2026-10-07 23:00:00,RENDER,1,0.005943553900848137,0.009100163912691306,0.019936586578219,1,1,1,2026-10-09 07:08:18.914558
2026-10-07 23:00:00,RENDER,24,0.08390011306629398,0.044845349740247835,0.0885333642731641,0,1,1,2026-10-09 07:08:18.914558
2026-10-08 00:00:00,RENDER,1,0.004434597067865775,0.009100163912691306,0.019936586578219,1,1,1,2026-10-09 07:08:18.914558
2026-10-08 00:00:00,RENDER,24,0.10234722752654414,0.04505600704409305,0.0885333642731641,0,0,1,2026-10-09 07:08:18.914558
2026-10-08 01:00:00,RENDER,1,0.009881503329997647,0.009099623049752594,0.019936586578219,0,1,1,2026-10-09 07:08:18.914558
2026-10-08 01:00:00,RENDER,24,0.10514203193399453,0.04511626329016858,0.0885333642731641,0,0,1,2026-10-09 07:08:18.914558
2026-10-08 02:00:00,RENDER,1,0.004458763889238135,0.009099623049752594,0.019936586578219,1,1,1,2026-10-09 07:08:18.914558
2026-10-08 02:00:00,RENDER,24,0.08927085646325532,0.0452882129467325,0.0885333642731641,0,0,1,2026-10-09 07:08:18.914558
2026-10-08 03:00:00,RENDER,1,0.008937497427075978,0.009090327449637461,0.019936586578219,1,1,1,2026-10-09 07:08:18.914558
2026-10-08 03:00:00,RENDER,24,0.07384183775428019,0.0452882129467325,0.0885333642731641,0,1,1,2026-10-09 07:08:18.914558
2026-10-08 04:00:00,RENDER,1,0.010025146619378707,0.009054547439794822,0.019936586578219,0,1,1,2026-10-09 07:08:18.914558
2026-10-08 04:00:00,RENDER,24,0.06065579437211927,0.0452882129467325,0.0885333642731641,0,1,1,2026-10-09 07:08:18.914558
2026-10-08 05:00:00,RENDER,1,0.011520287690329034,0.009090327449637461,0.019936586578219,0,1,1,2026-10-09 07:08:18.914558
2026-10-08 05:00:00,RENDER,24,0.055411533353082736,0.0452882129467325,0.0885333642731641,0,1,1,2026-10-09 07:08:18.914558
2026-10-08 06:00:00,RENDER,1,0.013356617065075646,0.009099623049752594,0.019936586578219,0,1,1,2026-10-09 07:08:18.914558
2026-10-08 06:00:00,RENDER,24,0.03754880479838026,0.0452882129467325,0.0885333642731641,1,1,1,2026-10-09 07:08:18.914558
2026-10-08 07:00:00,RENDER,1,0.0004912797937180138,0.009099623049752594,0.019936586578219,1,1,1,2026-10-09 07:08:18.914558
2026-10-08 07:00:00,RENDER,24,0.056609352287915665,0.0452882129467325,0.0885333642731641,0,1,1,2026-10-09 07:08:18.914558
2026-10-08 08:00:00,RENDER,1,0.006405540502667874,0.009099623049752594,0.019936586578219,1,1,1,2026-10-09 07:08:18.914558
2026-10-08 09:00:00,RENDER,1,0.006405540502667899,0.009099623049752594,0.019936586578219,1,1,1,2026-10-09 07:08:18.914558
2026-10-08 10:00:00,RENDER,1,0.02084442714862969,0.009090327449637461,0.019936586578219,0,0,1,2026-10-09 07:08:18.914558
2026-10-08 11:00:00,RENDER,1,0.004523757400492852,0.009090327449637461,0.020071986268387826,1,1,1,2026-10-09 07:08:18.914558
2026-10-08 12:00:00,RENDER,1,0.0035326809386333857,0.009090327449637461,0.020071986268387826,1,1,1,2026-10-09 07:08:18.914558
2026-10-08 13:00:00,RENDER,1,0.0,0.009090327449637461,0.020071986268387826,1,1,1,2026-10-09 07:08:18.914558
2026-10-08 14:00:00,RENDER,1,0.009058944688751971,0.009054547439794822,0.020071986268387826,0,1,1,2026-10-09 07:08:18.914558
2026-10-08 15:00:00,RENDER,1,0.09285827835328704,0.009058625687408393,0.020071986268387826,0,0,1,2026-10-09 07:08:18.914558
2026-10-08 16:00:00,RENDER,1,0.0,0.009058625687408393,0.020088078122349494,1,1,1,2026-10-09 07:08:18.914558
2026-10-08 17:00:00,RENDER,1,0.023360350363470957,0.009058625687408393,0.020088078122349494,0,0,1,2026-10-09 07:08:18.914558
2026-10-08 18:00:00,RENDER,1,0.031027419685053605,0.009058625687408393,0.020222917983680748,0,0,1,2026-10-09 07:08:18.914558
2026-10-08 19:00:00,RENDER,1,0.014622518867541963,0.00909064645098097,0.020248361384877345,0,1,1,2026-10-09 07:08:18.914558
2026-10-08 20:00:00,RENDER,1,0.0005374899350037816,0.009099623049752594,0.020248361384877345,1,1,1,2026-10-09 07:08:18.914558
2026-10-08 21:00:00,RENDER,1,0.011348406039219378,0.009099623049752594,0.020248361384877345,0,1,1,2026-10-09 07:08:18.914558
2026-10-08 22:00:00,RENDER,1,0.005960461970466085,0.009100163912691306,0.020248361384877345,1,1,1,2026-10-09 07:08:18.914558
2026-10-08 23:00:00,RENDER,1,0.012503560559402143,0.009100163912691306,0.020248361384877345,0,1,1,2026-10-09 07:08:18.914558
2026-10-09 00:00:00,RENDER,1,0.0016397926604153686,0.009133938386394239,0.020248361384877345,1,1,1,2026-10-09 07:08:18.914558
2026-10-09 01:00:00,RENDER,1,0.005989672140741422,0.009133938386394239,0.020248361384877345,1,1,1,2026-10-09 07:08:18.914558
2026-10-09 02:00:00,RENDER,1,0.01988778259821317,0.009133938386394239,0.020248361384877345,0,1,1,2026-10-09 07:08:18.914558
2026-10-09 03:00:00,RENDER,1,0.0042485459550849975,0.00914136918521904,0.020248361384877345,1,1,1,2026-10-09 07:08:18.914558
2026-10-09 04:00:00,RENDER,1,0.004780885600342008,0.009133938386394239,0.020248361384877345,1,1,1,2026-10-09 07:08:18.914558
2026-10-09 05:00:00,RENDER,1,0.029383016245031507,0.009100163912691306,0.020248361384877345,0,0,1,2026-10-09 07:08:18.914558
2026-10-09 06:00:00,RENDER,1,0.0057039304244598,0.009133938386394239,0.020641179222839836,1,1,1,2026-10-09 07:08:18.914558
2026-10-07 07:00:00,FIL,1,0.006687174748118862,0.0094715784621909,0.02505206354708641,1,1,1,2026-10-09 07:08:18.914558
2026-10-07 07:00:00,FIL,24,0.04428802007192127,0.06097586451598034,0.13875674328752874,1,1,1,2026-10-09 07:08:18.914558
2026-10-07 08:00:00,FIL,1,0.006549645900753757,0.0094715784621909,0.02505206354708641,1,1,1,2026-10-09 07:08:18.914558
2026-10-07 08:00:00,FIL,24,0.043170838482984725,0.061758204987606743,0.13875674328752874,1,1,1,2026-10-09 07:08:18.914558
2026-10-07 09:00:00,FIL,1,0.03076880661277558,0.0094715784621909,0.02505206354708641,0,0,1,2026-10-09 07:08:18.914558
2026-10-07 09:00:00,FIL,24,0.035296689077340265,0.062029721746596204,0.13875674328752874,1,1,1,2026-10-09 07:08:18.914558
2026-10-07 10:00:00,FIL,1,0.0040552703285405365,0.009508170163029772,0.02509818782017295,1,1,1,2026-10-09 07:08:18.914558
2026-10-07 10:00:00,FIL,24,0.017724344594541554,0.06258658260612197,0.13875674328752874,1,1,1,2026-10-09 07:08:18.914558
2026-10-07 11:00:00,FIL,1,0.005876237172376216,0.009508170163029772,0.02509818782017295,1,1,1,2026-10-09 07:08:18.914558
2026-10-07 11:00:00,FIL,24,0.014168663017447267,0.06292437038799113,0.13875674328752874,1,1,1,2026-10-09 07:08:18.914558
2026-10-07 12:00:00,FIL,1,0.002847652612511697,0.009508170163029772,0.02509818782017295,1,1,1,2026-10-09 07:08:18.914558
2026-10-07 12:00:00,FIL,24,0.023671967639788558,0.0635456393353949,0.13875674328752874,1,1,1,2026-10-09 07:08:18.914558
2026-10-07 13:00:00,FIL,1,0.002555972423840468,0.0094715784621909,0.02505206354708641,1,1,1,2026-10-09 07:08:18.914558
2026-10-07 13:00:00,FIL,24,0.018593830831169413,0.0635456393353949,0.13875674328752874,1,1,1,2026-10-09 07:08:18.914558
2026-10-07 14:00:00,FIL,1,0.010549924395899881,0.0094715784621909,0.02505206354708641,0,1,1,2026-10-09 07:08:18.914558
2026-10-07 14:00:00,FIL,24,0.029530346615566676,0.0635456393353949,0.13875674328752874,1,1,1,2026-10-09 07:08:18.914558
2026-10-07 15:00:00,FIL,1,0.005557166739811952,0.009508170163029772,0.02505206354708641,1,1,1,2026-10-09 07:08:18.914558
2026-10-07 15:00:00,FIL,24,0.04584661347324006,0.0635456393353949,0.13875674328752874,1,1,1,2026-10-09 07:08:18.914558
2026-10-07 16:00:00,FIL,1,0.006361467236174308,0.0094715784621909,0.02505206354708641,1,1,1,2026-10-09 07:08:18.914558
2026-10-07 16:00:00,FIL,24,0.03679475731963913,0.0635456393353949,0.13875674328752874,1,1,1,2026-10-09 07:08:18.914558
2026-10-07 17:00:00,FIL,1,0.009814002880729167,0.009461816371016948,0.02505206354708641,0,1,1,2026-10-09 07:08:18.914558
2026-10-07 17:00:00,FIL,24,0.025263264648356352,0.0635456393353949,0.13875674328752874,1,1,1,2026-10-09 07:08:18.914558
2026-10-07 18:00:00,FIL,1,0.0017591873184235483,0.0094715784621909,0.02505206354708641,1,1,1,2026-10-09 07:08:18.914558
2026-10-07 18:00:00,FIL,24,0.03255224404254021,0.0635456393353949,0.13875674328752874,1,1,1,2026-10-09 07:08:18.914558
2026-10-07 19:00:00,FIL,1,0.006143663577847429,0.009461816371016948,0.025039145767811726,1,1,1,2026-10-09 07:08:18.914558
2026-10-07 19:00:00,FIL,24,0.004976348270199182,0.06377652094806402,0.13875674328752874,1,1,1,2026-10-09 07:08:18.914558
2026-10-07 20:00:00,FIL,1,0.012559338113489004,0.009461816371016948,0.025039145767811726,0,1,1,2026-10-09 07:08:18.914558
2026-10-07 20:00:00,FIL,24,0.01925728679761655,0.06397691398762344,0.13875674328752874,1,1,1,2026-10-09 07:08:18.914558
2026-10-07 21:00:00,FIL,1,0.004811865698698743,0.0094715784621909,0.025039145767811726,1,1,1,2026-10-09 07:08:18.914558
2026-10-07 21:00:00,FIL,24,0.028768070176442416,0.06439065177457107,0.13875674328752874,1,1,1,2026-10-09 07:08:18.914558
2026-10-07 22:00:00,FIL,1,0.012844037395962859,0.0094715784621909,0.025039145767811726,0,1,1,2026-10-09 07:08:18.914558
2026-10-07 22:00:00,FIL,24,0.042032914543119554,0.06468486639716065,0.13875674328752874,1,1,1,2026-10-09 07:08:18.914558
2026-10-07 23:00:00,FIL,1,0.0033277900926747457,0.009508170163029772,0.025039145767811726,1,1,1,2026-10-09 07:08:18.914558
2026-10-07 23:00:00,FIL,24,0.020549313909180824,0.06475860523515428,0.13875674328752874,1,1,1,2026-10-09 07:08:18.914558
2026-10-08 00:00:00,FIL,1,0.007565047899067112,0.009508170163029772,0.025039145767811726,1,1,1,2026-10-09 07:08:18.914558
2026-10-08 00:00:00,FIL,24,0.014699218775210398,0.06502102481964878,0.13875674328752874,1,1,1,2026-10-09 07:08:18.914558
2026-10-08 01:00:00,FIL,1,0.0039488580835996805,0.0094715784621909,0.025039145767811726,1,1,1,2026-10-09 07:08:18.914558
2026-10-08 01:00:00,FIL,24,0.0066663783803601094,0.0651050440849071,0.13875674328752874,1,1,1,2026-10-09 07:08:18.914558
2026-10-08 02:00:00,FIL,1,0.0043071227634193555,0.0094715784621909,0.025039145767811726,1,1,1,2026-10-09 07:08:18.914558
2026-10-08 02:00:00,FIL,24,0.01896143805907993,0.0651050440849071,0.13875674328752874,1,1,1,2026-10-09 07:08:18.914558
2026-10-08 03:00:00,FIL,1,0.011653171997601032,0.0094715784621909,0.025039145767811726,0,1,1,2026-10-09 07:08:18.914558
2026-10-08 03:00:00,FIL,24,0.015390624578811329,0.0651050440849071,0.13875674328752874,1,1,1,2026-10-09 07:08:18.914558
2026-10-08 04:00:00,FIL,1,0.008257842000010455,0.0094715784621909,0.025039145767811726,1,1,1,2026-10-09 07:08:18.914558
2026-10-08 04:00:00,FIL,24,0.023818433231069483,0.0651050440849071,0.13875674328752874,1,1,1,2026-10-09 07:08:18.914558
2026-10-08 05:00:00,FIL,1,0.0042798106127634634,0.009461816371016948,0.025039145767811726,1,1,1,2026-10-09 07:08:18.914558
2026-10-08 05:00:00,FIL,24,0.02670837710343553,0.0651050440849071,0.13875674328752874,1,1,1,2026-10-09 07:08:18.914558
2026-10-08 06:00:00,FIL,1,0.008034449382816824,0.009427174816236034,0.025039145767811726,1,1,1,2026-10-09 07:08:18.914558
2026-10-08 06:00:00,FIL,24,0.022706924182100897,0.0651050440849071,0.13875674328752874,1,1,1,2026-10-09 07:08:18.914558
2026-10-08 07:00:00,FIL,1,0.005569993159182311,0.009427174816236034,0.025039145767811726,1,1,1,2026-10-09 07:08:18.914558
2026-10-08 07:00:00,FIL,24,0.024458372686303333,0.0651050440849071,0.13875674328752874,1,1,1,2026-10-09 07:08:18.914558
2026-10-08 08:00:00,FIL,1,0.0013245035048906884,0.00941328368270962,0.025039145767811726,1,1,1,2026-10-09 07:08:18.914558
2026-10-08 09:00:00,FIL,1,0.022252227059106042,0.00941328368270962,0.025039145767811726,0,1,1,2026-10-09 07:08:18.914558
2026-10-08 10:00:00,FIL,1,0.007610951905634733,0.00941328368270962,0.025039145767811726,1,1,1,2026-10-09 07:08:18.914558
2026-10-08 11:00:00,FIL,1,0.0036270674499652455,0.00941328368270962,0.025039145767811726,1,1,1,2026-10-09 07:08:18.914558
2026-10-08 12:00:00,FIL,1,0.0022304841961076215,0.00941328368270962,0.025039145767811726,1,1,1,2026-10-09 07:08:18.914558
2026-10-08 13:00:00,FIL,1,0.013492488208237794,0.00941328368270962,0.025039145767811726,0,1,1,2026-10-09 07:08:18.914558
2026-10-08 14:00:00,FIL,1,0.005766342461773537,0.009427174816236034,0.025039145767811726,1,1,1,2026-10-09 07:08:18.914558
2026-10-08 15:00:00,FIL,1,0.08819853753269115,0.00941328368270962,0.025039145767811726,0,0,1,2026-10-09 07:08:18.914558
2026-10-08 16:00:00,FIL,1,0.005170025435108436,0.009427174816236034,0.02505206354708641,1,1,1,2026-10-09 07:08:18.914558
2026-10-08 17:00:00,FIL,1,0.017102982274912925,0.00941328368270962,0.02505206354708641,0,1,1,2026-10-09 07:08:18.914558
2026-10-08 18:00:00,FIL,1,0.035769404994315905,0.00941328368270962,0.02505206354708641,0,0,1,2026-10-09 07:08:18.914558
2026-10-08 19:00:00,FIL,1,0.020424602105264724,0.009427174816236034,0.02509818782017295,0,1,1,2026-10-09 07:08:18.914558
2026-10-08 20:00:00,FIL,1,0.022070121492314933,0.009461816371016948,0.02509818782017295,0,1,1,2026-10-09 07:08:18.914558
2026-10-08 21:00:00,FIL,1,0.008452978667978263,0.009461816371016948,0.02509818782017295,1,1,1,2026-10-09 07:08:18.914558
2026-10-08 22:00:00,FIL,1,0.008639563237975729,0.009461816371016948,0.02509818782017295,1,1,1,2026-10-09 07:08:18.914558
2026-10-08 23:00:00,FIL,1,0.0025223050412958663,0.009461816371016948,0.02509818782017295,1,1,1,2026-10-09 07:08:18.914558
2026-10-09 00:00:00,FIL,1,0.00046779249578316227,0.009461816371016948,0.02509818782017295,1,1,1,2026-10-09 07:08:18.914558
2026-10-09 01:00:00,FIL,1,0.01624391776231941,0.009461816371016948,0.02509818782017295,0,1,1,2026-10-09 07:08:18.914558
2026-10-09 02:00:00,FIL,1,0.0007363092831508438,0.009461816371016948,0.02509818782017295,1,1,1,2026-10-09 07:08:18.914558
2026-10-09 03:00:00,FIL,1,0.0032253633453427585,0.009461816371016948,0.02509818782017295,1,1,1,2026-10-09 07:08:18.914558
2026-10-09 04:00:00,FIL,1,0.005367898127644345,0.009461816371016948,0.02509818782017295,1,1,1,2026-10-09 07:08:18.914558
2026-10-09 05:00:00,FIL,1,0.0002783576914287256,0.009427174816236034,0.02509818782017295,1,1,1,2026-10-09 07:08:18.914558
2026-10-09 06:00:00,FIL,1,0.009785897887019428,0.00941328368270962,0.02509818782017295,0,1,1,2026-10-09 07:08:18.914558
2026-10-07 07:00:00,VET,1,0.001568817071898573,0.009065094041333844,0.021966211219440535,1,1,1,2026-10-09 07:08:18.914558
2026-10-07 07:00:00,VET,24,0.04812009885827018,0.047003890614255056,0.09245765014101094,0,1,1,2026-10-09 07:08:18.914558
2026-10-07 08:00:00,VET,1,0.002898202729037038,0.009065094041333844,0.021966211219440535,1,1,1,2026-10-09 07:08:18.914558
2026-10-07 08:00:00,VET,24,0.044632654367884037,0.04708684048299788,0.09245765014101094,1,1,1,2026-10-09 07:08:18.914558
2026-10-07 09:00:00,VET,1,0.011310549278681113,0.009065094041333844,0.021966211219440535,0,1,1,2026-10-09 07:08:18.914558
2026-10-07 09:00:00,VET,24,0.038712920950279506,0.04719070335813273,0.09245765014101094,1,1,1,2026-10-09 07:08:18.914558
2026-10-07 10:00:00,VET,1,0.0019588644853328115,0.009084225595610711,0.021966211219440535,1,1,1,2026-10-09 07:08:18.914558
2026-10-07 10:00:00,VET,24,0.01889061668982948,0.04732168675227777,0.09245765014101094,1,1,1,2026-10-09 07:08:18.914558
2026-10-07 11:00:00,VET,1,0.0025768466311112486,0.009084225595610711,0.021966211219440535,1,1,1,2026-10-09 07:08:18.914558
2026-10-07 11:00:00,VET,24,0.028717244685753814,0.04745654016941854,0.09245765014101094,1,1,1,2026-10-09 07:08:18.914558
2026-10-07 12:00:00,VET,1,0.002699388142201378,0.009084225595610711,0.021966211219440535,1,1,1,2026-10-09 07:08:18.914558
2026-10-07 12:00:00,VET,24,0.02929836189933782,0.04763230839518023,0.09245765014101094,1,1,1,2026-10-09 07:08:18.914558
2026-10-07 13:00:00,VET,1,0.0062688423597843075,0.009084225595610711,0.021966211219440535,1,1,1,2026-10-09 07:08:18.914558
2026-10-07 13:00:00,VET,24,0.03796185629342129,0.04779791558894865,0.09245765014101094,1,1,1,2026-10-09 07:08:18.914558
2026-10-07 14:00:00,VET,1,0.002840034013636249,0.009084225595610711,0.021966211219440535,1,1,1,2026-10-09 07:08:18.914558
2026-10-07 14:00:00,VET,24,0.026614927611877563,0.04790764068582768,0.09245765014101094,1,1,1,2026-10-09 07:08:18.914558
2026-10-07 15:00:00,VET,1,0.0016062275647078024,0.009084225595610711,0.021966211219440535,1,1,1,2026-10-09 07:08:18.914558
2026-10-07 15:00:00,VET,24,0.02542244482321128,0.047958147151995,0.09245765014101094,1,1,1,2026-10-09 07:08:18.914558
2026-10-07 16:00:00,VET,1,0.006191970247920995,0.009084225595610711,0.021966211219440535,1,1,1,2026-10-09 07:08:18.914558
2026-10-07 16:00:00,VET,24,0.10303126886931219,0.048219120394068386,0.09245765014101094,0,0,1,2026-10-09 07:08:18.914558
2026-10-07 17:00:00,VET,1,0.0038583656055802824,0.009065094041333844,0.021940251533159524,1,1,1,2026-10-09 07:08:18.914558
2026-10-07 17:00:00,VET,24,0.09274205169861487,0.04842657897715731,0.09245765014101094,0,0,1,2026-10-09 07:08:18.914558
2026-10-07 18:00:00,VET,1,0.005099830693645223,0.009065094041333844,0.021940251533159524,1,1,1,2026-10-09 07:08:18.914558
2026-10-07 18:00:00,VET,24,0.09998501301205609,0.04861041179947894,0.09245765014101094,0,0,1,2026-10-09 07:08:18.914558
2026-10-07 19:00:00,VET,1,0.000744139932639519,0.009065094041333844,0.021940251533159524,1,1,1,2026-10-09 07:08:18.914558
2026-10-07 19:00:00,VET,24,0.07427977542031532,0.0492222979775594,0.09245765014101094,0,1,1,2026-10-09 07:08:18.914558
2026-10-07 20:00:00,VET,1,0.00470007049520591,0.009065094041333844,0.021940251533159524,1,1,1,2026-10-09 07:08:18.914558
2026-10-07 20:00:00,VET,24,0.06478650625973484,0.049435997533420574,0.09245765014101094,0,1,1,2026-10-09 07:08:18.914558
2026-10-07 21:00:00,VET,1,0.007182693418785887,0.009065094041333844,0.021940251533159524,1,1,1,2026-10-09 07:08:18.914558
2026-10-07 21:00:00,VET,24,0.06289459507278788,0.04945265811442832,0.09245765014101094,0,1,1,2026-10-09 07:08:18.914558
2026-10-07 22:00:00,VET,1,0.0003727865840004592,0.009065094041333844,0.021940251533159524,1,1,1,2026-10-09 07:08:18.914558
2026-10-07 22:00:00,VET,24,0.06018971764381922,0.04978562715259333,0.09245765014101094,0,1,1,2026-10-09 07:08:18.914558
2026-10-07 23:00:00,VET,1,0.002977300301281702,0.00905414335197861,0.021940251533159524,1,1,1,2026-10-09 07:08:18.914558
2026-10-07 23:00:00,VET,24,0.058452798803970196,0.04983275735805901,0.09245765014101094,0,1,1,2026-10-09 07:08:18.914558
2026-10-08 00:00:00,VET,1,0.002356297983616044,0.009044085546868709,0.021940251533159524,1,1,1,2026-10-09 07:08:18.914558
2026-10-08 00:00:00,VET,24,0.06631556468817554,0.05017617013253338,0.09245765014101094,0,1,1,2026-10-09 07:08:18.914558
2026-10-08 01:00:00,VET,1,0.008478853788232831,0.008977306973100063,0.021940251533159524,1,1,1,2026-10-09 07:08:18.914558
2026-10-08 01:00:00,VET,24,0.05867872638152625,0.0506574746068177,0.09245765014101094,0,1,1,2026-10-09 07:08:18.914558
2026-10-08 02:00:00,VET,1,0.0006262917471577713,0.008977306973100063,0.021940251533159524,1,1,1,2026-10-09 07:08:18.914558
2026-10-08 02:00:00,VET,24,0.030384336991264117,0.0506574746068177,0.09245765014101094,1,1,1,2026-10-09 07:08:18.914558
2026-10-08 03:00:00,VET,1,0.007041397130527571,0.008967897512686953,0.021940251533159524,1,1,1,2026-10-09 07:08:18.914558
2026-10-08 03:00:00,VET,24,0.02872592026536977,0.0506574746068177,0.09245765014101094,1,1,1,2026-10-09 07:08:18.914558
2026-10-08 04:00:00,VET,1,0.0069642573340323415,0.008945930666776576,0.021940251533159524,1,1,1,2026-10-09 07:08:18.914558
2026-10-08 04:00:00,VET,24,0.026596632287878313,0.0506574746068177,0.09245765014101094,1,1,1,2026-10-09 07:08:18.914558
2026-10-08 05:00:00,VET,1,0.004329562347017649,0.008945930666776576,0.021940251533159524,1,1,1,2026-10-09 07:08:18.914558
2026-10-08 05:00:00,VET,24,0.01756117680241348,0.0506574746068177,0.09245765014101094,1,1,1,2026-10-09 07:08:18.914558
2026-10-08 06:00:00,VET,1,0.0069943694566038175,0.008945930666776576,0.021940251533159524,1,1,1,2026-10-09 07:08:18.914558
2026-10-08 06:00:00,VET,24,0.009102043481643758,0.05094486749986644,0.09245765014101094,1,1,1,2026-10-09 07:08:18.914558
2026-10-08 07:00:00,VET,1,0.0050562615622845525,0.008945930666776576,0.021940251533159524,1,1,1,2026-10-09 07:08:18.914558
2026-10-08 07:00:00,VET,24,0.014552209826091733,0.05094486749986644,0.09245765014101094,1,1,1,2026-10-09 07:08:18.914558
2026-10-08 08:00:00,VET,1,0.0030215306885676817,0.00894310799225412,0.021940251533159524,1,1,1,2026-10-09 07:08:18.914558
2026-10-08 09:00:00,VET,1,0.008511754981768871,0.008934899366623129,0.021940251533159524,1,1,1,2026-10-09 07:08:18.914558
2026-10-08 10:00:00,VET,1,0.011785492481257084,0.008856106167900534,0.021869752426933828,0,1,1,2026-10-09 07:08:18.914558
2026-10-08 11:00:00,VET,1,0.0031579638446952254,0.008856106167900534,0.021720156429646923,1,1,1,2026-10-09 07:08:18.914558
2026-10-08 12:00:00,VET,1,0.005964106251882222,0.008837779124202534,0.021720156429646923,1,1,1,2026-10-09 07:08:18.914558
2026-10-08 13:00:00,VET,1,0.005078086321759394,0.008837779124202534,0.021720156429646923,1,1,1,2026-10-09 07:08:18.914558
2026-10-08 14:00:00,VET,1,0.0016475512249700206,0.008830154092974638,0.021573069397927684,1,1,1,2026-10-09 07:08:18.914558
2026-10-08 15:00:00,VET,1,0.07600259648139304,0.008809637446399598,0.021573069397927684,0,0,1,2026-10-09 07:08:18.914558
2026-10-08 16:00:00,VET,1,0.004097246922776324,0.008809637446399598,0.021573069397927684,1,1,1,2026-10-09 07:08:18.914558
2026-10-08 17:00:00,VET,1,0.0111013269190217,0.008809637446399598,0.021573069397927684,0,1,1,2026-10-09 07:08:18.914558
2026-10-08 18:00:00,VET,1,0.030805068285386046,0.008830154092974638,0.021573069397927684,0,0,1,2026-10-09 07:08:18.914558
2026-10-08 19:00:00,VET,1,0.01023740909322009,0.008837779124202534,0.021720156429646923,0,1,1,2026-10-09 07:08:18.914558
2026-10-08 20:00:00,VET,1,0.006591981682152742,0.008856106167900534,0.021720156429646923,1,1,1,2026-10-09 07:08:18.914558
2026-10-08 21:00:00,VET,1,0.0044778159898172624,0.008856106167900534,0.021720156429646923,1,1,1,2026-10-09 07:08:18.914558
2026-10-08 22:00:00,VET,1,0.0021097054238496567,0.008856106167900534,0.021720156429646923,1,1,1,2026-10-09 07:08:18.914558
2026-10-08 23:00:00,VET,1,0.004885465582923762,0.008856106167900534,0.021720156429646923,1,1,1,2026-10-09 07:08:18.914558
2026-10-09 00:00:00,VET,1,0.00528054032303335,0.008837779124202534,0.021720156429646923,1,1,1,2026-10-09 07:08:18.914558
2026-10-09 01:00:00,VET,1,0.01981553560202934,0.008830154092974638,0.021720156429646923,0,1,1,2026-10-09 07:08:18.914558
2026-10-09 02:00:00,VET,1,0.0010321249787365715,0.008837779124202534,0.021720156429646923,1,1,1,2026-10-09 07:08:18.914558
2026-10-09 03:00:00,VET,1,0.004912109153036096,0.008837779124202534,0.021720156429646923,1,1,1,2026-10-09 07:08:18.914558
2026-10-09 04:00:00,VET,1,0.0020711981514324883,0.008830154092974638,0.021720156429646923,1,1,1,2026-10-09 07:08:18.914558
2026-10-09 05:00:00,VET,1,0.004129570973752053,0.008830154092974638,0.021720156429646923,1,1,1,2026-10-09 07:08:18.914558
2026-10-09 06:00:00,VET,1,0.0015442031121558383,0.008830154092974638,0.021720156429646923,1,1,1,2026-10-09 07:08:18.914558
2026-10-07 07:00:00,WLD,1,0.0009495775093929124,0.010589966357556975,0.02694289629267501,1,1,1,2026-10-09 07:08:18.914558
2026-10-07 07:00:00,WLD,24,0.005683986504208535,0.06927696318607961,0.13255938311842397,1,1,1,2026-10-09 07:08:18.914558
2026-10-07 08:00:00,WLD,1,0.007239505804203087,0.01056618391663228,0.02694289629267501,1,1,1,2026-10-09 07:08:18.914558
2026-10-07 08:00:00,WLD,24,0.004947678979820134,0.06911371995050364,0.13255938311842397,1,1,1,2026-10-09 07:08:18.914558
2026-10-07 09:00:00,WLD,1,0.009027238869262088,0.01052873365248341,0.02694289629267501,1,1,1,2026-10-09 07:08:18.914558
2026-10-07 09:00:00,WLD,24,0.005149243760479331,0.06911371995050364,0.13255938311842397,1,1,1,2026-10-09 07:08:18.914558
2026-10-07 10:00:00,WLD,1,0.0005789829361776971,0.01052873365248341,0.02694289629267501,1,1,1,2026-10-09 07:08:18.914558
2026-10-07 10:00:00,WLD,24,0.0270286723879192,0.06911371995050364,0.13255938311842397,1,1,1,2026-10-09 07:08:18.914558
2026-10-07 11:00:00,WLD,1,0.008335804786260882,0.01052873365248341,0.02694289629267501,1,1,1,2026-10-09 07:08:18.914558
2026-10-07 11:00:00,WLD,24,0.0038535693159899723,0.06911371995050364,0.13255938311842397,1,1,1,2026-10-09 07:08:18.914558
2026-10-07 12:00:00,WLD,1,0.0005838279819428801,0.010495065113078801,0.02694289629267501,1,1,1,2026-10-09 07:08:18.914558
2026-10-07 12:00:00,WLD,24,0.008528836347520281,0.06927696318607961,0.13255938311842397,1,1,1,2026-10-09 07:08:18.914558
2026-10-07 13:00:00,WLD,1,0.0023319093349787427,0.010495065113078801,0.02694289629267501,1,1,1,2026-10-09 07:08:18.914558
2026-10-07 13:00:00,WLD,24,0.002532386665510202,0.06934382945082333,0.13255938311842397,1,1,1,2026-10-09 07:08:18.914558
2026-10-07 14:00:00,WLD,1,0.007794271726818797,0.010465511200767925,0.02673523300678217,1,1,1,2026-10-09 07:08:18.914558
2026-10-07 14:00:00,WLD,24,0.0038895420486625455,0.06934382945082333,0.13255938311842397,1,1,1,2026-10-09 07:08:18.914558
2026-10-07 15:00:00,WLD,1,0.01244184012336572,0.010465511200767925,0.02673523300678217,0,1,1,2026-10-09 07:08:18.914558
2026-10-07 15:00:00,WLD,24,0.0019542707020999035,0.06934382945082333,0.13134556772374195,1,1,1,2026-10-09 07:08:18.914558
2026-10-07 16:00:00,WLD,1,0.0009655306340519597,0.010465511200767925,0.026671053123006775,1,1,1,2026-10-09 07:08:18.914558
2026-10-07 16:00:00,WLD,24,0.0791736881624663,0.06928555235602638,0.13134556772374195,0,1,1,2026-10-09 07:08:18.914558
2026-10-07 17:00:00,WLD,1,0.010282368214282262,0.010438540667083706,0.026671053123006775,1,1,1,2026-10-09 07:08:18.914558
2026-10-07 17:00:00,WLD,24,0.09828700530685593,0.06921609470455137,0.13134556772374195,0,1,1,2026-10-09 07:08:18.914558
2026-10-07 18:00:00,WLD,1,0.00039009167648976277,0.010438540667083706,0.026671053123006775,1,1,1,2026-10-09 07:08:18.914558
2026-10-07 18:00:00,WLD,24,0.10518719041257048,0.06921609470455137,0.13134556772374195,0,1,1,2026-10-09 07:08:18.914558
2026-10-07 19:00:00,WLD,1,0.0011711888904628726,0.010372466208040457,0.026671053123006775,1,1,1,2026-10-09 07:08:18.914558
2026-10-07 19:00:00,WLD,24,0.08040042543803766,0.06921609470455137,0.13134556772374195,0,1,1,2026-10-09 07:08:18.914558
2026-10-07 20:00:00,WLD,1,0.010298351969961523,0.010328848875178686,0.026671053123006775,1,1,1,2026-10-09 07:08:18.914558
2026-10-07 20:00:00,WLD,24,0.064746876175308,0.06921609470455137,0.13134556772374195,1,1,1,2026-10-09 07:08:18.914558
2026-10-07 21:00:00,WLD,1,0.0046502699573736815,0.010328848875178686,0.026671053123006775,1,1,1,2026-10-09 07:08:18.914558
2026-10-07 21:00:00,WLD,24,0.06757166211612038,0.06911371995050364,0.13134556772374195,1,1,1,2026-10-09 07:08:18.914558
2026-10-07 22:00:00,WLD,1,0.00503681808742829,0.010322633276459969,0.026671053123006775,1,1,1,2026-10-09 07:08:18.914558
2026-10-07 22:00:00,WLD,24,0.0672741817031241,0.06906920178323368,0.13134556772374195,1,1,1,2026-10-09 07:08:18.914558
2026-10-07 23:00:00,WLD,1,0.006548559611621816,0.010322633276459969,0.026671053123006775,1,1,1,2026-10-09 07:08:18.914558
2026-10-07 23:00:00,WLD,24,0.07335017685590708,0.06902642838856354,0.13134556772374195,0,1,1,2026-10-09 07:08:18.914558
2026-10-08 00:00:00,WLD,1,0.006505954827341179,0.0102970732695072,0.026671053123006775,1,1,1,2026-10-09 07:08:18.914558
2026-10-08 00:00:00,WLD,24,0.08239717624312763,0.06891681320169807,0.13134556772374195,0,1,1,2026-10-09 07:08:18.914558
2026-10-08 01:00:00,WLD,1,0.012474972261049763,0.010279364753013677,0.02635281383745246,0,1,1,2026-10-09 07:08:18.914558
2026-10-08 01:00:00,WLD,24,0.08204738592591447,0.06855284597986816,0.13058176429460397,0,1,1,2026-10-09 07:08:18.914558
2026-10-08 02:00:00,WLD,1,0.005008679320912748,0.0102970732695072,0.02635281383745246,1,1,1,2026-10-09 07:08:18.914558
2026-10-08 02:00:00,WLD,24,0.05620460534687222,0.0684273033249128,0.12882945899160575,1,1,1,2026-10-09 07:08:18.914558
2026-10-08 03:00:00,WLD,1,0.003464873533786242,0.010279364753013677,0.02635281383745246,1,1,1,2026-10-09 07:08:18.914558
2026-10-08 03:00:00,WLD,24,0.06387258867949044,0.06772018396269144,0.1265385097176259,1,1,1,2026-10-09 07:08:18.914558
2026-10-08 04:00:00,WLD,1,0.0042512141320765855,0.010279364753013677,0.02635281383745246,1,1,1,2026-10-09 07:08:18.914558
2026-10-08 04:00:00,WLD,24,0.05407793392996137,0.06769402077601944,0.1263080701504642,1,1,1,2026-10-09 07:08:18.914558
2026-10-08 05:00:00,WLD,1,0.011743324866478657,0.010244079264072678,0.02635281383745246,0,1,1,2026-10-09 07:08:18.914558
2026-10-08 05:00:00,WLD,24,0.050844946135731,0.06760535519385133,0.1263080701504642,1,1,1,2026-10-09 07:08:18.914558
2026-10-08 06:00:00,WLD,1,0.012930395024975965,0.010279364753013677,0.02635281383745246,0,1,1,2026-10-09 07:08:18.914558
2026-10-08 06:00:00,WLD,24,0.05164591258126537,0.06749538124667631,0.1263080701504642,1,1,1,2026-10-09 07:08:18.914558
2026-10-08 07:00:00,WLD,1,0.009682087974635855,0.010279364753013677,0.02635281383745246,1,1,1,2026-10-09 07:08:18.914558
2026-10-08 07:00:00,WLD,24,0.06598802509389913,0.06749538124667631,0.1263080701504642,1,1,1,2026-10-09 07:08:18.914558
2026-10-08 08:00:00,WLD,1,0.002857416936096191,0.010244079264072678,0.025524647021467672,1,1,1,2026-10-09 07:08:18.914558
2026-10-08 09:00:00,WLD,1,0.01285218975817779,0.01023028987483088,0.025524647021467672,0,1,1,2026-10-09 07:08:18.914558
2026-10-08 10:00:00,WLD,1,0.02375408600810703,0.01023028987483088,0.025524647021467672,0,1,1,2026-10-09 07:08:18.914558
2026-10-08 11:00:00,WLD,1,0.003660537754730506,0.01023028987483088,0.025524647021467672,1,1,1,2026-10-09 07:08:18.914558
2026-10-08 12:00:00,WLD,1,0.010477395031087678,0.010159921960569817,0.025524647021467672,0,1,1,2026-10-09 07:08:18.914558
2026-10-08 13:00:00,WLD,1,0.0009747539518263854,0.010159921960569817,0.025524647021467672,1,1,1,2026-10-09 07:08:18.914558
2026-10-08 14:00:00,WLD,1,0.001950458976056523,0.010036232832420793,0.025524647021467672,1,1,1,2026-10-09 07:08:18.914558
2026-10-08 15:00:00,WLD,1,0.06868611874120051,0.009987537914643796,0.025524647021467672,0,0,1,2026-10-09 07:08:18.914558
2026-10-08 16:00:00,WLD,1,0.018147786510337677,0.009987537914643796,0.02635281383745246,0,1,1,2026-10-09 07:08:18.914558
2026-10-08 17:00:00,WLD,1,0.0171825533199969,0.010036232832420793,0.02635281383745246,0,1,1,2026-10-09 07:08:18.914558
2026-10-08 18:00:00,WLD,1,0.024396673298043067,0.010036232832420793,0.02635281383745246,0,1,1,2026-10-09 07:08:18.914558
2026-10-08 19:00:00,WLD,1,0.014482360372267012,0.010159921960569817,0.02635281383745246,0,1,1,2026-10-09 07:08:18.914558
2026-10-08 20:00:00,WLD,1,0.007473566029149074,0.010159921960569817,0.02635281383745246,1,1,1,2026-10-09 07:08:18.914558
2026-10-08 21:00:00,WLD,1,0.004352789544377402,0.010159921960569817,0.02635281383745246,1,1,1,2026-10-09 07:08:18.914558
2026-10-08 22:00:00,WLD,1,0.0010391770653546588,0.010036232832420793,0.02635281383745246,1,1,1,2026-10-09 07:08:18.914558
2026-10-08 23:00:00,WLD,1,0.0024984397755986325,0.010036232832420793,0.02635281383745246,1,1,1,2026-10-09 07:08:18.914558
2026-10-09 00:00:00,WLD,1,0.006855745144554494,0.010036232832420793,0.02635281383745246,1,1,1,2026-10-09 07:08:18.914558
2026-10-09 01:00:00,WLD,1,0.01336780831799232,0.010036232832420793,0.02635281383745246,0,1,1,2026-10-09 07:08:18.914558
2026-10-09 02:00:00,WLD,1,0.002659304011705308,0.010159921960569817,0.02635281383745246,1,1,1,2026-10-09 07:08:18.914558
2026-10-09 03:00:00,WLD,1,0.006329781215742784,0.010159921960569817,0.02635281383745246,1,1,1,2026-10-09 07:08:18.914558
2026-10-09 04:00:00,WLD,1,0.001018226337846233,0.010036232832420793,0.02635281383745246,1,1,1,2026-10-09 07:08:18.914558
2026-10-09 05:00:00,WLD,1,0.010942358420944227,0.009987537914643796,0.02635281383745246,0,1,1,2026-10-09 07:08:18.914558
2026-10-09 06:00:00,WLD,1,0.0014117174876578913,0.009987537914643796,0.02635281383745246,1,1,1,2026-10-09 07:08:18.914558
2026-10-07 07:00:00,OP,1,0.003297612221556609,0.010416141262773682,0.023929615760332496,1,1,1,2026-10-09 07:08:18.914558
2026-10-07 07:00:00,OP,24,0.0008233841552053229,0.05284070399412281,0.11039330946800884,1,1,1,2026-10-09 07:08:18.914558
2026-10-07 08:00:00,OP,1,0.008291921473108723,0.010408768334445923,0.023929615760332496,1,1,1,2026-10-09 07:08:18.914558
2026-10-07 08:00:00,OP,24,0.00412031897302007,0.05297566033229675,0.11039330946800884,1,1,1,2026-10-09 07:08:18.914558
2026-10-07 09:00:00,OP,1,0.0008329863038918846,0.010408768334445923,0.023929615760332496,1,1,1,2026-10-09 07:08:18.914558
2026-10-07 09:00:00,OP,24,0.017334317651557105,0.05301686056168726,0.11077017529729476,1,1,1,2026-10-09 07:08:18.914558
2026-10-07 10:00:00,OP,1,0.0008329863038919929,0.010408768334445923,0.023929615760332496,1,1,1,2026-10-09 07:08:18.914558
2026-10-07 10:00:00,OP,24,0.0384191099039449,0.0535307632121041,0.11128918033595675,1,1,1,2026-10-09 07:08:18.914558
2026-10-07 11:00:00,OP,1,0.003336116522010369,0.010408768334445923,0.023929615760332496,1,1,1,2026-10-09 07:08:18.914558
2026-10-07 11:00:00,OP,24,0.0279164269820941,0.05377124116151653,0.11170309426979652,1,1,1,2026-10-09 07:08:18.914558
2026-10-07 12:00:00,OP,1,0.0008350731174215657,0.010408768334445923,0.023929615760332496,1,1,1,2026-10-09 07:08:18.914558
2026-10-07 12:00:00,OP,24,0.02963179760637115,0.0541948046798428,0.11192859013229887,1,1,1,2026-10-09 07:08:18.914558
2026-10-07 13:00:00,OP,1,0.004164937299284202,0.010405787909622006,0.023929615760332496,1,1,1,2026-10-09 07:08:18.914558
2026-10-07 13:00:00,OP,24,0.02310333782076196,0.05459304783589941,0.11192859013229887,1,1,1,2026-10-09 07:08:18.914558
2026-10-07 14:00:00,OP,1,0.010025146619378818,0.010405787909622006,0.023929615760332496,1,1,1,2026-10-09 07:08:18.914558
2026-10-07 14:00:00,OP,24,0.02463178718966542,0.05488498613578814,0.11192859013229887,1,1,1,2026-10-09 07:08:18.914558
2026-10-07 15:00:00,OP,1,0.004189365155276925,0.010402167153535338,0.023929615760332496,1,1,1,2026-10-09 07:08:18.914558
2026-10-07 15:00:00,OP,24,0.041929693138123975,0.05499599572917724,0.11362947805310779,1,1,1,2026-10-09 07:08:18.914558
2026-10-07 16:00:00,OP,1,0.002505220516937363,0.010376921854060592,0.02367789859795296,1,1,1,2026-10-09 07:08:18.914558
2026-10-07 16:00:00,OP,24,0.03922071315328127,0.0550683902390904,0.11362947805310779,1,1,1,2026-10-09 07:08:18.914558
2026-10-07 17:00:00,OP,1,0.0033305609471645323,0.010361928818385557,0.02367789859795296,1,1,1,2026-10-09 07:08:18.914558
2026-10-07 17:00:00,OP,24,0.05397455574641755,0.05517742370010416,0.11362947805310779,1,1,1,2026-10-09 07:08:18.914558
2026-10-07 18:00:00,OP,1,0.002496880198587266,0.010361928818385557,0.02367789859795296,1,1,1,2026-10-09 07:08:18.914558
2026-10-07 18:00:00,OP,24,0.0688147612362357,0.05533163126534825,0.11362947805310779,0,1,1,2026-10-09 07:08:18.914558
2026-10-07 19:00:00,OP,1,0.0016652793190612488,0.010361928818385557,0.02367789859795296,1,1,1,2026-10-09 07:08:18.914558
2026-10-07 19:00:00,OP,24,0.03476399243633987,0.0556922724981588,0.11362947805310779,1,1,1,2026-10-09 07:08:18.914558
2026-10-07 20:00:00,OP,1,0.018954007883674455,0.010361928818385557,0.02367789859795296,0,1,1,2026-10-09 07:08:18.914558
2026-10-07 20:00:00,OP,24,0.015933251116766096,0.05578585362342667,0.11362947805310779,1,1,1,2026-10-09 07:08:18.914558
2026-10-07 21:00:00,OP,1,0.013147272364034733,0.010376921854060592,0.02367789859795296,0,1,1,2026-10-09 07:08:18.914558
2026-10-07 21:00:00,OP,24,0.017291497110060994,0.05586534961258724,0.11362947805310779,1,1,1,2026-10-09 07:08:18.914558
2026-10-07 22:00:00,OP,1,0.013147272364034809,0.010402167153535338,0.02367789859795296,0,1,1,2026-10-09 07:08:18.914558
2026-10-07 22:00:00,OP,24,0.0,0.05597708285841385,0.11362947805310779,1,1,1,2026-10-09 07:08:18.914558
2026-10-07 23:00:00,OP,1,0.0048860032056262095,0.010405787909622006,0.02367789859795296,1,1,1,2026-10-09 07:08:18.914558
2026-10-07 23:00:00,OP,24,0.014802901881295811,0.0560070816702813,0.11362947805310779,1,1,1,2026-10-09 07:08:18.914558
2026-10-08 00:00:00,OP,1,0.0024400174773657113,0.010405787909622006,0.02367789859795296,1,1,1,2026-10-09 07:08:18.914558
2026-10-08 00:00:00,OP,24,0.03387354007887852,0.05638957964905037,0.11362947805310779,1,1,1,2026-10-09 07:08:18.914558
2026-10-08 01:00:00,OP,1,0.008176660437245444,0.010402167153535338,0.02367789859795296,1,1,1,2026-10-09 07:08:18.914558
2026-10-08 01:00:00,OP,24,0.036488293263136795,0.05656810134876157,0.11362947805310779,1,1,1,2026-10-09 07:08:18.914558
2026-10-08 02:00:00,OP,1,0.01142869582362285,0.010402167153535338,0.02367789859795296,0,1,1,2026-10-09 07:08:18.914558
2026-10-08 02:00:00,OP,24,0.011560822401076084,0.05656810134876157,0.11362947805310779,1,1,1,2026-10-09 07:08:18.914558
2026-10-08 03:00:00,OP,1,0.009788006366162932,0.010402167153535338,0.02367789859795296,1,1,1,2026-10-09 07:08:18.914558
2026-10-08 03:00:00,OP,24,0.009788006366162932,0.05656810134876157,0.11362947805310779,1,1,1,2026-10-09 07:08:18.914558
2026-10-08 04:00:00,OP,1,0.009884759232541973,0.010402167153535338,0.02367789859795296,1,1,1,2026-10-09 07:08:18.914558
2026-10-08 04:00:00,OP,24,0.0049059787688544056,0.05656810134876157,0.11362947805310779,1,1,1,2026-10-09 07:08:18.914558
2026-10-08 05:00:00,OP,1,0.004147662520081373,0.010402167153535338,0.02367789859795296,1,1,1,2026-10-09 07:08:18.914558
2026-10-08 05:00:00,OP,24,0.013158084577510982,0.05656810134876157,0.11362947805310779,1,1,1,2026-10-09 07:08:18.914558
2026-10-08 06:00:00,OP,1,0.009102255644764606,0.010402167153535338,0.02367789859795296,1,1,1,2026-10-09 07:08:18.914558
2026-10-08 06:00:00,OP,24,0.022195732391784347,0.05656810134876157,0.11362947805310779,1,1,1,2026-10-09 07:08:18.914558
2026-10-08 07:00:00,OP,1,0.001646090906668717,0.010402167153535338,0.02367789859795296,1,1,1,2026-10-09 07:08:18.914558
2026-10-08 07:00:00,OP,24,0.011466137087644225,0.05656810134876157,0.11362947805310779,1,1,1,2026-10-09 07:08:18.914558
2026-10-08 08:00:00,OP,1,0.004922077205428235,0.010402167153535338,0.02367789859795296,1,1,1,2026-10-09 07:08:18.914558
2026-10-08 09:00:00,OP,1,0.02025180594849592,0.010402167153535338,0.02367789859795296,0,1,1,2026-10-09 07:08:18.914558
2026-10-08 10:00:00,OP,1,0.009669696617958936,0.010402167153535338,0.02367789859795296,1,1,1,2026-10-09 07:08:18.914558
2026-10-08 11:00:00,OP,1,0.0016207458977332435,0.010376921854060592,0.02367789859795296,1,1,1,2026-10-09 07:08:18.914558
2026-10-08 12:00:00,OP,1,0.00569338666818762,0.010376921854060592,0.02367789859795296,1,1,1,2026-10-09 07:08:18.914558
2026-10-08 13:00:00,OP,1,0.005693386668187594,0.010376921854060592,0.02367789859795296,1,1,1,2026-10-09 07:08:18.914558
2026-10-08 14:00:00,OP,1,0.007272759329079657,0.010361928818385557,0.02367789859795296,1,1,1,2026-10-09 07:08:18.914558
2026-10-08 15:00:00,OP,1,0.07696104113612832,0.010361928818385557,0.02367789859795296,0,0,1,2026-10-09 07:08:18.914558
2026-10-08 16:00:00,OP,1,0.012248622076199086,0.010376921854060592,0.023929615760332496,0,1,1,2026-10-09 07:08:18.914558
2026-10-08 17:00:00,OP,1,0.011509644542653604,0.010402167153535338,0.023929615760332496,0,1,1,2026-10-09 07:08:18.914558
2026-10-08 18:00:00,OP,1,0.03155388860130865,0.010402167153535338,0.023929615760332496,0,0,1,2026-10-09 07:08:18.914558
2026-10-08 19:00:00,OP,1,0.020496020638635058,0.010405787909622006,0.02402879818659321,0,1,1,2026-10-09 07:08:18.914558
2026-10-08 20:00:00,OP,1,0.017595761890379442,0.010408768334445923,0.02402879818659321,0,1,1,2026-10-09 07:08:18.914558
2026-10-08 21:00:00,OP,1,0.0041442247460262704,0.010416141262773682,0.02402879818659321,1,1,1,2026-10-09 07:08:18.914558
2026-10-08 22:00:00,OP,1,0.0016556295172610762,0.010416141262773682,0.02402879818659321,1,1,1,2026-10-09 07:08:18.914558
2026-10-08 23:00:00,OP,1,0.014184634991956525,0.010416141262773682,0.02402879818659321,0,1,1,2026-10-09 07:08:18.914558
2026-10-09 00:00:00,OP,1,0.005054770661623948,0.010416760858255679,0.02402879818659321,1,1,1,2026-10-09 07:08:18.914558
2026-10-09 01:00:00,OP,1,0.01675081042481535,0.010416760858255679,0.02402879818659321,0,1,1,2026-10-09 07:08:18.914558
2026-10-09 02:00:00,OP,1,0.013201511858535981,0.010431043412193582,0.02402879818659321,0,1,1,2026-10-09 07:08:18.914558
2026-10-09 03:00:00,OP,1,0.0049059787688544056,0.010431043412193582,0.02402879818659321,1,1,1,2026-10-09 07:08:18.914558
2026-10-09 04:00:00,OP,1,0.0016326534238853348,0.010431043412193582,0.02402879818659321,1,1,1,2026-10-09 07:08:18.914558
2026-10-09 05:00:00,OP,1,0.00488998529419177,0.010416760858255679,0.02402879818659321,1,1,1,2026-10-09 07:08:18.914558
2026-10-09 06:00:00,OP,1,0.0016273396593753711,0.010416760858255679,0.02402879818659321,1,1,1,2026-10-09 07:08:18.914558
2026-10-07 07:00:00,INJ,1,0.004760654323123961,0.010020015135999661,0.025251761281205532,1,1,1,2026-10-09 07:08:18.914558
2026-10-07 07:00:00,INJ,24,0.022385493428991116,0.04367265423326268,0.15232599356435353,1,1,1,2026-10-09 07:08:18.914558
2026-10-07 08:00:00,INJ,1,0.010076987950356792,0.010020015135999661,0.025251761281205532,0,1,1,2026-10-09 07:08:18.914558
2026-10-07 08:00:00,INJ,24,0.030540814600894296,0.043609964287644166,0.15232599356435353,1,1,1,2026-10-09 07:08:18.914558
2026-10-07 09:00:00,INJ,1,0.028247029729174568,0.010059919460379768,0.025251761281205532,0,0,1,2026-10-09 07:08:18.914558
2026-10-07 09:00:00,INJ,24,0.02346069580536333,0.04359093825434014,0.15232599356435353,1,1,1,2026-10-09 07:08:18.914558
2026-10-07 10:00:00,INJ,1,0.013614914188014169,0.010075893120281272,0.025259911407912738,0,1,1,2026-10-09 07:08:18.914558
2026-10-07 10:00:00,INJ,24,0.021561619082317678,0.04359093825434014,0.15232599356435353,1,1,1,2026-10-09 07:08:18.914558
2026-10-07 11:00:00,INJ,1,0.011013776435573577,0.010088581149554363,0.025259911407912738,0,1,1,2026-10-09 07:08:18.914558
2026-10-07 11:00:00,INJ,24,0.0004057618233799886,0.04359093825434014,0.15232599356435353,1,1,1,2026-10-09 07:08:18.914558
2026-10-07 12:00:00,INJ,1,0.0013681764345220668,0.0101509062093902,0.025259911407912738,1,1,1,2026-10-09 07:08:18.914558
2026-10-07 12:00:00,INJ,24,0.006541315229639921,0.04359093825434014,0.15232599356435353,1,1,1,2026-10-09 07:08:18.914558
2026-10-07 13:00:00,INJ,1,0.0025979367862654173,0.010088581149554363,0.025259911407912738,1,1,1,2026-10-09 07:08:18.914558
2026-10-07 13:00:00,INJ,24,0.004390786417489658,0.04359093825434014,0.15232599356435353,1,1,1,2026-10-09 07:08:18.914558
2026-10-07 14:00:00,INJ,1,0.011398873681307783,0.010088581149554363,0.025259911407912738,0,1,1,2026-10-09 07:08:18.914558
2026-10-07 14:00:00,INJ,24,0.0001365653808883223,0.04359093825434014,0.15232599356435353,1,1,1,2026-10-09 07:08:18.914558
2026-10-07 15:00:00,INJ,1,0.010032379891189125,0.0101509062093902,0.025259911407912738,1,1,1,2026-10-09 07:08:18.914558
2026-10-07 15:00:00,INJ,24,0.00975885691355379,0.04359093825434014,0.15232599356435353,1,1,1,2026-10-09 07:08:18.914558
2026-10-07 16:00:00,INJ,1,0.006813872097765791,0.0101509062093902,0.025259911407912738,1,1,1,2026-10-09 07:08:18.914558
2026-10-07 16:00:00,INJ,24,0.09835048672449766,0.04359093825434014,0.15232599356435353,0,1,1,2026-10-09 07:08:18.914558
2026-10-07 17:00:00,INJ,1,0.00676775728800293,0.0101509062093902,0.025259911407912738,1,1,1,2026-10-09 07:08:18.914558
2026-10-07 17:00:00,INJ,24,0.10697650066518968,0.04359093825434014,0.15232599356435353,0,1,1,2026-10-09 07:08:18.914558
2026-10-07 18:00:00,INJ,1,0.007124164817809486,0.010088581149554363,0.025251761281205532,1,1,1,2026-10-09 07:08:18.914558
2026-10-07 18:00:00,INJ,24,0.1280541383074553,0.04359093825434014,0.15232599356435353,0,1,1,2026-10-09 07:08:18.914558
2026-10-07 19:00:00,INJ,1,0.006674701058826843,0.010075893120281272,0.025063729976348228,1,1,1,2026-10-09 07:08:18.914558
2026-10-07 19:00:00,INJ,24,0.11996194136733761,0.04359093825434014,0.15185919511492188,0,1,1,2026-10-09 07:08:18.914558
2026-10-07 20:00:00,INJ,1,0.0009317804334720216,0.010060828759754479,0.025006841122001775,1,1,1,2026-10-09 07:08:18.914558
2026-10-07 20:00:00,INJ,24,0.1067511101390567,0.04359093825434014,0.15178282942239094,0,1,1,2026-10-09 07:08:18.914558
2026-10-07 21:00:00,INJ,1,0.017599701943263015,0.01003147059181428,0.024478759410221394,0,1,1,2026-10-09 07:08:18.914558
2026-10-07 21:00:00,INJ,24,0.097122981878972,0.04359093825434014,0.1516423314217048,0,1,1,2026-10-09 07:08:18.914558
2026-10-07 22:00:00,INJ,1,0.008502649240640299,0.01003147059181428,0.024478759410221394,1,1,1,2026-10-09 07:08:18.914558
2026-10-07 22:00:00,INJ,24,0.08260992896531903,0.04359093825434014,0.1516203911536523,0,1,1,2026-10-09 07:08:18.914558
2026-10-07 23:00:00,INJ,1,0.0032201825760295364,0.010020015135999661,0.024478759410221394,1,1,1,2026-10-09 07:08:18.914558
2026-10-07 23:00:00,INJ,24,0.0856805748324255,0.04359093825434014,0.15156153551174065,0,1,1,2026-10-09 07:08:18.914558
2026-10-08 00:00:00,INJ,1,0.002675586880437942,0.01000825653439918,0.024478759410221394,1,1,1,2026-10-09 07:08:18.914558
2026-10-08 00:00:00,INJ,24,0.09964642642111615,0.04359093825434014,0.14905182766341427,0,1,1,2026-10-09 07:08:18.914558
2026-10-08 01:00:00,INJ,1,0.006299022368713511,0.010003699929492599,0.023300249308008548,1,1,1,2026-10-09 07:08:18.914558
2026-10-08 01:00:00,INJ,24,0.09715556886254562,0.04359093825434014,0.14513747861799928,0,1,1,2026-10-09 07:08:18.914558
2026-10-08 02:00:00,INJ,1,0.007500704868617307,0.009983158435699179,0.023226876360315618,1,1,1,2026-10-09 07:08:18.914558
2026-10-08 02:00:00,INJ,24,0.08410670428576869,0.0434999169828347,0.1442563920258998,0,1,1,2026-10-09 07:08:18.914558
2026-10-08 03:00:00,INJ,1,0.008846056881036192,0.009983158435699179,0.023226876360315618,1,1,1,2026-10-09 07:08:18.914558
2026-10-08 03:00:00,INJ,24,0.07220057271372102,0.04290476542693438,0.1435758598392607,0,1,1,2026-10-09 07:08:18.914558
2026-10-08 04:00:00,INJ,1,0.010284258437073358,0.009983158435699179,0.023226876360315618,0,1,1,2026-10-09 07:08:18.914558
2026-10-08 04:00:00,INJ,24,0.06378490103407758,0.04288120841765308,0.14353902950184533,0,1,1,2026-10-09 07:08:18.914558
2026-10-08 05:00:00,INJ,1,0.003952304974453237,0.010003699929492599,0.023226876360315618,1,1,1,2026-10-09 07:08:18.914558
2026-10-08 05:00:00,INJ,24,0.0563746207211957,0.042747186116375145,0.14343655440148914,0,1,1,2026-10-09 07:08:18.914558
2026-10-08 06:00:00,INJ,1,0.007346971823232442,0.010003699929492599,0.023226876360315618,1,1,1,2026-10-09 07:08:18.914558
2026-10-08 06:00:00,INJ,24,0.033746172373304406,0.042639457739273835,0.14343655440148914,1,1,1,2026-10-09 07:08:18.914558
2026-10-08 07:00:00,INJ,1,0.0033946668487791856,0.009983158435699179,0.023226876360315618,1,1,1,2026-10-09 07:08:18.914558
2026-10-08 07:00:00,INJ,24,0.03841312284491636,0.042635155519827765,0.14343655440148914,1,1,1,2026-10-09 07:08:18.914558
2026-10-08 08:00:00,INJ,1,0.0029968691548258436,0.009983158435699179,0.023226876360315618,1,1,1,2026-10-09 07:08:18.914558
2026-10-08 09:00:00,INJ,1,0.016775285158506428,0.009983158435699179,0.023226876360315618,0,1,1,2026-10-09 07:08:18.914558
2026-10-08 10:00:00,INJ,1,0.008352466717683504,0.009983158435699179,0.023226876360315618,1,1,1,2026-10-09 07:08:18.914558
2026-10-08 11:00:00,INJ,1,0.004066699382553686,0.009928665507234778,0.023226876360315618,1,1,1,2026-10-09 07:08:18.914558
2026-10-08 12:00:00,INJ,1,0.012300278081651676,0.009928665507234778,0.023226876360315618,0,1,1,2026-10-09 07:08:18.914558
2026-10-08 13:00:00,INJ,1,0.006852157822866661,0.009983158435699179,0.023226876360315618,1,1,1,2026-10-09 07:08:18.914558
2026-10-08 14:00:00,INJ,1,0.0015034513868656015,0.009983158435699179,0.023226876360315618,1,1,1,2026-10-09 07:08:18.914558
2026-10-08 15:00:00,INJ,1,0.0980769637468623,0.009928665507234778,0.023145339698203267,0,0,1,2026-10-09 07:08:18.914558
2026-10-08 16:00:00,INJ,1,0.0018121418429263138,0.009928665507234778,0.023226876360315618,1,1,1,2026-10-09 07:08:18.914558
2026-10-08 17:00:00,INJ,1,0.014309880354262753,0.009928665507234778,0.023226876360315618,0,1,1,2026-10-09 07:08:18.914558
2026-10-08 18:00:00,INJ,1,0.015216361757927128,0.009983158435699179,0.023226876360315618,0,1,1,2026-10-09 07:08:18.914558
2026-10-08 19:00:00,INJ,1,0.019885532287107547,0.009983158435699179,0.023226876360315618,0,1,1,2026-10-09 07:08:18.914558
2026-10-08 20:00:00,INJ,1,0.008696347826612699,0.010003699929492599,0.023226876360315618,1,1,1,2026-10-09 07:08:18.914558
2026-10-08 21:00:00,INJ,1,0.0030866490296099073,0.010003699929492599,0.023226876360315618,1,1,1,2026-10-09 07:08:18.914558
2026-10-08 22:00:00,INJ,1,0.005432003373533891,0.009983158435699179,0.023226876360315618,1,1,1,2026-10-09 07:08:18.914558
2026-10-08 23:00:00,INJ,1,0.010745669012661213,0.009983158435699179,0.023226876360315618,0,1,1,2026-10-09 07:08:18.914558
2026-10-09 00:00:00,INJ,1,0.0051664444390087634,0.010003699929492599,0.023226876360315618,1,1,1,2026-10-09 07:08:18.914558
2026-10-09 01:00:00,INJ,1,0.0067498422080634,0.009983158435699179,0.023226876360315618,1,1,1,2026-10-09 07:08:18.914558
2026-10-09 02:00:00,INJ,1,0.019406836440664897,0.009983158435699179,0.023226876360315618,0,1,1,2026-10-09 07:08:18.914558
2026-10-09 03:00:00,INJ,1,0.00043038520139272696,0.009983158435699179,0.023226876360315618,1,1,1,2026-10-09 07:08:18.914558
2026-10-09 04:00:00,INJ,1,0.0028739781241915187,0.009928665507234778,0.023226876360315618,1,1,1,2026-10-09 07:08:18.914558
2026-10-09 05:00:00,INJ,1,0.01867614337343807,0.009928665507234778,0.023226876360315618,0,1,1,2026-10-09 07:08:18.914558
2026-10-09 06:00:00,INJ,1,0.002680021351620361,0.009983158435699179,0.023226876360315618,1,1,1,2026-10-09 07:08:18.914558
2026-10-07 07:00:00,SEI,1,0.002455761436414901,0.008038611778523155,0.020928072068160393,1,1,1,2026-10-09 07:08:18.914558
2026-10-07 07:00:00,SEI,24,0.017905711664774542,0.04490621167162435,0.13426809425232286,1,1,1,2026-10-09 07:08:18.914558
2026-10-07 08:00:00,SEI,1,0.0039127649368715465,0.008017841891877247,0.020928072068160393,1,1,1,2026-10-09 07:08:18.914558
2026-10-07 08:00:00,SEI,24,0.00944568528366458,0.04506140408066697,0.13426809425232286,1,1,1,2026-10-09 07:08:18.914558
2026-10-07 09:00:00,SEI,1,0.004657263548283526,0.008017505519981967,0.020928072068160393,1,1,1,2026-10-09 07:08:18.914558
2026-10-07 09:00:00,SEI,24,0.0026170413308166133,0.045141899643958795,0.13426809425232286,1,1,1,2026-10-09 07:08:18.914558
2026-10-07 10:00:00,SEI,1,0.0021857932199802256,0.008011211141490763,0.020928072068160393,1,1,1,2026-10-09 07:08:18.914558
2026-10-07 10:00:00,SEI,24,0.022216724503909935,0.04544797088137199,0.13426809425232286,1,1,1,2026-10-09 07:08:18.914558
2026-10-07 11:00:00,SEI,1,0.007451272695742044,0.008011211141490763,0.020928072068160393,1,1,1,2026-10-09 07:08:18.914558
2026-10-07 11:00:00,SEI,24,0.017745542487471875,0.045550693454860826,0.13426809425232286,1,1,1,2026-10-09 07:08:18.914558
2026-10-07 12:00:00,SEI,1,0.004261891967911069,0.008011211141490763,0.020928072068160393,1,1,1,2026-10-09 07:08:18.914558
2026-10-07 12:00:00,SEI,24,0.02061030864801373,0.045629823674025134,0.13426809425232286,1,1,1,2026-10-09 07:08:18.914558
2026-10-07 13:00:00,SEI,1,0.0010314596066622707,0.007954619687013179,0.020317063475389235,1,1,1,2026-10-09 07:08:18.914558
2026-10-07 13:00:00,SEI,24,0.014184634991956381,0.0458640405674371,0.13426809425232286,1,1,1,2026-10-09 07:08:18.914558
2026-10-07 14:00:00,SEI,1,0.0010314596066622124,0.007947017375535558,0.020317063475389235,1,1,1,2026-10-09 07:08:18.914558
2026-10-07 14:00:00,SEI,24,0.018839549537812073,0.04593733990479334,0.13426809425232286,1,1,1,2026-10-09 07:08:18.914558
2026-10-07 15:00:00,SEI,1,0.004701742425849212,0.007947017375535558,0.020317063475389235,1,1,1,2026-10-09 07:08:18.914558
2026-10-07 15:00:00,SEI,24,0.022571034635702248,0.046100321205291145,0.13426809425232286,1,1,1,2026-10-09 07:08:18.914558
2026-10-07 16:00:00,SEI,1,0.0010266188479580844,0.007943959861689134,0.020317063475389235,1,1,1,2026-10-09 07:08:18.914558
2026-10-07 16:00:00,SEI,24,0.0379433118463269,0.046224138238041834,0.13426809425232286,1,1,1,2026-10-09 07:08:18.914558
2026-10-07 17:00:00,SEI,1,0.003954021406916955,0.007914504934817455,0.020317063475389235,1,1,1,2026-10-09 07:08:18.914558
2026-10-07 17:00:00,SEI,24,0.04348511193973878,0.04634965738180945,0.13426809425232286,1,1,1,2026-10-09 07:08:18.914558
2026-10-07 18:00:00,SEI,1,0.009020867225714057,0.007914504934817455,0.020317063475389235,0,1,1,2026-10-09 07:08:18.914558
2026-10-07 18:00:00,SEI,24,0.06381774422577183,0.04647127894844796,0.13426809425232286,0,1,1,2026-10-09 07:08:18.914558
2026-10-07 19:00:00,SEI,1,0.002748247914761394,0.007914504934817455,0.020317063475389235,1,1,1,2026-10-09 07:08:18.914558
2026-10-07 19:00:00,SEI,24,0.04882637571729857,0.04654357901476498,0.13426809425232286,0,1,1,2026-10-09 07:08:18.914558
2026-10-07 20:00:00,SEI,1,0.002884756075247949,0.00791265160972385,0.020317063475389235,1,1,1,2026-10-09 07:08:18.914558
2026-10-07 20:00:00,SEI,24,0.048537415526610485,0.04654357901476498,0.13426809425232286,0,1,1,2026-10-09 07:08:18.914558
2026-10-07 21:00:00,SEI,1,0.01480003799227549,0.00791265160972385,0.020317063475389235,0,1,1,2026-10-09 07:08:18.914558
2026-10-07 21:00:00,SEI,24,0.03473130972709967,0.04654357901476498,0.13426809425232286,1,1,1,2026-10-09 07:08:18.914558
2026-10-07 22:00:00,SEI,1,0.003647775256639405,0.007914504934817455,0.020317063475389235,1,1,1,2026-10-09 07:08:18.914558
2026-10-07 22:00:00,SEI,24,0.027114780626027693,0.046562400642181374,0.13426809425232286,1,1,1,2026-10-09 07:08:18.914558
2026-10-07 23:00:00,SEI,1,0.0034893899900669155,0.00791265160972385,0.020317063475389235,1,1,1,2026-10-09 07:08:18.914558
2026-10-07 23:00:00,SEI,24,0.026715484481593676,0.046576589185277344,0.13426809425232286,1,1,1,2026-10-09 07:08:18.914558
2026-10-08 00:00:00,SEI,1,0.00405562548940972,0.00791265160972385,0.020317063475389235,1,1,1,2026-10-09 07:08:18.914558
2026-10-08 00:00:00,SEI,24,0.04133615667412619,0.046576589185277344,0.13426809425232286,1,1,1,2026-10-09 07:08:18.914558
2026-10-08 01:00:00,SEI,1,0.007108175283232432,0.007907621297587132,0.020317063475389235,1,1,1,2026-10-09 07:08:18.914558
2026-10-08 01:00:00,SEI,24,0.050091965177751205,0.046576589185277344,0.13426809425232286,0,1,1,2026-10-09 07:08:18.914558
2026-10-08 02:00:00,SEI,1,0.00783066646414383,0.007907621297587132,0.020317063475389235,1,1,1,2026-10-09 07:08:18.914558
2026-10-08 02:00:00,SEI,24,0.029248761504366148,0.046576589185277344,0.13426809425232286,1,1,1,2026-10-09 07:08:18.914558
2026-10-08 03:00:00,SEI,1,0.0011562365791668089,0.007859584193797904,0.020317063475389235,1,1,1,2026-10-09 07:08:18.914558
2026-10-08 03:00:00,SEI,24,0.0343848155596173,0.046576589185277344,0.13426809425232286,1,1,1,2026-10-09 07:08:18.914558
2026-10-08 04:00:00,SEI,1,0.014566899968225636,0.007859584193797904,0.020317063475389235,0,1,1,2026-10-09 07:08:18.914558
2026-10-08 04:00:00,SEI,24,0.03278018199214412,0.046576589185277344,0.13426809425232286,1,1,1,2026-10-09 07:08:18.914558
2026-10-08 05:00:00,SEI,1,0.006772699622025403,0.007859584193797904,0.020317063475389235,1,1,1,2026-10-09 07:08:18.914558
2026-10-08 05:00:00,SEI,24,0.025411873397447514,0.046576589185277344,0.13426809425232286,1,1,1,2026-10-09 07:08:18.914558
2026-10-08 06:00:00,SEI,1,0.005745025744602535,0.007859584193797904,0.020317063475389235,1,1,1,2026-10-09 07:08:18.914558
2026-10-08 06:00:00,SEI,24,0.007562874336369522,0.046576589185277344,0.13426809425232286,1,1,1,2026-10-09 07:08:18.914558
2026-10-08 07:00:00,SEI,1,0.006004264944695102,0.007859584193797904,0.020317063475389235,1,1,1,2026-10-09 07:08:18.914558
2026-10-08 07:00:00,SEI,24,0.011077581707929182,0.046576589185277344,0.13426809425232286,1,1,1,2026-10-09 07:08:18.914558
2026-10-08 08:00:00,SEI,1,0.0029158790159764868,0.007859584193797904,0.020317063475389235,1,1,1,2026-10-09 07:08:18.914558
2026-10-08 09:00:00,SEI,1,0.020176502286443052,0.007859584193797904,0.020317063475389235,0,1,1,2026-10-09 07:08:18.914558
2026-10-08 10:00:00,SEI,1,0.002285388796457892,0.007859584193797904,0.020317063475389235,1,1,1,2026-10-09 07:08:18.914558
2026-10-08 11:00:00,SEI,1,0.004586506535200376,0.007859584193797904,0.020317063475389235,1,1,1,2026-10-09 07:08:18.914558
2026-10-08 12:00:00,SEI,1,0.010687565623968283,0.007854491947702762,0.020317063475389235,0,1,1,2026-10-09 07:08:18.914558
2026-10-08 13:00:00,SEI,1,0.0036234549391933745,0.007854491947702762,0.020317063475389235,1,1,1,2026-10-09 07:08:18.914558
2026-10-08 14:00:00,SEI,1,0.004762944704552615,0.007848138818280734,0.020317063475389235,1,1,1,2026-10-09 07:08:18.914558
2026-10-08 15:00:00,SEI,1,0.05581260405617994,0.007830337327927631,0.02018196633942008,0,0,1,2026-10-09 07:08:18.914558
2026-10-08 16:00:00,SEI,1,0.006568418941370043,0.007830337327927631,0.020317063475389235,1,1,1,2026-10-09 07:08:18.914558
2026-10-08 17:00:00,SEI,1,0.01637861087911613,0.007815876426082051,0.02018196633942008,0,1,1,2026-10-09 07:08:18.914558
2026-10-08 18:00:00,SEI,1,0.02401223573418721,0.007830337327927631,0.02018196633942008,0,0,1,2026-10-09 07:08:18.914558
2026-10-08 19:00:00,SEI,1,0.0030372081054496547,0.007848138818280734,0.020317063475389235,1,1,1,2026-10-09 07:08:18.914558
2026-10-08 20:00:00,SEI,1,0.01669086187475885,0.007848138818280734,0.020317063475389235,0,1,1,2026-10-09 07:08:18.914558
2026-10-08 21:00:00,SEI,1,0.007183508891203508,0.007854491947702762,0.020317063475389235,1,1,1,2026-10-09 07:08:18.914558
2026-10-08 22:00:00,SEI,1,0.004047071401073349,0.007854491947702762,0.020317063475389235,1,1,1,2026-10-09 07:08:18.914558
2026-10-08 23:00:00,SEI,1,0.011131282202465533,0.007854491947702762,0.020317063475389235,0,1,1,2026-10-09 07:08:18.914558
2026-10-09 00:00:00,SEI,1,0.004700183014215345,0.007859584193797904,0.020317063475389235,1,1,1,2026-10-09 07:08:18.914558
2026-10-09 01:00:00,SEI,1,0.013735028390152688,0.007859584193797904,0.020317063475389235,0,1,1,2026-10-09 07:08:18.914558
2026-10-09 02:00:00,SEI,1,0.0026946124088925395,0.007859584193797904,0.020317063475389235,1,1,1,2026-10-09 07:08:18.914558
2026-10-09 03:00:00,SEI,1,0.00044839698830646287,0.007859584193797904,0.020317063475389235,1,1,1,2026-10-09 07:08:18.914558
2026-10-09 04:00:00,SEI,1,0.007198591373528991,0.007859584193797904,0.020317063475389235,1,1,1,2026-10-09 07:08:18.914558
2026-10-09 05:00:00,SEI,1,0.01107629943905265,0.007854491947702762,0.02018196633942008,0,1,1,2026-10-09 07:08:18.914558
2026-10-09 06:00:00,SEI,1,0.002230318373042763,0.007859584193797904,0.02018196633942008,1,1,1,2026-10-09 07:08:18.914558
2026-10-07 07:00:00,FET,1,0.002144542962160276,0.010641049037014093,0.025524807785109144,1,1,1,2026-10-09 07:08:18.914558
2026-10-07 07:00:00,FET,24,0.0025729002186567524,0.06219485182608629,0.14259482974591609,1,1,1,2026-10-09 07:08:18.914558
2026-10-07 08:00:00,FET,1,0.016415055407044233,0.010641049037014093,0.025524807785109144,0,1,1,2026-10-09 07:08:18.914558
2026-10-07 08:00:00,FET,24,0.014239722811135388,0.06223492860413168,0.14259482974591609,1,1,1,2026-10-09 07:08:18.914558
2026-10-07 09:00:00,FET,1,0.007431728193772802,0.010641049037014093,0.025524807785109144,1,1,1,2026-10-09 07:08:18.914558
2026-10-07 09:00:00,FET,24,0.00043544524964107134,0.06252621571228413,0.14259482974591609,1,1,1,2026-10-09 07:08:18.914558
2026-10-07 10:00:00,FET,1,0.0030668151090717174,0.010641049037014093,0.025524807785109144,1,1,1,2026-10-09 07:08:18.914558
2026-10-07 10:00:00,FET,24,0.0336528736904469,0.0625514046861349,0.14259482974591609,1,1,1,2026-10-09 07:08:18.914558
2026-10-07 11:00:00,FET,1,0.005703020502212688,0.010641049037014093,0.025524807785109144,1,1,1,2026-10-09 07:08:18.914558
2026-10-07 11:00:00,FET,24,0.012606122165578486,0.06276598812224748,0.14259482974591609,1,1,1,2026-10-09 07:08:18.914558
2026-10-07 12:00:00,FET,1,0.000879507532507551,0.010641049037014093,0.025524807785109144,1,1,1,2026-10-09 07:08:18.914558
2026-10-07 12:00:00,FET,24,0.014413876976461015,0.0628096385304229,0.14259482974591609,1,1,1,2026-10-09 07:08:18.914558
2026-10-07 13:00:00,FET,1,0.003072199036970059,0.010610333085688924,0.025444536547497506,1,1,1,2026-10-09 07:08:18.914558
2026-10-07 13:00:00,FET,24,0.00788095147285371,0.0628096385304229,0.14259482974591609,1,1,1,2026-10-09 07:08:18.914558
2026-10-07 14:00:00,FET,1,0.012345835822299379,0.010586794471256607,0.025444536547497506,0,1,1,2026-10-09 07:08:18.914558
2026-10-07 14:00:00,FET,24,0.014357436098313699,0.0628096385304229,0.14259482974591609,1,1,1,2026-10-09 07:08:18.914558
2026-10-07 15:00:00,FET,1,0.005750955907807481,0.010586794471256607,0.025444536547497506,1,1,1,2026-10-09 07:08:18.914558
2026-10-07 15:00:00,FET,24,0.040005334613699206,0.0628096385304229,0.14259482974591609,1,1,1,2026-10-09 07:08:18.914558
2026-10-07 16:00:00,FET,1,0.006638661247948032,0.010580554181048142,0.025444536547497506,1,1,1,2026-10-09 07:08:18.914558
2026-10-07 16:00:00,FET,24,0.05392019487877383,0.06332498975070443,0.14259482974591609,1,1,1,2026-10-09 07:08:18.914558
2026-10-07 17:00:00,FET,1,0.004430667416484675,0.010562505809022672,0.025444536547497506,1,1,1,2026-10-09 07:08:18.914558
2026-10-07 17:00:00,FET,24,0.05194789767459057,0.06340479024950747,0.14259482974591609,1,1,1,2026-10-09 07:08:18.914558
2026-10-07 18:00:00,FET,1,0.008802873745955123,0.010562505809022672,0.025444536547497506,1,1,1,2026-10-09 07:08:18.914558
2026-10-07 18:00:00,FET,24,0.09257299209916058,0.06340479024950747,0.14259482974591609,0,1,1,2026-10-09 07:08:18.914558
2026-10-07 19:00:00,FET,1,0.003511856111539548,0.010562505809022672,0.025444536547497506,1,1,1,2026-10-09 07:08:18.914558
2026-10-07 19:00:00,FET,24,0.0605150747932656,0.06340479024950747,0.14259482974591609,1,1,1,2026-10-09 07:08:18.914558
2026-10-07 20:00:00,FET,1,0.010063528378616989,0.010550447125274946,0.025444536547497506,1,1,1,2026-10-09 07:08:18.914558
2026-10-07 20:00:00,FET,24,0.044971606629326547,0.0628096385304229,0.14259482974591609,1,1,1,2026-10-09 07:08:18.914558
2026-10-07 21:00:00,FET,1,0.016239110422766562,0.010550447125274946,0.025444536547497506,0,1,1,2026-10-09 07:08:18.914558
2026-10-07 21:00:00,FET,24,0.05365614145455077,0.0628096385304229,0.14259482974591609,1,1,1,2026-10-09 07:08:18.914558
2026-10-07 22:00:00,FET,1,0.005735731586211619,0.010562505809022672,0.025444536547497506,1,1,1,2026-10-09 07:08:18.914558
2026-10-07 22:00:00,FET,24,0.03971641121250548,0.0628096385304229,0.14259482974591609,1,1,1,2026-10-09 07:08:18.914558
2026-10-07 23:00:00,FET,1,0.011373700910638345,0.010550447125274946,0.025444536547497506,0,1,1,2026-10-09 07:08:18.914558
2026-10-07 23:00:00,FET,24,0.04131705765091426,0.0628096385304229,0.14259482974591609,1,1,1,2026-10-09 07:08:18.914558
2026-10-08 00:00:00,FET,1,0.006935441757153017,0.010562505809022672,0.025444536547497506,1,1,1,2026-10-09 07:08:18.914558
2026-10-08 00:00:00,FET,24,0.06329237894510155,0.0628096385304229,0.14259482974591609,0,1,1,2026-10-09 07:08:18.914558
2026-10-08 01:00:00,FET,1,0.004329011089585581,0.010550447125274946,0.025444536547497506,1,1,1,2026-10-09 07:08:18.914558
2026-10-08 01:00:00,FET,24,0.06560460396079766,0.0628096385304229,0.14259482974591609,0,1,1,2026-10-09 07:08:18.914558
2026-10-08 02:00:00,FET,1,0.003896952322872966,0.010426334517508079,0.025444536547497506,1,1,1,2026-10-09 07:08:18.914558
2026-10-08 02:00:00,FET,24,0.055755799647614235,0.06276598812224748,0.14259482974591609,1,1,1,2026-10-09 07:08:18.914558
2026-10-08 03:00:00,FET,1,0.011736713730840833,0.010343029364418995,0.025444536547497506,0,1,1,2026-10-09 07:08:18.914558
2026-10-08 03:00:00,FET,24,0.059652751970487125,0.0625514046861349,0.14259482974591609,1,1,1,2026-10-09 07:08:18.914558
2026-10-08 04:00:00,FET,1,0.0061403701702378854,0.010426334517508079,0.025444536547497506,1,1,1,2026-10-09 07:08:18.914558
2026-10-08 04:00:00,FET,24,0.03651340614183466,0.06252621571228413,0.14259482974591609,1,1,1,2026-10-09 07:08:18.914558
2026-10-08 05:00:00,FET,1,0.017444838378895964,0.010343029364418995,0.025444536547497506,0,1,1,2026-10-09 07:08:18.914558
2026-10-08 05:00:00,FET,24,0.032188742326081536,0.06252621571228413,0.14259482974591609,1,1,1,2026-10-09 07:08:18.914558
2026-10-08 06:00:00,FET,1,0.009466507871558472,0.010426334517508079,0.025444536547497506,1,1,1,2026-10-09 07:08:18.914558
2026-10-08 06:00:00,FET,24,0.04058783833701182,0.06252621571228413,0.14259482974591609,1,1,1,2026-10-09 07:08:18.914558
2026-10-08 07:00:00,FET,1,0.01466808006763192,0.010426334517508079,0.025444536547497506,0,1,1,2026-10-09 07:08:18.914558
2026-10-08 07:00:00,FET,24,0.05185696048668627,0.062235790699180144,0.14259482974591609,1,1,1,2026-10-09 07:08:18.914558
2026-10-08 08:00:00,FET,1,0.0017398873462676624,0.010550447125274946,0.025444536547497506,1,1,1,2026-10-09 07:08:18.914558
2026-10-08 09:00:00,FET,1,0.025785700247032955,0.010426334517508079,0.025444536547497506,0,0,1,2026-10-09 07:08:18.914558
2026-10-08 10:00:00,FET,1,0.01797993641579658,0.010426334517508079,0.025524807785109144,0,1,1,2026-10-09 07:08:18.914558
2026-10-08 11:00:00,FET,1,0.003895265691330136,0.010426334517508079,0.025524807785109144,1,1,1,2026-10-09 07:08:18.914558
2026-10-08 12:00:00,FET,1,0.0056534179710998455,0.010426334517508079,0.025524807785109144,1,1,1,2026-10-09 07:08:18.914558
2026-10-08 13:00:00,FET,1,0.00954868366242995,0.010426334517508079,0.025524807785109144,1,1,1,2026-10-09 07:08:18.914558
2026-10-08 14:00:00,FET,1,0.013302062693086291,0.010343029364418995,0.025524807785109144,0,1,1,2026-10-09 07:08:18.914558
2026-10-08 15:00:00,FET,1,0.08817457358466547,0.010343029364418995,0.025524807785109144,0,0,1,2026-10-09 07:08:18.914558
2026-10-08 16:00:00,FET,1,0.0046663640437647385,0.010343029364418995,0.025524807785109144,1,1,1,2026-10-09 07:08:18.914558
2026-10-08 17:00:00,FET,1,0.0361944270080853,0.010329731555831811,0.025524807785109144,0,0,1,2026-10-09 07:08:18.914558
2026-10-08 18:00:00,FET,1,0.040860791051850046,0.010329731555831811,0.02559519724568818,0,0,1,2026-10-09 07:08:18.914558
2026-10-08 19:00:00,FET,1,0.012031612052399625,0.010329731555831811,0.02564959409502256,0,1,1,2026-10-09 07:08:18.914558
2026-10-08 20:00:00,FET,1,0.0013789935533925972,0.010343029364418995,0.02564959409502256,1,1,1,2026-10-09 07:08:18.914558
2026-10-08 21:00:00,FET,1,0.002299380180721375,0.010343029364418995,0.02564959409502256,1,1,1,2026-10-09 07:08:18.914558
2026-10-08 22:00:00,FET,1,0.004135085147803017,0.010343029364418995,0.02564959409502256,1,1,1,2026-10-09 07:08:18.914558
2026-10-08 23:00:00,FET,1,0.010601620383549075,0.010343029364418995,0.02564959409502256,0,1,1,2026-10-09 07:08:18.914558
2026-10-09 00:00:00,FET,1,0.004623216741456798,0.010426334517508079,0.02564959409502256,1,1,1,2026-10-09 07:08:18.914558
2026-10-09 01:00:00,FET,1,0.005519793223597902,0.010426334517508079,0.02564959409502256,1,1,1,2026-10-09 07:08:18.914558
2026-10-09 02:00:00,FET,1,0.0,0.010343029364418995,0.02564959409502256,1,1,1,2026-10-09 07:08:18.914558
2026-10-09 03:00:00,FET,1,0.01140263209781177,0.010343029364418995,0.02564959409502256,0,1,1,2026-10-09 07:08:18.914558
2026-10-09 04:00:00,FET,1,0.0018157063544847099,0.010343029364418995,0.02564959409502256,1,1,1,2026-10-09 07:08:18.914558
2026-10-09 05:00:00,FET,1,0.009045742367965771,0.010329731555831811,0.02564959409502256,1,1,1,2026-10-09 07:08:18.914558
2026-10-09 06:00:00,FET,1,0.0018026142781158783,0.010329731555831811,0.02564959409502256,1,1,1,2026-10-09 07:08:18.914558
2026-10-07 07:00:00,TIA,1,0.010872035769486903,0.009634342562924508,0.02392199583178174,0,1,1,2026-10-09 07:08:18.914558
2026-10-07 07:00:00,TIA,24,0.05425131129081543,0.04907267642333621,0.12473038299055594,0,1,1,2026-10-09 07:08:18.914558
2026-10-07 08:00:00,TIA,1,0.01635270278220924,0.009646688523693192,0.02392199583178174,0,1,1,2026-10-09 07:08:18.914558
2026-10-07 08:00:00,TIA,24,0.0300374057360891,0.048940010895984626,0.12473038299055594,1,1,1,2026-10-09 07:08:18.914558
2026-10-07 09:00:00,TIA,1,0.012386798499844226,0.009646688523693192,0.02392199583178174,0,1,1,2026-10-09 07:08:18.914558
2026-10-07 09:00:00,TIA,24,0.05141419277260518,0.04875551167856586,0.12473038299055594,0,1,1,2026-10-09 07:08:18.914558
2026-10-07 10:00:00,TIA,1,0.0037765234265642027,0.009734047052803027,0.02392199583178174,1,1,1,2026-10-09 07:08:18.914558
2026-10-07 10:00:00,TIA,24,0.07728247721638681,0.048552716111606505,0.12473038299055594,0,1,1,2026-10-09 07:08:18.914558
2026-10-07 11:00:00,TIA,1,0.006674107087693243,0.009734047052803027,0.02392199583178174,1,1,1,2026-10-09 07:08:18.914558
2026-10-07 11:00:00,TIA,24,0.0751527223793447,0.04792362973200354,0.12473038299055594,0,1,1,2026-10-09 07:08:18.914558
2026-10-07 12:00:00,TIA,1,0.0008932559772149909,0.009646688523693192,0.02392199583178174,1,1,1,2026-10-09 07:08:18.914558
2026-10-07 12:00:00,TIA,24,0.07976794465490994,0.04792362973200354,0.12473038299055594,0,1,1,2026-10-09 07:08:18.914558
2026-10-07 13:00:00,TIA,1,0.004235877473904781,0.009634342562924508,0.023744381877644757,1,1,1,2026-10-09 07:08:18.914558
2026-10-07 13:00:00,TIA,24,0.08004270767353636,0.04792362973200354,0.12473038299055594,0,1,1,2026-10-09 07:08:18.914558
2026-10-07 14:00:00,TIA,1,0.0161474690373939,0.009634342562924508,0.023744381877644757,0,1,1,2026-10-09 07:08:18.914558
2026-10-07 14:00:00,TIA,24,0.08932608567554617,0.04792362973200354,0.12473038299055594,0,1,1,2026-10-09 07:08:18.914558
2026-10-07 15:00:00,TIA,1,0.003610926965708397,0.009634342562924508,0.023744381877644757,1,1,1,2026-10-09 07:08:18.914558
2026-10-07 15:00:00,TIA,24,0.10057858267103038,0.04792362973200354,0.12473038299055594,0,1,1,2026-10-09 07:08:18.914558
2026-10-07 16:00:00,TIA,1,0.0065544363931436525,0.009629162127712441,0.023659299738598052,1,1,1,2026-10-09 07:08:18.914558
2026-10-07 16:00:00,TIA,24,0.010086379358015294,0.04792362973200354,0.12473038299055594,1,1,1,2026-10-09 07:08:18.914558
2026-10-07 17:00:00,TIA,1,0.00477327875265766,0.009622295615773768,0.023659299738598052,1,1,1,2026-10-09 07:08:18.914558
2026-10-07 17:00:00,TIA,24,0.045003715116928904,0.04792362973200354,0.12473038299055594,1,1,1,2026-10-09 07:08:18.914558
2026-10-07 18:00:00,TIA,1,0.01335314624218415,0.009622295615773768,0.023659299738598052,0,1,1,2026-10-09 07:08:18.914558
2026-10-07 18:00:00,TIA,24,0.03073713650524856,0.04792362973200354,0.12473038299055594,1,1,1,2026-10-09 07:08:18.914558
2026-10-07 19:00:00,TIA,1,0.00022484541972188251,0.009629162127712441,0.023659299738598052,1,1,1,2026-10-09 07:08:18.914558
2026-10-07 19:00:00,TIA,24,0.14459852251879252,0.04792362973200354,0.12473038299055594,0,0,1,2026-10-09 07:08:18.914558
2026-10-07 20:00:00,TIA,1,0.00917745669183581,0.009629162127712441,0.023659299738598052,1,1,1,2026-10-09 07:08:18.914558
2026-10-07 20:00:00,TIA,24,0.15873394773403932,0.048552716111606505,0.12473038299055594,0,0,1,2026-10-09 07:08:18.914558
2026-10-07 21:00:00,TIA,1,0.0022306500438320793,0.009629162127712441,0.023659299738598052,1,1,1,2026-10-09 07:08:18.914558
2026-10-07 21:00:00,TIA,24,0.13408827853299485,0.04875551167856586,0.12473038299055594,0,0,1,2026-10-09 07:08:18.914558
2026-10-07 22:00:00,TIA,1,0.044548850892156065,0.009629162127712441,0.023659299738598052,0,0,1,2026-10-09 07:08:18.914558
2026-10-07 22:00:00,TIA,24,0.14001435240688523,0.048940010895984626,0.12473038299055594,0,0,1,2026-10-09 07:08:18.914558
2026-10-07 23:00:00,TIA,1,0.007659611916764173,0.009629162127712441,0.023744381877644757,1,1,1,2026-10-09 07:08:18.914558
2026-10-07 23:00:00,TIA,24,0.08551517066156114,0.048940010895984626,0.12473038299055594,0,1,1,2026-10-09 07:08:18.914558
2026-10-08 00:00:00,TIA,1,0.007601387952518935,0.009629162127712441,0.023744381877644757,1,1,1,2026-10-09 07:08:18.914558
2026-10-08 00:00:00,TIA,24,0.06064955729588306,0.048940010895984626,0.12473038299055594,0,1,1,2026-10-09 07:08:18.914558
2026-10-08 01:00:00,TIA,1,0.004849772288991037,0.009622295615773768,0.023744381877644757,1,1,1,2026-10-09 07:08:18.914558
2026-10-08 01:00:00,TIA,24,0.04463465817453343,0.048940010895984626,0.12473038299055594,1,1,1,2026-10-09 07:08:18.914558
2026-10-08 02:00:00,TIA,1,0.020295706586274033,0.009591066307852626,0.023744381877644757,0,1,1,2026-10-09 07:08:18.914558
2026-10-08 02:00:00,TIA,24,0.07156828824896115,0.048940010895984626,0.12473038299055594,0,1,1,2026-10-09 07:08:18.914558
2026-10-08 03:00:00,TIA,1,0.004983399017548026,0.009622295615773768,0.023744381877644757,1,1,1,2026-10-09 07:08:18.914558
2026-10-08 03:00:00,TIA,24,0.06747279933631674,0.04907267642333621,0.12473038299055594,0,1,1,2026-10-09 07:08:18.914558
2026-10-08 04:00:00,TIA,1,0.027005860607915048,0.009591066307852626,0.023744381877644757,0,0,1,2026-10-09 07:08:18.914558
2026-10-08 04:00:00,TIA,24,0.07920972136964471,0.0491082934278957,0.12473038299055594,0,1,1,2026-10-09 07:08:18.914558
2026-10-08 05:00:00,TIA,1,0.005544906508055793,0.009622295615773768,0.02392199583178174,1,1,1,2026-10-09 07:08:18.914558
2026-10-08 05:00:00,TIA,24,0.11502283783485989,0.049230298828433404,0.12473038299055594,0,1,1,2026-10-09 07:08:18.914558
2026-10-08 06:00:00,TIA,1,0.026651456773527104,0.009622295615773768,0.02392199583178174,0,0,1,2026-10-09 07:08:18.914558
2026-10-08 06:00:00,TIA,24,0.08007542643938736,0.049230298828433404,0.12473038299055594,0,1,1,2026-10-09 07:08:18.914558
2026-10-08 07:00:00,TIA,1,0.013341869785239414,0.009622295615773768,0.024282087282046616,0,1,1,2026-10-09 07:08:18.914558
2026-10-08 07:00:00,TIA,24,0.05224541914641617,0.049319449250432204,0.12473038299055594,0,1,1,2026-10-09 07:08:18.914558
2026-10-08 08:00:00,TIA,1,0.005024084254306954,0.009629162127712441,0.024282087282046616,1,1,1,2026-10-09 07:08:18.914558
2026-10-08 09:00:00,TIA,1,0.013481485943937353,0.009629162127712441,0.024282087282046616,0,1,1,2026-10-09 07:08:18.914558
2026-10-08 10:00:00,TIA,1,0.0016467685895219695,0.009629162127712441,0.024282087282046616,1,1,1,2026-10-09 07:08:18.914558
2026-10-08 11:00:00,TIA,1,0.0020588848121279027,0.009622295615773768,0.024282087282046616,1,1,1,2026-10-09 07:08:18.914558
2026-10-08 12:00:00,TIA,1,0.0006184929585885104,0.009622295615773768,0.024282087282046616,1,1,1,2026-10-09 07:08:18.914558
2026-10-08 13:00:00,TIA,1,0.013519255475914574,0.009622295615773768,0.024282087282046616,0,1,1,2026-10-09 07:08:18.914558
2026-10-08 14:00:00,TIA,1,0.004894972041909804,0.009622295615773768,0.024282087282046616,1,1,1,2026-10-09 07:08:18.914558
2026-10-08 15:00:00,TIA,1,0.08688127634730657,0.009591066307852626,0.024282087282046616,0,0,1,2026-10-09 07:08:18.914558
2026-10-08 16:00:00,TIA,1,0.028362899365769988,0.009622295615773768,0.024528527500120065,0,0,1,2026-10-09 07:08:18.914558
2026-10-08 17:00:00,TIA,1,0.01903985736433777,0.009629162127712441,0.02515607179038314,0,1,1,2026-10-09 07:08:18.914558
2026-10-08 18:00:00,TIA,1,0.12721453225572804,0.009634342562924508,0.02515607179038314,0,0,1,2026-10-09 07:08:18.914558
2026-10-08 19:00:00,TIA,1,0.013910579795524895,0.009634342562924508,0.025164088053429914,0,1,1,2026-10-09 07:08:18.914558
2026-10-08 20:00:00,TIA,1,0.015468212509208653,0.009646688523693192,0.025164088053429914,0,1,1,2026-10-09 07:08:18.914558
2026-10-08 21:00:00,TIA,1,0.0036954238300581856,0.009734047052803027,0.025164088053429914,1,1,1,2026-10-09 07:08:18.914558
2026-10-08 22:00:00,TIA,1,0.009950330853168092,0.009734047052803027,0.025164088053429914,0,1,1,2026-10-09 07:08:18.914558
2026-10-08 23:00:00,TIA,1,0.017206001448913762,0.009745285855696353,0.025164088053429914,0,1,1,2026-10-09 07:08:18.914558
2026-10-09 00:00:00,TIA,1,0.008413511168830766,0.009933953219355732,0.025164088053429914,1,1,1,2026-10-09 07:08:18.914558
2026-10-09 01:00:00,TIA,1,0.022083857785436884,0.009933953219355732,0.025164088053429914,0,1,1,2026-10-09 07:08:18.914558
2026-10-09 02:00:00,TIA,1,0.016200217673629384,0.01006247203200817,0.025164088053429914,0,1,1,2026-10-09 07:08:18.914558
2026-10-09 03:00:00,TIA,1,0.006753523015779924,0.010094764907817284,0.025164088053429914,1,1,1,2026-10-09 07:08:18.914558
2026-10-09 04:00:00,TIA,1,0.008807255857300139,0.010094764907817284,0.025164088053429914,1,1,1,2026-10-09 07:08:18.914558
2026-10-09 05:00:00,TIA,1,0.029402504887416612,0.01006247203200817,0.025164088053429914,0,0,1,2026-10-09 07:08:18.914558
2026-10-09 06:00:00,TIA,1,0.0011785505194441416,0.010094764907817284,0.025232844833122502,1,1,1,2026-10-09 07:08:18.914558
2026-10-07 07:00:00,STX,1,0.008919781637065586,0.009219960106630589,0.02251644360458207,1,1,1,2026-10-09 07:08:18.914558
2026-10-07 07:00:00,STX,24,0.08142089752646145,0.05551490012415847,0.1223973968362696,0,1,1,2026-10-09 07:08:18.914558
2026-10-07 08:00:00,STX,1,0.011514520209816482,0.009219960106630589,0.02251644360458207,0,1,1,2026-10-09 07:08:18.914558
2026-10-07 08:00:00,STX,24,0.07410797215372185,0.055557973558282604,0.1223973968362696,0,1,1,2026-10-09 07:08:18.914558
2026-10-07 09:00:00,STX,1,0.0032675660592522957,0.009229566354653258,0.02251644360458207,1,1,1,2026-10-09 07:08:18.914558
2026-10-07 09:00:00,STX,24,0.05405323457162589,0.055557973558282604,0.1223973968362696,1,1,1,2026-10-09 07:08:18.914558
2026-10-07 10:00:00,STX,1,0.012118300280577926,0.009219960106630589,0.02251644360458207,0,1,1,2026-10-09 07:08:18.914558
2026-10-07 10:00:00,STX,24,0.01823296901390305,0.055557973558282604,0.1223973968362696,1,1,1,2026-10-09 07:08:18.914558
2026-10-07 11:00:00,STX,1,0.0055724561623930035,0.009219960106630589,0.022362839920834498,1,1,1,2026-10-09 07:08:18.914558
2026-10-07 11:00:00,STX,24,0.024165700378893585,0.055557973558282604,0.1223973968362696,1,1,1,2026-10-09 07:08:18.914558
2026-10-07 12:00:00,STX,1,0.0025227056769347345,0.009219960106630589,0.022362839920834498,1,1,1,2026-10-09 07:08:18.914558
2026-10-07 12:00:00,STX,24,0.03862478062752644,0.055557973558282604,0.1223973968362696,1,1,1,2026-10-09 07:08:18.914558
2026-10-07 13:00:00,STX,1,0.0591612184349192,0.009198456446300109,0.022299748826297656,0,0,1,2026-10-09 07:08:18.914558
2026-10-07 13:00:00,STX,24,0.04720412101379721,0.05551490012415847,0.1223973968362696,1,1,1,2026-10-09 07:08:18.914558
2026-10-07 14:00:00,STX,1,0.012101801586571377,0.009198456446300109,0.022362839920834498,0,1,1,2026-10-09 07:08:18.914558
2026-10-07 14:00:00,STX,24,0.020373769937546794,0.05548643471517522,0.1223973968362696,1,1,1,2026-10-09 07:08:18.914558
2026-10-07 15:00:00,STX,1,0.014771317320312503,0.009219960106630589,0.022362839920834498,0,1,1,2026-10-09 07:08:18.914558
2026-10-07 15:00:00,STX,24,0.007010004440621204,0.05546452563724652,0.1223973968362696,1,1,1,2026-10-09 07:08:18.914558
2026-10-07 16:00:00,STX,1,0.028940491702038336,0.009229566354653258,0.022362839920834498,0,0,1,2026-10-09 07:08:18.914558
2026-10-07 16:00:00,STX,24,0.038037728804429634,0.055210780500156986,0.1223973968362696,1,1,1,2026-10-09 07:08:18.914558
2026-10-07 17:00:00,STX,1,0.0024667684154335216,0.009229566354653258,0.02251644360458207,1,1,1,2026-10-09 07:08:18.914558
2026-10-07 17:00:00,STX,24,0.00799012378698391,0.055096897896587886,0.1223973968362696,1,1,1,2026-10-09 07:08:18.914558
2026-10-07 18:00:00,STX,1,0.004664571497913188,0.009229566354653258,0.02251644360458207,1,1,1,2026-10-09 07:08:18.914558
2026-10-07 18:00:00,STX,24,0.013504408067053976,0.05507225966939985,0.1223973968362696,1,1,1,2026-10-09 07:08:18.914558
2026-10-07 19:00:00,STX,1,0.00219780308247944,0.009229566354653258,0.02251644360458207,1,1,1,2026-10-09 07:08:18.914558
2026-10-07 19:00:00,STX,24,0.0013741928780640182,0.054945415451885714,0.1223973968362696,1,1,1,2026-10-09 07:08:18.914558
2026-10-07 20:00:00,STX,1,0.010374103413174327,0.009229566354653258,0.02251644360458207,0,1,1,2026-10-09 07:08:18.914558
2026-10-07 20:00:00,STX,24,0.007654493360532265,0.054945415451885714,0.1223973968362696,1,1,1,2026-10-09 07:08:18.914558
2026-10-07 21:00:00,STX,1,0.004354933393372975,0.009229566354653258,0.02251644360458207,1,1,1,2026-10-09 07:08:18.914558
2026-10-07 21:00:00,STX,24,0.027589804078525963,0.054945415451885714,0.1223973968362696,1,1,1,2026-10-09 07:08:18.914558
2026-10-07 22:00:00,STX,1,0.013277528752209196,0.009229566354653258,0.02251644360458207,0,1,1,2026-10-09 07:08:18.914558
2026-10-07 22:00:00,STX,24,0.028769291564660213,0.054945415451885714,0.1223973968362696,1,1,1,2026-10-09 07:08:18.914558
2026-10-07 23:00:00,STX,1,0.0016163796622687412,0.009229566354653258,0.02251644360458207,1,1,1,2026-10-09 07:08:18.914558
2026-10-07 23:00:00,STX,24,0.028133490295040316,0.054945415451885714,0.1223973968362696,1,1,1,2026-10-09 07:08:18.914558
2026-10-08 00:00:00,STX,1,0.0010790397594036146,0.009229566354653258,0.02251644360458207,1,1,1,2026-10-09 07:08:18.914558
2026-10-08 00:00:00,STX,24,0.029488124111030158,0.054945415451885714,0.1223973968362696,1,1,1,2026-10-09 07:08:18.914558
2026-10-08 01:00:00,STX,1,0.012220111334775333,0.009219960106630589,0.02251644360458207,0,1,1,2026-10-09 07:08:18.914558
2026-10-08 01:00:00,STX,24,0.046924792001479934,0.05487031346075907,0.1223973968362696,1,1,1,2026-10-09 07:08:18.914558
2026-10-08 02:00:00,STX,1,0.003000957101422396,0.009219960106630589,0.02251644360458207,1,1,1,2026-10-09 07:08:18.914558
2026-10-08 02:00:00,STX,24,0.07523926018714878,0.05487031346075907,0.1223973968362696,0,1,1,2026-10-09 07:08:18.914558
2026-10-08 03:00:00,STX,1,0.007382125116985285,0.009198456446300109,0.02251644360458207,1,1,1,2026-10-09 07:08:18.914558
2026-10-08 03:00:00,STX,24,0.08182223520765447,0.05487031346075907,0.1223973968362696,0,1,1,2026-10-09 07:08:18.914558
2026-10-08 04:00:00,STX,1,0.005779567484771688,0.009198456446300109,0.02251644360458207,1,1,1,2026-10-09 07:08:18.914558
2026-10-08 04:00:00,STX,24,0.0801271421735232,0.054945415451885714,0.1223973968362696,0,1,1,2026-10-09 07:08:18.914558
2026-10-08 05:00:00,STX,1,0.002756341326124627,0.009198456446300109,0.02251644360458207,1,1,1,2026-10-09 07:08:18.914558
2026-10-08 05:00:00,STX,24,0.08108252866338264,0.05507225966939985,0.1223973968362696,0,1,1,2026-10-09 07:08:18.914558
2026-10-08 06:00:00,STX,1,0.028224397264281803,0.009198456446300109,0.02251644360458207,0,0,1,2026-10-09 07:08:18.914558
2026-10-08 06:00:00,STX,24,0.06886441108469372,0.055096897896587886,0.1223973968362696,0,1,1,2026-10-09 07:08:18.914558
2026-10-08 07:00:00,STX,1,0.0016068562643260097,0.009198456446300109,0.02292660991827921,1,1,1,2026-10-09 07:08:18.914558
2026-10-08 07:00:00,STX,24,0.036262512301963645,0.055210780500156986,0.1223973968362696,1,1,1,2026-10-09 07:08:18.914558
2026-10-08 08:00:00,STX,1,0.008540217372279493,0.009198456446300109,0.02292660991827921,1,1,1,2026-10-09 07:08:18.914558
2026-10-08 09:00:00,STX,1,0.039087831616975044,0.009198456446300109,0.02292660991827921,0,0,1,2026-10-09 07:08:18.914558
2026-10-08 10:00:00,STX,1,0.018051031645568535,0.009198456446300109,0.02319569911388887,0,1,1,2026-10-09 07:08:18.914558
2026-10-08 11:00:00,STX,1,0.00888662408623983,0.009219960106630589,0.02319569911388887,1,1,1,2026-10-09 07:08:18.914558
2026-10-08 12:00:00,STX,1,0.006056634709335931,0.009219960106630589,0.02319569911388887,1,1,1,2026-10-09 07:08:18.914558
2026-10-08 13:00:00,STX,1,0.008416672516424821,0.009219960106630589,0.02319569911388887,1,1,1,2026-10-09 07:08:18.914558
2026-10-08 14:00:00,STX,1,0.0254655670834968,0.009219960106630589,0.02319569911388887,0,0,1,2026-10-09 07:08:18.914558
2026-10-08 15:00:00,STX,1,0.030276415924738335,0.009229566354653258,0.02341018945674136,0,0,1,2026-10-09 07:08:18.914558
2026-10-08 16:00:00,STX,1,0.0011071133154073323,0.009258360882899108,0.024462617147266743,1,1,1,2026-10-09 07:08:18.914558
2026-10-08 17:00:00,STX,1,0.0030475158646365175,0.009229566354653258,0.024462617147266743,1,1,1,2026-10-09 07:08:18.914558
2026-10-08 18:00:00,STX,1,0.010214029447204809,0.009229566354653258,0.024462617147266743,0,1,1,2026-10-09 07:08:18.914558
2026-10-08 19:00:00,STX,1,0.008478103564947657,0.009258360882899108,0.024462617147266743,1,1,1,2026-10-09 07:08:18.914558
2026-10-08 20:00:00,STX,1,0.030309414131168107,0.009258360882899108,0.024462617147266743,0,0,1,2026-10-09 07:08:18.914558
2026-10-08 21:00:00,STX,1,0.003175445907238647,0.009292701307879323,0.025465742250766938,1,1,1,2026-10-09 07:08:18.914558
2026-10-08 22:00:00,STX,1,0.012641727482589397,0.009292701307879323,0.025465742250766938,0,1,1,2026-10-09 07:08:18.914558
2026-10-08 23:00:00,STX,1,0.0002617458462790769,0.009340745641383959,0.025465742250766938,1,1,1,2026-10-09 07:08:18.914558
2026-10-09 00:00:00,STX,1,0.01635762813104641,0.009340745641383959,0.025465742250766938,0,1,1,2026-10-09 07:08:18.914558
2026-10-09 01:00:00,STX,1,0.016094356850893356,0.009358255475229997,0.025465742250766938,0,1,1,2026-10-09 07:08:18.914558
2026-10-09 02:00:00,STX,1,0.009583932121928184,0.009426744047025393,0.025465742250766938,0,1,1,2026-10-09 07:08:18.914558
2026-10-09 03:00:00,STX,1,0.009077218151116652,0.009460823812534774,0.025465742250766938,1,1,1,2026-10-09 07:08:18.914558
2026-10-09 04:00:00,STX,1,0.004824180994912385,0.009460823812534774,0.025465742250766938,1,1,1,2026-10-09 07:08:18.914558
2026-10-09 05:00:00,STX,1,0.00946177625256422,0.009460823812534774,0.025465742250766938,0,1,1,2026-10-09 07:08:18.914558
2026-10-09 06:00:00,STX,1,0.004377501518448221,0.009463158157404745,0.025465742250766938,1,1,1,2026-10-09 07:08:18.914558
2026-10-07 07:00:00,JUP,1,0.005713442094538593,0.010207457668810331,0.02366701009574605,1,1,1,2026-10-09 07:08:18.914558
2026-10-07 07:00:00,JUP,24,0.1284209050251883,0.05599241417639866,0.11882857549093913,0,0,1,2026-10-09 07:08:18.914558
2026-10-07 08:00:00,JUP,1,0.0139692523638865,0.010207457668810331,0.02366701009574605,0,1,1,2026-10-09 07:08:18.914558
2026-10-07 08:00:00,JUP,24,0.1354520439766167,0.05593691693819957,0.11882857549093913,0,0,1,2026-10-09 07:08:18.914558
2026-10-07 09:00:00,JUP,1,0.0021429672979786114,0.010241485120450724,0.02366701009574605,1,1,1,2026-10-09 07:08:18.914558
2026-10-07 09:00:00,JUP,24,0.13776553524372173,0.05599241417639866,0.11882857549093913,0,0,1,2026-10-09 07:08:18.914558
2026-10-07 10:00:00,JUP,1,0.011404037908166433,0.010241485120450724,0.02366701009574605,0,1,1,2026-10-09 07:08:18.914558
2026-10-07 10:00:00,JUP,24,0.15156426363848172,0.05601100986364295,0.11882857549093913,0,0,1,2026-10-09 07:08:18.914558
2026-10-07 11:00:00,JUP,1,0.002482931132825763,0.010241485120450724,0.02366701009574605,1,1,1,2026-10-09 07:08:18.914558
2026-10-07 11:00:00,JUP,24,0.16112303939131783,0.05643334759131902,0.11882857549093913,0,0,1,2026-10-09 07:08:18.914558
2026-10-07 12:00:00,JUP,1,0.01030775954606465,0.010207457668810331,0.02366701009574605,0,1,1,2026-10-09 07:08:18.914558
2026-10-07 12:00:00,JUP,24,0.1395727710799874,0.05643334759131902,0.11882857549093913,0,0,1,2026-10-09 07:08:18.914558
2026-10-07 13:00:00,JUP,1,0.001885607095460962,0.010207457668810331,0.02366701009574605,1,1,1,2026-10-09 07:08:18.914558
2026-10-07 13:00:00,JUP,24,0.1260861631413764,0.05647889685787017,0.11882857549093913,0,0,1,2026-10-09 07:08:18.914558
2026-10-07 14:00:00,JUP,1,0.00789519338781899,0.010207457668810331,0.02366701009574605,1,1,1,2026-10-09 07:08:18.914558
2026-10-07 14:00:00,JUP,24,0.14144276432365332,0.056777318906191816,0.11882857549093913,0,0,1,2026-10-09 07:08:18.914558
2026-10-07 15:00:00,JUP,1,0.003165561364560711,0.010156796535207537,0.02366701009574605,1,1,1,2026-10-09 07:08:18.914558
2026-10-07 15:00:00,JUP,24,0.131150628068527,0.05683751549489717,0.11882857549093913,0,0,1,2026-10-09 07:08:18.914558
2026-10-07 16:00:00,JUP,1,0.000947717651095202,0.010037740853452312,0.02366701009574605,1,1,1,2026-10-09 07:08:18.914558
2026-10-07 16:00:00,JUP,24,0.09404515749773824,0.05683751549489717,0.11882857549093913,0,1,1,2026-10-09 07:08:18.914558
2026-10-07 17:00:00,JUP,1,0.006295267878696528,0.010037740853452312,0.02366701009574605,1,1,1,2026-10-09 07:08:18.914558
2026-10-07 17:00:00,JUP,24,0.07744040791349904,0.05683751549489717,0.11909456250787595,0,1,1,2026-10-09 07:08:18.914558
2026-10-07 18:00:00,JUP,1,0.009369212821690025,0.010037740853452312,0.02366701009574605,1,1,1,2026-10-09 07:08:18.914558
2026-10-07 18:00:00,JUP,24,0.04148697575590374,0.05683751549489717,0.11909456250787595,1,1,1,2026-10-09 07:08:18.914558
2026-10-07 19:00:00,JUP,1,0.013891255941932827,0.010037740853452312,0.02366701009574605,0,1,1,2026-10-09 07:08:18.914558
2026-10-07 19:00:00,JUP,24,0.07050452496429221,0.05683751549489717,0.11909456250787595,0,1,1,2026-10-09 07:08:18.914558
2026-10-07 20:00:00,JUP,1,0.018226506992281087,0.010037740853452312,0.023509103429874095,0,1,1,2026-10-09 07:08:18.914558
2026-10-07 20:00:00,JUP,24,0.030492928559310337,0.056902721638630555,0.11909456250787595,1,1,1,2026-10-09 07:08:18.914558
2026-10-07 21:00:00,JUP,1,0.01849143055287367,0.010156796535207537,0.023509103429874095,0,1,1,2026-10-09 07:08:18.914558
2026-10-07 21:00:00,JUP,24,0.03111823170136858,0.056994472659536034,0.11909456250787595,1,1,1,2026-10-09 07:08:18.914558
2026-10-07 22:00:00,JUP,1,0.05462697499325961,0.010207457668810331,0.023509103429874095,0,0,1,2026-10-09 07:08:18.914558
2026-10-07 22:00:00,JUP,24,0.006480140496519894,0.056902721638630555,0.11909456250787595,1,1,1,2026-10-09 07:08:18.914558
2026-10-07 23:00:00,JUP,1,0.004466785762951122,0.010241485120450724,0.02366701009574605,1,1,1,2026-10-09 07:08:18.914558
2026-10-07 23:00:00,JUP,24,0.05492252693866485,0.05683751549489717,0.11909456250787595,1,1,1,2026-10-09 07:08:18.914558
2026-10-08 00:00:00,JUP,1,0.023400930164612577,0.010207457668810331,0.02366701009574605,0,1,1,2026-10-09 07:08:18.914558
2026-10-08 00:00:00,JUP,24,0.06591365375721886,0.056777318906191816,0.11909456250787595,0,1,1,2026-10-09 07:08:18.914558
2026-10-08 01:00:00,JUP,1,0.003259986587207501,0.010241485120450724,0.02366701009574605,1,1,1,2026-10-09 07:08:18.914558
2026-10-08 01:00:00,JUP,24,0.08723403628471975,0.056777318906191816,0.11909456250787595,0,1,1,2026-10-09 07:08:18.914558
2026-10-08 02:00:00,JUP,1,0.010522152927389138,0.010241485120450724,0.02366701009574605,0,1,1,2026-10-09 07:08:18.914558
2026-10-08 02:00:00,JUP,24,0.07312787635953572,0.05683751549489717,0.11909456250787595,0,1,1,2026-10-09 07:08:18.914558
2026-10-08 03:00:00,JUP,1,0.0002684203478738768,0.010241485120450724,0.023509103429874095,1,1,1,2026-10-09 07:08:18.914558
2026-10-08 03:00:00,JUP,24,0.06314389558298632,0.05683751549489717,0.11983826951588591,0,1,1,2026-10-09 07:08:18.914558
2026-10-08 04:00:00,JUP,1,0.003765469753062321,0.010241485120450724,0.023509103429874095,1,1,1,2026-10-09 07:08:18.914558
2026-10-08 04:00:00,JUP,24,0.0625896384459719,0.056902721638630555,0.11998148430368312,0,1,1,2026-10-09 07:08:18.914558
2026-10-08 05:00:00,JUP,1,0.00564290090663679,0.010241485120450724,0.023509103429874095,1,1,1,2026-10-09 07:08:18.914558
2026-10-08 05:00:00,JUP,24,0.05227237200444612,0.056994472659536034,0.12156756027847261,1,1,1,2026-10-09 07:08:18.914558
2026-10-08 06:00:00,JUP,1,0.01594930140767804,0.010241485120450724,0.023509103429874095,0,1,1,2026-10-09 07:08:18.914558
2026-10-08 06:00:00,JUP,24,0.0382351325451441,0.05750675424854715,0.12156756027847261,1,1,1,2026-10-09 07:08:18.914558
2026-10-08 07:00:00,JUP,1,0.0013176968568898717,0.010241485120450724,0.023509103429874095,1,1,1,2026-10-09 07:08:18.914558
2026-10-08 07:00:00,JUP,24,0.04614335360927125,0.05763683323028736,0.12188668049546403,1,1,1,2026-10-09 07:08:18.914558
2026-10-08 08:00:00,JUP,1,0.011655761096781424,0.010241485120450724,0.023509103429874095,0,1,1,2026-10-09 07:08:18.914558
2026-10-08 09:00:00,JUP,1,0.011655761096781323,0.010274907257466319,0.023509103429874095,0,1,1,2026-10-09 07:08:18.914558
2026-10-08 10:00:00,JUP,1,0.001845262155330277,0.010301078350482306,0.023509103429874095,1,1,1,2026-10-09 07:08:18.914558
2026-10-08 11:00:00,JUP,1,0.02403319944415622,0.010301078350482306,0.023509103429874095,0,0,1,2026-10-09 07:08:18.914558
2026-10-08 12:00:00,JUP,1,0.02379436748467557,0.010307388498016384,0.023665473387273015,0,0,1,2026-10-09 07:08:18.914558
2026-10-08 13:00:00,JUP,1,0.013470994086815919,0.010363876734346187,0.02380630908264958,0,1,1,2026-10-09 07:08:18.914558
2026-10-08 14:00:00,JUP,1,0.01818732964294529,0.010363876734346187,0.02380630908264958,0,1,1,2026-10-09 07:08:18.914558
2026-10-08 15:00:00,JUP,1,0.03393990920622814,0.010363876734346187,0.02380630908264958,0,0,1,2026-10-09 07:08:18.914558
2026-10-08 16:00:00,JUP,1,0.015657031933143915,0.010418469781195237,0.02403473615262919,0,1,1,2026-10-09 07:08:18.914558
2026-10-08 17:00:00,JUP,1,0.029658164278898686,0.01048546682370561,0.02403473615262919,0,0,1,2026-10-09 07:08:18.914558
2026-10-08 18:00:00,JUP,1,0.0383867620300784,0.010519654033164873,0.024078136738907272,0,0,1,2026-10-09 07:08:18.914558
2026-10-08 19:00:00,JUP,1,0.02612034046304904,0.010596668132055625,0.024394280132647553,0,0,1,2026-10-09 07:08:18.914558
2026-10-08 20:00:00,JUP,1,0.01885181013433931,0.010626908980100672,0.02527484989534887,0,1,1,2026-10-09 07:08:18.914558
2026-10-08 21:00:00,JUP,1,0.006146660651975258,0.010636237504842194,0.02527484989534887,1,1,1,2026-10-09 07:08:18.914558
2026-10-08 22:00:00,JUP,1,0.0067756924419251725,0.010626908980100672,0.02527484989534887,1,1,1,2026-10-09 07:08:18.914558
2026-10-08 23:00:00,JUP,1,0.006524341055602749,0.010596668132055625,0.02527484989534887,1,1,1,2026-10-09 07:08:18.914558
2026-10-09 00:00:00,JUP,1,0.002080547637111557,0.010596668132055625,0.02527484989534887,1,1,1,2026-10-09 07:08:18.914558
2026-10-09 01:00:00,JUP,1,0.017366146512391517,0.010519654033164873,0.02527484989534887,0,1,1,2026-10-09 07:08:18.914558
2026-10-09 02:00:00,JUP,1,0.020506133703938494,0.010596668132055625,0.02527484989534887,0,1,1,2026-10-09 07:08:18.914558
2026-10-09 03:00:00,JUP,1,0.00028583678914059714,0.010626908980100672,0.02527484989534887,1,1,1,2026-10-09 07:08:18.914558
2026-10-09 04:00:00,JUP,1,0.006551796688463412,0.010626908980100672,0.02527484989534887,1,1,1,2026-10-09 07:08:18.914558
2026-10-09 05:00:00,JUP,1,0.019680140365938896,0.010596668132055625,0.02527484989534887,0,1,1,2026-10-09 07:08:18.914558
2026-10-09 06:00:00,JUP,1,0.00804108034355083,0.010626908980100672,0.02527484989534887,1,1,1,2026-10-09 07:08:18.914558
2026-10-07 07:00:00,BONK,1,0.0056657375356773,0.008579836392066583,0.023301189018246755,1,1,1,2026-10-09 07:08:18.914558
2026-10-07 07:00:00,BONK,24,0.02298951822469872,0.05666276969139168,0.10640208359493367,1,1,1,2026-10-09 07:08:18.914558
2026-10-07 08:00:00,BONK,1,0.011363758650315095,0.008579836392066583,0.023301189018246755,0,1,1,2026-10-09 07:08:18.914558
2026-10-07 08:00:00,BONK,24,0.02865525576037606,0.056712722054417346,0.10640208359493367,1,1,1,2026-10-09 07:08:18.914558
2026-10-07 09:00:00,BONK,1,0.005730674708984983,0.008606404068984616,0.023301189018246755,1,1,1,2026-10-09 07:08:18.914558
2026-10-07 09:00:00,BONK,24,0.017291497110060994,0.05677169289326363,0.10640208359493367,1,1,1,2026-10-09 07:08:18.914558
2026-10-07 10:00:00,BONK,1,0.008658062743114654,0.008606404068984616,0.023301189018246755,0,1,1,2026-10-09 07:08:18.914558
2026-10-07 10:00:00,BONK,24,0.002869442427952739,0.05677169289326363,0.10640208359493367,1,1,1,2026-10-09 07:08:18.914558
2026-10-07 11:00:00,BONK,1,0.002902759657961351,0.008654087686593287,0.023301189018246755,1,1,1,2026-10-09 07:08:18.914558
2026-10-07 11:00:00,BONK,24,0.0,0.0571278619969192,0.10640208359493367,1,1,1,2026-10-09 07:08:18.914558
2026-10-07 12:00:00,BONK,1,0.0,0.008654087686593287,0.023301189018246755,1,1,1,2026-10-09 07:08:18.914558
2026-10-07 12:00:00,BONK,24,0.0029112102074584415,0.057158413839948616,0.10640208359493367,1,1,1,2026-10-09 07:08:18.914558
2026-10-07 13:00:00,BONK,1,0.008759180089881578,0.008606404068984616,0.023301189018246755,0,1,1,2026-10-09 07:08:18.914558
2026-10-07 13:00:00,BONK,24,0.014641549992948118,0.05730197317549778,0.10640208359493367,1,1,1,2026-10-09 07:08:18.914558
2026-10-07 14:00:00,BONK,1,0.0,0.008654087686593287,0.023301189018246755,1,1,1,2026-10-09 07:08:18.914558
2026-10-07 14:00:00,BONK,24,0.0029368596733097135,0.05730197317549778,0.10640208359493367,1,1,1,2026-10-09 07:08:18.914558
2026-10-07 15:00:00,BONK,1,0.011661939747842957,0.008654087686593287,0.023301189018246755,0,1,1,2026-10-09 07:08:18.914558
2026-10-07 15:00:00,BONK,24,0.0,0.05730197317549778,0.10640208359493367,1,1,1,2026-10-09 07:08:18.914558
2026-10-07 16:00:00,BONK,1,0.002902759657961351,0.008654087686593287,0.023301189018246755,1,1,1,2026-10-09 07:08:18.914558
2026-10-07 16:00:00,BONK,24,0.07522342123758752,0.05730197317549778,0.10640208359493367,0,1,1,2026-10-09 07:08:18.914558
2026-10-07 17:00:00,BONK,1,0.0058309203107933215,0.008606404068984616,0.023301189018246755,1,1,1,2026-10-09 07:08:18.914558
2026-10-07 17:00:00,BONK,24,0.07859027459322154,0.05730197317549778,0.10625184624211109,0,1,1,2026-10-09 07:08:18.914558
2026-10-07 18:00:00,BONK,1,0.008733679968754631,0.008606404068984616,0.023301189018246755,0,1,1,2026-10-09 07:08:18.914558
2026-10-07 18:00:00,BONK,24,0.08223809823697212,0.05730197317549778,0.10625184624211109,0,1,1,2026-10-09 07:08:18.914558
2026-10-07 19:00:00,BONK,1,0.0,0.008654087686593287,0.023301189018246755,1,1,1,2026-10-09 07:08:18.914558
2026-10-07 19:00:00,BONK,24,0.07210329390134382,0.05730197317549778,0.10625184624211109,0,1,1,2026-10-09 07:08:18.914558
2026-10-07 20:00:00,BONK,1,0.017241806434505954,0.008654087686593287,0.023301189018246755,0,1,1,2026-10-09 07:08:18.914558
2026-10-07 20:00:00,BONK,24,0.05971923470162231,0.05730197317549778,0.10625184624211109,0,1,1,2026-10-09 07:08:18.914558
2026-10-07 21:00:00,BONK,1,0.011461443519006652,0.008658062743114314,0.023301189018246755,0,1,1,2026-10-09 07:08:18.914558
2026-10-07 21:00:00,BONK,24,0.06472847270049388,0.057158413839948616,0.10625184624211109,0,1,1,2026-10-09 07:08:18.914558
2026-10-07 22:00:00,BONK,1,0.005747142255568071,0.008704306679889912,0.023301189018246755,1,1,1,2026-10-09 07:08:18.914558
2026-10-07 22:00:00,BONK,24,0.0624273985801515,0.057158413839948616,0.10625184624211109,0,1,1,2026-10-09 07:08:18.914558
2026-10-07 23:00:00,BONK,1,0.008559253395669911,0.008658062743114314,0.023301189018246755,1,1,1,2026-10-09 07:08:18.914558
2026-10-07 23:00:00,BONK,24,0.062058313818283424,0.0571278619969192,0.10625184624211109,0,1,1,2026-10-09 07:08:18.914558
2026-10-08 00:00:00,BONK,1,0.0028449521322313617,0.008654087686593287,0.023301189018246755,1,1,1,2026-10-09 07:08:18.914558
2026-10-08 00:00:00,BONK,24,0.07673379423138944,0.05677169289326363,0.10625184624211109,0,1,1,2026-10-09 07:08:18.914558
2026-10-08 01:00:00,BONK,1,0.005714301263438552,0.008654087686593287,0.023301189018246755,1,1,1,2026-10-09 07:08:18.914558
2026-10-08 01:00:00,BONK,24,0.07696104113612832,0.056712722054417346,0.10625184624211109,0,1,1,2026-10-09 07:08:18.914558
2026-10-08 02:00:00,BONK,1,0.0,0.008654087686593287,0.023301189018246755,1,1,1,2026-10-09 07:08:18.914558
2026-10-08 02:00:00,BONK,24,0.05901417143705538,0.056712722054417346,0.10625184624211109,0,1,1,2026-10-09 07:08:18.914558
2026-10-08 03:00:00,BONK,1,0.00286944242795282,0.008606404068984616,0.023301189018246755,1,1,1,2026-10-09 07:08:18.914558
2026-10-08 03:00:00,BONK,24,0.05597926774190125,0.056712722054417346,0.10625184624211109,1,1,1,2026-10-09 07:08:18.914558
2026-10-08 04:00:00,BONK,1,0.01739174271186922,0.008606404068984616,0.023301189018246755,0,1,1,2026-10-09 07:08:18.914558
2026-10-08 04:00:00,BONK,24,0.044059989794030543,0.056712722054417346,0.10625184624211109,1,1,1,2026-10-09 07:08:18.914558
2026-10-08 05:00:00,BONK,1,0.002928259779088334,0.008654087686593287,0.023301189018246755,1,1,1,2026-10-09 07:08:18.914558
2026-10-08 05:00:00,BONK,24,0.02366974408590462,0.056712722054417346,0.10625184624211109,1,1,1,2026-10-09 07:08:18.914558
2026-10-08 06:00:00,BONK,1,0.008759180089881554,0.008654087686593287,0.023301189018246755,0,1,1,2026-10-09 07:08:18.914558
2026-10-08 06:00:00,BONK,24,0.014771317320312543,0.056712722054417346,0.10625184624211109,1,1,1,2026-10-09 07:08:18.914558
2026-10-08 07:00:00,BONK,1,0.0,0.008658062743114314,0.023301189018246755,1,1,1,2026-10-09 07:08:18.914558
2026-10-08 07:00:00,BONK,24,0.014641549992948118,0.056712722054417346,0.10625184624211109,1,1,1,2026-10-09 07:08:18.914558
2026-10-08 08:00:00,BONK,1,0.0,0.008658062743114314,0.023301189018246755,1,1,1,2026-10-09 07:08:18.914558
2026-10-08 09:00:00,BONK,1,0.014430264829028837,0.008658062743114314,0.023301189018246755,0,1,1,2026-10-09 07:08:18.914558
2026-10-08 10:00:00,BONK,1,0.011527505171067383,0.008704306679889912,0.023301189018246755,0,1,1,2026-10-09 07:08:18.914558
2026-10-08 11:00:00,BONK,1,0.005813969865419734,0.00873165180259683,0.023301189018246755,1,1,1,2026-10-09 07:08:18.914558
2026-10-08 12:00:00,BONK,1,0.011730339785489716,0.008704306679889912,0.023301189018246755,0,1,1,2026-10-09 07:08:18.914558
2026-10-08 13:00:00,BONK,1,0.0029455102297567446,0.00873165180259683,0.023301189018246755,1,1,1,2026-10-09 07:08:18.914558
2026-10-08 14:00:00,BONK,1,0.0029368596733097057,0.008704306679889912,0.023301189018246755,1,1,1,2026-10-09 07:08:18.914558
2026-10-08 15:00:00,BONK,1,0.06356148148974462,0.008658062743114314,0.023301189018246755,0,0,1,2026-10-09 07:08:18.914558
2026-10-08 16:00:00,BONK,1,0.006269613013595374,0.008704306679889912,0.023410760687065223,1,1,1,2026-10-09 07:08:18.914558
2026-10-08 17:00:00,BONK,1,0.00947874395454377,0.008658062743114314,0.023410760687065223,0,1,1,2026-10-09 07:08:18.914558
2026-10-08 18:00:00,BONK,1,0.018868484304382954,0.008704306679889912,0.023410760687065223,0,1,1,2026-10-09 07:08:18.914558
2026-10-08 19:00:00,BONK,1,0.012384059199721402,0.00873165180259683,0.023410760687065223,0,1,1,2026-10-09 07:08:18.914558
2026-10-08 20:00:00,BONK,1,0.012232568435634451,0.008757140080191874,0.023410760687065223,0,1,1,2026-10-09 07:08:18.914558
2026-10-08 21:00:00,BONK,1,0.009160369398664166,0.00875918008988208,0.023410760687065223,0,1,1,2026-10-09 07:08:18.914558
2026-10-08 22:00:00,BONK,1,0.006116227017436054,0.008902868972506186,0.023410760687065223,1,1,1,2026-10-09 07:08:18.914558
2026-10-08 23:00:00,BONK,1,0.0061162270174359825,0.008902868972506186,0.023410760687065223,1,1,1,2026-10-09 07:08:18.914558
2026-10-09 00:00:00,BONK,1,0.003072199036970252,0.008902868972506186,0.023410760687065223,1,1,1,2026-10-09 07:08:18.914558
2026-10-09 01:00:00,BONK,1,0.012232568435634451,0.008902868972506186,0.023410760687065223,0,1,1,2026-10-09 07:08:18.914558
2026-10-09 02:00:00,BONK,1,0.003034903695154111,0.008902868972506186,0.023410760687065223,1,1,1,2026-10-09 07:08:18.914558
2026-10-09 03:00:00,BONK,1,0.009049835519917856,0.008902868972506186,0.023410760687065223,0,1,1,2026-10-09 07:08:18.914558
2026-10-09 04:00:00,BONK,1,0.002998502996256633,0.009039077770960094,0.023410760687065223,1,1,1,2026-10-09 07:08:18.914558
2026-10-09 05:00:00,BONK,1,0.005970166986503754,0.008902868972506186,0.023410760687065223,1,1,1,2026-10-09 07:08:18.914558
2026-10-09 06:00:00,BONK,1,0.008888947417245994,0.008902868972506186,0.023410760687065223,1,1,1,2026-10-09 07:08:18.914558
2026-10-07 07:00:00,IMX,1,0.010737599633637714,0.008597427073899261,0.02111852071286686,0,1,1,2026-10-09 07:08:18.914558
2026-10-07 07:00:00,IMX,24,0.027352132489625862,0.044379653900652426,0.08576630701393986,1,1,1,2026-10-09 07:08:18.914558
2026-10-07 08:00:00,IMX,1,0.0068415318167166,0.008662800040228147,0.02111852071286686,1,1,1,2026-10-09 07:08:18.914558
2026-10-07 08:00:00,IMX,24,0.013154321791092525,0.04438252727465229,0.08576630701393986,1,1,1,2026-10-09 07:08:18.914558
2026-10-07 09:00:00,IMX,1,0.020809999513793517,0.008597427073899261,0.02111852071286686,0,1,1,2026-10-09 07:08:18.914558
2026-10-07 09:00:00,IMX,24,0.0011435107020787987,0.044446223747139274,0.08576630701393986,1,1,1,2026-10-09 07:08:18.914558
2026-10-07 10:00:00,IMX,1,0.0040804486811619215,0.008662800040228147,0.02111852071286686,1,1,1,2026-10-09 07:08:18.914558
2026-10-07 10:00:00,IMX,24,0.03388208108114623,0.04470409389441231,0.08576630701393986,1,1,1,2026-10-09 07:08:18.914558
2026-10-07 11:00:00,IMX,1,0.006378682108975315,0.008662800040228147,0.02111852071286686,1,1,1,2026-10-09 07:08:18.914558
2026-10-07 11:00:00,IMX,24,0.02015616754927912,0.044748262994616206,0.08576630701393986,1,1,1,2026-10-09 07:08:18.914558
2026-10-07 12:00:00,IMX,1,0.009291588334099527,0.008662800040228147,0.02111852071286686,0,1,1,2026-10-09 07:08:18.914558
2026-10-07 12:00:00,IMX,24,0.0034622077284710124,0.04486498459437877,0.08576630701393986,1,1,1,2026-10-09 07:08:18.914558
2026-10-07 13:00:00,IMX,1,0.0005832604423152533,0.008662800040228147,0.020883359533227775,1,1,1,2026-10-09 07:08:18.914558
2026-10-07 13:00:00,IMX,24,0.01792473547880237,0.04489724489639096,0.08576630701393986,1,1,1,2026-10-09 07:08:18.914558
2026-10-07 14:00:00,IMX,1,0.001165501297435192,0.008597427073899261,0.020883359533227775,1,1,1,2026-10-09 07:08:18.914558
2026-10-07 14:00:00,IMX,24,0.044477114005092445,0.04498043969803574,0.08576630701393986,1,1,1,2026-10-09 07:08:18.914558
2026-10-07 15:00:00,IMX,1,0.020750024023759063,0.008597427073899261,0.020883359533227775,0,1,1,2026-10-09 07:08:18.914558
2026-10-07 15:00:00,IMX,24,0.0393999005389689,0.045058440531645,0.08576630701393986,1,1,1,2026-10-09 07:08:18.914558
2026-10-07 16:00:00,IMX,1,0.011474595205628461,0.008597427073899261,0.02081307826235793,0,1,1,2026-10-09 07:08:18.914558
2026-10-07 16:00:00,IMX,24,0.05150348250669035,0.045058440531645,0.08576630701393986,0,1,1,2026-10-09 07:08:18.914558
2026-10-07 17:00:00,IMX,1,0.001729605504689352,0.008662800040228147,0.02081307826235793,1,1,1,2026-10-09 07:08:18.914558
2026-10-07 17:00:00,IMX,24,0.02276141450360643,0.045058440531645,0.08576630701393986,1,1,1,2026-10-09 07:08:18.914558
2026-10-07 18:00:00,IMX,1,0.004040409537004974,0.008662800040228147,0.02081307826235793,1,1,1,2026-10-09 07:08:18.914558
2026-10-07 18:00:00,IMX,24,0.04356191980490211,0.045058440531645,0.08576630701393986,1,1,1,2026-10-09 07:08:18.914558
2026-10-07 19:00:00,IMX,1,0.005218915875791856,0.008662800040228147,0.02081307826235793,1,1,1,2026-10-09 07:08:18.914558
2026-10-07 19:00:00,IMX,24,0.016633592561831976,0.045175121464591225,0.08576630701393986,1,1,1,2026-10-09 07:08:18.914558
2026-10-07 20:00:00,IMX,1,0.008106587532988494,0.008662800040228147,0.02081307826235793,1,1,1,2026-10-09 07:08:18.914558
2026-10-07 20:00:00,IMX,24,0.03316484626635131,0.04540497360611156,0.08576630701393986,1,1,1,2026-10-09 07:08:18.914558
2026-10-07 21:00:00,IMX,1,0.009852296443011707,0.008662800040228147,0.02081307826235793,0,1,1,2026-10-09 07:08:18.914558
2026-10-07 21:00:00,IMX,24,0.025620530325348046,0.04547490856950067,0.08576630701393986,1,1,1,2026-10-09 07:08:18.914558
2026-10-07 22:00:00,IMX,1,0.011005034322820035,0.00869082121265791,0.02081307826235793,0,1,1,2026-10-09 07:08:18.914558
2026-10-07 22:00:00,IMX,24,0.06209669548053132,0.0455156620364223,0.0859410234648393,0,1,1,2026-10-09 07:08:18.914558
2026-10-07 23:00:00,IMX,1,0.01259318302482691,0.00869082121265791,0.02081307826235793,0,1,1,2026-10-09 07:08:18.914558
2026-10-07 23:00:00,IMX,24,0.06035350889624366,0.04574558047412401,0.08608932645170239,0,1,1,2026-10-09 07:08:18.914558
2026-10-08 00:00:00,IMX,1,0.009623623664393822,0.00869082121265791,0.02081307826235793,0,1,1,2026-10-09 07:08:18.914558
2026-10-08 00:00:00,IMX,24,0.041231466988953164,0.04578761486892929,0.08608932645170239,1,1,1,2026-10-09 07:08:18.914558
2026-10-08 01:00:00,IMX,1,0.01304243041317945,0.00869082121265791,0.02081307826235793,0,1,1,2026-10-09 07:08:18.914558
2026-10-08 01:00:00,IMX,24,0.035421522694805,0.04586932753032101,0.08608932645170239,1,1,1,2026-10-09 07:08:18.914558
2026-10-08 02:00:00,IMX,1,0.004555816535860661,0.008698150912396682,0.02081307826235793,1,1,1,2026-10-09 07:08:18.914558
2026-10-08 02:00:00,IMX,24,0.0747600752091092,0.046073919763143255,0.08608932645170239,0,1,1,2026-10-09 07:08:18.914558
2026-10-08 03:00:00,IMX,1,0.00798635163264982,0.008698150912396682,0.02081307826235793,1,1,1,2026-10-09 07:08:18.914558
2026-10-08 03:00:00,IMX,24,0.06595796779179758,0.046073919763143255,0.08608932645170239,0,1,1,2026-10-09 07:08:18.914558
2026-10-08 04:00:00,IMX,1,0.0045924305742101506,0.008698150912396682,0.02081307826235793,1,1,1,2026-10-09 07:08:18.914558
2026-10-08 04:00:00,IMX,24,0.07394431942444733,0.046073919763143255,0.08608932645170239,0,1,1,2026-10-09 07:08:18.914558
2026-10-08 05:00:00,IMX,1,0.012739025777429826,0.008698150912396682,0.02081307826235793,0,1,1,2026-10-09 07:08:18.914558
2026-10-08 05:00:00,IMX,24,0.0683789508169133,0.046073919763143255,0.08608932645170239,0,1,1,2026-10-09 07:08:18.914558
2026-10-08 06:00:00,IMX,1,0.008703275128301671,0.008700289981984976,0.02081307826235793,0,1,1,2026-10-09 07:08:18.914558
2026-10-08 06:00:00,IMX,24,0.08433686349381501,0.046073919763143255,0.08608932645170239,0,1,1,2026-10-09 07:08:18.914558
2026-10-08 07:00:00,IMX,1,0.0034602110648956526,0.008703047960016023,0.02081307826235793,1,1,1,2026-10-09 07:08:18.914558
2026-10-08 07:00:00,IMX,24,0.07937590762215835,0.046073919763143255,0.08608932645170239,0,1,1,2026-10-09 07:08:18.914558
2026-10-08 08:00:00,IMX,1,0.007456300676454707,0.008703047960016023,0.02081307826235793,1,1,1,2026-10-09 07:08:18.914558
2026-10-08 09:00:00,IMX,1,0.011928570865273812,0.008703047960016023,0.02081307826235793,0,1,1,2026-10-09 07:08:18.914558
2026-10-08 10:00:00,IMX,1,0.009645464850705198,0.008740029098334521,0.02081307826235793,0,1,1,2026-10-09 07:08:18.914558
2026-10-08 11:00:00,IMX,1,0.010315277711832797,0.00876526309570937,0.02081307826235793,0,1,1,2026-10-09 07:08:18.914558
2026-10-08 12:00:00,IMX,1,0.005170939416231912,0.008792895292083705,0.02081307826235793,1,1,1,2026-10-09 07:08:18.914558
2026-10-08 13:00:00,IMX,1,0.02713563896860533,0.008792895292083705,0.02081307826235793,0,0,1,2026-10-09 07:08:18.914558
2026-10-08 14:00:00,IMX,1,0.003911712168688387,0.008792895292083705,0.020883359533227775,1,1,1,2026-10-09 07:08:18.914558
2026-10-08 15:00:00,IMX,1,0.07015335902190013,0.00876526309570937,0.020883359533227775,0,0,1,2026-10-09 07:08:18.914558
2026-10-08 16:00:00,IMX,1,0.0172674727974554,0.00876526309570937,0.02111852071286686,0,1,1,2026-10-09 07:08:18.914558
2026-10-08 17:00:00,IMX,1,0.019070899796606217,0.008792895292083705,0.02111852071286686,0,1,1,2026-10-09 07:08:18.914558
2026-10-08 18:00:00,IMX,1,0.05615510282972895,0.008792895292083705,0.02111852071286686,0,0,1,2026-10-09 07:08:18.914558
2026-10-08 19:00:00,IMX,1,0.011312337828727675,0.008792895292083705,0.021333812833922203,0,1,1,2026-10-09 07:08:18.914558
2026-10-08 20:00:00,IMX,1,0.0005622715919851286,0.008815887526658824,0.021333812833922203,1,1,1,2026-10-09 07:08:18.914558
2026-10-08 21:00:00,IMX,1,0.026623868712171542,0.008815887526658824,0.021333812833922203,0,0,1,2026-10-09 07:08:18.914558
2026-10-08 22:00:00,IMX,1,0.009261847738532374,0.008821410055027323,0.021366295488976304,0,1,1,2026-10-09 07:08:18.914558
2026-10-08 23:00:00,IMX,1,0.006528858882463556,0.008830607487132386,0.021366295488976304,1,1,1,2026-10-09 07:08:18.914558
2026-10-09 00:00:00,IMX,1,0.0038136793702456474,0.008830607487132386,0.021366295488976304,1,1,1,2026-10-09 07:08:18.914558
2026-10-09 01:00:00,IMX,1,0.02629612210112493,0.008830607487132386,0.021366295488976304,0,0,1,2026-10-09 07:08:18.914558
2026-10-09 02:00:00,IMX,1,0.004246290881451097,0.008839159975852945,0.02141061031718365,1,1,1,2026-10-09 07:08:18.914558
2026-10-09 03:00:00,IMX,1,0.0,0.008839159975852945,0.02141061031718365,1,1,1,2026-10-09 07:08:18.914558
2026-10-09 04:00:00,IMX,1,0.01015779918174419,0.008839159975852945,0.02141061031718365,0,1,1,2026-10-09 07:08:18.914558
2026-10-09 05:00:00,IMX,1,0.0032188868994719303,0.008839159975852945,0.02141061031718365,1,1,1,2026-10-09 07:08:18.914558
2026-10-09 06:00:00,IMX,1,0.003742319256644968,0.008839159975852945,0.02141061031718365,1,1,1,2026-10-09 07:08:18.914558
2026-10-07 07:00:00,GRT,1,0.001441961316901184,0.008942788539727716,0.02304626685619353,1,1,1,2026-10-09 07:08:18.914558
2026-10-07 07:00:00,GRT,24,0.00795664233809505,0.04820389211405457,0.11951891706727087,1,1,1,2026-10-09 07:08:18.914558
2026-10-07 08:00:00,GRT,1,0.009788006366162932,0.008942788539727716,0.02304626685619353,0,1,1,2026-10-09 07:08:18.914558
2026-10-07 08:00:00,GRT,24,0.01124626400700806,0.0482697976467699,0.11951891706727087,1,1,1,2026-10-09 07:08:18.914558
2026-10-07 09:00:00,GRT,1,0.014679162663048976,0.008984113857100944,0.02304626685619353,0,1,1,2026-10-09 07:08:18.914558
2026-10-07 09:00:00,GRT,24,0.00906624523775326,0.0482697976467699,0.11951891706727087,1,1,1,2026-10-09 07:08:18.914558
2026-10-07 10:00:00,GRT,1,0.0018467225931647112,0.009021739953954847,0.02304626685619353,1,1,1,2026-10-09 07:08:18.914558
2026-10-07 10:00:00,GRT,24,0.04305240733255082,0.0482697976467699,0.11951891706727087,1,1,1,2026-10-09 07:08:18.914558
2026-10-07 11:00:00,GRT,1,0.007035763146840791,0.009021739953954847,0.02304626685619353,1,1,1,2026-10-09 07:08:18.914558
2026-10-07 11:00:00,GRT,24,0.034098334280734104,0.048297821087555835,0.11951891706727087,1,1,1,2026-10-09 07:08:18.914558
2026-10-07 12:00:00,GRT,1,0.002227172412824301,0.009021739953954847,0.02304626685619353,1,1,1,2026-10-09 07:08:18.914558
2026-10-07 12:00:00,GRT,24,0.03970654543638941,0.04836315667111962,0.11951891706727087,1,1,1,2026-10-09 07:08:18.914558
2026-10-07 13:00:00,GRT,1,0.0014842303281311579,0.008984113857100944,0.02304626685619353,1,1,1,2026-10-09 07:08:18.914558
2026-10-07 13:00:00,GRT,24,0.032107829221654456,0.04875644446398015,0.11951891706727087,1,1,1,2026-10-09 07:08:18.914558
2026-10-07 14:00:00,GRT,1,0.006292821062147685,0.008984113857100944,0.02304626685619353,1,1,1,2026-10-09 07:08:18.914558
2026-10-07 14:00:00,GRT,24,0.04110416785080747,0.048815649286956,0.11951891706727087,1,1,1,2026-10-09 07:08:18.914558
2026-10-07 15:00:00,GRT,1,0.013560772221527425,0.008984113857100944,0.02304626685619353,0,1,1,2026-10-09 07:08:18.914558
2026-10-07 15:00:00,GRT,24,0.034098334280734104,0.04927951594912467,0.11951891706727087,1,1,1,2026-10-09 07:08:18.914558
2026-10-07 16:00:00,GRT,1,0.001091504565343171,0.008984113857100944,0.023024342055448965,1,1,1,2026-10-09 07:08:18.914558
2026-10-07 16:00:00,GRT,24,0.05730832121888471,0.049445040461098065,0.11951891706727087,0,1,1,2026-10-09 07:08:18.914558
2026-10-07 17:00:00,GRT,1,0.00620100473254896,0.008942788539727716,0.023024342055448965,1,1,1,2026-10-09 07:08:18.914558
2026-10-07 17:00:00,GRT,24,0.06613980250454507,0.049478128134733,0.11951891706727087,0,1,1,2026-10-09 07:08:18.914558
2026-10-07 18:00:00,GRT,1,0.006928013125166336,0.008942788539727716,0.023024342055448965,1,1,1,2026-10-09 07:08:18.914558
2026-10-07 18:00:00,GRT,24,0.06930654777559624,0.049888376726578386,0.11951891706727087,0,1,1,2026-10-09 07:08:18.914558
2026-10-07 19:00:00,GRT,1,0.006562181769339366,0.008942788539727716,0.023024342055448965,1,1,1,2026-10-09 07:08:18.914558
2026-10-07 19:00:00,GRT,24,0.06028401849112433,0.04999533786861935,0.11951891706727087,0,1,1,2026-10-09 07:08:18.914558
2026-10-07 20:00:00,GRT,1,0.0007317965932141176,0.008942788539727716,0.023024342055448965,1,1,1,2026-10-09 07:08:18.914558
2026-10-07 20:00:00,GRT,24,0.05102382005335004,0.05008830321214778,0.11951891706727087,0,1,1,2026-10-09 07:08:18.914558
2026-10-07 21:00:00,GRT,1,0.009192931076379534,0.008942788539727716,0.023024342055448965,0,1,1,2026-10-09 07:08:18.914558
2026-10-07 21:00:00,GRT,24,0.03615075971521808,0.05026423279927851,0.11951891706727087,1,1,1,2026-10-09 07:08:18.914558
2026-10-07 22:00:00,GRT,1,0.011751879648777048,0.008984113857100944,0.023024342055448965,0,1,1,2026-10-09 07:08:18.914558
2026-10-07 22:00:00,GRT,24,0.04302550407563677,0.050293921214873166,0.11951891706727087,1,1,1,2026-10-09 07:08:18.914558
2026-10-07 23:00:00,GRT,1,0.007275404954207855,0.009021739953954847,0.023024342055448965,1,1,1,2026-10-09 07:08:18.914558
2026-10-07 23:00:00,GRT,24,0.0467112750789109,0.050531715195928834,0.11951891706727087,1,1,1,2026-10-09 07:08:18.914558
2026-10-08 00:00:00,GRT,1,0.0003625158640389352,0.009021739953954847,0.023024342055448965,1,1,1,2026-10-09 07:08:18.914558
2026-10-08 00:00:00,GRT,24,0.059741539575795824,0.05080749484946245,0.11951891706727087,0,1,1,2026-10-09 07:08:18.914558
2026-10-08 01:00:00,GRT,1,0.006912889090168975,0.009021739953954847,0.023024342055448965,1,1,1,2026-10-09 07:08:18.914558
2026-10-08 01:00:00,GRT,24,0.05822539928079655,0.0508388776384858,0.11951891706727087,0,1,1,2026-10-09 07:08:18.914558
2026-10-08 02:00:00,GRT,1,0.0032804840791619007,0.008984113857100944,0.023024342055448965,1,1,1,2026-10-09 07:08:18.914558
2026-10-08 02:00:00,GRT,24,0.0417503795775383,0.0508388776384858,0.11951891706727087,1,1,1,2026-10-09 07:08:18.914558
2026-10-08 03:00:00,GRT,1,0.01097705863115102,0.008984113857100944,0.023024342055448965,0,1,1,2026-10-09 07:08:18.914558
2026-10-08 03:00:00,GRT,24,0.04350937230194724,0.0508388776384858,0.11951891706727087,1,1,1,2026-10-09 07:08:18.914558
2026-10-08 04:00:00,GRT,1,0.0007361060325022046,0.009021739953954847,0.023024342055448965,1,1,1,2026-10-09 07:08:18.914558
2026-10-08 04:00:00,GRT,24,0.022322355437898383,0.0508388776384858,0.11951891706727087,1,1,1,2026-10-09 07:08:18.914558
2026-10-08 05:00:00,GRT,1,0.0003682563105509319,0.008984113857100944,0.023024342055448965,1,1,1,2026-10-09 07:08:18.914558
2026-10-08 05:00:00,GRT,24,0.02233897808226231,0.0508388776384858,0.11951891706727087,1,1,1,2026-10-09 07:08:18.914558
2026-10-08 06:00:00,GRT,1,0.014262446920564371,0.008984113857100944,0.023024342055448965,0,1,1,2026-10-09 07:08:18.914558
2026-10-08 06:00:00,GRT,24,0.00850754160341739,0.0508388776384858,0.11951891706727087,1,1,1,2026-10-09 07:08:18.914558
2026-10-08 07:00:00,GRT,1,0.00473158298581426,0.009021739953954847,0.023024342055448965,1,1,1,2026-10-09 07:08:18.914558
2026-10-08 07:00:00,GRT,24,0.023885023019735413,0.0508388776384858,0.11951891706727087,1,1,1,2026-10-09 07:08:18.914558
2026-10-08 08:00:00,GRT,1,0.010524502878598409,0.009021739953954847,0.023024342055448965,0,1,1,2026-10-09 07:08:18.914558
2026-10-08 09:00:00,GRT,1,0.019306999431748566,0.00902903061959602,0.023024342055448965,0,1,1,2026-10-09 07:08:18.914558
2026-10-08 10:00:00,GRT,1,0.0071073504586520566,0.00902903061959602,0.023024342055448965,1,1,1,2026-10-09 07:08:18.914558
2026-10-08 11:00:00,GRT,1,0.001427551991185335,0.009021739953954847,0.023024342055448965,1,1,1,2026-10-09 07:08:18.914558
2026-10-08 12:00:00,GRT,1,0.005371543801910877,0.009021739953954847,0.023024342055448965,1,1,1,2026-10-09 07:08:18.914558
2026-10-08 13:00:00,GRT,1,0.007512108301021964,0.009021739953954847,0.023024342055448965,1,1,1,2026-10-09 07:08:18.914558
2026-10-08 14:00:00,GRT,1,0.0007130125079256612,0.008984113857100944,0.023024342055448965,1,1,1,2026-10-09 07:08:18.914558
2026-10-08 15:00:00,GRT,1,0.0778458832780914,0.008942788539727716,0.023024342055448965,0,0,1,2026-10-09 07:08:18.914558
2026-10-08 16:00:00,GRT,1,0.007739976720317354,0.008942788539727716,0.02304626685619353,1,1,1,2026-10-09 07:08:18.914558
2026-10-08 17:00:00,GRT,1,0.00936775000360016,0.00893107671492448,0.02304626685619353,0,1,1,2026-10-09 07:08:18.914558
2026-10-08 18:00:00,GRT,1,0.015950542409638172,0.008942788539727716,0.02304626685619353,0,1,1,2026-10-09 07:08:18.914558
2026-10-08 19:00:00,GRT,1,0.0026980166684348536,0.008942788539727716,0.02304626685619353,1,1,1,2026-10-09 07:08:18.914558
2026-10-08 20:00:00,GRT,1,0.014141263744917856,0.008942788539727716,0.02304626685619353,0,1,1,2026-10-09 07:08:18.914558
2026-10-08 21:00:00,GRT,1,0.01606767543679814,0.008984113857100944,0.02304626685619353,0,1,1,2026-10-09 07:08:18.914558
2026-10-08 22:00:00,GRT,1,0.00806610864550286,0.009021739953954847,0.02304626685619353,1,1,1,2026-10-09 07:08:18.914558
2026-10-08 23:00:00,GRT,1,0.005754859542677009,0.009021739953954847,0.02304626685619353,1,1,1,2026-10-09 07:08:18.914558
2026-10-09 00:00:00,GRT,1,0.001153624430960471,0.009021739953954847,0.02304626685619353,1,1,1,2026-10-09 07:08:18.914558
2026-10-09 01:00:00,GRT,1,0.009562130613089302,0.009021739953954847,0.02304626685619353,0,1,1,2026-10-09 07:08:18.914558
2026-10-09 02:00:00,GRT,1,0.001521491354752888,0.00902903061959602,0.02304626685619353,1,1,1,2026-10-09 07:08:18.914558
2026-10-09 03:00:00,GRT,1,0.010209958232897946,0.00902903061959602,0.02304626685619353,0,1,1,2026-10-09 07:08:18.914558
2026-10-09 04:00:00,GRT,1,0.0007527286768661571,0.009092387525675552,0.02304626685619353,1,1,1,2026-10-09 07:08:18.914558
2026-10-09 05:00:00,GRT,1,0.0134631801682939,0.00902903061959602,0.02304626685619353,0,1,1,2026-10-09 07:08:18.914558
2026-10-09 06:00:00,GRT,1,0.00111503449575375,0.009092387525675552,0.02304626685619353,1,1,1,2026-10-09 07:08:18.914558
2026-10-07 07:00:00,LDO,1,0.0054844744421595005,0.008652340817313392,0.021236452868047297,1,1,1,2026-10-09 07:08:18.914558
2026-10-07 07:00:00,LDO,24,0.03644947924052124,0.04998330829384556,0.10809798407589205,1,1,1,2026-10-09 07:08:18.914558
2026-10-07 08:00:00,LDO,1,0.010538470956883787,0.008652340817313392,0.021236452868047297,0,1,1,2026-10-09 07:08:18.914558
2026-10-07 08:00:00,LDO,24,0.013805809410920916,0.05021019299411514,0.10809798407589205,1,1,1,2026-10-09 07:08:18.914558
2026-10-07 09:00:00,LDO,1,0.004385465770605283,0.008652340817313392,0.021236452868047297,1,1,1,2026-10-09 07:08:18.914558
2026-10-07 09:00:00,LDO,24,0.03128797497079381,0.050479480975780394,0.10809798407589205,1,1,1,2026-10-09 07:08:18.914558
2026-10-07 10:00:00,LDO,1,0.003940206743323541,0.008652340817313392,0.021236452868047297,1,1,1,2026-10-09 07:08:18.914558
2026-10-07 10:00:00,LDO,24,0.04478360262697323,0.05091959158501392,0.10809798407589205,1,1,1,2026-10-09 07:08:18.914558
2026-10-07 11:00:00,LDO,1,0.004422211326331118,0.008628121570049472,0.021236452868047297,1,1,1,2026-10-09 07:08:18.914558
2026-10-07 11:00:00,LDO,24,0.025904027206431753,0.0510415862345635,0.10809798407589205,1,1,1,2026-10-09 07:08:18.914558
2026-10-07 12:00:00,LDO,1,0.0,0.008628121570049472,0.021236452868047297,1,1,1,2026-10-09 07:08:18.914558
2026-10-07 12:00:00,LDO,24,0.021918053557434595,0.05116451201695252,0.10809798407589205,1,1,1,2026-10-09 07:08:18.914558
2026-10-07 13:00:00,LDO,1,0.005118671017860814,0.00862292941211995,0.021236452868047297,1,1,1,2026-10-09 07:08:18.914558
2026-10-07 13:00:00,LDO,24,0.02579005475074268,0.05125910345349198,0.10809798407589205,1,1,1,2026-10-09 07:08:18.914558
2026-10-07 14:00:00,LDO,1,0.010029238584542157,0.008620096969053175,0.021236452868047297,0,1,1,2026-10-09 07:08:18.914558
2026-10-07 14:00:00,LDO,24,0.026564419826191808,0.051321055770662885,0.10809798407589205,1,1,1,2026-10-09 07:08:18.914558
2026-10-07 15:00:00,LDO,1,0.0025752091956128542,0.00862292941211995,0.021236452868047297,1,1,1,2026-10-09 07:08:18.914558
2026-10-07 15:00:00,LDO,24,0.037271394797231815,0.05152560537854503,0.10809798407589205,1,1,1,2026-10-09 07:08:18.914558
2026-10-07 16:00:00,LDO,1,0.008845495290619646,0.008620096969053175,0.021131620362183006,0,1,1,2026-10-09 07:08:18.914558
2026-10-07 16:00:00,LDO,24,0.05626483858613782,0.05152560537854503,0.10809798407589205,0,1,1,2026-10-09 07:08:18.914558
2026-10-07 17:00:00,LDO,1,0.0032392439244522063,0.00862292941211995,0.021131620362183006,1,1,1,2026-10-09 07:08:18.914558
2026-10-07 17:00:00,LDO,24,0.07405449288138373,0.05152560537854503,0.10809798407589205,0,1,1,2026-10-09 07:08:18.914558
2026-10-07 18:00:00,LDO,1,0.0,0.00862292941211995,0.021131620362183006,1,1,1,2026-10-09 07:08:18.914558
2026-10-07 18:00:00,LDO,24,0.09288761416200587,0.05163497780168379,0.10809798407589205,0,1,1,2026-10-09 07:08:18.914558
2026-10-07 19:00:00,LDO,1,0.01853812099891106,0.00862292941211995,0.021131620362183006,0,1,1,2026-10-09 07:08:18.914558
2026-10-07 19:00:00,LDO,24,0.07281165758931676,0.051701617707597174,0.10809798407589205,0,1,1,2026-10-09 07:08:18.914558
2026-10-07 20:00:00,LDO,1,0.017978012295408394,0.008628121570049472,0.021131620362183006,0,1,1,2026-10-09 07:08:18.914558
2026-10-07 20:00:00,LDO,24,0.06972200021046762,0.05214387584204533,0.10809798407589205,0,1,1,2026-10-09 07:08:18.914558
2026-10-07 21:00:00,LDO,1,0.018885453374011634,0.008652340817313392,0.021131620362183006,0,1,1,2026-10-09 07:08:18.914558
2026-10-07 21:00:00,LDO,24,0.09159770318942885,0.05214387584204533,0.10809798407589205,0,1,1,2026-10-09 07:08:18.914558
2026-10-07 22:00:00,LDO,1,0.0204432594084189,0.008695882856065667,0.021131620362183006,0,1,1,2026-10-09 07:08:18.914558
2026-10-07 22:00:00,LDO,24,0.07662519195648267,0.05229542382600564,0.10809798407589205,0,1,1,2026-10-09 07:08:18.914558
2026-10-07 23:00:00,LDO,1,0.021122897555086135,0.008695882856065667,0.021131620362183006,0,1,1,2026-10-09 07:08:18.914558
2026-10-07 23:00:00,LDO,24,0.09486553773385999,0.05239467757583605,0.10809798407589205,0,1,1,2026-10-09 07:08:18.914558
2026-10-08 00:00:00,LDO,1,0.008023462754486364,0.00873972624022477,0.021131620362183006,1,1,1,2026-10-09 07:08:18.914558
2026-10-08 00:00:00,LDO,24,0.12433613905477425,0.05229542382600564,0.10809798407589205,0,0,1,2026-10-09 07:08:18.914558
2026-10-08 01:00:00,LDO,1,0.004310351501122263,0.00873972624022477,0.021131620362183006,1,1,1,2026-10-09 07:08:18.914558
2026-10-08 01:00:00,LDO,24,0.12915959907858993,0.05229542382600564,0.10809798407589205,0,0,1,2026-10-09 07:08:18.914558
2026-10-08 02:00:00,LDO,1,0.011120730518612867,0.00873972624022477,0.021131620362183006,0,1,1,2026-10-09 07:08:18.914558
2026-10-08 02:00:00,LDO,24,0.11183303016344379,0.05229542382600564,0.10809798407589205,0,0,1,2026-10-09 07:08:18.914558
2026-10-08 03:00:00,LDO,1,0.021496958504703706,0.00873972624022477,0.021131620362183006,0,0,1,2026-10-09 07:08:18.914558
2026-10-08 03:00:00,LDO,24,0.11911314146286874,0.05229542382600564,0.10809798407589205,0,0,1,2026-10-09 07:08:18.914558
2026-10-08 04:00:00,LDO,1,0.007853443505570287,0.008754285529541793,0.021236452868047297,1,1,1,2026-10-09 07:08:18.914558
2026-10-08 04:00:00,LDO,24,0.06207885122933146,0.05229542382600564,0.10809798407589205,0,1,1,2026-10-09 07:08:18.914558
2026-10-08 05:00:00,LDO,1,0.013005804399092642,0.008754285529541793,0.021236452868047297,0,1,1,2026-10-09 07:08:18.914558
2026-10-08 05:00:00,LDO,24,0.08593681417355743,0.05229542382600564,0.10809798407589205,0,1,1,2026-10-09 07:08:18.914558
2026-10-08 06:00:00,LDO,1,0.004206803502834473,0.00881269679494436,0.021236452868047297,1,1,1,2026-10-09 07:08:18.914558
2026-10-08 06:00:00,LDO,24,0.05683217723722344,0.05229542382600564,0.10809798407589205,0,1,1,2026-10-09 07:08:18.914558
2026-10-08 07:00:00,LDO,1,0.01715919538744086,0.00881269679494436,0.021236452868047297,0,1,1,2026-10-09 07:08:18.914558
2026-10-08 07:00:00,LDO,24,0.029598573248927115,0.05229542382600564,0.10809798407589205,1,1,1,2026-10-09 07:08:18.914558
2026-10-08 08:00:00,LDO,1,0.0069436946029891415,0.008823817411070394,0.021236452868047297,1,1,1,2026-10-09 07:08:18.914558
2026-10-08 09:00:00,LDO,1,0.009110161885574355,0.008823817411070394,0.021236452868047297,0,1,1,2026-10-09 07:08:18.914558
2026-10-08 10:00:00,LDO,1,0.022819782163865213,0.008823817411070394,0.021236452868047297,0,0,1,2026-10-09 07:08:18.914558
2026-10-08 11:00:00,LDO,1,0.008408184975328165,0.00884380366900995,0.021419227353789524,1,1,1,2026-10-09 07:08:18.914558
2026-10-08 12:00:00,LDO,1,0.003872001193308,0.008823817411070394,0.021419227353789524,1,1,1,2026-10-09 07:08:18.914558
2026-10-08 13:00:00,LDO,1,0.005893036093310177,0.008823817411070394,0.021419227353789524,1,1,1,2026-10-09 07:08:18.914558
2026-10-08 14:00:00,LDO,1,0.000677736386497595,0.008823817411070394,0.021419227353789524,1,1,1,2026-10-09 07:08:18.914558
2026-10-08 15:00:00,LDO,1,0.09096102418775673,0.00881269679494436,0.021419227353789524,0,0,1,2026-10-09 07:08:18.914558
2026-10-08 16:00:00,LDO,1,0.008944159004626268,0.008823817411070394,0.021451819269772892,0,1,1,2026-10-09 07:08:18.914558
2026-10-08 17:00:00,LDO,1,0.015593877356169893,0.008823817411070394,0.021451819269772892,0,1,1,2026-10-09 07:08:18.914558
2026-10-08 18:00:00,LDO,1,0.020075956572689225,0.008823817411070394,0.021451819269772892,0,1,1,2026-10-09 07:08:18.914558
2026-10-08 19:00:00,LDO,1,0.02162777837776028,0.00884380366900995,0.021451819269772892,0,0,1,2026-10-09 07:08:18.914558
2026-10-08 20:00:00,LDO,1,0.0038976906835530094,0.00884380366900995,0.021492020609563754,1,1,1,2026-10-09 07:08:18.914558
2026-10-08 21:00:00,LDO,1,0.003912942141065378,0.00884380366900995,0.021492020609563754,1,1,1,2026-10-09 07:08:18.914558
2026-10-08 22:00:00,LDO,1,0.002202913631041674,0.008843271059581595,0.021492020609563754,1,1,1,2026-10-09 07:08:18.914558
2026-10-08 23:00:00,LDO,1,0.008347703765828253,0.00881269679494436,0.021492020609563754,1,1,1,2026-10-09 07:08:18.914558
2026-10-09 00:00:00,LDO,1,0.0032000027306708497,0.00881269679494436,0.021492020609563754,1,1,1,2026-10-09 07:08:18.914558
2026-10-09 01:00:00,LDO,1,0.021636920416268333,0.00881269679494436,0.021492020609563754,0,0,1,2026-10-09 07:08:18.914558
2026-10-09 02:00:00,LDO,1,0.0038406192191877448,0.008843271059581595,0.021503499498356504,1,1,1,2026-10-09 07:08:18.914558
2026-10-09 03:00:00,LDO,1,0.03553733172883366,0.008843271059581595,0.021503499498356504,0,0,1,2026-10-09 07:08:18.914558
2026-10-09 04:00:00,LDO,1,0.03171140644979632,0.008928096400597264,0.021628235479685707,0,0,1,2026-10-09 07:08:18.914558
2026-10-09 05:00:00,LDO,1,0.01609883253724139,0.008928096400597264,0.021643211083513393,0,1,1,2026-10-09 07:08:18.914558
2026-10-09 06:00:00,LDO,1,0.03144040749113074,0.008928096400597264,0.021643211083513393,0,0,1,2026-10-09 07:08:18.914558
2026-10-07 07:00:00,CRV,1,0.005086193502127681,0.009329708624084275,0.021355318765374824,1,1,1,2026-10-09 07:08:18.914558
2026-10-07 07:00:00,CRV,24,0.10479378285716583,0.03939350475323029,0.09521882701106152,0,0,1,2026-10-09 07:08:18.914558
2026-10-07 08:00:00,CRV,1,0.011337989937396499,0.00929120754236822,0.021355318765374824,0,1,1,2026-10-09 07:08:18.914558
2026-10-07 08:00:00,CRV,24,0.09407953663803599,0.03939350475323029,0.09521882701106152,0,1,1,2026-10-09 07:08:18.914558
2026-10-07 09:00:00,CRV,1,0.00399886279807185,0.00929120754236822,0.021355318765374824,1,1,1,2026-10-09 07:08:18.914558
2026-10-07 09:00:00,CRV,24,0.10439083244007141,0.03955310321413907,0.09521882701106152,0,0,1,2026-10-09 07:08:18.914558
2026-10-07 10:00:00,CRV,1,0.003998862798071783,0.00929120754236822,0.021355318765374824,1,1,1,2026-10-09 07:08:18.914558
2026-10-07 10:00:00,CRV,24,0.10684767488632779,0.039582734181359054,0.09521882701106152,0,0,1,2026-10-09 07:08:18.914558
2026-10-07 11:00:00,CRV,1,0.007726465680634675,0.00929120754236822,0.021355318765374824,1,1,1,2026-10-09 07:08:18.914558
2026-10-07 11:00:00,CRV,24,0.09432493250535619,0.039664760520691664,0.09521882701106152,0,1,1,2026-10-09 07:08:18.914558
2026-10-07 12:00:00,CRV,1,0.008011487771776077,0.00929120754236822,0.021355318765374824,1,1,1,2026-10-09 07:08:18.914558
2026-10-07 12:00:00,CRV,24,0.10127288510657728,0.04004011004817148,0.09521882701106152,0,0,1,2026-10-09 07:08:18.914558
2026-10-07 13:00:00,CRV,1,0.002277256890767493,0.009268677199422974,0.021355318765374824,1,1,1,2026-10-09 07:08:18.914558
2026-10-07 13:00:00,CRV,24,0.0610771370546462,0.04020491080996191,0.09521882701106152,0,1,1,2026-10-09 07:08:18.914558
2026-10-07 14:00:00,CRV,1,0.010288744662543535,0.009268677199422974,0.021355318765374824,0,1,1,2026-10-09 07:08:18.914558
2026-10-07 14:00:00,CRV,24,0.06707652599635389,0.04020491080996191,0.09521882701106152,0,1,1,2026-10-09 07:08:18.914558
2026-10-07 15:00:00,CRV,1,0.01652459253402443,0.00929120754236822,0.021355318765374824,0,1,1,2026-10-09 07:08:18.914558
2026-10-07 15:00:00,CRV,24,0.06344268967815192,0.04022789365735244,0.09521882701106152,0,1,1,2026-10-09 07:08:18.914558
2026-10-07 16:00:00,CRV,1,0.011366987977775364,0.00929120754236822,0.021355318765374824,0,1,1,2026-10-09 07:08:18.914558
2026-10-07 16:00:00,CRV,24,0.04036293064934747,0.04022789365735244,0.09521882701106152,0,1,1,2026-10-09 07:08:18.914558
2026-10-07 17:00:00,CRV,1,0.0017133071010023006,0.009329708624084275,0.021355318765374824,1,1,1,2026-10-09 07:08:18.914558
2026-10-07 17:00:00,CRV,24,0.04830442905694881,0.04022789365735244,0.09521882701106152,0,1,1,2026-10-09 07:08:18.914558
2026-10-07 18:00:00,CRV,1,0.0116296871654629,0.009329708624084275,0.021355318765374824,0,1,1,2026-10-09 07:08:18.914558
2026-10-07 18:00:00,CRV,24,0.05966217498861711,0.04022789365735244,0.09521882701106152,0,1,1,2026-10-09 07:08:18.914558
2026-10-07 19:00:00,CRV,1,0.0014090463089346313,0.009423667492559271,0.021355318765374824,1,1,1,2026-10-09 07:08:18.914558
2026-10-07 19:00:00,CRV,24,0.0503141675124072,0.04022789365735244,0.09521882701106152,0,1,1,2026-10-09 07:08:18.914558
2026-10-07 20:00:00,CRV,1,0.01147989647900241,0.009423667492559271,0.021355318765374824,0,1,1,2026-10-09 07:08:18.914558
2026-10-07 20:00:00,CRV,24,0.04787534759671252,0.04022789365735244,0.09521882701106152,0,1,1,2026-10-09 07:08:18.914558
2026-10-07 21:00:00,CRV,1,0.005583487425700568,0.009441517689304062,0.021355318765374824,1,1,1,2026-10-09 07:08:18.914558
2026-10-07 21:00:00,CRV,24,0.05758428729645161,0.04022789365735244,0.09521882701106152,0,1,1,2026-10-09 07:08:18.914558
2026-10-07 22:00:00,CRV,1,0.04247795748286855,0.009441517689304062,0.021355318765374824,0,0,1,2026-10-09 07:08:18.914558
2026-10-07 22:00:00,CRV,24,0.060589628027828794,0.04022789365735244,0.09521882701106152,0,1,1,2026-10-09 07:08:18.914558
2026-10-07 23:00:00,CRV,1,0.02333704423929914,0.009441517689304062,0.021513713368811603,0,0,1,2026-10-09 07:08:18.914558
2026-10-07 23:00:00,CRV,24,0.10069087613285092,0.04022789365735244,0.09521882701106152,0,0,1,2026-10-09 07:08:18.914558
2026-10-08 00:00:00,CRV,1,0.025108087436150506,0.009483841768937157,0.021780361018752095,0,0,1,2026-10-09 07:08:18.914558
2026-10-08 00:00:00,CRV,24,0.12759510608107136,0.04025948671281935,0.09521882701106152,0,0,1,2026-10-09 07:08:18.914558
2026-10-08 01:00:00,CRV,1,0.012604668488426668,0.009541279810361153,0.021948750403497055,0,1,1,2026-10-09 07:08:18.914558
2026-10-08 01:00:00,CRV,24,0.1550884063355958,0.04035500353072376,0.09521882701106152,0,0,1,2026-10-09 07:08:18.914558
2026-10-08 02:00:00,CRV,1,0.024799941582245136,0.009557953862031288,0.021948750403497055,0,0,1,2026-10-09 07:08:18.914558
2026-10-08 02:00:00,CRV,24,0.13386427595199132,0.04035500353072376,0.09521882701106152,0,0,1,2026-10-09 07:08:18.914558
2026-10-08 03:00:00,CRV,1,0.007095822981469105,0.009557953862031288,0.022131081824583232,1,1,1,2026-10-09 07:08:18.914558
2026-10-08 03:00:00,CRV,24,0.15689011890215088,0.04035500353072376,0.09521882701106152,0,0,1,2026-10-09 07:08:18.914558
2026-10-08 04:00:00,CRV,1,0.0068904189932708125,0.009557953862031288,0.022131081824583232,1,1,1,2026-10-09 07:08:18.914558
2026-10-08 04:00:00,CRV,24,0.1319340641791821,0.04035500353072376,0.09549345922806428,0,0,1,2026-10-09 07:08:18.914558
2026-10-08 05:00:00,CRV,1,0.01704586727298861,0.009557953862031288,0.022131081824583232,0,1,1,2026-10-09 07:08:18.914558
2026-10-08 05:00:00,CRV,24,0.1273678763309919,0.04035500353072376,0.0955887014740119,0,0,1,2026-10-09 07:08:18.914558
2026-10-08 06:00:00,CRV,1,0.020879737783710415,0.009618453509236364,0.022131081824583232,0,1,1,2026-10-09 07:08:18.914558
2026-10-08 06:00:00,CRV,24,0.10974044463335382,0.04035500353072376,0.0955887014740119,0,0,1,2026-10-09 07:08:18.914558
2026-10-08 07:00:00,CRV,1,0.0056280527170022255,0.00962409357348438,0.022131081824583232,1,1,1,2026-10-09 07:08:18.914558
2026-10-08 07:00:00,CRV,24,0.1282973010009245,0.04035500353072376,0.09599057014260125,0,0,1,2026-10-09 07:08:18.914558
2026-10-08 08:00:00,CRV,1,0.0010266941353610532,0.00962409357348438,0.022131081824583232,1,1,1,2026-10-09 07:08:18.914558
2026-10-08 09:00:00,CRV,1,0.0015420203518154484,0.00962409357348438,0.022131081824583232,1,1,1,2026-10-09 07:08:18.914558
2026-10-08 10:00:00,CRV,1,0.0085238795828997,0.00962409357348438,0.022131081824583232,1,1,1,2026-10-09 07:08:18.914558
2026-10-08 11:00:00,CRV,1,0.0007785130794137978,0.00962409357348438,0.022131081824583232,1,1,1,2026-10-09 07:08:18.914558
2026-10-08 12:00:00,CRV,1,0.03218426028015493,0.009618453509236364,0.022131081824583232,0,0,1,2026-10-09 07:08:18.914558
2026-10-08 13:00:00,CRV,1,0.008276645832475105,0.00962409357348438,0.0223714125300108,1,1,1,2026-10-09 07:08:18.914558
2026-10-08 14:00:00,CRV,1,0.013922580980745536,0.00962409357348438,0.0223714125300108,0,1,1,2026-10-09 07:08:18.914558
2026-10-08 15:00:00,CRV,1,0.08728102779347484,0.00962409357348438,0.0223714125300108,0,0,1,2026-10-09 07:08:18.914558
2026-10-08 16:00:00,CRV,1,0.01930848638537669,0.00962409357348438,0.022486378566099252,0,1,1,2026-10-09 07:08:18.914558
2026-10-08 17:00:00,CRV,1,0.009644438830665958,0.00962409357348438,0.022486378566099252,0,1,1,2026-10-09 07:08:18.914558
2026-10-08 18:00:00,CRV,1,0.020977694641672685,0.00962409357348438,0.022486378566099252,0,1,1,2026-10-09 07:08:18.914558
2026-10-08 19:00:00,CRV,1,0.003847866224629363,0.009642814479024082,0.022486378566099252,1,1,1,2026-10-09 07:08:18.914558
2026-10-08 20:00:00,CRV,1,0.0017709567792632361,0.00962409357348438,0.022486378566099252,1,1,1,2026-10-09 07:08:18.914558
2026-10-08 21:00:00,CRV,1,0.00858882815707778,0.00962409357348438,0.022486378566099252,1,1,1,2026-10-09 07:08:18.914558
2026-10-08 22:00:00,CRV,1,0.002376709377846542,0.00962409357348438,0.022486378566099252,1,1,1,2026-10-09 07:08:18.914558
2026-10-08 23:00:00,CRV,1,0.0035671857089214247,0.00962409357348438,0.022486378566099252,1,1,1,2026-10-09 07:08:18.914558
2026-10-09 00:00:00,CRV,1,0.002385212818373929,0.00962409357348438,0.022486378566099252,1,1,1,2026-10-09 07:08:18.914558
2026-10-09 01:00:00,CRV,1,0.008619461895177708,0.00962409357348438,0.022486378566099252,1,1,1,2026-10-09 07:08:18.914558
2026-10-09 02:00:00,CRV,1,0.001774098632085611,0.00962409357348438,0.022486378566099252,1,1,1,2026-10-09 07:08:18.914558
2026-10-09 03:00:00,CRV,1,0.01786023174149958,0.00962409357348438,0.022486378566099252,0,1,1,2026-10-09 07:08:18.914558
2026-10-09 04:00:00,CRV,1,0.0023242311450804598,0.009642814479024082,0.022486378566099252,1,1,1,2026-10-09 07:08:18.914558
2026-10-09 05:00:00,CRV,1,0.0005815644246494651,0.00962409357348438,0.022486378566099252,1,1,1,2026-10-09 07:08:18.914558
2026-10-09 06:00:00,CRV,1,0.0023228814161397287,0.00962409357348438,0.022486378566099252,1,1,1,2026-10-09 07:08:18.914558
2026-10-07 07:00:00,WIF,1,0.005563891948049365,0.009078306766689234,0.022973603077098215,1,1,1,2026-10-09 07:08:18.914558
2026-10-07 07:00:00,WIF,24,0.0322749339417968,0.0449186898637262,0.11908756296611903,1,1,1,2026-10-09 07:08:18.914558
2026-10-07 08:00:00,WIF,1,0.012022471987461179,0.009078306766689234,0.022973603077098215,0,1,1,2026-10-09 07:08:18.914558
2026-10-07 08:00:00,WIF,24,0.04139122749421394,0.045033122891070844,0.11908756296611903,1,1,1,2026-10-09 07:08:18.914558
2026-10-07 09:00:00,WIF,1,0.004762944704552618,0.009078306766689234,0.022973603077098215,1,1,1,2026-10-09 07:08:18.914558
2026-10-07 09:00:00,WIF,24,0.028479471321868687,0.045062880001219115,0.11908756296611903,1,1,1,2026-10-09 07:08:18.914558
2026-10-07 10:00:00,WIF,1,0.0021677875387134497,0.009078306766689234,0.022973603077098215,1,1,1,2026-10-09 07:08:18.914558
2026-10-07 10:00:00,WIF,24,0.017513582492708357,0.0450809182039289,0.11908756296611903,1,1,1,2026-10-09 07:08:18.914558
2026-10-07 11:00:00,WIF,1,0.008262712806209974,0.009016004941496646,0.022973603077098215,1,1,1,2026-10-09 07:08:18.914558
2026-10-07 11:00:00,WIF,24,0.02944620572239009,0.04536534724387424,0.11908756296611903,1,1,1,2026-10-09 07:08:18.914558
2026-10-07 12:00:00,WIF,1,0.0004367765957186699,0.009016004941496646,0.022973603077098215,1,1,1,2026-10-09 07:08:18.914558
2026-10-07 12:00:00,WIF,24,0.02744749550111071,0.04561998412946709,0.11908756296611903,1,1,1,2026-10-09 07:08:18.914558
2026-10-07 13:00:00,WIF,1,0.0004367765957187175,0.009008978862555184,0.022973603077098215,1,1,1,2026-10-09 07:08:18.914558
2026-10-07 13:00:00,WIF,24,0.03467013909512035,0.04561998412946709,0.11908756296611903,1,1,1,2026-10-09 07:08:18.914558
2026-10-07 14:00:00,WIF,1,0.00481506730260112,0.00898510455938638,0.022926589028097986,1,1,1,2026-10-09 07:08:18.914558
2026-10-07 14:00:00,WIF,24,0.03329941406904934,0.04588812411966173,0.11908756296611903,1,1,1,2026-10-09 07:08:18.914558
2026-10-07 15:00:00,WIF,1,0.006996093248961388,0.00898510455938638,0.022926589028097986,1,1,1,2026-10-09 07:08:18.914558
2026-10-07 15:00:00,WIF,24,0.029387689194634612,0.04616956762358739,0.11908756296611903,1,1,1,2026-10-09 07:08:18.914558
2026-10-07 16:00:00,WIF,1,0.004366819166340514,0.008955930988996066,0.022311860061632986,1,1,1,2026-10-09 07:08:18.914558
2026-10-07 16:00:00,WIF,24,0.09836494979928191,0.04622874189509811,0.11908756296611903,0,1,1,2026-10-09 07:08:18.914558
2026-10-07 17:00:00,WIF,1,0.00043754102645092923,0.008952861713466103,0.022311860061632986,1,1,1,2026-10-09 07:08:18.914558
2026-10-07 17:00:00,WIF,24,0.10755109703764497,0.046280828163659755,0.11908756296611903,0,1,1,2026-10-09 07:08:18.914558
2026-10-07 18:00:00,WIF,1,0.003057438503148445,0.008952861713466103,0.022311860061632986,1,1,1,2026-10-09 07:08:18.914558
2026-10-07 18:00:00,WIF,24,0.12123386481411634,0.04634036762851394,0.11908756296611903,0,0,1,2026-10-09 07:08:18.914558
2026-10-07 19:00:00,WIF,1,0.0026200888351234266,0.008952861713466103,0.022311860061632986,1,1,1,2026-10-09 07:08:18.914558
2026-10-07 19:00:00,WIF,24,0.10521515625645114,0.04652291083588833,0.11908756296611903,0,1,1,2026-10-09 07:08:18.914558
2026-10-07 20:00:00,WIF,1,0.00697170579790416,0.008923614082228503,0.022311860061632986,1,1,1,2026-10-09 07:08:18.914558
2026-10-07 20:00:00,WIF,24,0.09199255846206324,0.04683703846939125,0.11908756296611903,0,1,1,2026-10-09 07:08:18.914558
2026-10-07 21:00:00,WIF,1,0.005660803272399861,0.008923614082228503,0.022311860061632986,1,1,1,2026-10-09 07:08:18.914558
2026-10-07 21:00:00,WIF,24,0.09132334838378874,0.0469699347776404,0.11908756296611903,0,1,1,2026-10-09 07:08:18.914558
2026-10-07 22:00:00,WIF,1,0.005660803272399866,0.008923614082228503,0.022311860061632986,1,1,1,2026-10-09 07:08:18.914558
2026-10-07 22:00:00,WIF,24,0.09330346098756759,0.04711619356767912,0.11908756296611903,0,1,1,2026-10-09 07:08:18.914558
2026-10-07 23:00:00,WIF,1,0.006492124079011936,0.008923614082228503,0.022311860061632986,1,1,1,2026-10-09 07:08:18.914558
2026-10-07 23:00:00,WIF,24,0.09896426425996749,0.047167582003901226,0.11908756296611903,0,1,1,2026-10-09 07:08:18.914558
2026-10-08 00:00:00,WIF,1,0.003015294121759736,0.008923614082228503,0.022311860061632986,1,1,1,2026-10-09 07:08:18.914558
2026-10-08 00:00:00,WIF,24,0.11170791146391734,0.047216835313956165,0.11908756296611903,0,1,1,2026-10-09 07:08:18.914558
2026-10-08 01:00:00,WIF,1,0.0069055086669614,0.008923614082228503,0.022311860061632986,1,1,1,2026-10-09 07:08:18.914558
2026-10-08 01:00:00,WIF,24,0.10799241094425599,0.04743372052906559,0.11908756296611903,0,1,1,2026-10-09 07:08:18.914558
2026-10-08 02:00:00,WIF,1,0.0065175116651794,0.008923614082228503,0.022311860061632986,1,1,1,2026-10-09 07:08:18.914558
2026-10-08 02:00:00,WIF,24,0.09249906323801352,0.04743372052906559,0.11908756296611903,0,1,1,2026-10-09 07:08:18.914558
2026-10-08 03:00:00,WIF,1,0.006121575740829501,0.008904653733183788,0.022311860061632986,1,1,1,2026-10-09 07:08:18.914558
2026-10-08 03:00:00,WIF,24,0.08266165286316389,0.04743372052906559,0.11908756296611903,0,1,1,2026-10-09 07:08:18.914558
2026-10-08 04:00:00,WIF,1,0.011912781516242,0.008904653733183788,0.022311860061632986,0,1,1,2026-10-09 07:08:18.914558
2026-10-08 04:00:00,WIF,24,0.071816402774558,0.04743372052906559,0.11908756296611903,0,1,1,2026-10-09 07:08:18.914558
2026-10-08 05:00:00,WIF,1,0.004894336800139183,0.008904653733183788,0.022311860061632986,1,1,1,2026-10-09 07:08:18.914558
2026-10-08 05:00:00,WIF,24,0.05943247872898838,0.04743372052906559,0.11908756296611903,0,1,1,2026-10-09 07:08:18.914558
2026-10-08 06:00:00,WIF,1,0.006225008985844233,0.008904653733183788,0.022311860061632986,1,1,1,2026-10-09 07:08:18.914558
2026-10-08 06:00:00,WIF,24,0.04283114800334995,0.04743372052906559,0.11908756296611903,1,1,1,2026-10-09 07:08:18.914558
2026-10-08 07:00:00,WIF,1,0.003552401604367772,0.008904653733183788,0.022311860061632986,1,1,1,2026-10-09 07:08:18.914558
2026-10-08 07:00:00,WIF,24,0.04719569133627449,0.04743372052906559,0.11908756296611903,1,1,1,2026-10-09 07:08:18.914558
2026-10-08 08:00:00,WIF,1,0.0008892841848842585,0.008904653733183788,0.022311860061632986,1,1,1,2026-10-09 07:08:18.914558
2026-10-08 09:00:00,WIF,1,0.006202944124607645,0.008870975420732998,0.022311860061632986,1,1,1,2026-10-09 07:08:18.914558
2026-10-08 10:00:00,WIF,1,0.00976483569096829,0.008870975420732998,0.022311860061632986,0,1,1,2026-10-09 07:08:18.914558
2026-10-08 11:00:00,WIF,1,0.006264002584930628,0.008904653733183788,0.022311860061632986,1,1,1,2026-10-09 07:08:18.914558
2026-10-08 12:00:00,WIF,1,0.007659420189728335,0.008870975420732998,0.022311860061632986,1,1,1,2026-10-09 07:08:18.914558
2026-10-08 13:00:00,WIF,1,0.0018075016217897093,0.008870975420732998,0.022311860061632986,1,1,1,2026-10-09 07:08:18.914558
2026-10-08 14:00:00,WIF,1,0.0009033424281864076,0.008870975420732998,0.022311860061632986,1,1,1,2026-10-09 07:08:18.914558
2026-10-08 15:00:00,WIF,1,0.06198116735568607,0.008870159159386245,0.022311860061632986,0,0,1,2026-10-09 07:08:18.914558
2026-10-08 16:00:00,WIF,1,0.013552966404703456,0.008870159159386245,0.022926589028097986,0,1,1,2026-10-09 07:08:18.914558
2026-10-08 17:00:00,WIF,1,0.013245226750020567,0.008870975420732998,0.022926589028097986,0,1,1,2026-10-09 07:08:18.914558
2026-10-08 18:00:00,WIF,1,0.019076147060813668,0.008870975420732998,0.022926589028097986,0,1,1,2026-10-09 07:08:18.914558
2026-10-08 19:00:00,WIF,1,0.010602508959264421,0.008870975420732998,0.022926589028097986,0,1,1,2026-10-09 07:08:18.914558
2026-10-08 20:00:00,WIF,1,0.007640915876178574,0.008904653733183788,0.022926589028097986,1,1,1,2026-10-09 07:08:18.914558
2026-10-08 21:00:00,WIF,1,0.007640915876178667,0.008870975420732998,0.022926589028097986,1,1,1,2026-10-09 07:08:18.914558
2026-10-08 22:00:00,WIF,1,0.0,0.008870975420732998,0.022926589028097986,1,1,1,2026-10-09 07:08:18.914558
2026-10-08 23:00:00,WIF,1,0.00625152312493815,0.008870975420732998,0.022926589028097986,1,1,1,2026-10-09 07:08:18.914558
2026-10-09 00:00:00,WIF,1,0.006730794641420999,0.008870975420732998,0.022926589028097986,1,1,1,2026-10-09 07:08:18.914558
2026-10-09 01:00:00,WIF,1,0.008587839039280974,0.008870975420732998,0.022926589028097986,1,1,1,2026-10-09 07:08:18.914558
2026-10-09 02:00:00,WIF,1,0.0033198987096702223,0.008870975420732998,0.022926589028097986,1,1,1,2026-10-09 07:08:18.914558
2026-10-09 03:00:00,WIF,1,0.004723674347776266,0.008870159159386245,0.022926589028097986,1,1,1,2026-10-09 07:08:18.914558
2026-10-09 04:00:00,WIF,1,0.0004711425293275048,0.008870159159386245,0.022926589028097986,1,1,1,2026-10-09 07:08:18.914558
2026-10-09 05:00:00,WIF,1,0.011706993925499272,0.008867164465290936,0.022926589028097986,0,1,1,2026-10-09 07:08:18.914558
2026-10-09 06:00:00,WIF,1,0.0018604656529196708,0.008870159159386245,0.022926589028097986,1,1,1,2026-10-09 07:08:18.914558
2026-10-07 07:00:00,ZEC,1,0.0014886183914540423,0.009371115969835132,0.023728090120261624,1,1,1,2026-10-09 07:08:18.914558
2026-10-07 07:00:00,ZEC,24,0.06224279451458279,0.057613667182674605,0.11510953009746916,0,1,1,2026-10-09 07:08:18.914558
2026-10-07 08:00:00,ZEC,1,0.0048214750809521065,0.009297591877965986,0.023728090120261624,1,1,1,2026-10-09 07:08:18.914558
2026-10-07 08:00:00,ZEC,24,0.06627772736553253,0.057613667182674605,0.11510953009746916,0,1,1,2026-10-09 07:08:18.914558
2026-10-07 09:00:00,ZEC,1,0.0014405509944131715,0.009297591877965986,0.023728090120261624,1,1,1,2026-10-09 07:08:18.914558
2026-10-07 09:00:00,ZEC,24,0.06474542321974934,0.057613667182674605,0.11510953009746916,0,1,1,2026-10-09 07:08:18.914558
2026-10-07 10:00:00,ZEC,1,0.010632969149642586,0.009297591877965986,0.023728090120261624,0,1,1,2026-10-09 07:08:18.914558
2026-10-07 10:00:00,ZEC,24,0.07298438405621803,0.057613667182674605,0.11510953009746916,0,1,1,2026-10-09 07:08:18.914558
2026-10-07 11:00:00,ZEC,1,0.0029908456473074093,0.009297591877965986,0.023728090120261624,1,1,1,2026-10-09 07:08:18.914558
2026-10-07 11:00:00,ZEC,24,0.07741139637291573,0.057613667182674605,0.11510953009746916,0,1,1,2026-10-09 07:08:18.914558
2026-10-07 12:00:00,ZEC,1,0.012380514432860994,0.009231511118963667,0.023728090120261624,0,1,1,2026-10-09 07:08:18.914558
2026-10-07 12:00:00,ZEC,24,0.07432127132848378,0.057613667182674605,0.11510953009746916,0,1,1,2026-10-09 07:08:18.914558
2026-10-07 13:00:00,ZEC,1,0.006555367744121741,0.009297591877965986,0.023728090120261624,1,1,1,2026-10-09 07:08:18.914558
2026-10-07 13:00:00,ZEC,24,0.08858978181747158,0.057613667182674605,0.11510953009746916,0,1,1,2026-10-09 07:08:18.914558
2026-10-07 14:00:00,ZEC,1,0.00583497490931172,0.009231511118963667,0.023728090120261624,1,1,1,2026-10-09 07:08:18.914558
2026-10-07 14:00:00,ZEC,24,0.08976383721065075,0.057613667182674605,0.11510953009746916,0,1,1,2026-10-09 07:08:18.914558
2026-10-07 15:00:00,ZEC,1,0.006158981136079712,0.009231511118963667,0.023728090120261624,1,1,1,2026-10-09 07:08:18.914558
2026-10-07 15:00:00,ZEC,24,0.08813389883739664,0.057613667182674605,0.11510953009746916,0,1,1,2026-10-09 07:08:18.914558
2026-10-07 16:00:00,ZEC,1,0.00770656978645749,0.009207169926502275,0.023609971026662794,1,1,1,2026-10-09 07:08:18.914558
2026-10-07 16:00:00,ZEC,24,0.1739265624628101,0.057613667182674605,0.11510953009746916,0,0,1,2026-10-09 07:08:18.914558
2026-10-07 17:00:00,ZEC,1,0.007047460284650368,0.009191173988912915,0.023609971026662794,1,1,1,2026-10-09 07:08:18.914558
2026-10-07 17:00:00,ZEC,24,0.15522680501988886,0.057613667182674605,0.11510953009746916,0,0,1,2026-10-09 07:08:18.914558
2026-10-07 18:00:00,ZEC,1,0.012461125753150688,0.009191173988912915,0.023609971026662794,0,1,1,2026-10-09 07:08:18.914558
2026-10-07 18:00:00,ZEC,24,0.13908781132515596,0.057613667182674605,0.11510953009746916,0,0,1,2026-10-09 07:08:18.914558
2026-10-07 19:00:00,ZEC,1,0.0031814987406299294,0.009191173988912915,0.023609971026662794,1,1,1,2026-10-09 07:08:18.914558
2026-10-07 19:00:00,ZEC,24,0.14388123499742314,0.05750196600708836,0.11510953009746916,0,0,1,2026-10-09 07:08:18.914558
2026-10-07 20:00:00,ZEC,1,0.003657331362268769,0.009191173988912915,0.023609971026662794,1,1,1,2026-10-09 07:08:18.914558
2026-10-07 20:00:00,ZEC,24,0.12824950233427826,0.05750196600708836,0.11510953009746916,0,0,1,2026-10-09 07:08:18.914558
2026-10-07 21:00:00,ZEC,1,0.006503028093953626,0.009191173988912915,0.023609971026662794,1,1,1,2026-10-09 07:08:18.914558
2026-10-07 21:00:00,ZEC,24,0.11333472908206609,0.057257093194563756,0.11510953009746916,0,1,1,2026-10-09 07:08:18.914558
2026-10-07 22:00:00,ZEC,1,0.010626931813502064,0.009191173988912915,0.023609971026662794,0,1,1,2026-10-09 07:08:18.914558
2026-10-07 22:00:00,ZEC,24,0.09851506664465162,0.05649350773882751,0.11510953009746916,0,1,1,2026-10-09 07:08:18.914558
2026-10-07 23:00:00,ZEC,1,0.0008806494794124656,0.009191173988912915,0.023609971026662794,1,1,1,2026-10-09 07:08:18.914558
2026-10-07 23:00:00,ZEC,24,0.11104862477014571,0.05644555178938511,0.11510953009746916,0,1,1,2026-10-09 07:08:18.914558
2026-10-08 00:00:00,ZEC,1,0.0018767883042840323,0.009191173988912915,0.023609971026662794,1,1,1,2026-10-09 07:08:18.914558
2026-10-08 00:00:00,ZEC,24,0.11221302601462385,0.056279962116539996,0.11510953009746916,0,1,1,2026-10-09 07:08:18.914558
2026-10-08 01:00:00,ZEC,1,0.002341496907971797,0.009191173988912915,0.023609971026662794,1,1,1,2026-10-09 07:08:18.914558
2026-10-08 01:00:00,ZEC,24,0.11125492548434443,0.056279962116539996,0.11510953009746916,0,1,1,2026-10-09 07:08:18.914558
2026-10-08 02:00:00,ZEC,1,0.003461849295365455,0.009167408360454168,0.023609971026662794,1,1,1,2026-10-09 07:08:18.914558
2026-10-08 02:00:00,ZEC,24,0.10139494355644973,0.056279962116539996,0.11510953009746916,0,1,1,2026-10-09 07:08:18.914558
2026-10-08 03:00:00,ZEC,1,0.015470158378076271,0.009144751133088427,0.023609971026662794,0,1,1,2026-10-09 07:08:18.914558
2026-10-08 03:00:00,ZEC,24,0.08366571527064319,0.056279962116539996,0.11510953009746916,0,1,1,2026-10-09 07:08:18.914558
2026-10-08 04:00:00,ZEC,1,0.04392259967770383,0.009167408360454168,0.023609971026662794,0,0,1,2026-10-09 07:08:18.914558
2026-10-08 04:00:00,ZEC,24,0.06429245416244733,0.056279962116539996,0.11510953009746916,0,1,1,2026-10-09 07:08:18.914558
2026-10-08 05:00:00,ZEC,1,0.0025720946100258506,0.009167408360454168,0.023787629246708495,1,1,1,2026-10-09 07:08:18.914558
2026-10-08 05:00:00,ZEC,24,0.01845681113700216,0.056279962116539996,0.11510953009746916,1,1,1,2026-10-09 07:08:18.914558
2026-10-08 06:00:00,ZEC,1,0.0031839074465885007,0.009167408360454168,0.023787629246708495,1,1,1,2026-10-09 07:08:18.914558
2026-10-08 06:00:00,ZEC,24,0.0161390306390884,0.056279962116539996,0.11510953009746916,1,1,1,2026-10-09 07:08:18.914558
2026-10-08 07:00:00,ZEC,1,0.002546314459495496,0.009167408360454168,0.023787629246708495,1,1,1,2026-10-09 07:08:18.914558
2026-10-08 07:00:00,ZEC,24,0.013767390968843288,0.056279962116539996,0.11510953009746916,1,1,1,2026-10-09 07:08:18.914558
2026-10-08 08:00:00,ZEC,1,0.0032891709351690066,0.009167408360454168,0.023787629246708495,1,1,1,2026-10-09 07:08:18.914558
2026-10-08 09:00:00,ZEC,1,0.006798409842055368,0.009167408360454168,0.023787629246708495,1,1,1,2026-10-09 07:08:18.914558
2026-10-08 10:00:00,ZEC,1,0.0150599814663403,0.009144751133088427,0.023787629246708495,0,1,1,2026-10-09 07:08:18.914558
2026-10-08 11:00:00,ZEC,1,9.92793971245632e-05,0.009167408360454168,0.023787629246708495,1,1,1,2026-10-09 07:08:18.914558
2026-10-08 12:00:00,ZEC,1,0.0018879960561268548,0.009144751133088427,0.023787629246708495,1,1,1,2026-10-09 07:08:18.914558
2026-10-08 13:00:00,ZEC,1,0.005381312350942395,0.009144751133088427,0.023787629246708495,1,1,1,2026-10-09 07:08:18.914558
2026-10-08 14:00:00,ZEC,1,0.0042050365360576806,0.009144751133088427,0.023787629246708495,1,1,1,2026-10-09 07:08:18.914558
2026-10-08 15:00:00,ZEC,1,0.07963368248933371,0.009132758643308422,0.023787629246708495,0,0,1,2026-10-09 07:08:18.914558
2026-10-08 16:00:00,ZEC,1,0.010993187656463605,0.009144751133088427,0.024312849204225228,0,1,1,2026-10-09 07:08:18.914558
2026-10-08 17:00:00,ZEC,1,0.009091533410082502,0.009167408360454168,0.024312849204225228,1,1,1,2026-10-09 07:08:18.914558
2026-10-08 18:00:00,ZEC,1,0.00766770208088351,0.009144751133088427,0.024312849204225228,1,1,1,2026-10-09 07:08:18.914558
2026-10-08 19:00:00,ZEC,1,0.0188132314037747,0.009133017713540213,0.024312849204225228,0,1,1,2026-10-09 07:08:18.914558
2026-10-08 20:00:00,ZEC,1,0.01125744188994332,0.009133017713540213,0.024312849204225228,0,1,1,2026-10-09 07:08:18.914558
2026-10-08 21:00:00,ZEC,1,0.00831663434346083,0.009144751133088427,0.024312849204225228,1,1,1,2026-10-09 07:08:18.914558
2026-10-08 22:00:00,ZEC,1,0.0019066263119920698,0.009144751133088427,0.024312849204225228,1,1,1,2026-10-09 07:08:18.914558
2026-10-08 23:00:00,ZEC,1,0.002045050723890525,0.009133017713540213,0.024312849204225228,1,1,1,2026-10-09 07:08:18.914558
2026-10-09 00:00:00,ZEC,1,0.0009186877740045919,0.009133017713540213,0.024312849204225228,1,1,1,2026-10-09 07:08:18.914558
2026-10-09 01:00:00,ZEC,1,0.007518485019922989,0.009133017713540213,0.024312849204225228,1,1,1,2026-10-09 07:08:18.914558
2026-10-09 02:00:00,ZEC,1,0.014267378990440964,0.009133017713540213,0.024312849204225228,0,1,1,2026-10-09 07:08:18.914558
2026-10-09 03:00:00,ZEC,1,0.003903102730119523,0.009144751133088427,0.024312849204225228,1,1,1,2026-10-09 07:08:18.914558
2026-10-09 04:00:00,ZEC,1,0.0019130433477413898,0.009144751133088427,0.024312849204225228,1,1,1,2026-10-09 07:08:18.914558
2026-10-09 05:00:00,ZEC,1,0.0002543141121121331,0.009133017713540213,0.023787629246708495,1,1,1,2026-10-09 07:08:18.914558
2026-10-09 06:00:00,ZEC,1,0.005555547116833746,0.009091274339850273,0.023609971026662794,1,1,1,2026-10-09 07:08:18.914558
