issued_utc,as_of_utc,coin,base_close,h1_68,h1_95,h24_68,h24_95,n1,n24,source,late
2026-10-09 07:08:18.914558,2026-10-07 07:00:00,BTC,84229.67,0.00253545357285951,0.007487474822612049,0.012922026508542269,0.044749834352210464,720,720,https://data-api.binance.vision,1
2026-10-09 07:08:18.914558,2026-10-07 08:00:00,BTC,84145.17,0.002515996644296621,0.007487474822612049,0.012941541096597687,0.044749834352210464,720,720,https://data-api.binance.vision,1
2026-10-09 07:08:18.914558,2026-10-07 09:00:00,BTC,83952.42,0.002515996644296621,0.007487474822612049,0.012946995292011203,0.044749834352210464,720,720,https://data-api.binance.vision,1
2026-10-09 07:08:18.914558,2026-10-07 10:00:00,BTC,83804.0,0.002515996644296621,0.007487474822612049,0.012956250620774984,0.044749834352210464,720,720,https://data-api.binance.vision,1
2026-10-09 07:08:18.914558,2026-10-07 11:00:00,BTC,83747.06,0.002515996644296621,0.007487474822612049,0.012961545561361395,0.044749834352210464,720,720,https://data-api.binance.vision,1
2026-10-09 07:08:18.914558,2026-10-07 12:00:00,BTC,83740.15,0.002515996644296621,0.007487474822612049,0.012995981013498727,0.044749834352210464,720,720,https://data-api.binance.vision,1
2026-10-09 07:08:18.914558,2026-10-07 13:00:00,BTC,83491.97,0.00253545357285951,0.007487474822612049,0.013026978783913729,0.044749834352210464,720,720,https://data-api.binance.vision,1
2026-10-09 07:08:18.914558,2026-10-07 14:00:00,BTC,83192.01,0.00253545357285951,0.007487474822612049,0.01302979728740887,0.044749834352210464,720,720,https://data-api.binance.vision,1
2026-10-09 07:08:18.914558,2026-10-07 15:00:00,BTC,83010.45,0.00253545357285951,0.007487474822612049,0.01318461252264479,0.044749834352210464,720,720,https://data-api.binance.vision,1
2026-10-09 07:08:18.914558,2026-10-07 16:00:00,BTC,83454.24,0.00253545357285951,0.007487474822612049,0.013369601403442894,0.044749834352210464,720,720,https://data-api.binance.vision,1
2026-10-09 07:08:18.914558,2026-10-07 17:00:00,BTC,83386.09,0.002515996644296621,0.007487474822612049,0.0134417406815429,0.044749834352210464,720,720,https://data-api.binance.vision,1
2026-10-09 07:08:18.914558,2026-10-07 18:00:00,BTC,83158.99,0.00253545357285951,0.007487474822612049,0.013478476924854954,0.044749834352210464,720,720,https://data-api.binance.vision,1
2026-10-09 07:08:18.914558,2026-10-07 19:00:00,BTC,83422.02,0.002538259013519877,0.007487474822612049,0.01348629490116896,0.044749834352210464,720,720,https://data-api.binance.vision,1
2026-10-09 07:08:18.914558,2026-10-07 20:00:00,BTC,83434.68,0.002538259013519877,0.007487474822612049,0.01356704587191576,0.044749834352210464,720,720,https://data-api.binance.vision,1
2026-10-09 07:08:18.914558,2026-10-07 21:00:00,BTC,83432.01,0.002538259013519877,0.007487474822612049,0.01371566256082386,0.044749834352210464,720,720,https://data-api.binance.vision,1
2026-10-09 07:08:18.914558,2026-10-07 22:00:00,BTC,83159.21,0.002540559367570481,0.007487474822612049,0.01375715788522201,0.044749834352210464,720,720,https://data-api.binance.vision,1
2026-10-09 07:08:18.914558,2026-10-07 23:00:00,BTC,83225.89,0.002538259013519877,0.007487474822612049,0.01375715788522201,0.044749834352210464,720,720,https://data-api.binance.vision,1
2026-10-09 07:08:18.914558,2026-10-08 00:00:00,BTC,83321.81,0.002538259013519877,0.007487474822612049,0.01375715788522201,0.044749834352210464,720,720,https://data-api.binance.vision,1
2026-10-09 07:08:18.914558,2026-10-08 01:00:00,BTC,83369.84,0.00253545357285951,0.007487474822612049,0.013819229124198093,0.044749834352210464,720,720,https://data-api.binance.vision,1
2026-10-09 07:08:18.914558,2026-10-08 02:00:00,BTC,83099.21,0.002540456459218845,0.007487474822612049,0.013869951669946909,0.044749834352210464,720,720,https://data-api.binance.vision,1
2026-10-09 07:08:18.914558,2026-10-08 03:00:00,BTC,83168.01,0.00253545357285951,0.007487474822612049,0.013869951669946909,0.044749834352210464,720,720,https://data-api.binance.vision,1
2026-10-09 07:08:18.914558,2026-10-08 04:00:00,BTC,82757.0,0.002540456459218845,0.007487474822612049,0.01389744797826804,0.044749834352210464,720,720,https://data-api.binance.vision,1
2026-10-09 07:08:18.914558,2026-10-08 05:00:00,BTC,82652.01,0.00253545357285951,0.007487474822612049,0.013954703227734618,0.044749834352210464,720,720,https://data-api.binance.vision,1
2026-10-09 07:08:18.914558,2026-10-08 06:00:00,BTC,82684.01,0.00253545357285951,0.007487474822612049,0.013954703227734618,0.044749834352210464,720,720,https://data-api.binance.vision,1
2026-10-09 07:08:18.914558,2026-10-08 07:00:00,BTC,82885.38,0.002515996644296621,0.007487474822612049,0.013954703227734618,0.044749834352210464,720,720,https://data-api.binance.vision,1
2026-10-09 07:08:18.914558,2026-10-08 08:00:00,BTC,82998.75,0.002515996644296621,0.007487474822612049,0.013954703227734618,0.044749834352210464,720,720,https://data-api.binance.vision,1
2026-10-09 07:08:18.914558,2026-10-08 09:00:00,BTC,82866.05,0.002515996644296621,0.007487474822612049,0.013954703227734618,0.044749834352210464,720,720,https://data-api.binance.vision,1
2026-10-09 07:08:18.914558,2026-10-08 10:00:00,BTC,83119.48,0.002515996644296621,0.007487474822612049,0.013954703227734618,0.044749834352210464,720,720,https://data-api.binance.vision,1
2026-10-09 07:08:18.914558,2026-10-08 11:00:00,BTC,82734.0,0.00253545357285951,0.007487474822612049,0.013954703227734618,0.044749834352210464,720,720,https://data-api.binance.vision,1
2026-10-09 07:08:18.914558,2026-10-08 12:00:00,BTC,82506.01,0.002540456459218845,0.007487474822612049,0.014047936019893275,0.044749834352210464,720,720,https://data-api.binance.vision,1
2026-10-09 07:08:18.914558,2026-10-08 13:00:00,BTC,82310.0,0.002540456459218845,0.007487474822612049,0.014047936019893275,0.044749834352210464,720,720,https://data-api.binance.vision,1
2026-10-09 07:08:18.914558,2026-10-08 14:00:00,BTC,82182.01,0.00253545357285951,0.007487474822612049,0.013954703227734618,0.044749834352210464,720,720,https://data-api.binance.vision,1
2026-10-09 07:08:18.914558,2026-10-08 15:00:00,BTC,82704.0,0.00253545357285951,0.007477999018841874,0.013954703227734618,0.044749834352210464,720,720,https://data-api.binance.vision,1
2026-10-09 07:08:18.914558,2026-10-08 16:00:00,BTC,81037.99,0.00253545357285951,0.007487474822612049,0.014047936019893275,0.044749834352210464,720,720,https://data-api.binance.vision,1
2026-10-09 07:08:18.914558,2026-10-08 17:00:00,BTC,80953.84,0.00253545357285951,0.007487474822612049,0.014241674437521609,0.044749834352210464,720,720,https://data-api.binance.vision,1
2026-10-09 07:08:18.914558,2026-10-08 18:00:00,BTC,80748.46,0.00253545357285951,0.007487474822612049,0.01428203219927676,0.044749834352210464,720,720,https://data-api.binance.vision,1
2026-10-09 07:08:18.914558,2026-10-08 19:00:00,BTC,81512.0,0.002539973021844233,0.00751305353578262,0.014336812034224149,0.044749834352210464,720,720,https://data-api.binance.vision,1
2026-10-09 07:08:18.914558,2026-10-08 20:00:00,BTC,81775.52,0.0025407084117725987,0.00751305353578262,0.014358423355707342,0.044749834352210464,720,720,https://data-api.binance.vision,1
2026-10-09 07:08:18.914558,2026-10-08 21:00:00,BTC,81814.0,0.0025407084117725987,0.00751305353578262,0.014469394391182996,0.044749834352210464,720,720,https://data-api.binance.vision,1
2026-10-09 07:08:18.914558,2026-10-08 22:00:00,BTC,81713.98,0.0025407084117725987,0.00751305353578262,0.014514854341402256,0.044749834352210464,720,720,https://data-api.binance.vision,1
2026-10-09 07:08:18.914558,2026-10-08 23:00:00,BTC,81896.73,0.0025407084117725987,0.00751305353578262,0.014554931280167499,0.044749834352210464,720,720,https://data-api.binance.vision,1
2026-10-09 07:08:18.914558,2026-10-09 00:00:00,BTC,81754.45,0.0025407084117725987,0.00751305353578262,0.014617853984575825,0.044749834352210464,720,720,https://data-api.binance.vision,1
2026-10-09 07:08:18.914558,2026-10-09 01:00:00,BTC,81808.0,0.002539973021844233,0.00751305353578262,0.014629327626279059,0.044749834352210464,720,720,https://data-api.binance.vision,1
2026-10-09 07:08:18.914558,2026-10-09 02:00:00,BTC,81974.0,0.002539973021844233,0.00751305353578262,0.014629327626279059,0.044749834352210464,720,720,https://data-api.binance.vision,1
2026-10-09 07:08:18.914558,2026-10-09 03:00:00,BTC,82113.4,0.002539973021844233,0.00751305353578262,0.014629327626279059,0.044749834352210464,720,720,https://data-api.binance.vision,1
2026-10-09 07:08:18.914558,2026-10-09 04:00:00,BTC,82427.72,0.0025407084117725987,0.00751305353578262,0.014629327626279059,0.044749834352210464,720,720,https://data-api.binance.vision,1
2026-10-09 07:08:18.914558,2026-10-09 05:00:00,BTC,82250.01,0.002539973021844233,0.00751305353578262,0.014629327626279059,0.044749834352210464,720,720,https://data-api.binance.vision,1
2026-10-09 07:08:18.914558,2026-10-09 06:00:00,BTC,82352.39,0.00253545357285951,0.00751305353578262,0.014629327626279059,0.044749834352210464,720,720,https://data-api.binance.vision,1
2026-10-09 07:08:18.914558,2026-10-09 07:00:00,BTC,82574.75,0.00253545357285951,0.00751305353578262,0.014629327626279059,0.044749834352210464,720,720,https://data-api.binance.vision,0
2026-10-09 07:08:18.914558,2026-10-07 07:00:00,ETH,2618.0,0.003197433954561326,0.009049172094809637,0.016677368550104037,0.050718768732591415,720,720,https://data-api.binance.vision,1
2026-10-09 07:08:18.914558,2026-10-07 08:00:00,ETH,2616.32,0.0031889067736276646,0.009049172094809637,0.016760778632372225,0.050718768732591415,720,720,https://data-api.binance.vision,1
2026-10-09 07:08:18.914558,2026-10-07 09:00:00,ETH,2609.99,0.0031889067736276646,0.009049172094809637,0.016861335826470637,0.050718768732591415,720,720,https://data-api.binance.vision,1
2026-10-09 07:08:18.914558,2026-10-07 10:00:00,ETH,2596.99,0.003197433954561326,0.009049172094809637,0.016916776810929957,0.050718768732591415,720,720,https://data-api.binance.vision,1
2026-10-09 07:08:18.914558,2026-10-07 11:00:00,ETH,2579.89,0.0032166988684906887,0.009049172094809637,0.01698673528457115,0.050718768732591415,720,720,https://data-api.binance.vision,1
2026-10-09 07:08:18.914558,2026-10-07 12:00:00,ETH,2578.94,0.0032166988684906887,0.009049172094809637,0.017070566057353145,0.050998878914719846,720,720,https://data-api.binance.vision,1
2026-10-09 07:08:18.914558,2026-10-07 13:00:00,ETH,2572.94,0.003197433954561326,0.009049172094809637,0.01720068584590031,0.05108036946991555,720,720,https://data-api.binance.vision,1
2026-10-09 07:08:18.914558,2026-10-07 14:00:00,ETH,2569.44,0.003197433954561326,0.009049172094809637,0.01722060302868964,0.05113134989034589,720,720,https://data-api.binance.vision,1
2026-10-09 07:08:18.914558,2026-10-07 15:00:00,ETH,2563.8,0.0031889067736276646,0.009049172094809637,0.01741668513893814,0.051344647055967974,720,720,https://data-api.binance.vision,1
2026-10-09 07:08:18.914558,2026-10-07 16:00:00,ETH,2570.73,0.0031867077629998877,0.009049172094809637,0.01749544285676214,0.051344647055967974,720,720,https://data-api.binance.vision,1
2026-10-09 07:08:18.914558,2026-10-07 17:00:00,ETH,2568.52,0.003169327289271564,0.009049172094809637,0.017513356026153865,0.051344647055967974,720,720,https://data-api.binance.vision,1
2026-10-09 07:08:18.914558,2026-10-07 18:00:00,ETH,2551.63,0.003169327289271564,0.009049172094809637,0.01758878960299342,0.051462374500842505,720,720,https://data-api.binance.vision,1
2026-10-09 07:08:18.914558,2026-10-07 19:00:00,ETH,2562.98,0.0031867077629998877,0.009049172094809637,0.017604647202608594,0.051462374500842505,720,720,https://data-api.binance.vision,1
2026-10-09 07:08:18.914558,2026-10-07 20:00:00,ETH,2571.09,0.0031867077629998877,0.009049172094809637,0.017647125408425796,0.051462374500842505,720,720,https://data-api.binance.vision,1
2026-10-09 07:08:18.914558,2026-10-07 21:00:00,ETH,2574.52,0.0031867077629998877,0.009049172094809637,0.017658054227981567,0.051462374500842505,720,720,https://data-api.binance.vision,1
2026-10-09 07:08:18.914558,2026-10-07 22:00:00,ETH,2567.69,0.0031867077629998877,0.009049172094809637,0.017978169837900147,0.051462374500842505,720,720,https://data-api.binance.vision,1
2026-10-09 07:08:18.914558,2026-10-07 23:00:00,ETH,2569.8,0.003169327289271564,0.009049172094809637,0.01816753264320098,0.051462374500842505,720,720,https://data-api.binance.vision,1
2026-10-09 07:08:18.914558,2026-10-08 00:00:00,ETH,2574.14,0.003169327289271564,0.009049172094809637,0.018229650563315505,0.051462374500842505,720,720,https://data-api.binance.vision,1
2026-10-09 07:08:18.914558,2026-10-08 01:00:00,ETH,2575.75,0.003169327289271564,0.009049172094809637,0.01823836228163623,0.051462374500842505,720,720,https://data-api.binance.vision,1
2026-10-09 07:08:18.914558,2026-10-08 02:00:00,ETH,2578.04,0.003166378465462678,0.009049172094809637,0.01823948823132543,0.051462374500842505,720,720,https://data-api.binance.vision,1
2026-10-09 07:08:18.914558,2026-10-08 03:00:00,ETH,2580.32,0.003161836493742385,0.009049172094809637,0.01823948823132543,0.051462374500842505,720,720,https://data-api.binance.vision,1
2026-10-09 07:08:18.914558,2026-10-08 04:00:00,ETH,2564.34,0.003166378465462678,0.009049172094809637,0.01823948823132543,0.051462374500842505,720,720,https://data-api.binance.vision,1
2026-10-09 07:08:18.914558,2026-10-08 05:00:00,ETH,2562.56,0.003166378465462678,0.009049172094809637,0.018444415200828065,0.051462374500842505,720,720,https://data-api.binance.vision,1
2026-10-09 07:08:18.914558,2026-10-08 06:00:00,ETH,2561.65,0.003166378465462678,0.009049172094809637,0.018492644658892884,0.051462374500842505,720,720,https://data-api.binance.vision,1
2026-10-09 07:08:18.914558,2026-10-08 07:00:00,ETH,2566.75,0.003166378465462678,0.009049172094809637,0.018636680407135946,0.051462374500842505,720,720,https://data-api.binance.vision,1
2026-10-09 07:08:18.914558,2026-10-08 08:00:00,ETH,2568.41,0.003161836493742385,0.009049172094809637,0.018636680407135946,0.051462374500842505,720,720,https://data-api.binance.vision,1
2026-10-09 07:08:18.914558,2026-10-08 09:00:00,ETH,2560.08,0.003166378465462678,0.009049172094809637,0.018709252332514123,0.051462374500842505,720,720,https://data-api.binance.vision,1
2026-10-09 07:08:18.914558,2026-10-08 10:00:00,ETH,2567.93,0.003161836493742385,0.009049172094809637,0.018709252332514123,0.051462374500842505,720,720,https://data-api.binance.vision,1
2026-10-09 07:08:18.914558,2026-10-08 11:00:00,ETH,2551.39,0.003161836493742385,0.009049172094809637,0.018709252332514123,0.051462374500842505,720,720,https://data-api.binance.vision,1
2026-10-09 07:08:18.914558,2026-10-08 12:00:00,ETH,2537.43,0.003166378465462678,0.009049172094809637,0.018709252332514123,0.051462374500842505,720,720,https://data-api.binance.vision,1
2026-10-09 07:08:18.914558,2026-10-08 13:00:00,ETH,2530.11,0.003166378465462678,0.009049172094809637,0.018709252332514123,0.051462374500842505,720,720,https://data-api.binance.vision,1
2026-10-09 07:08:18.914558,2026-10-08 14:00:00,ETH,2522.31,0.003161836493742385,0.009049172094809637,0.018709252332514123,0.051462374500842505,720,720,https://data-api.binance.vision,1
2026-10-09 07:08:18.914558,2026-10-08 15:00:00,ETH,2531.72,0.003161836493742385,0.009026031677757906,0.018709252332514123,0.051462374500842505,720,720,https://data-api.binance.vision,1
2026-10-09 07:08:18.914558,2026-10-08 16:00:00,ETH,2435.66,0.003161836493742385,0.009049172094809637,0.01874725763281442,0.05159667983954974,720,720,https://data-api.binance.vision,1
2026-10-09 07:08:18.914558,2026-10-08 17:00:00,ETH,2416.5,0.003166378465462678,0.009049172094809637,0.018806177327207713,0.05298637468563686,720,720,https://data-api.binance.vision,1
2026-10-09 07:08:18.914558,2026-10-08 18:00:00,ETH,2418.25,0.003161836493742385,0.009049172094809637,0.018880389643934084,0.053230985114416846,720,720,https://data-api.binance.vision,1
2026-10-09 07:08:18.914558,2026-10-08 19:00:00,ETH,2447.26,0.003166378465462678,0.009200126374185158,0.018970670866870633,0.053230985114416846,720,720,https://data-api.binance.vision,1
2026-10-09 07:08:18.914558,2026-10-08 20:00:00,ETH,2464.59,0.003169327289271564,0.009200126374185158,0.019045556361888254,0.053230985114416846,720,720,https://data-api.binance.vision,1
2026-10-09 07:08:18.914558,2026-10-08 21:00:00,ETH,2474.91,0.0031867077629998877,0.009200126374185158,0.019271541576423138,0.053230985114416846,720,720,https://data-api.binance.vision,1
2026-10-09 07:08:18.914558,2026-10-08 22:00:00,ETH,2479.5,0.0031867077629998877,0.009200126374185158,0.019306505883501846,0.053230985114416846,720,720,https://data-api.binance.vision,1
2026-10-09 07:08:18.914558,2026-10-08 23:00:00,ETH,2476.35,0.0031867077629998877,0.009200126374185158,0.019366354713578223,0.053230985114416846,720,720,https://data-api.binance.vision,1
2026-10-09 07:08:18.914558,2026-10-09 00:00:00,ETH,2474.8,0.0031867077629998877,0.009200126374185158,0.019426882793744656,0.053230985114416846,720,720,https://data-api.binance.vision,1
2026-10-09 07:08:18.914558,2026-10-09 01:00:00,ETH,2478.22,0.003169327289271564,0.009200126374185158,0.01944188817420974,0.053230985114416846,720,720,https://data-api.binance.vision,1
2026-10-09 07:08:18.914558,2026-10-09 02:00:00,ETH,2482.17,0.003169327289271564,0.009200126374185158,0.01951454928724253,0.053230985114416846,720,720,https://data-api.binance.vision,1
2026-10-09 07:08:18.914558,2026-10-09 03:00:00,ETH,2489.68,0.003169327289271564,0.009200126374185158,0.01958092421889389,0.053230985114416846,720,720,https://data-api.binance.vision,1
2026-10-09 07:08:18.914558,2026-10-09 04:00:00,ETH,2493.69,0.003169327289271564,0.009200126374185158,0.019670110141364886,0.053230985114416846,720,720,https://data-api.binance.vision,1
2026-10-09 07:08:18.914558,2026-10-09 05:00:00,ETH,2487.4,0.003166378465462678,0.009200126374185158,0.019751677004127183,0.053230985114416846,720,720,https://data-api.binance.vision,1
2026-10-09 07:08:18.914558,2026-10-09 06:00:00,ETH,2491.18,0.003161836493742385,0.009200126374185158,0.019764710985702837,0.053230985114416846,720,720,https://data-api.binance.vision,1
2026-10-09 07:08:18.914558,2026-10-09 07:00:00,ETH,2499.62,0.003166378465462678,0.009200126374185158,0.0197697700927712,0.053230985114416846,720,720,https://data-api.binance.vision,0
2026-10-09 07:08:18.914558,2026-10-07 07:00:00,XRP,1.4751,0.005088079744603065,0.014134146781198655,0.02932753254317753,0.07981945461353791,720,720,https://data-api.binance.vision,1
2026-10-09 07:08:18.914558,2026-10-07 08:00:00,XRP,1.4721,0.005071956970734132,0.014134146781198655,0.02932753254317753,0.07981945461353791,720,720,https://data-api.binance.vision,1
2026-10-09 07:08:18.914558,2026-10-07 09:00:00,XRP,1.4626,0.005088079744603065,0.014134146781198655,0.02932753254317753,0.07981945461353791,720,720,https://data-api.binance.vision,1
2026-10-09 07:08:18.914558,2026-10-07 10:00:00,XRP,1.4546,0.005101312669258249,0.014134146781198655,0.0294018892406809,0.07981945461353791,720,720,https://data-api.binance.vision,1
2026-10-09 07:08:18.914558,2026-10-07 11:00:00,XRP,1.4509,0.005101312669258249,0.014134146781198655,0.029514075598161833,0.07981945461353791,720,720,https://data-api.binance.vision,1
2026-10-09 07:08:18.914558,2026-10-07 12:00:00,XRP,1.4471,0.005101312669258249,0.014134146781198655,0.029559223976419136,0.07981945461353791,720,720,https://data-api.binance.vision,1
2026-10-09 07:08:18.914558,2026-10-07 13:00:00,XRP,1.4449,0.005088079744603065,0.014134146781198655,0.02963663599117741,0.07981945461353791,720,720,https://data-api.binance.vision,1
2026-10-09 07:08:18.914558,2026-10-07 14:00:00,XRP,1.4337,0.005088079744603065,0.014134146781198655,0.029739725152434546,0.07981945461353791,720,720,https://data-api.binance.vision,1
2026-10-09 07:08:18.914558,2026-10-07 15:00:00,XRP,1.4268,0.005088079744603065,0.014134146781198655,0.02987369679237268,0.07981945461353791,720,720,https://data-api.binance.vision,1
2026-10-09 07:08:18.914558,2026-10-07 16:00:00,XRP,1.4346,0.005088079744603065,0.014134146781198655,0.030040921004714533,0.07981945461353791,720,720,https://data-api.binance.vision,1
2026-10-09 07:08:18.914558,2026-10-07 17:00:00,XRP,1.4292,0.005071956970734132,0.014134146781198655,0.030075619838836345,0.07981945461353791,720,720,https://data-api.binance.vision,1
2026-10-09 07:08:18.914558,2026-10-07 18:00:00,XRP,1.4191,0.005088079744603065,0.014134146781198655,0.03008001181191252,0.07981945461353791,720,720,https://data-api.binance.vision,1
2026-10-09 07:08:18.914558,2026-10-07 19:00:00,XRP,1.4258,0.005088079744603065,0.014134146781198655,0.030091556903329337,0.07981945461353791,720,720,https://data-api.binance.vision,1
2026-10-09 07:08:18.914558,2026-10-07 20:00:00,XRP,1.4184,0.005101312669258249,0.014134146781198655,0.030154807693594812,0.07981945461353791,720,720,https://data-api.binance.vision,1
2026-10-09 07:08:18.914558,2026-10-07 21:00:00,XRP,1.4226,0.005101312669258249,0.014134146781198655,0.03021428384636314,0.07981945461353791,720,720,https://data-api.binance.vision,1
2026-10-09 07:08:18.914558,2026-10-07 22:00:00,XRP,1.4143,0.005104982562657283,0.014134146781198655,0.03035160952713907,0.07981945461353791,720,720,https://data-api.binance.vision,1
2026-10-09 07:08:18.914558,2026-10-07 23:00:00,XRP,1.4175,0.005101312669258249,0.014134146781198655,0.030504746265664642,0.07981945461353791,720,720,https://data-api.binance.vision,1
2026-10-09 07:08:18.914558,2026-10-08 00:00:00,XRP,1.4215,0.005083339243717434,0.014134146781198655,0.030558406346710167,0.07981945461353791,720,720,https://data-api.binance.vision,1
2026-10-09 07:08:18.914558,2026-10-08 01:00:00,XRP,1.4238,0.005083339243717434,0.014134146781198655,0.03066742387465157,0.07981945461353791,720,720,https://data-api.binance.vision,1
2026-10-09 07:08:18.914558,2026-10-08 02:00:00,XRP,1.4232,0.005083339243717434,0.014134146781198655,0.03068523928954629,0.07981945461353791,720,720,https://data-api.binance.vision,1
2026-10-09 07:08:18.914558,2026-10-08 03:00:00,XRP,1.4263,0.005017366887333203,0.014134146781198655,0.03068523928954629,0.07981945461353791,720,720,https://data-api.binance.vision,1
2026-10-09 07:08:18.914558,2026-10-08 04:00:00,XRP,1.4169,0.005083339243717434,0.014134146781198655,0.030939722262255238,0.07981945461353791,720,720,https://data-api.binance.vision,1
2026-10-09 07:08:18.914558,2026-10-08 05:00:00,XRP,1.4016,0.005101312669258249,0.014134146781198655,0.03098384945649089,0.07981945461353791,720,720,https://data-api.binance.vision,1
2026-10-09 07:08:18.914558,2026-10-08 06:00:00,XRP,1.3997,0.005101312669258249,0.014134146781198655,0.031007758799492406,0.07981945461353791,720,720,https://data-api.binance.vision,1
2026-10-09 07:08:18.914558,2026-10-08 07:00:00,XRP,1.4062,0.005101312669258249,0.014134146781198655,0.031039935055840143,0.07981945461353791,720,720,https://data-api.binance.vision,1
2026-10-09 07:08:18.914558,2026-10-08 08:00:00,XRP,1.4078,0.005101312669258249,0.014134146781198655,0.03135881405176812,0.07981945461353791,720,720,https://data-api.binance.vision,1
2026-10-09 07:08:18.914558,2026-10-08 09:00:00,XRP,1.4113,0.005101312669258249,0.014134146781198655,0.03138961007709077,0.07981945461353791,720,720,https://data-api.binance.vision,1
2026-10-09 07:08:18.914558,2026-10-08 10:00:00,XRP,1.4163,0.005083339243717434,0.014134146781198655,0.03138961007709077,0.07981945461353791,720,720,https://data-api.binance.vision,1
2026-10-09 07:08:18.914558,2026-10-08 11:00:00,XRP,1.4023,0.005101312669258249,0.014134146781198655,0.03146004931524733,0.07981945461353791,720,720,https://data-api.binance.vision,1
2026-10-09 07:08:18.914558,2026-10-08 12:00:00,XRP,1.3976,0.005101312669258249,0.014134146781198655,0.03156141759059345,0.07981945461353791,720,720,https://data-api.binance.vision,1
2026-10-09 07:08:18.914558,2026-10-08 13:00:00,XRP,1.3958,0.005101312669258249,0.014134146781198655,0.03165886662796974,0.07981945461353791,720,720,https://data-api.binance.vision,1
2026-10-09 07:08:18.914558,2026-10-08 14:00:00,XRP,1.3992,0.005101312669258249,0.014134146781198655,0.03165886662796974,0.07981945461353791,720,720,https://data-api.binance.vision,1
2026-10-09 07:08:18.914558,2026-10-08 15:00:00,XRP,1.4047,0.005083339243717434,0.014134146781198655,0.03165886662796974,0.07981945461353791,720,720,https://data-api.binance.vision,1
2026-10-09 07:08:18.914558,2026-10-08 16:00:00,XRP,1.3464,0.005083339243717434,0.014298322661288332,0.03165886662796974,0.07981945461353791,720,720,https://data-api.binance.vision,1
2026-10-09 07:08:18.914558,2026-10-08 17:00:00,XRP,1.3441,0.005083339243717434,0.014298322661288332,0.031673824985567416,0.07981945461353791,720,720,https://data-api.binance.vision,1
2026-10-09 07:08:18.914558,2026-10-08 18:00:00,XRP,1.3267,0.005083339243717434,0.014298322661288332,0.03168131668856551,0.07981945461353791,720,720,https://data-api.binance.vision,1
2026-10-09 07:08:18.914558,2026-10-08 19:00:00,XRP,1.36,0.005101312669258249,0.014638328684101538,0.03205708362911445,0.07981945461353791,720,720,https://data-api.binance.vision,1
2026-10-09 07:08:18.914558,2026-10-08 20:00:00,XRP,1.373,0.005101312669258249,0.014638328684101538,0.032114881362569556,0.07981945461353791,720,720,https://data-api.binance.vision,1
2026-10-09 07:08:18.914558,2026-10-08 21:00:00,XRP,1.378,0.005083339243717434,0.014638328684101538,0.032114881362569556,0.07981945461353791,720,720,https://data-api.binance.vision,1
2026-10-09 07:08:18.914558,2026-10-08 22:00:00,XRP,1.377,0.005083339243717434,0.014638328684101538,0.032114881362569556,0.07981945461353791,720,720,https://data-api.binance.vision,1
2026-10-09 07:08:18.914558,2026-10-08 23:00:00,XRP,1.3829,0.005083339243717434,0.014638328684101538,0.032114881362569556,0.07981945461353791,720,720,https://data-api.binance.vision,1
2026-10-09 07:08:18.914558,2026-10-09 00:00:00,XRP,1.3805,0.005083339243717434,0.014638328684101538,0.032114881362569556,0.07981945461353791,720,720,https://data-api.binance.vision,1
2026-10-09 07:08:18.914558,2026-10-09 01:00:00,XRP,1.3881,0.005101312669258249,0.014638328684101538,0.032114881362569556,0.07981945461353791,720,720,https://data-api.binance.vision,1
2026-10-09 07:08:18.914558,2026-10-09 02:00:00,XRP,1.39,0.005101312669258249,0.014638328684101538,0.032114881362569556,0.07981945461353791,720,720,https://data-api.binance.vision,1
2026-10-09 07:08:18.914558,2026-10-09 03:00:00,XRP,1.3921,0.005101312669258249,0.014638328684101538,0.032114881362569556,0.07981945461353791,720,720,https://data-api.binance.vision,1
2026-10-09 07:08:18.914558,2026-10-09 04:00:00,XRP,1.3956,0.005101312669258249,0.014638328684101538,0.032114881362569556,0.07981945461353791,720,720,https://data-api.binance.vision,1
2026-10-09 07:08:18.914558,2026-10-09 05:00:00,XRP,1.3919,0.005083339243717434,0.014638328684101538,0.032070771394245835,0.07981945461353791,720,720,https://data-api.binance.vision,1
2026-10-09 07:08:18.914558,2026-10-09 06:00:00,XRP,1.3967,0.005017366887333203,0.014638328684101538,0.032070771394245835,0.07981945461353791,720,720,https://data-api.binance.vision,1
2026-10-09 07:08:18.914558,2026-10-09 07:00:00,XRP,1.4004,0.005017366887333203,0.014638328684101538,0.031839322960679727,0.07981945461353791,720,720,https://data-api.binance.vision,0
2026-10-09 07:08:18.914558,2026-10-07 07:00:00,BNB,768.6,0.0031406422530873357,0.007564791568862892,0.017216612557614475,0.039552769266806294,720,720,https://data-api.binance.vision,1
2026-10-09 07:08:18.914558,2026-10-07 08:00:00,BNB,775.19,0.003142152813612924,0.007601460231888967,0.017216612557614475,0.039552769266806294,720,720,https://data-api.binance.vision,1
2026-10-09 07:08:18.914558,2026-10-07 09:00:00,BNB,772.57,0.0031465454651549507,0.007601460231888967,0.017216612557614475,0.039552769266806294,720,720,https://data-api.binance.vision,1
2026-10-09 07:08:18.914558,2026-10-07 10:00:00,BNB,769.69,0.0031465454651549507,0.007601460231888967,0.017216612557614475,0.039552769266806294,720,720,https://data-api.binance.vision,1
2026-10-09 07:08:18.914558,2026-10-07 11:00:00,BNB,767.07,0.0031756458862098927,0.007601460231888967,0.017216612557614475,0.039552769266806294,720,720,https://data-api.binance.vision,1
2026-10-09 07:08:18.914558,2026-10-07 12:00:00,BNB,767.85,0.0031756458862098927,0.007601460231888967,0.017216612557614475,0.039552769266806294,720,720,https://data-api.binance.vision,1
2026-10-09 07:08:18.914558,2026-10-07 13:00:00,BNB,767.43,0.0031756458862098927,0.007601460231888967,0.01724200606564537,0.039552769266806294,720,720,https://data-api.binance.vision,1
2026-10-09 07:08:18.914558,2026-10-07 14:00:00,BNB,767.63,0.0031756458862098927,0.007601460231888967,0.01736422951526971,0.039552769266806294,720,720,https://data-api.binance.vision,1
2026-10-09 07:08:18.914558,2026-10-07 15:00:00,BNB,766.52,0.0031756458862098927,0.007601460231888967,0.017389266813434348,0.039552769266806294,720,720,https://data-api.binance.vision,1
2026-10-09 07:08:18.914558,2026-10-07 16:00:00,BNB,769.75,0.0031756458862098927,0.007564791568862892,0.017389266813434348,0.039552769266806294,720,720,https://data-api.binance.vision,1
2026-10-09 07:08:18.914558,2026-10-07 17:00:00,BNB,771.29,0.0031465454651549507,0.007564791568862892,0.017389266813434348,0.039552769266806294,720,720,https://data-api.binance.vision,1
2026-10-09 07:08:18.914558,2026-10-07 18:00:00,BNB,769.46,0.0031465454651549507,0.007564791568862892,0.017389266813434348,0.039552769266806294,720,720,https://data-api.binance.vision,1
2026-10-09 07:08:18.914558,2026-10-07 19:00:00,BNB,772.43,0.0031756458862098927,0.007564791568862892,0.017389266813434348,0.039552769266806294,720,720,https://data-api.binance.vision,1
2026-10-09 07:08:18.914558,2026-10-07 20:00:00,BNB,771.27,0.0031756458862098927,0.007564791568862892,0.017389266813434348,0.039552769266806294,720,720,https://data-api.binance.vision,1
2026-10-09 07:08:18.914558,2026-10-07 21:00:00,BNB,771.15,0.0031756458862098927,0.007564791568862892,0.017389266813434348,0.039552769266806294,720,720,https://data-api.binance.vision,1
2026-10-09 07:08:18.914558,2026-10-07 22:00:00,BNB,769.47,0.0031756458862098927,0.007564791568862892,0.017389266813434348,0.039552769266806294,720,720,https://data-api.binance.vision,1
2026-10-09 07:08:18.914558,2026-10-07 23:00:00,BNB,771.99,0.0031849908329559186,0.007564791568862892,0.01736422951526971,0.039552769266806294,720,720,https://data-api.binance.vision,1
2026-10-09 07:08:18.914558,2026-10-08 00:00:00,BNB,772.45,0.0031849908329559186,0.007564791568862892,0.01724200606564537,0.039552769266806294,720,720,https://data-api.binance.vision,1
2026-10-09 07:08:18.914558,2026-10-08 01:00:00,BNB,774.07,0.0031849908329559186,0.007564791568862892,0.01724200606564537,0.039552769266806294,720,720,https://data-api.binance.vision,1
2026-10-09 07:08:18.914558,2026-10-08 02:00:00,BNB,772.4,0.0031849908329559186,0.007564791568862892,0.01724200606564537,0.039552769266806294,720,720,https://data-api.binance.vision,1
2026-10-09 07:08:18.914558,2026-10-08 03:00:00,BNB,773.51,0.0031756458862098927,0.007564791568862892,0.01724200606564537,0.039552769266806294,720,720,https://data-api.binance.vision,1
2026-10-09 07:08:18.914558,2026-10-08 04:00:00,BNB,769.67,0.0031756458862098927,0.007564791568862892,0.01724200606564537,0.039552769266806294,720,720,https://data-api.binance.vision,1
2026-10-09 07:08:18.914558,2026-10-08 05:00:00,BNB,766.95,0.0031756458862098927,0.007564791568862892,0.01724200606564537,0.039552769266806294,720,720,https://data-api.binance.vision,1
2026-10-09 07:08:18.914558,2026-10-08 06:00:00,BNB,767.56,0.0031465454651549507,0.007564791568862892,0.01724200606564537,0.039552769266806294,720,720,https://data-api.binance.vision,1
2026-10-09 07:08:18.914558,2026-10-08 07:00:00,BNB,769.13,0.003142152813612924,0.007564791568862892,0.01724200606564537,0.039552769266806294,720,720,https://data-api.binance.vision,1
2026-10-09 07:08:18.914558,2026-10-08 08:00:00,BNB,768.97,0.0031406422530873357,0.007527323149045582,0.01724200606564537,0.039552769266806294,720,720,https://data-api.binance.vision,1
2026-10-09 07:08:18.914558,2026-10-08 09:00:00,BNB,767.24,0.0031406422530873357,0.007527323149045582,0.01724200606564537,0.039552769266806294,720,720,https://data-api.binance.vision,1
2026-10-09 07:08:18.914558,2026-10-08 10:00:00,BNB,769.25,0.0031406422530873357,0.007527323149045582,0.01724200606564537,0.039552769266806294,720,720,https://data-api.binance.vision,1
2026-10-09 07:08:18.914558,2026-10-08 11:00:00,BNB,765.83,0.003142152813612924,0.007527323149045582,0.01724200606564537,0.039552769266806294,720,720,https://data-api.binance.vision,1
2026-10-09 07:08:18.914558,2026-10-08 12:00:00,BNB,762.21,0.003142152813612924,0.007527323149045582,0.01724200606564537,0.039552769266806294,720,720,https://data-api.binance.vision,1
2026-10-09 07:08:18.914558,2026-10-08 13:00:00,BNB,759.37,0.0031465454651549507,0.007527323149045582,0.01724200606564537,0.039552769266806294,720,720,https://data-api.binance.vision,1
2026-10-09 07:08:18.914558,2026-10-08 14:00:00,BNB,756.6,0.0031465454651549507,0.007527323149045582,0.01724200606564537,0.039552769266806294,720,720,https://data-api.binance.vision,1
2026-10-09 07:08:18.914558,2026-10-08 15:00:00,BNB,757.33,0.003142152813612924,0.007527323149045582,0.01724200606564537,0.039552769266806294,720,720,https://data-api.binance.vision,1
2026-10-09 07:08:18.914558,2026-10-08 16:00:00,BNB,731.42,0.003142152813612924,0.007564791568862892,0.01724200606564537,0.03986767195420618,720,720,https://data-api.binance.vision,1
2026-10-09 07:08:18.914558,2026-10-08 17:00:00,BNB,724.7,0.0031465454651549507,0.007601460231888967,0.01724200606564537,0.040172201446311916,720,720,https://data-api.binance.vision,1
2026-10-09 07:08:18.914558,2026-10-08 18:00:00,BNB,722.43,0.003142152813612924,0.007601460231888967,0.01736422951526971,0.0402422475532948,720,720,https://data-api.binance.vision,1
2026-10-09 07:08:18.914558,2026-10-08 19:00:00,BNB,727.48,0.003142152813612924,0.007601460231888967,0.017389266813434348,0.040929906382600294,720,720,https://data-api.binance.vision,1
2026-10-09 07:08:18.914558,2026-10-08 20:00:00,BNB,730.29,0.0031465454651549507,0.007601460231888967,0.017419845365128524,0.042083514860199456,720,720,https://data-api.binance.vision,1
2026-10-09 07:08:18.914558,2026-10-08 21:00:00,BNB,734.31,0.0031756458862098927,0.007601460231888967,0.01750603435674043,0.04264202419302333,720,720,https://data-api.binance.vision,1
2026-10-09 07:08:18.914558,2026-10-08 22:00:00,BNB,734.5,0.0031756458862098927,0.007601460231888967,0.01755113655921389,0.04309748026917126,720,720,https://data-api.binance.vision,1
2026-10-09 07:08:18.914558,2026-10-08 23:00:00,BNB,737.14,0.0031756458862098927,0.007601460231888967,0.01755113655921389,0.043299781232241076,720,720,https://data-api.binance.vision,1
2026-10-09 07:08:18.914558,2026-10-09 00:00:00,BNB,736.08,0.0031465454651549507,0.007601460231888967,0.017583015265838386,0.043517532621370925,720,720,https://data-api.binance.vision,1
2026-10-09 07:08:18.914558,2026-10-09 01:00:00,BNB,735.27,0.003142152813612924,0.007601460231888967,0.017583015265838386,0.04367992669539568,720,720,https://data-api.binance.vision,1
2026-10-09 07:08:18.914558,2026-10-09 02:00:00,BNB,736.95,0.003142152813612924,0.007601460231888967,0.017619132250666688,0.04407375432337155,720,720,https://data-api.binance.vision,1
2026-10-09 07:08:18.914558,2026-10-09 03:00:00,BNB,740.22,0.003142152813612924,0.007601460231888967,0.017619132250666688,0.04407375432337155,720,720,https://data-api.binance.vision,1
2026-10-09 07:08:18.914558,2026-10-09 04:00:00,BNB,741.04,0.003142152813612924,0.007601460231888967,0.0176953158505479,0.04407375432337155,720,720,https://data-api.binance.vision,1
2026-10-09 07:08:18.914558,2026-10-09 05:00:00,BNB,740.33,0.0031414049428792625,0.007601460231888967,0.017811754063223714,0.04407375432337155,720,720,https://data-api.binance.vision,1
2026-10-09 07:08:18.914558,2026-10-09 06:00:00,BNB,742.55,0.0031364839457393504,0.007601460231888967,0.01786871843148887,0.04407375432337155,720,720,https://data-api.binance.vision,1
2026-10-09 07:08:18.914558,2026-10-09 07:00:00,BNB,743.41,0.003127349977284837,0.007601460231888967,0.018177841004702662,0.04407375432337155,720,720,https://data-api.binance.vision,0
2026-10-09 07:08:18.914558,2026-10-07 07:00:00,SOL,118.8,0.004391596114021113,0.011934193307989234,0.025950383084133027,0.060069905658923534,720,720,https://data-api.binance.vision,1
2026-10-09 07:08:18.914558,2026-10-07 08:00:00,SOL,118.63,0.004334846979793703,0.011934193307989234,0.025950383084133027,0.060069905658923534,720,720,https://data-api.binance.vision,1
2026-10-09 07:08:18.914558,2026-10-07 09:00:00,SOL,118.25,0.004334846979793703,0.011934193307989234,0.025950383084133027,0.060069905658923534,720,720,https://data-api.binance.vision,1
2026-10-09 07:08:18.914558,2026-10-07 10:00:00,SOL,117.77,0.004334846979793703,0.011934193307989234,0.025950383084133027,0.060069905658923534,720,720,https://data-api.binance.vision,1
2026-10-09 07:08:18.914558,2026-10-07 11:00:00,SOL,117.66,0.004334846979793703,0.011934193307989234,0.025950383084133027,0.060069905658923534,720,720,https://data-api.binance.vision,1
2026-10-09 07:08:18.914558,2026-10-07 12:00:00,SOL,117.34,0.004334846979793703,0.011934193307989234,0.025950383084133027,0.060069905658923534,720,720,https://data-api.binance.vision,1
2026-10-09 07:08:18.914558,2026-10-07 13:00:00,SOL,116.39,0.004334846979793703,0.011934193307989234,0.026011597286441868,0.060069905658923534,720,720,https://data-api.binance.vision,1
2026-10-09 07:08:18.914558,2026-10-07 14:00:00,SOL,116.21,0.004330651946248416,0.011934193307989234,0.026137857494391018,0.060069905658923534,720,720,https://data-api.binance.vision,1
2026-10-09 07:08:18.914558,2026-10-07 15:00:00,SOL,115.87,0.004330651946248416,0.011934193307989234,0.026160754291135277,0.060069905658923534,720,720,https://data-api.binance.vision,1
2026-10-09 07:08:18.914558,2026-10-07 16:00:00,SOL,116.79,0.004330651946248416,0.011925546267897724,0.026187171360606106,0.060069905658923534,720,720,https://data-api.binance.vision,1
2026-10-09 07:08:18.914558,2026-10-07 17:00:00,SOL,116.81,0.004311397336268997,0.011925546267897724,0.026233953653858458,0.060069905658923534,720,720,https://data-api.binance.vision,1
2026-10-09 07:08:18.914558,2026-10-07 18:00:00,SOL,116.34,0.004311397336268997,0.011925546267897724,0.026325332191632706,0.060069905658923534,720,720,https://data-api.binance.vision,1
2026-10-09 07:08:18.914558,2026-10-07 19:00:00,SOL,116.13,0.004311397336268997,0.011925546267897724,0.026518697830962758,0.060069905658923534,720,720,https://data-api.binance.vision,1
2026-10-09 07:08:18.914558,2026-10-07 20:00:00,SOL,115.86,0.004311397336268997,0.011925546267897724,0.026564453241348176,0.060069905658923534,720,720,https://data-api.binance.vision,1
2026-10-09 07:08:18.914558,2026-10-07 21:00:00,SOL,116.2,0.004311397336268997,0.011925546267897724,0.026648171135138086,0.060069905658923534,720,720,https://data-api.binance.vision,1
2026-10-09 07:08:18.914558,2026-10-07 22:00:00,SOL,115.59,0.004330651946248416,0.011925546267897724,0.026655227113435157,0.060069905658923534,720,720,https://data-api.binance.vision,1
2026-10-09 07:08:18.914558,2026-10-07 23:00:00,SOL,116.0,0.004330651946248416,0.011925546267897724,0.02667567881210209,0.060069905658923534,720,720,https://data-api.binance.vision,1
2026-10-09 07:08:18.914558,2026-10-08 00:00:00,SOL,116.3,0.004330651946248416,0.011925546267897724,0.026694504122186945,0.060069905658923534,720,720,https://data-api.binance.vision,1
2026-10-09 07:08:18.914558,2026-10-08 01:00:00,SOL,116.42,0.004330651946248416,0.011925546267897724,0.026864587938011313,0.060069905658923534,720,720,https://data-api.binance.vision,1
2026-10-09 07:08:18.914558,2026-10-08 02:00:00,SOL,116.1,0.004330651946248416,0.011925546267897724,0.026864587938011313,0.060069905658923534,720,720,https://data-api.binance.vision,1
2026-10-09 07:08:18.914558,2026-10-08 03:00:00,SOL,116.49,0.004311397336268997,0.011925546267897724,0.026864587938011313,0.060069905658923534,720,720,https://data-api.binance.vision,1
2026-10-09 07:08:18.914558,2026-10-08 04:00:00,SOL,115.73,0.004330651946248416,0.011925546267897724,0.026864587938011313,0.060069905658923534,720,720,https://data-api.binance.vision,1
2026-10-09 07:08:18.914558,2026-10-08 05:00:00,SOL,114.98,0.004334846979793703,0.011925546267897724,0.026864587938011313,0.060069905658923534,720,720,https://data-api.binance.vision,1
2026-10-09 07:08:18.914558,2026-10-08 06:00:00,SOL,114.89,0.004334846979793703,0.011925546267897724,0.026945507515001854,0.060069905658923534,720,720,https://data-api.binance.vision,1
2026-10-09 07:08:18.914558,2026-10-08 07:00:00,SOL,115.34,0.004334846979793703,0.011925546267897724,0.027041903763163334,0.060069905658923534,720,720,https://data-api.binance.vision,1
2026-10-09 07:08:18.914558,2026-10-08 08:00:00,SOL,114.95,0.004334846979793703,0.011925546267897724,0.027053434733465713,0.060069905658923534,720,720,https://data-api.binance.vision,1
2026-10-09 07:08:18.914558,2026-10-08 09:00:00,SOL,114.9,0.004334846979793703,0.011925546267897724,0.027062674370769778,0.060069905658923534,720,720,https://data-api.binance.vision,1
2026-10-09 07:08:18.914558,2026-10-08 10:00:00,SOL,115.19,0.004330651946248416,0.011925546267897724,0.027062674370769778,0.060069905658923534,720,720,https://data-api.binance.vision,1
2026-10-09 07:08:18.914558,2026-10-08 11:00:00,SOL,114.41,0.004334846979793703,0.011925546267897724,0.027082403799752932,0.060069905658923534,720,720,https://data-api.binance.vision,1
2026-10-09 07:08:18.914558,2026-10-08 12:00:00,SOL,113.15,0.004334846979793703,0.011925546267897724,0.02711542569047778,0.060069905658923534,720,720,https://data-api.binance.vision,1
2026-10-09 07:08:18.914558,2026-10-08 13:00:00,SOL,112.49,0.004391596114021113,0.011925546267897724,0.02731011133183478,0.060069905658923534,720,720,https://data-api.binance.vision,1
2026-10-09 07:08:18.914558,2026-10-08 14:00:00,SOL,112.27,0.004391596114021113,0.011925546267897724,0.027373789800074582,0.060069905658923534,720,720,https://data-api.binance.vision,1
2026-10-09 07:08:18.914558,2026-10-08 15:00:00,SOL,112.52,0.004334846979793703,0.011925546267897724,0.027384502218727954,0.060069905658923534,720,720,https://data-api.binance.vision,1
2026-10-09 07:08:18.914558,2026-10-08 16:00:00,SOL,108.57,0.004334846979793703,0.011934193307989234,0.027393625874929158,0.060411449559989304,720,720,https://data-api.binance.vision,1
2026-10-09 07:08:18.914558,2026-10-08 17:00:00,SOL,107.69,0.004391596114021113,0.011934193307989234,0.027413684413561366,0.06244003605698093,720,720,https://data-api.binance.vision,1
2026-10-09 07:08:18.914558,2026-10-08 18:00:00,SOL,106.37,0.004391596114021113,0.012026122747701954,0.027441465082496775,0.06308625638280614,720,720,https://data-api.binance.vision,1
2026-10-09 07:08:18.914558,2026-10-08 19:00:00,SOL,108.09,0.004400825117740368,0.012189409691294178,0.027446056641753664,0.06383683730264807,720,720,https://data-api.binance.vision,1
2026-10-09 07:08:18.914558,2026-10-08 20:00:00,SOL,109.17,0.004419626766849376,0.012189409691294178,0.027476821364322748,0.06383683730264807,720,720,https://data-api.binance.vision,1
2026-10-09 07:08:18.914558,2026-10-08 21:00:00,SOL,109.88,0.004422153330923955,0.012189409691294178,0.02752863666143774,0.06383683730264807,720,720,https://data-api.binance.vision,1
2026-10-09 07:08:18.914558,2026-10-08 22:00:00,SOL,110.65,0.004423953553342805,0.012189409691294178,0.02755010123151588,0.06383683730264807,720,720,https://data-api.binance.vision,1
2026-10-09 07:08:18.914558,2026-10-08 23:00:00,SOL,110.35,0.004423953553342805,0.012189409691294178,0.02756532863329637,0.06383683730264807,720,720,https://data-api.binance.vision,1
2026-10-09 07:08:18.914558,2026-10-09 00:00:00,SOL,109.62,0.004424131023528553,0.012189409691294178,0.027696760627106902,0.06383683730264807,720,720,https://data-api.binance.vision,1
2026-10-09 07:08:18.914558,2026-10-09 01:00:00,SOL,109.32,0.004424131023528553,0.012189409691294178,0.02786264473518331,0.06383683730264807,720,720,https://data-api.binance.vision,1
2026-10-09 07:08:18.914558,2026-10-09 02:00:00,SOL,109.45,0.004424131023528553,0.012189409691294178,0.027936791349972658,0.06383683730264807,720,720,https://data-api.binance.vision,1
2026-10-09 07:08:18.914558,2026-10-09 03:00:00,SOL,110.32,0.004463798530086365,0.012189409691294178,0.027978324202467937,0.06383683730264807,720,720,https://data-api.binance.vision,1
2026-10-09 07:08:18.914558,2026-10-09 04:00:00,SOL,110.44,0.004463798530086365,0.012189409691294178,0.028008290123583076,0.06383683730264807,720,720,https://data-api.binance.vision,1
2026-10-09 07:08:18.914558,2026-10-09 05:00:00,SOL,109.91,0.004463798530086365,0.012189409691294178,0.028022529492219752,0.06383683730264807,720,720,https://data-api.binance.vision,1
2026-10-09 07:08:18.914558,2026-10-09 06:00:00,SOL,110.3,0.004463798530086365,0.012189409691294178,0.028041775319483424,0.06383683730264807,720,720,https://data-api.binance.vision,1
2026-10-09 07:08:18.914558,2026-10-09 07:00:00,SOL,110.65,0.004463798530086365,0.012189409691294178,0.028073351705706562,0.06383683730264807,720,720,https://data-api.binance.vision,0
2026-10-09 07:08:18.914558,2026-10-07 07:00:00,DOGE,0.09079,0.00528758643719403,0.015784132178128307,0.029656595397810372,0.07998815607509162,720,720,https://data-api.binance.vision,1
2026-10-09 07:08:18.914558,2026-10-07 08:00:00,DOGE,0.0909,0.00528758643719403,0.015784132178128307,0.029826323361566234,0.07998815607509162,720,720,https://data-api.binance.vision,1
2026-10-09 07:08:18.914558,2026-10-07 09:00:00,DOGE,0.09044,0.00528758643719403,0.015784132178128307,0.029851986819583943,0.07998815607509162,720,720,https://data-api.binance.vision,1
2026-10-09 07:08:18.914558,2026-10-07 10:00:00,DOGE,0.08966,0.005296766060977323,0.015784132178128307,0.029918375259913883,0.07998815607509162,720,720,https://data-api.binance.vision,1
2026-10-09 07:08:18.914558,2026-10-07 11:00:00,DOGE,0.08944,0.005296766060977323,0.015784132178128307,0.03006433457552355,0.07998815607509162,720,720,https://data-api.binance.vision,1
2026-10-09 07:08:18.914558,2026-10-07 12:00:00,DOGE,0.08889,0.00530739674510972,0.015784132178128307,0.030080312483204228,0.07998815607509162,720,720,https://data-api.binance.vision,1
2026-10-09 07:08:18.914558,2026-10-07 13:00:00,DOGE,0.08876,0.005296766060977323,0.015716953734522462,0.030462437055270884,0.07998815607509162,720,720,https://data-api.binance.vision,1
2026-10-09 07:08:18.914558,2026-10-07 14:00:00,DOGE,0.08857,0.005296766060977323,0.015716953734522462,0.03051476553223712,0.08022500818057196,720,720,https://data-api.binance.vision,1
2026-10-09 07:08:18.914558,2026-10-07 15:00:00,DOGE,0.0882,0.005296766060977323,0.015716953734522462,0.03063805827212939,0.08045888718512961,720,720,https://data-api.binance.vision,1
2026-10-09 07:08:18.914558,2026-10-07 16:00:00,DOGE,0.08884,0.005296766060977323,0.01570276439706022,0.03068716772458935,0.08045888718512961,720,720,https://data-api.binance.vision,1
2026-10-09 07:08:18.914558,2026-10-07 17:00:00,DOGE,0.08861,0.00528758643719403,0.01570276439706022,0.03077418285642702,0.08045888718512961,720,720,https://data-api.binance.vision,1
2026-10-09 07:08:18.914558,2026-10-07 18:00:00,DOGE,0.0884,0.00528758643719403,0.01570276439706022,0.030808047019519436,0.08045888718512961,720,720,https://data-api.binance.vision,1
2026-10-09 07:08:18.914558,2026-10-07 19:00:00,DOGE,0.08858,0.00528758643719403,0.01570276439706022,0.030882438906382786,0.08045888718512961,720,720,https://data-api.binance.vision,1
2026-10-09 07:08:18.914558,2026-10-07 20:00:00,DOGE,0.08848,0.00528670574387414,0.01570276439706022,0.030979230096043035,0.08045888718512961,720,720,https://data-api.binance.vision,1
2026-10-09 07:08:18.914558,2026-10-07 21:00:00,DOGE,0.08891,0.00528670574387414,0.01570276439706022,0.03102575984344669,0.08045888718512961,720,720,https://data-api.binance.vision,1
2026-10-09 07:08:18.914558,2026-10-07 22:00:00,DOGE,0.0885,0.00528670574387414,0.01570276439706022,0.031296415664172586,0.08045888718512961,720,720,https://data-api.binance.vision,1
2026-10-09 07:08:18.914558,2026-10-07 23:00:00,DOGE,0.08876,0.00528670574387414,0.01570276439706022,0.03132007533829976,0.08045888718512961,720,720,https://data-api.binance.vision,1
2026-10-09 07:08:18.914558,2026-10-08 00:00:00,DOGE,0.08904,0.00528670574387414,0.01570276439706022,0.03146055865145766,0.08045888718512961,720,720,https://data-api.binance.vision,1
2026-10-09 07:08:18.914558,2026-10-08 01:00:00,DOGE,0.08937,0.00528496324334359,0.01570276439706022,0.03148693471748242,0.08045888718512961,720,720,https://data-api.binance.vision,1
2026-10-09 07:08:18.914558,2026-10-08 02:00:00,DOGE,0.089,0.00528496324334359,0.01570276439706022,0.03148693471748242,0.08045888718512961,720,720,https://data-api.binance.vision,1
2026-10-09 07:08:18.914558,2026-10-08 03:00:00,DOGE,0.08909,0.005264664245172988,0.01570276439706022,0.03148693471748242,0.08045888718512961,720,720,https://data-api.binance.vision,1
2026-10-09 07:08:18.914558,2026-10-08 04:00:00,DOGE,0.0886,0.00528496324334359,0.01570276439706022,0.03148693471748242,0.08045888718512961,720,720,https://data-api.binance.vision,1
2026-10-09 07:08:18.914558,2026-10-08 05:00:00,DOGE,0.08737,0.00528670574387414,0.01570276439706022,0.03148693471748242,0.08045888718512961,720,720,https://data-api.binance.vision,1
2026-10-09 07:08:18.914558,2026-10-08 06:00:00,DOGE,0.08711,0.00528670574387414,0.01570276439706022,0.03154049023864375,0.08045888718512961,720,720,https://data-api.binance.vision,1
2026-10-09 07:08:18.914558,2026-10-08 07:00:00,DOGE,0.08761,0.00528758643719403,0.01570276439706022,0.03180963753639427,0.08045888718512961,720,720,https://data-api.binance.vision,1
2026-10-09 07:08:18.914558,2026-10-08 08:00:00,DOGE,0.08768,0.00528758643719403,0.01570276439706022,0.03209234392193298,0.08045888718512961,720,720,https://data-api.binance.vision,1
2026-10-09 07:08:18.914558,2026-10-08 09:00:00,DOGE,0.08776,0.00528758643719403,0.01570276439706022,0.03209234392193298,0.08045888718512961,720,720,https://data-api.binance.vision,1
2026-10-09 07:08:18.914558,2026-10-08 10:00:00,DOGE,0.08838,0.00528758643719403,0.01570276439706022,0.03209234392193298,0.08045888718512961,720,720,https://data-api.binance.vision,1
2026-10-09 07:08:18.914558,2026-10-08 11:00:00,DOGE,0.08735,0.005296766060977323,0.01570276439706022,0.03209234392193298,0.08045888718512961,720,720,https://data-api.binance.vision,1
2026-10-09 07:08:18.914558,2026-10-08 12:00:00,DOGE,0.08715,0.00528758643719403,0.01570276439706022,0.03209234392193298,0.08045888718512961,720,720,https://data-api.binance.vision,1
2026-10-09 07:08:18.914558,2026-10-08 13:00:00,DOGE,0.08694,0.00528758643719403,0.01570276439706022,0.03209234392193298,0.08045888718512961,720,720,https://data-api.binance.vision,1
2026-10-09 07:08:18.914558,2026-10-08 14:00:00,DOGE,0.08702,0.00528758643719403,0.01570276439706022,0.03209234392193298,0.08045888718512961,720,720,https://data-api.binance.vision,1
2026-10-09 07:08:18.914558,2026-10-08 15:00:00,DOGE,0.08712,0.00528670574387414,0.01570276439706022,0.03209234392193298,0.08045888718512961,720,720,https://data-api.binance.vision,1
2026-10-09 07:08:18.914558,2026-10-08 16:00:00,DOGE,0.08266,0.00528670574387414,0.015716953734522462,0.032446602509966345,0.08045888718512961,720,720,https://data-api.binance.vision,1
2026-10-09 07:08:18.914558,2026-10-08 17:00:00,DOGE,0.08222,0.00528758643719403,0.015716953734522462,0.03256620416745789,0.08045888718512961,720,720,https://data-api.binance.vision,1
2026-10-09 07:08:18.914558,2026-10-08 18:00:00,DOGE,0.08153,0.00528758643719403,0.015716953734522462,0.0326073415647362,0.08048114878351136,720,720,https://data-api.binance.vision,1
2026-10-09 07:08:18.914558,2026-10-08 19:00:00,DOGE,0.08306,0.00528758643719403,0.015784132178128307,0.03265461882884092,0.08048114878351136,720,720,https://data-api.binance.vision,1
2026-10-09 07:08:18.914558,2026-10-08 20:00:00,DOGE,0.08378,0.005296766060977323,0.015784132178128307,0.03274094677378747,0.08048114878351136,720,720,https://data-api.binance.vision,1
2026-10-09 07:08:18.914558,2026-10-08 21:00:00,DOGE,0.08428,0.00530739674510972,0.015784132178128307,0.032959187995178704,0.08048114878351136,720,720,https://data-api.binance.vision,1
2026-10-09 07:08:18.914558,2026-10-08 22:00:00,DOGE,0.08436,0.00530739674510972,0.015784132178128307,0.033036591581265325,0.08048114878351136,720,720,https://data-api.binance.vision,1
2026-10-09 07:08:18.914558,2026-10-08 23:00:00,DOGE,0.0845,0.00530739674510972,0.015784132178128307,0.033132838767550576,0.08048114878351136,720,720,https://data-api.binance.vision,1
2026-10-09 07:08:18.914558,2026-10-09 00:00:00,DOGE,0.08404,0.005312647222358109,0.015784132178128307,0.033258975863059495,0.08048114878351136,720,720,https://data-api.binance.vision,1
2026-10-09 07:08:18.914558,2026-10-09 01:00:00,DOGE,0.08428,0.00530739674510972,0.015784132178128307,0.03329342201149847,0.08048114878351136,720,720,https://data-api.binance.vision,1
2026-10-09 07:08:18.914558,2026-10-09 02:00:00,DOGE,0.08475,0.005312647222358109,0.015784132178128307,0.03345391711011807,0.08048114878351136,720,720,https://data-api.binance.vision,1
2026-10-09 07:08:18.914558,2026-10-09 03:00:00,DOGE,0.08477,0.005312647222358109,0.015784132178128307,0.03348601429452851,0.08048114878351136,720,720,https://data-api.binance.vision,1
2026-10-09 07:08:18.914558,2026-10-09 04:00:00,DOGE,0.08505,0.005312647222358109,0.015784132178128307,0.033531251741272125,0.08048114878351136,720,720,https://data-api.binance.vision,1
2026-10-09 07:08:18.914558,2026-10-09 05:00:00,DOGE,0.08485,0.00530739674510972,0.015784132178128307,0.033531251741272125,0.08048114878351136,720,720,https://data-api.binance.vision,1
2026-10-09 07:08:18.914558,2026-10-09 06:00:00,DOGE,0.0852,0.005296766060977323,0.015784132178128307,0.033531251741272125,0.08048114878351136,720,720,https://data-api.binance.vision,1
2026-10-09 07:08:18.914558,2026-10-09 07:00:00,DOGE,0.08543,0.005296766060977323,0.015784132178128307,0.033531251741272125,0.08048114878351136,720,720,https://data-api.binance.vision,0
2026-10-09 07:08:18.914558,2026-10-07 07:00:00,TRX,0.3331,0.0011932890923963414,0.003526771520068672,0.007430205627397407,0.014468473465167699,720,720,https://data-api.binance.vision,1
2026-10-09 07:08:18.914558,2026-10-07 08:00:00,TRX,0.3331,0.0011932890923963414,0.003526771520068672,0.007430205627397407,0.014468473465167699,720,720,https://data-api.binance.vision,1
2026-10-09 07:08:18.914558,2026-10-07 09:00:00,TRX,0.3329,0.0011932890923963414,0.003526771520068672,0.007430205627397407,0.014468473465167699,720,720,https://data-api.binance.vision,1
2026-10-09 07:08:18.914558,2026-10-07 10:00:00,TRX,0.333,0.0011932890923963414,0.003526771520068672,0.007434624911204077,0.014468473465167699,720,720,https://data-api.binance.vision,1
2026-10-09 07:08:18.914558,2026-10-07 11:00:00,TRX,0.3333,0.0011932890923963414,0.003526771520068672,0.007430205627397407,0.014468473465167699,720,720,https://data-api.binance.vision,1
2026-10-09 07:08:18.914558,2026-10-07 12:00:00,TRX,0.3341,0.0011932890923963414,0.003526771520068672,0.007430205627397407,0.014468473465167699,720,720,https://data-api.binance.vision,1
2026-10-09 07:08:18.914558,2026-10-07 13:00:00,TRX,0.3341,0.0011929332138039418,0.003526771520068672,0.007430205627397407,0.014468473465167699,720,720,https://data-api.binance.vision,1
2026-10-09 07:08:18.914558,2026-10-07 14:00:00,TRX,0.3342,0.0011929332138039418,0.003526771520068672,0.007430205627397407,0.014468473465167699,720,720,https://data-api.binance.vision,1
2026-10-09 07:08:18.914558,2026-10-07 15:00:00,TRX,0.3346,0.0011929332138039418,0.003526771520068672,0.007430205627397407,0.014468473465167699,720,720,https://data-api.binance.vision,1
2026-10-09 07:08:18.914558,2026-10-07 16:00:00,TRX,0.3353,0.0011929332138039418,0.003526771520068672,0.007430205627397407,0.014468473465167699,720,720,https://data-api.binance.vision,1
2026-10-09 07:08:18.914558,2026-10-07 17:00:00,TRX,0.3357,0.0011929332138039418,0.003526771520068672,0.007430205627397407,0.014468473465167699,720,720,https://data-api.binance.vision,1
2026-10-09 07:08:18.914558,2026-10-07 18:00:00,TRX,0.3352,0.0011932890923963414,0.003526771520068672,0.007430205627397407,0.014468473465167699,720,720,https://data-api.binance.vision,1
2026-10-09 07:08:18.914558,2026-10-07 19:00:00,TRX,0.3353,0.0011929332138039418,0.003526771520068672,0.007430205627397407,0.014468473465167699,720,720,https://data-api.binance.vision,1
2026-10-09 07:08:18.914558,2026-10-07 20:00:00,TRX,0.3355,0.0011929332138039418,0.003526771520068672,0.007430205627397407,0.014468473465167699,720,720,https://data-api.binance.vision,1
2026-10-09 07:08:18.914558,2026-10-07 21:00:00,TRX,0.3354,0.0011929332138039418,0.003526771520068672,0.007430205627397407,0.014468473465167699,720,720,https://data-api.binance.vision,1
2026-10-09 07:08:18.914558,2026-10-07 22:00:00,TRX,0.3353,0.0011929332138039418,0.003526771520068672,0.007430205627397407,0.014468473465167699,720,720,https://data-api.binance.vision,1
2026-10-09 07:08:18.914558,2026-10-07 23:00:00,TRX,0.3351,0.0011925775474179278,0.003526771520068672,0.007430205627397407,0.014468473465167699,720,720,https://data-api.binance.vision,1
2026-10-09 07:08:18.914558,2026-10-08 00:00:00,TRX,0.3354,0.0011925775474179278,0.003526771520068672,0.007430205627397407,0.014468473465167699,720,720,https://data-api.binance.vision,1
2026-10-09 07:08:18.914558,2026-10-08 01:00:00,TRX,0.336,0.0011929332138039418,0.003526771520068672,0.007430205627397407,0.014468473465167699,720,720,https://data-api.binance.vision,1
2026-10-09 07:08:18.914558,2026-10-08 02:00:00,TRX,0.3361,0.0011925775474179278,0.003526771520068672,0.007430205627397407,0.014468473465167699,720,720,https://data-api.binance.vision,1
2026-10-09 07:08:18.914558,2026-10-08 03:00:00,TRX,0.3361,0.0011925775474179278,0.003526771520068672,0.007434624911204077,0.014468473465167699,720,720,https://data-api.binance.vision,1
2026-10-09 07:08:18.914558,2026-10-08 04:00:00,TRX,0.3358,0.0011925775474179278,0.003526771520068672,0.007560469295121224,0.014468473465167699,720,720,https://data-api.binance.vision,1
2026-10-09 07:08:18.914558,2026-10-08 05:00:00,TRX,0.335,0.0011925775474179278,0.003526771520068672,0.007579504848514204,0.014468473465167699,720,720,https://data-api.binance.vision,1
2026-10-09 07:08:18.914558,2026-10-08 06:00:00,TRX,0.335,0.0011922505138064476,0.003506730529112966,0.007579504848514204,0.014468473465167699,720,720,https://data-api.binance.vision,1
2026-10-09 07:08:18.914558,2026-10-08 07:00:00,TRX,0.335,0.0011922505138064476,0.003506730529112966,0.007579504848514204,0.014468473465167699,720,720,https://data-api.binance.vision,1
2026-10-09 07:08:18.914558,2026-10-08 08:00:00,TRX,0.335,0.0011922220930484873,0.003506730529112966,0.007579504848514204,0.014468473465167699,720,720,https://data-api.binance.vision,1
2026-10-09 07:08:18.914558,2026-10-08 09:00:00,TRX,0.336,0.0011922505138064476,0.003506730529112966,0.007580211223231906,0.014468473465167699,720,720,https://data-api.binance.vision,1
2026-10-09 07:08:18.914558,2026-10-08 10:00:00,TRX,0.3364,0.0011922505138064476,0.003506730529112966,0.00758224501184082,0.014468473465167699,720,720,https://data-api.binance.vision,1
2026-10-09 07:08:18.914558,2026-10-08 11:00:00,TRX,0.336,0.0011922220930484873,0.003506730529112966,0.007660594688519686,0.014468473465167699,720,720,https://data-api.binance.vision,1
2026-10-09 07:08:18.914558,2026-10-08 12:00:00,TRX,0.3357,0.0011918668505062158,0.003506730529112966,0.007660594688519686,0.014468473465167699,720,720,https://data-api.binance.vision,1
2026-10-09 07:08:18.914558,2026-10-08 13:00:00,TRX,0.3347,0.0011922220930484873,0.003506730529112966,0.00758224501184082,0.014468473465167699,720,720,https://data-api.binance.vision,1
2026-10-09 07:08:18.914558,2026-10-08 14:00:00,TRX,0.3347,0.0011922220930484873,0.003506730529112966,0.007580211223231906,0.014468473465167699,720,720,https://data-api.binance.vision,1
2026-10-09 07:08:18.914558,2026-10-08 15:00:00,TRX,0.3347,0.0011918668505062158,0.003488278784776288,0.007579504848514204,0.014319330921242475,720,720,https://data-api.binance.vision,1
2026-10-09 07:08:18.914558,2026-10-08 16:00:00,TRX,0.333,0.0011918668505062158,0.003506730529112966,0.007560469295121224,0.014147316404641265,720,720,https://data-api.binance.vision,1
2026-10-09 07:08:18.914558,2026-10-08 17:00:00,TRX,0.3334,0.0011922220930484873,0.003506730529112966,0.007434624911204077,0.014114977515482137,720,720,https://data-api.binance.vision,1
2026-10-09 07:08:18.914558,2026-10-08 18:00:00,TRX,0.3328,0.0011922220930484873,0.003506730529112966,0.007430205627397407,0.01408226422128864,720,720,https://data-api.binance.vision,1
2026-10-09 07:08:18.914558,2026-10-08 19:00:00,TRX,0.3332,0.0011922505138064476,0.003506730529112966,0.0074250873757749445,0.01408226422128864,720,720,https://data-api.binance.vision,1
2026-10-09 07:08:18.914558,2026-10-08 20:00:00,TRX,0.333,0.0011922220930484873,0.003506730529112966,0.0074250873757749445,0.01408226422128864,720,720,https://data-api.binance.vision,1
2026-10-09 07:08:18.914558,2026-10-08 21:00:00,TRX,0.3329,0.0011918668505062158,0.003506730529112966,0.0074250873757749445,0.01408226422128864,720,720,https://data-api.binance.vision,1
2026-10-09 07:08:18.914558,2026-10-08 22:00:00,TRX,0.3331,0.0011918668505062158,0.003506730529112966,0.007412405320529525,0.01408226422128864,720,720,https://data-api.binance.vision,1
2026-10-09 07:08:18.914558,2026-10-08 23:00:00,TRX,0.3329,0.0011915118196017805,0.003506730529112966,0.007406344031675417,0.01408226422128864,720,720,https://data-api.binance.vision,1
2026-10-09 07:08:18.914558,2026-10-09 00:00:00,TRX,0.3328,0.0011915118196017805,0.003506730529112966,0.007406344031675417,0.01408226422128864,720,720,https://data-api.binance.vision,1
2026-10-09 07:08:18.914558,2026-10-09 01:00:00,TRX,0.3326,0.0011911853701531694,0.003506730529112966,0.007406344031675417,0.014064930386209233,720,720,https://data-api.binance.vision,1
2026-10-09 07:08:18.914558,2026-10-09 02:00:00,TRX,0.3324,0.0011911853701531694,0.003506730529112966,0.007406344031675417,0.014064930386209233,720,720,https://data-api.binance.vision,1
2026-10-09 07:08:18.914558,2026-10-09 03:00:00,TRX,0.3323,0.0011911853701531694,0.003506730529112966,0.007406344031675417,0.014064930386209233,720,720,https://data-api.binance.vision,1
2026-10-09 07:08:18.914558,2026-10-09 04:00:00,TRX,0.3321,0.0011911853701531694,0.003506730529112966,0.007406344031675417,0.014064930386209233,720,720,https://data-api.binance.vision,1
2026-10-09 07:08:18.914558,2026-10-09 05:00:00,TRX,0.3319,0.0011911853701531694,0.003506730529112966,0.007406344031675417,0.014064930386209233,720,720,https://data-api.binance.vision,1
2026-10-09 07:08:18.914558,2026-10-09 06:00:00,TRX,0.3324,0.0011915118196017805,0.003506730529112966,0.007412405320529525,0.014064930386209233,720,720,https://data-api.binance.vision,1
2026-10-09 07:08:18.914558,2026-10-09 07:00:00,TRX,0.3323,0.0011915118196017805,0.003506730529112966,0.0074250873757749445,0.014064930386209233,720,720,https://data-api.binance.vision,0
2026-10-09 07:08:18.914558,2026-10-07 07:00:00,ADA,0.2575,0.0077406705432568135,0.018484935628561197,0.03699780945000767,0.08391445049770384,720,720,https://data-api.binance.vision,1
2026-10-09 07:08:18.914558,2026-10-07 08:00:00,ADA,0.258,0.0077367930394756715,0.018484935628561197,0.03702481290693747,0.08391445049770384,720,720,https://data-api.binance.vision,1
2026-10-09 07:08:18.914558,2026-10-07 09:00:00,ADA,0.2561,0.007724522304078967,0.018484935628561197,0.03722023491982352,0.08391445049770384,720,720,https://data-api.binance.vision,1
2026-10-09 07:08:18.914558,2026-10-07 10:00:00,ADA,0.2555,0.007724522304078967,0.018484935628561197,0.03724118743370422,0.08391445049770384,720,720,https://data-api.binance.vision,1
2026-10-09 07:08:18.914558,2026-10-07 11:00:00,ADA,0.2554,0.007724522304078967,0.018484935628561197,0.03725994383254863,0.08391445049770384,720,720,https://data-api.binance.vision,1
2026-10-09 07:08:18.914558,2026-10-07 12:00:00,ADA,0.2536,0.007724522304078967,0.018484935628561197,0.037487505192082875,0.08465155867611492,720,720,https://data-api.binance.vision,1
2026-10-09 07:08:18.914558,2026-10-07 13:00:00,ADA,0.2542,0.0077100454560051195,0.018189056333313965,0.03767899156043982,0.08473979778820959,720,720,https://data-api.binance.vision,1
2026-10-09 07:08:18.914558,2026-10-07 14:00:00,ADA,0.254,0.0077100454560051195,0.018189056333313965,0.0379893984380267,0.08473979778820959,720,720,https://data-api.binance.vision,1
2026-10-09 07:08:18.914558,2026-10-07 15:00:00,ADA,0.2532,0.0077100454560051195,0.018189056333313965,0.03814750736523771,0.08480276186708896,720,720,https://data-api.binance.vision,1
2026-10-09 07:08:18.914558,2026-10-07 16:00:00,ADA,0.2562,0.0077100454560051195,0.01779446271083877,0.03825965094632189,0.08480276186708896,720,720,https://data-api.binance.vision,1
2026-10-09 07:08:18.914558,2026-10-07 17:00:00,ADA,0.2563,0.00767962766223758,0.01779446271083877,0.038592838877007714,0.08480276186708896,720,720,https://data-api.binance.vision,1
2026-10-09 07:08:18.914558,2026-10-07 18:00:00,ADA,0.2549,0.00767962766223758,0.01779446271083877,0.03886889730819124,0.08480276186708896,720,720,https://data-api.binance.vision,1
2026-10-09 07:08:18.914558,2026-10-07 19:00:00,ADA,0.2568,0.00767962766223758,0.01779446271083877,0.03910784347341548,0.08480276186708896,720,720,https://data-api.binance.vision,1
2026-10-09 07:08:18.914558,2026-10-07 20:00:00,ADA,0.255,0.00767962766223758,0.01779446271083877,0.039148237897901256,0.08480276186708896,720,720,https://data-api.binance.vision,1
2026-10-09 07:08:18.914558,2026-10-07 21:00:00,ADA,0.2553,0.00767962766223758,0.01779446271083877,0.039557985677643494,0.08480276186708896,720,720,https://data-api.binance.vision,1
2026-10-09 07:08:18.914558,2026-10-07 22:00:00,ADA,0.254,0.00767962766223758,0.01779446271083877,0.039617139273254186,0.08480276186708896,720,720,https://data-api.binance.vision,1
2026-10-09 07:08:18.914558,2026-10-07 23:00:00,ADA,0.2543,0.007671539469410309,0.01779446271083877,0.039641157743859255,0.08480276186708896,720,720,https://data-api.binance.vision,1
2026-10-09 07:08:18.914558,2026-10-08 00:00:00,ADA,0.2555,0.007650786522142843,0.01779446271083877,0.039847762823337254,0.08480276186708896,720,720,https://data-api.binance.vision,1
2026-10-09 07:08:18.914558,2026-10-08 01:00:00,ADA,0.2565,0.007635317568434133,0.01779446271083877,0.040334452455466595,0.08480276186708896,720,720,https://data-api.binance.vision,1
2026-10-09 07:08:18.914558,2026-10-08 02:00:00,ADA,0.2552,0.007635317568434133,0.01779446271083877,0.040334452455466595,0.08480276186708896,720,720,https://data-api.binance.vision,1
2026-10-09 07:08:18.914558,2026-10-08 03:00:00,ADA,0.2572,0.007635317568434133,0.017729242258097463,0.040334452455466595,0.08480276186708896,720,720,https://data-api.binance.vision,1
2026-10-09 07:08:18.914558,2026-10-08 04:00:00,ADA,0.2543,0.007650786522142843,0.017729242258097463,0.040334452455466595,0.08480276186708896,720,720,https://data-api.binance.vision,1
2026-10-09 07:08:18.914558,2026-10-08 05:00:00,ADA,0.2524,0.007650786522142843,0.017729242258097463,0.040334452455466595,0.08480276186708896,720,720,https://data-api.binance.vision,1
2026-10-09 07:08:18.914558,2026-10-08 06:00:00,ADA,0.2524,0.007650786522142843,0.017729242258097463,0.040334452455466595,0.08480276186708896,720,720,https://data-api.binance.vision,1
2026-10-09 07:08:18.914558,2026-10-08 07:00:00,ADA,0.2532,0.007650786522142843,0.017729242258097463,0.040334452455466595,0.08480276186708896,720,720,https://data-api.binance.vision,1
2026-10-09 07:08:18.914558,2026-10-08 08:00:00,ADA,0.252,0.007650786522142843,0.017729242258097463,0.040334452455466595,0.08480276186708896,720,720,https://data-api.binance.vision,1
2026-10-09 07:08:18.914558,2026-10-08 09:00:00,ADA,0.2521,0.007650786522142843,0.017729242258097463,0.040334452455466595,0.08480276186708896,720,720,https://data-api.binance.vision,1
2026-10-09 07:08:18.914558,2026-10-08 10:00:00,ADA,0.2546,0.007650786522142843,0.017729242258097463,0.040334452455466595,0.08480276186708896,720,720,https://data-api.binance.vision,1
2026-10-09 07:08:18.914558,2026-10-08 11:00:00,ADA,0.2514,0.007671539469410309,0.017729242258097463,0.040334452455466595,0.08480276186708896,720,720,https://data-api.binance.vision,1
2026-10-09 07:08:18.914558,2026-10-08 12:00:00,ADA,0.2499,0.007671539469410309,0.017729242258097463,0.040334452455466595,0.08480276186708896,720,720,https://data-api.binance.vision,1
2026-10-09 07:08:18.914558,2026-10-08 13:00:00,ADA,0.2474,0.007709490799613708,0.017729242258097463,0.040334452455466595,0.08480276186708896,720,720,https://data-api.binance.vision,1
2026-10-09 07:08:18.914558,2026-10-08 14:00:00,ADA,0.2476,0.007709490799613708,0.017729242258097463,0.040334452455466595,0.08480276186708896,720,720,https://data-api.binance.vision,1
2026-10-09 07:08:18.914558,2026-10-08 15:00:00,ADA,0.2475,0.007671539469410309,0.017729242258097463,0.040334452455466595,0.08480276186708896,720,720,https://data-api.binance.vision,1
2026-10-09 07:08:18.914558,2026-10-08 16:00:00,ADA,0.2316,0.007671539469410309,0.017729242258097463,0.040334452455466595,0.08544467879722382,720,720,https://data-api.binance.vision,1
2026-10-09 07:08:18.914558,2026-10-08 17:00:00,ADA,0.228,0.007671539469410309,0.017729242258097463,0.04038077810165091,0.08613145525939081,720,720,https://data-api.binance.vision,1
2026-10-09 07:08:18.914558,2026-10-08 18:00:00,ADA,0.2255,0.007671539469410309,0.017729242258097463,0.040420233253520337,0.08637140419614618,720,720,https://data-api.binance.vision,1
2026-10-09 07:08:18.914558,2026-10-08 19:00:00,ADA,0.2289,0.007671539469410309,0.017729242258097463,0.04071511148102205,0.08703666006836752,720,720,https://data-api.binance.vision,1
2026-10-09 07:08:18.914558,2026-10-08 20:00:00,ADA,0.2316,0.007709490799613708,0.017729242258097463,0.0407704276866469,0.08815127828936753,720,720,https://data-api.binance.vision,1
2026-10-09 07:08:18.914558,2026-10-08 21:00:00,ADA,0.2347,0.007724522304078967,0.017729242258097463,0.04083475172299915,0.08815127828936753,720,720,https://data-api.binance.vision,1
2026-10-09 07:08:18.914558,2026-10-08 22:00:00,ADA,0.234,0.007709490799613708,0.017729242258097463,0.040866484368048635,0.08815127828936753,720,720,https://data-api.binance.vision,1
2026-10-09 07:08:18.914558,2026-10-08 23:00:00,ADA,0.2346,0.007709490799613708,0.017729242258097463,0.04099688399332019,0.08815127828936753,720,720,https://data-api.binance.vision,1
2026-10-09 07:08:18.914558,2026-10-09 00:00:00,ADA,0.2322,0.00773575999134355,0.017729242258097463,0.04113048812673317,0.08842428790883106,720,720,https://data-api.binance.vision,1
2026-10-09 07:08:18.914558,2026-10-09 01:00:00,ADA,0.2325,0.00773575999134355,0.017729242258097463,0.04140849604515124,0.08952841599611094,720,720,https://data-api.binance.vision,1
2026-10-09 07:08:18.914558,2026-10-09 02:00:00,ADA,0.2336,0.00773575999134355,0.017729242258097463,0.04144202571241947,0.08952841599611094,720,720,https://data-api.binance.vision,1
2026-10-09 07:08:18.914558,2026-10-09 03:00:00,ADA,0.2343,0.007709490799613708,0.017729242258097463,0.04145756743139736,0.08990067702845633,720,720,https://data-api.binance.vision,1
2026-10-09 07:08:18.914558,2026-10-09 04:00:00,ADA,0.2356,0.007709490799613708,0.017729242258097463,0.04147356247725792,0.08990067702845633,720,720,https://data-api.binance.vision,1
2026-10-09 07:08:18.914558,2026-10-09 05:00:00,ADA,0.2346,0.007671539469410309,0.017370774920351044,0.04167970906571653,0.08990067702845633,720,720,https://data-api.binance.vision,1
2026-10-09 07:08:18.914558,2026-10-09 06:00:00,ADA,0.2375,0.007671539469410309,0.017370774920351044,0.041818189217582055,0.08990067702845633,720,720,https://data-api.binance.vision,1
2026-10-09 07:08:18.914558,2026-10-09 07:00:00,ADA,0.2407,0.007709490799613708,0.017370774920351044,0.041891728568622194,0.08990067702845633,720,720,https://data-api.binance.vision,0
2026-10-09 07:08:18.914558,2026-10-07 07:00:00,LINK,13.778,0.005928072135035088,0.015311299896752638,0.04076099245509982,0.07781287827900013,720,720,https://data-api.binance.vision,1
2026-10-09 07:08:18.914558,2026-10-07 08:00:00,LINK,13.735,0.005919865652022072,0.015311299896752638,0.040708458312967946,0.07781287827900013,720,720,https://data-api.binance.vision,1
2026-10-09 07:08:18.914558,2026-10-07 09:00:00,LINK,13.673,0.00591778752974081,0.015311299896752638,0.04041010542735604,0.07774358373184845,720,720,https://data-api.binance.vision,1
2026-10-09 07:08:18.914558,2026-10-07 10:00:00,LINK,13.607,0.00591778752974081,0.015311299896752638,0.04009695881065895,0.07748388913887083,720,720,https://data-api.binance.vision,1
2026-10-09 07:08:18.914558,2026-10-07 11:00:00,LINK,13.482,0.00591778752974081,0.015311299896752638,0.03983143787832741,0.07748388913887083,720,720,https://data-api.binance.vision,1
2026-10-09 07:08:18.914558,2026-10-07 12:00:00,LINK,13.383,0.005919865652022072,0.015311299896752638,0.03983143787832741,0.07748388913887083,720,720,https://data-api.binance.vision,1
2026-10-09 07:08:18.914558,2026-10-07 13:00:00,LINK,13.356,0.00591778752974081,0.015311299896752638,0.03983143787832741,0.07748388913887083,720,720,https://data-api.binance.vision,1
2026-10-09 07:08:18.914558,2026-10-07 14:00:00,LINK,13.426,0.005899351653130581,0.015311299896752638,0.03983143787832741,0.07748388913887083,720,720,https://data-api.binance.vision,1
2026-10-09 07:08:18.914558,2026-10-07 15:00:00,LINK,13.391,0.005878495455184539,0.015311299896752638,0.03983143787832741,0.07748388913887083,720,720,https://data-api.binance.vision,1
2026-10-09 07:08:18.914558,2026-10-07 16:00:00,LINK,13.431,0.005869142109228581,0.015311299896752638,0.039660213939726525,0.07748388913887083,720,720,https://data-api.binance.vision,1
2026-10-09 07:08:18.914558,2026-10-07 17:00:00,LINK,13.45,0.005869142109228581,0.015311299896752638,0.0395148393563327,0.07748388913887083,720,720,https://data-api.binance.vision,1
2026-10-09 07:08:18.914558,2026-10-07 18:00:00,LINK,13.361,0.005878495455184539,0.015311299896752638,0.0395148393563327,0.07748388913887083,720,720,https://data-api.binance.vision,1
2026-10-09 07:08:18.914558,2026-10-07 19:00:00,LINK,13.383,0.005869142109228581,0.01529169092449003,0.039660213939726525,0.07748388913887083,720,720,https://data-api.binance.vision,1
2026-10-09 07:08:18.914558,2026-10-07 20:00:00,LINK,13.365,0.005869142109228581,0.01529169092449003,0.03983143787832741,0.07748388913887083,720,720,https://data-api.binance.vision,1
2026-10-09 07:08:18.914558,2026-10-07 21:00:00,LINK,13.365,0.005869142109228581,0.01529169092449003,0.04009695881065895,0.07748388913887083,720,720,https://data-api.binance.vision,1
2026-10-09 07:08:18.914558,2026-10-07 22:00:00,LINK,13.302,0.005869142109228581,0.01529169092449003,0.04041010542735604,0.07748388913887083,720,720,https://data-api.binance.vision,1
2026-10-09 07:08:18.914558,2026-10-07 23:00:00,LINK,13.316,0.005869142109228581,0.01529169092449003,0.040708458312967946,0.07748388913887083,720,720,https://data-api.binance.vision,1
2026-10-09 07:08:18.914558,2026-10-08 00:00:00,LINK,13.326,0.005869142109228581,0.01529169092449003,0.04076099245509982,0.07748388913887083,720,720,https://data-api.binance.vision,1
2026-10-09 07:08:18.914558,2026-10-08 01:00:00,LINK,13.303,0.005869142109228581,0.01529169092449003,0.040984608382436845,0.07748388913887083,720,720,https://data-api.binance.vision,1
2026-10-09 07:08:18.914558,2026-10-08 02:00:00,LINK,13.28,0.005869142109228581,0.01529169092449003,0.040984608382436845,0.07748388913887083,720,720,https://data-api.binance.vision,1
2026-10-09 07:08:18.914558,2026-10-08 03:00:00,LINK,13.265,0.005838225263214927,0.01529169092449003,0.040984608382436845,0.07748388913887083,720,720,https://data-api.binance.vision,1
2026-10-09 07:08:18.914558,2026-10-08 04:00:00,LINK,13.174,0.005869142109228581,0.01529169092449003,0.040984608382436845,0.07748388913887083,720,720,https://data-api.binance.vision,1
2026-10-09 07:08:18.914558,2026-10-08 05:00:00,LINK,13.084,0.005878495455184539,0.01529169092449003,0.040984608382436845,0.07748388913887083,720,720,https://data-api.binance.vision,1
2026-10-09 07:08:18.914558,2026-10-08 06:00:00,LINK,13.098,0.005878495455184539,0.01529169092449003,0.040984608382436845,0.07748388913887083,720,720,https://data-api.binance.vision,1
2026-10-09 07:08:18.914558,2026-10-08 07:00:00,LINK,13.136,0.005878495455184539,0.01529169092449003,0.040984608382436845,0.07748388913887083,720,720,https://data-api.binance.vision,1
2026-10-09 07:08:18.914558,2026-10-08 08:00:00,LINK,13.085,0.005878495455184539,0.01529169092449003,0.04141854933575614,0.07748388913887083,720,720,https://data-api.binance.vision,1
2026-10-09 07:08:18.914558,2026-10-08 09:00:00,LINK,13.075,0.005878495455184539,0.01529169092449003,0.04141854933575614,0.07748388913887083,720,720,https://data-api.binance.vision,1
2026-10-09 07:08:18.914558,2026-10-08 10:00:00,LINK,13.171,0.005899351653130581,0.01529169092449003,0.040984608382436845,0.07748388913887083,720,720,https://data-api.binance.vision,1
2026-10-09 07:08:18.914558,2026-10-08 11:00:00,LINK,13.059,0.005899351653130581,0.01529169092449003,0.04076099245509982,0.07748388913887083,720,720,https://data-api.binance.vision,1
2026-10-09 07:08:18.914558,2026-10-08 12:00:00,LINK,13.011,0.005878495455184539,0.01529169092449003,0.040708458312967946,0.07748388913887083,720,720,https://data-api.binance.vision,1
2026-10-09 07:08:18.914558,2026-10-08 13:00:00,LINK,12.928,0.005899351653130581,0.01529169092449003,0.04041010542735604,0.07748388913887083,720,720,https://data-api.binance.vision,1
2026-10-09 07:08:18.914558,2026-10-08 14:00:00,LINK,12.94,0.005899351653130581,0.01529169092449003,0.04009695881065895,0.07748388913887083,720,720,https://data-api.binance.vision,1
2026-10-09 07:08:18.914558,2026-10-08 15:00:00,LINK,12.972,0.005878495455184539,0.01529169092449003,0.04009695881065895,0.07748388913887083,720,720,https://data-api.binance.vision,1
2026-10-09 07:08:18.914558,2026-10-08 16:00:00,LINK,12.362,0.005878495455184539,0.01533026893377865,0.04041010542735604,0.07774358373184845,720,720,https://data-api.binance.vision,1
2026-10-09 07:08:18.914558,2026-10-08 17:00:00,LINK,12.349,0.005878495455184539,0.01533026893377865,0.040708458312967946,0.07781287827900013,720,720,https://data-api.binance.vision,1
2026-10-09 07:08:18.914558,2026-10-08 18:00:00,LINK,12.185,0.005878495455184539,0.01533026893377865,0.04076099245509982,0.07784257134470927,720,720,https://data-api.binance.vision,1
2026-10-09 07:08:18.914558,2026-10-08 19:00:00,LINK,12.388,0.00591602445415715,0.015704286116968967,0.040984608382436845,0.07784257134470927,720,720,https://data-api.binance.vision,1
2026-10-09 07:08:18.914558,2026-10-08 20:00:00,LINK,12.517,0.005919865652022072,0.015704286116968967,0.04141854933575614,0.07784257134470927,720,720,https://data-api.binance.vision,1
2026-10-09 07:08:18.914558,2026-10-08 21:00:00,LINK,12.675,0.005928072135035088,0.015704286116968967,0.04151477371319038,0.07784257134470927,720,720,https://data-api.binance.vision,1
2026-10-09 07:08:18.914558,2026-10-08 22:00:00,LINK,12.739,0.005928072135035088,0.015704286116968967,0.041624944038672604,0.07784257134470927,720,720,https://data-api.binance.vision,1
2026-10-09 07:08:18.914558,2026-10-08 23:00:00,LINK,12.774,0.005928072135035088,0.015704286116968967,0.04162770078708812,0.07784257134470927,720,720,https://data-api.binance.vision,1
2026-10-09 07:08:18.914558,2026-10-09 00:00:00,LINK,12.707,0.005928072135035088,0.015704286116968967,0.04199077825345954,0.07784257134470927,720,720,https://data-api.binance.vision,1
2026-10-09 07:08:18.914558,2026-10-09 01:00:00,LINK,12.71,0.005928072135035088,0.015704286116968967,0.04208933777665969,0.07784257134470927,720,720,https://data-api.binance.vision,1
2026-10-09 07:08:18.914558,2026-10-09 02:00:00,LINK,12.805,0.005934259157533202,0.015704286116968967,0.04208933777665969,0.07784257134470927,720,720,https://data-api.binance.vision,1
2026-10-09 07:08:18.914558,2026-10-09 03:00:00,LINK,12.782,0.005934259157533202,0.015704286116968967,0.04208933777665969,0.07784257134470927,720,720,https://data-api.binance.vision,1
2026-10-09 07:08:18.914558,2026-10-09 04:00:00,LINK,12.852,0.005934259157533202,0.015704286116968967,0.04208933777665969,0.07784257134470927,720,720,https://data-api.binance.vision,1
2026-10-09 07:08:18.914558,2026-10-09 05:00:00,LINK,12.822,0.005928072135035088,0.015704286116968967,0.04208933777665969,0.07784257134470927,720,720,https://data-api.binance.vision,1
2026-10-09 07:08:18.914558,2026-10-09 06:00:00,LINK,12.861,0.005919865652022072,0.015704286116968967,0.04208933777665969,0.07784257134470927,720,720,https://data-api.binance.vision,1
2026-10-09 07:08:18.914558,2026-10-09 07:00:00,LINK,12.903,0.005919865652022072,0.015704286116968967,0.04208933777665969,0.07784257134470927,720,720,https://data-api.binance.vision,0
2026-10-09 07:08:18.914558,2026-10-07 07:00:00,AVAX,11.245,0.006682973030458275,0.019891334665974942,0.041043432457147755,0.12548606246580157,720,720,https://data-api.binance.vision,1
2026-10-09 07:08:18.914558,2026-10-07 08:00:00,AVAX,11.322,0.006682973030458275,0.019891334665974942,0.041043432457147755,0.12548606246580157,720,720,https://data-api.binance.vision,1
2026-10-09 07:08:18.914558,2026-10-07 09:00:00,AVAX,11.181,0.006682973030458275,0.019891334665974942,0.041043432457147755,0.12548606246580157,720,720,https://data-api.binance.vision,1
2026-10-09 07:08:18.914558,2026-10-07 10:00:00,AVAX,11.009,0.006813077044242209,0.019891334665974942,0.041043432457147755,0.12548606246580157,720,720,https://data-api.binance.vision,1
2026-10-09 07:08:18.914558,2026-10-07 11:00:00,AVAX,11.049,0.006813077044242209,0.019891334665974942,0.041043432457147755,0.12548606246580157,720,720,https://data-api.binance.vision,1
2026-10-09 07:08:18.914558,2026-10-07 12:00:00,AVAX,11.0,0.006813077044242209,0.019891334665974942,0.041043432457147755,0.12548606246580157,720,720,https://data-api.binance.vision,1
2026-10-09 07:08:18.914558,2026-10-07 13:00:00,AVAX,11.107,0.006813077044242209,0.01937075610039096,0.04079108702507773,0.12548606246580157,720,720,https://data-api.binance.vision,1
2026-10-09 07:08:18.914558,2026-10-07 14:00:00,AVAX,11.282,0.006840412130741367,0.01937075610039096,0.04074314395883119,0.12548606246580157,720,720,https://data-api.binance.vision,1
2026-10-09 07:08:18.914558,2026-10-07 15:00:00,AVAX,11.218,0.006840412130741367,0.01937075610039096,0.0403619800817462,0.12548606246580157,720,720,https://data-api.binance.vision,1
2026-10-09 07:08:18.914558,2026-10-07 16:00:00,AVAX,11.241,0.006840412130741367,0.01937075610039096,0.04013618597586315,0.12548606246580157,720,720,https://data-api.binance.vision,1
2026-10-09 07:08:18.914558,2026-10-07 17:00:00,AVAX,11.286,0.006840412130741367,0.01937075610039096,0.04003944745927211,0.12548606246580157,720,720,https://data-api.binance.vision,1
2026-10-09 07:08:18.914558,2026-10-07 18:00:00,AVAX,11.253,0.006840412130741367,0.01937075610039096,0.039932778445832755,0.12548606246580157,720,720,https://data-api.binance.vision,1
2026-10-09 07:08:18.914558,2026-10-07 19:00:00,AVAX,11.231,0.006840412130741367,0.01937075610039096,0.03990793289691696,0.12548606246580157,720,720,https://data-api.binance.vision,1
2026-10-09 07:08:18.914558,2026-10-07 20:00:00,AVAX,11.226,0.006840412130741367,0.01937075610039096,0.039726737312031184,0.12548606246580157,720,720,https://data-api.binance.vision,1
2026-10-09 07:08:18.914558,2026-10-07 21:00:00,AVAX,11.236,0.006840412130741367,0.01937075610039096,0.039726737312031184,0.12548606246580157,720,720,https://data-api.binance.vision,1
2026-10-09 07:08:18.914558,2026-10-07 22:00:00,AVAX,10.992,0.006936548777210023,0.019891334665974942,0.039726737312031184,0.12548606246580157,720,720,https://data-api.binance.vision,1
2026-10-09 07:08:18.914558,2026-10-07 23:00:00,AVAX,11.08,0.007014104146348041,0.019891334665974942,0.03990793289691696,0.12548606246580157,720,720,https://data-api.binance.vision,1
2026-10-09 07:08:18.914558,2026-10-08 00:00:00,AVAX,11.13,0.007014104146348041,0.019891334665974942,0.039932778445832755,0.12548606246580157,720,720,https://data-api.binance.vision,1
2026-10-09 07:08:18.914558,2026-10-08 01:00:00,AVAX,11.062,0.007014104146348041,0.019891334665974942,0.04003944745927211,0.12548606246580157,720,720,https://data-api.binance.vision,1
2026-10-09 07:08:18.914558,2026-10-08 02:00:00,AVAX,11.066,0.007014104146348041,0.019891334665974942,0.04003944745927211,0.12548606246580157,720,720,https://data-api.binance.vision,1
2026-10-09 07:08:18.914558,2026-10-08 03:00:00,AVAX,11.091,0.006936548777210023,0.019891334665974942,0.04003944745927211,0.12548606246580157,720,720,https://data-api.binance.vision,1
2026-10-09 07:08:18.914558,2026-10-08 04:00:00,AVAX,10.993,0.007014104146348041,0.019891334665974942,0.04003944745927211,0.12548606246580157,720,720,https://data-api.binance.vision,1
2026-10-09 07:08:18.914558,2026-10-08 05:00:00,AVAX,10.74,0.0071052870650907185,0.020000283118285365,0.04003944745927211,0.12548606246580157,720,720,https://data-api.binance.vision,1
2026-10-09 07:08:18.914558,2026-10-08 06:00:00,AVAX,10.841,0.007154409321063611,0.020000283118285365,0.04003944745927211,0.12548606246580157,720,720,https://data-api.binance.vision,1
2026-10-09 07:08:18.914558,2026-10-08 07:00:00,AVAX,10.902,0.007154409321063611,0.020000283118285365,0.04003944745927211,0.12548606246580157,720,720,https://data-api.binance.vision,1
2026-10-09 07:08:18.914558,2026-10-08 08:00:00,AVAX,10.835,0.007154409321063611,0.020000283118285365,0.040354367561992684,0.12548606246580157,720,720,https://data-api.binance.vision,1
2026-10-09 07:08:18.914558,2026-10-08 09:00:00,AVAX,10.768,0.007154409321063611,0.020000283118285365,0.040354367561992684,0.12548606246580157,720,720,https://data-api.binance.vision,1
2026-10-09 07:08:18.914558,2026-10-08 10:00:00,AVAX,10.9,0.007154409321063611,0.020000283118285365,0.040354367561992684,0.12548606246580157,720,720,https://data-api.binance.vision,1
2026-10-09 07:08:18.914558,2026-10-08 11:00:00,AVAX,10.761,0.007180780057339611,0.020000283118285365,0.040354367561992684,0.12548606246580157,720,720,https://data-api.binance.vision,1
2026-10-09 07:08:18.914558,2026-10-08 12:00:00,AVAX,10.739,0.007180780057339611,0.020000283118285365,0.040354367561992684,0.12548606246580157,720,720,https://data-api.binance.vision,1
2026-10-09 07:08:18.914558,2026-10-08 13:00:00,AVAX,10.574,0.007192936532610066,0.020000283118285365,0.04074314395883119,0.12548606246580157,720,720,https://data-api.binance.vision,1
2026-10-09 07:08:18.914558,2026-10-08 14:00:00,AVAX,10.586,0.007180780057339611,0.020000283118285365,0.04079108702507773,0.12548606246580157,720,720,https://data-api.binance.vision,1
2026-10-09 07:08:18.914558,2026-10-08 15:00:00,AVAX,10.59,0.007154409321063611,0.020000283118285365,0.041043432457147755,0.12548606246580157,720,720,https://data-api.binance.vision,1
2026-10-09 07:08:18.914558,2026-10-08 16:00:00,AVAX,10.001,0.007154409321063611,0.020051564880364543,0.04106830747574577,0.12548606246580157,720,720,https://data-api.binance.vision,1
2026-10-09 07:08:18.914558,2026-10-08 17:00:00,AVAX,9.95,0.007154409321063611,0.020051564880364543,0.04109987691827718,0.12614671833788071,720,720,https://data-api.binance.vision,1
2026-10-09 07:08:18.914558,2026-10-08 18:00:00,AVAX,9.84,0.007180780057339611,0.020051564880364543,0.04111457913799939,0.12920388599997626,720,720,https://data-api.binance.vision,1
2026-10-09 07:08:18.914558,2026-10-08 19:00:00,AVAX,9.999,0.007192936532610066,0.020051564880364543,0.04120915180014534,0.12920388599997626,720,720,https://data-api.binance.vision,1
2026-10-09 07:08:18.914558,2026-10-08 20:00:00,AVAX,10.098,0.007231451084911616,0.020051564880364543,0.04150051804864347,0.12920388599997626,720,720,https://data-api.binance.vision,1
2026-10-09 07:08:18.914558,2026-10-08 21:00:00,AVAX,10.189,0.0072450345447166425,0.020051564880364543,0.04160671889098975,0.12920388599997626,720,720,https://data-api.binance.vision,1
2026-10-09 07:08:18.914558,2026-10-08 22:00:00,AVAX,10.085,0.00724822892144358,0.020051564880364543,0.04165326397805105,0.12920388599997626,720,720,https://data-api.binance.vision,1
2026-10-09 07:08:18.914558,2026-10-08 23:00:00,AVAX,10.136,0.00724822892144358,0.020051564880364543,0.04167141625463142,0.12920388599997626,720,720,https://data-api.binance.vision,1
2026-10-09 07:08:18.914558,2026-10-09 00:00:00,AVAX,10.076,0.00724822892144358,0.020051564880364543,0.0417954511620101,0.12920388599997626,720,720,https://data-api.binance.vision,1
2026-10-09 07:08:18.914558,2026-10-09 01:00:00,AVAX,10.079,0.00724822892144358,0.020051564880364543,0.0418410769815064,0.12920388599997626,720,720,https://data-api.binance.vision,1
2026-10-09 07:08:18.914558,2026-10-09 02:00:00,AVAX,10.198,0.0072988291338515416,0.020051564880364543,0.0418959732089023,0.12920388599997626,720,720,https://data-api.binance.vision,1
2026-10-09 07:08:18.914558,2026-10-09 03:00:00,AVAX,10.283,0.007312336621765958,0.020051564880364543,0.042038360871710305,0.12920388599997626,720,720,https://data-api.binance.vision,1
2026-10-09 07:08:18.914558,2026-10-09 04:00:00,AVAX,10.291,0.007312336621765958,0.020051564880364543,0.042133013486905464,0.12920388599997626,720,720,https://data-api.binance.vision,1
2026-10-09 07:08:18.914558,2026-10-09 05:00:00,AVAX,10.211,0.007312336621765958,0.020051564880364543,0.04217493686291543,0.12920388599997626,720,720,https://data-api.binance.vision,1
2026-10-09 07:08:18.914558,2026-10-09 06:00:00,AVAX,10.298,0.007318547398969315,0.020051564880364543,0.04256068629165849,0.12920388599997626,720,720,https://data-api.binance.vision,1
2026-10-09 07:08:18.914558,2026-10-09 07:00:00,AVAX,10.342,0.007318547398969315,0.020051564880364543,0.04264989414719586,0.12920388599997626,720,720,https://data-api.binance.vision,0
2026-10-09 07:08:18.914558,2026-10-07 07:00:00,SUI,1.1396,0.00832325970655626,0.022793864403782192,0.048311131719630585,0.12187839163248901,720,720,https://data-api.binance.vision,1
2026-10-09 07:08:18.914558,2026-10-07 08:00:00,SUI,1.1394,0.00832325970655626,0.022793864403782192,0.048311131719630585,0.12187839163248901,720,720,https://data-api.binance.vision,1
2026-10-09 07:08:18.914558,2026-10-07 09:00:00,SUI,1.1334,0.008265323173570796,0.022793864403782192,0.048332066641218134,0.12187839163248901,720,720,https://data-api.binance.vision,1
2026-10-09 07:08:18.914558,2026-10-07 10:00:00,SUI,1.1265,0.008260672287614729,0.022793864403782192,0.04845987947949691,0.12187839163248901,720,720,https://data-api.binance.vision,1
2026-10-09 07:08:18.914558,2026-10-07 11:00:00,SUI,1.1288,0.008260672287614729,0.022793864403782192,0.04858684199626845,0.12187839163248901,720,720,https://data-api.binance.vision,1
2026-10-09 07:08:18.914558,2026-10-07 12:00:00,SUI,1.122,0.008260672287614729,0.022793864403782192,0.04864757847326722,0.12187839163248901,720,720,https://data-api.binance.vision,1
2026-10-09 07:08:18.914558,2026-10-07 13:00:00,SUI,1.1224,0.008230987186447818,0.022709042151194597,0.04864757847326722,0.12187839163248901,720,720,https://data-api.binance.vision,1
2026-10-09 07:08:18.914558,2026-10-07 14:00:00,SUI,1.1188,0.0081661969733261,0.022709042151194597,0.04865844933825199,0.12187839163248901,720,720,https://data-api.binance.vision,1
2026-10-09 07:08:18.914558,2026-10-07 15:00:00,SUI,1.1171,0.0081661969733261,0.022709042151194597,0.049335491257150164,0.12187839163248901,720,720,https://data-api.binance.vision,1
2026-10-09 07:08:18.914558,2026-10-07 16:00:00,SUI,1.1252,0.008150230698022327,0.02266899225818173,0.04958199074580463,0.12187839163248901,720,720,https://data-api.binance.vision,1
2026-10-09 07:08:18.914558,2026-10-07 17:00:00,SUI,1.1259,0.00814054259156454,0.02266899225818173,0.04958199074580463,0.12187839163248901,720,720,https://data-api.binance.vision,1
2026-10-09 07:08:18.914558,2026-10-07 18:00:00,SUI,1.1206,0.00814054259156454,0.02266899225818173,0.049748453620437304,0.12187839163248901,720,720,https://data-api.binance.vision,1
2026-10-09 07:08:18.914558,2026-10-07 19:00:00,SUI,1.1228,0.00814054259156454,0.02266899225818173,0.0498550589108221,0.12187839163248901,720,720,https://data-api.binance.vision,1
2026-10-09 07:08:18.914558,2026-10-07 20:00:00,SUI,1.1171,0.00814054259156454,0.02266899225818173,0.04998533216569397,0.12187839163248901,720,720,https://data-api.binance.vision,1
2026-10-09 07:08:18.914558,2026-10-07 21:00:00,SUI,1.1247,0.00814054259156454,0.02266899225818173,0.05047279145990063,0.12187839163248901,720,720,https://data-api.binance.vision,1
2026-10-09 07:08:18.914558,2026-10-07 22:00:00,SUI,1.1173,0.00814054259156454,0.02266899225818173,0.05061903480282966,0.12187839163248901,720,720,https://data-api.binance.vision,1
2026-10-09 07:08:18.914558,2026-10-07 23:00:00,SUI,1.1228,0.008124091643521575,0.02266899225818173,0.05061903480282966,0.12187839163248901,720,720,https://data-api.binance.vision,1
2026-10-09 07:08:18.914558,2026-10-08 00:00:00,SUI,1.1283,0.008124091643521575,0.02266899225818173,0.05061903480282966,0.12187839163248901,720,720,https://data-api.binance.vision,1
2026-10-09 07:08:18.914558,2026-10-08 01:00:00,SUI,1.1383,0.008124091643521575,0.02266899225818173,0.05061903480282966,0.12187839163248901,720,720,https://data-api.binance.vision,1
2026-10-09 07:08:18.914558,2026-10-08 02:00:00,SUI,1.1289,0.00814054259156454,0.02266899225818173,0.05061903480282966,0.12187839163248901,720,720,https://data-api.binance.vision,1
2026-10-09 07:08:18.914558,2026-10-08 03:00:00,SUI,1.1441,0.00814054259156454,0.02266899225818173,0.05061903480282966,0.12187839163248901,720,720,https://data-api.binance.vision,1
2026-10-09 07:08:18.914558,2026-10-08 04:00:00,SUI,1.1336,0.008150230698022327,0.02266899225818173,0.05061903480282966,0.12187839163248901,720,720,https://data-api.binance.vision,1
2026-10-09 07:08:18.914558,2026-10-08 05:00:00,SUI,1.1249,0.00814054259156454,0.02266899225818173,0.05061903480282966,0.12187839163248901,720,720,https://data-api.binance.vision,1
2026-10-09 07:08:18.914558,2026-10-08 06:00:00,SUI,1.1241,0.00814054259156454,0.02266899225818173,0.05061903480282966,0.12187839163248901,720,720,https://data-api.binance.vision,1
2026-10-09 07:08:18.914558,2026-10-08 07:00:00,SUI,1.1297,0.008124091643521575,0.02266899225818173,0.05061903480282966,0.12187839163248901,720,720,https://data-api.binance.vision,1
2026-10-09 07:08:18.914558,2026-10-08 08:00:00,SUI,1.1289,0.008124091643521575,0.02266899225818173,0.05061903480282966,0.12187839163248901,720,720,https://data-api.binance.vision,1
2026-10-09 07:08:18.914558,2026-10-08 09:00:00,SUI,1.1241,0.008124091643521575,0.02266899225818173,0.05061903480282966,0.12187839163248901,720,720,https://data-api.binance.vision,1
2026-10-09 07:08:18.914558,2026-10-08 10:00:00,SUI,1.135,0.008124091643521575,0.02266899225818173,0.05061903480282966,0.12187839163248901,720,720,https://data-api.binance.vision,1
2026-10-09 07:08:18.914558,2026-10-08 11:00:00,SUI,1.1225,0.00814054259156454,0.02266899225818173,0.05061903480282966,0.12187839163248901,720,720,https://data-api.binance.vision,1
2026-10-09 07:08:18.914558,2026-10-08 12:00:00,SUI,1.1166,0.008124091643521575,0.02266899225818173,0.05061903480282966,0.12187839163248901,720,720,https://data-api.binance.vision,1
2026-10-09 07:08:18.914558,2026-10-08 13:00:00,SUI,1.0985,0.00814054259156454,0.02266899225818173,0.05061903480282966,0.12187839163248901,720,720,https://data-api.binance.vision,1
2026-10-09 07:08:18.914558,2026-10-08 14:00:00,SUI,1.0969,0.008124091643521575,0.02266899225818173,0.05061903480282966,0.12187839163248901,720,720,https://data-api.binance.vision,1
2026-10-09 07:08:18.914558,2026-10-08 15:00:00,SUI,1.0993,0.00810000425494386,0.02266899225818173,0.05061903480282966,0.12187839163248901,720,720,https://data-api.binance.vision,1
2026-10-09 07:08:18.914558,2026-10-08 16:00:00,SUI,1.0267,0.00810000425494386,0.022709042151194597,0.05075438079193036,0.12187839163248901,720,720,https://data-api.binance.vision,1
2026-10-09 07:08:18.914558,2026-10-08 17:00:00,SUI,1.0249,0.00810000425494386,0.022709042151194597,0.050924263724027176,0.12187839163248901,720,720,https://data-api.binance.vision,1
2026-10-09 07:08:18.914558,2026-10-08 18:00:00,SUI,1.0032,0.00810000425494386,0.022709042151194597,0.05096610236765502,0.12187839163248901,720,720,https://data-api.binance.vision,1
2026-10-09 07:08:18.914558,2026-10-08 19:00:00,SUI,1.0273,0.00810000425494386,0.022793864403782192,0.05105704870784878,0.12187839163248901,720,720,https://data-api.binance.vision,1
2026-10-09 07:08:18.914558,2026-10-08 20:00:00,SUI,1.0399,0.008124091643521575,0.022793864403782192,0.051299918739276126,0.12187839163248901,720,720,https://data-api.binance.vision,1
2026-10-09 07:08:18.914558,2026-10-08 21:00:00,SUI,1.0541,0.00814054259156454,0.022793864403782192,0.051395954212451314,0.12187839163248901,720,720,https://data-api.binance.vision,1
2026-10-09 07:08:18.914558,2026-10-08 22:00:00,SUI,1.0495,0.00814054259156454,0.022793864403782192,0.051548198809270925,0.12187839163248901,720,720,https://data-api.binance.vision,1
2026-10-09 07:08:18.914558,2026-10-08 23:00:00,SUI,1.0504,0.00814054259156454,0.022793864403782192,0.051568839859060064,0.12187839163248901,720,720,https://data-api.binance.vision,1
2026-10-09 07:08:18.914558,2026-10-09 00:00:00,SUI,1.0408,0.008150230698022327,0.022793864403782192,0.05161119229825871,0.12187839163248901,720,720,https://data-api.binance.vision,1
2026-10-09 07:08:18.914558,2026-10-09 01:00:00,SUI,1.0439,0.008150230698022327,0.022793864403782192,0.05177210640351246,0.12187839163248901,720,720,https://data-api.binance.vision,1
2026-10-09 07:08:18.914558,2026-10-09 02:00:00,SUI,1.0542,0.0081661969733261,0.022793864403782192,0.05185812125418957,0.12187839163248901,720,720,https://data-api.binance.vision,1
2026-10-09 07:08:18.914558,2026-10-09 03:00:00,SUI,1.0504,0.0081661969733261,0.022793864403782192,0.05188840941234609,0.12187839163248901,720,720,https://data-api.binance.vision,1
2026-10-09 07:08:18.914558,2026-10-09 04:00:00,SUI,1.0565,0.0081661969733261,0.022793864403782192,0.052222223260145466,0.12187839163248901,720,720,https://data-api.binance.vision,1
2026-10-09 07:08:18.914558,2026-10-09 05:00:00,SUI,1.052,0.008150230698022327,0.022793864403782192,0.05226828191732099,0.12187839163248901,720,720,https://data-api.binance.vision,1
2026-10-09 07:08:18.914558,2026-10-09 06:00:00,SUI,1.066,0.008150230698022327,0.022793864403782192,0.052317973381475924,0.12187839163248901,720,720,https://data-api.binance.vision,1
2026-10-09 07:08:18.914558,2026-10-09 07:00:00,SUI,1.0667,0.00814054259156454,0.022793864403782192,0.05248713654642482,0.12187839163248901,720,720,https://data-api.binance.vision,0
2026-10-09 07:08:18.914558,2026-10-07 07:00:00,XLM,0.2068,0.006944001592584544,0.017523971729355,0.0375592220339435,0.08984481494203814,720,720,https://data-api.binance.vision,1
2026-10-09 07:08:18.914558,2026-10-07 08:00:00,XLM,0.2064,0.006944001592584544,0.017523971729355,0.037583294829858484,0.08984481494203814,720,720,https://data-api.binance.vision,1
2026-10-09 07:08:18.914558,2026-10-07 09:00:00,XLM,0.2048,0.006944001592584544,0.017523971729355,0.037664079314882234,0.08984481494203814,720,720,https://data-api.binance.vision,1
2026-10-09 07:08:18.914558,2026-10-07 10:00:00,XLM,0.2037,0.006944001592584544,0.017523971729355,0.037679492370344334,0.08984481494203814,720,720,https://data-api.binance.vision,1
2026-10-09 07:08:18.914558,2026-10-07 11:00:00,XLM,0.2036,0.006915158982257728,0.017523971729355,0.03806627722446495,0.08984481494203814,720,720,https://data-api.binance.vision,1
2026-10-09 07:08:18.914558,2026-10-07 12:00:00,XLM,0.2034,0.006915158982257728,0.017523971729355,0.0383803297636574,0.08984481494203814,720,720,https://data-api.binance.vision,1
2026-10-09 07:08:18.914558,2026-10-07 13:00:00,XLM,0.2031,0.006889638097522584,0.01723841571039467,0.0383803297636574,0.08984481494203814,720,720,https://data-api.binance.vision,1
2026-10-09 07:08:18.914558,2026-10-07 14:00:00,XLM,0.2019,0.006872124538739773,0.01723841571039467,0.03841938570393158,0.08984481494203814,720,720,https://data-api.binance.vision,1
2026-10-09 07:08:18.914558,2026-10-07 15:00:00,XLM,0.2005,0.006889638097522584,0.01723841571039467,0.03841938570393158,0.08984481494203814,720,720,https://data-api.binance.vision,1
2026-10-09 07:08:18.914558,2026-10-07 16:00:00,XLM,0.2002,0.006872124538739773,0.01722187252464983,0.038470641586499404,0.08984481494203814,720,720,https://data-api.binance.vision,1
2026-10-09 07:08:18.914558,2026-10-07 17:00:00,XLM,0.2001,0.006862441810311397,0.01720238138226361,0.038470641586499404,0.08984481494203814,720,720,https://data-api.binance.vision,1
2026-10-09 07:08:18.914558,2026-10-07 18:00:00,XLM,0.1989,0.006862441810311397,0.01720238138226361,0.038542775525713974,0.08984481494203814,720,720,https://data-api.binance.vision,1
2026-10-09 07:08:18.914558,2026-10-07 19:00:00,XLM,0.1994,0.006862441810311397,0.01720238138226361,0.03868865492447533,0.08984481494203814,720,720,https://data-api.binance.vision,1
2026-10-09 07:08:18.914558,2026-10-07 20:00:00,XLM,0.1987,0.006850156057603814,0.017172295675863168,0.03868865492447533,0.08984481494203814,720,720,https://data-api.binance.vision,1
2026-10-09 07:08:18.914558,2026-10-07 21:00:00,XLM,0.1997,0.006850156057603814,0.017172295675863168,0.03893810584022752,0.08984481494203814,720,720,https://data-api.binance.vision,1
2026-10-09 07:08:18.914558,2026-10-07 22:00:00,XLM,0.1991,0.006850156057603814,0.017172295675863168,0.03900949566054936,0.08984481494203814,720,720,https://data-api.binance.vision,1
2026-10-09 07:08:18.914558,2026-10-07 23:00:00,XLM,0.1999,0.006840038088817933,0.017172295675863168,0.03912206630651191,0.08984481494203814,720,720,https://data-api.binance.vision,1
2026-10-09 07:08:18.914558,2026-10-08 00:00:00,XLM,0.2005,0.006821559878357935,0.017172295675863168,0.03921357380206507,0.08984481494203814,720,720,https://data-api.binance.vision,1
2026-10-09 07:08:18.914558,2026-10-08 01:00:00,XLM,0.2005,0.006821559878357935,0.017172295675863168,0.039364412010751144,0.08984481494203814,720,720,https://data-api.binance.vision,1
2026-10-09 07:08:18.914558,2026-10-08 02:00:00,XLM,0.2,0.006821559878357935,0.017172295675863168,0.039364412010751144,0.08984481494203814,720,720,https://data-api.binance.vision,1
2026-10-09 07:08:18.914558,2026-10-08 03:00:00,XLM,0.2006,0.0068062972806932544,0.01714214900554771,0.039364412010751144,0.08984481494203814,720,720,https://data-api.binance.vision,1
2026-10-09 07:08:18.914558,2026-10-08 04:00:00,XLM,0.1989,0.006821559878357935,0.01714214900554771,0.03942887958533114,0.08984481494203814,720,720,https://data-api.binance.vision,1
2026-10-09 07:08:18.914558,2026-10-08 05:00:00,XLM,0.1982,0.006821559878357935,0.01714214900554771,0.03942887958533114,0.08984481494203814,720,720,https://data-api.binance.vision,1
2026-10-09 07:08:18.914558,2026-10-08 06:00:00,XLM,0.1983,0.006821559878357935,0.01714214900554771,0.03944106539851866,0.08984481494203814,720,720,https://data-api.binance.vision,1
2026-10-09 07:08:18.914558,2026-10-08 07:00:00,XLM,0.1987,0.0068062972806932544,0.01714214900554771,0.039550172856118525,0.08984481494203814,720,720,https://data-api.binance.vision,1
2026-10-09 07:08:18.914558,2026-10-08 08:00:00,XLM,0.1988,0.0068062972806932544,0.01714214900554771,0.039550172856118525,0.08984481494203814,720,720,https://data-api.binance.vision,1
2026-10-09 07:08:18.914558,2026-10-08 09:00:00,XLM,0.1994,0.0068062972806932544,0.01714214900554771,0.039550172856118525,0.08984481494203814,720,720,https://data-api.binance.vision,1
2026-10-09 07:08:18.914558,2026-10-08 10:00:00,XLM,0.2012,0.0068062972806932544,0.01714214900554771,0.039550172856118525,0.08984481494203814,720,720,https://data-api.binance.vision,1
2026-10-09 07:08:18.914558,2026-10-08 11:00:00,XLM,0.1992,0.006821559878357935,0.01714214900554771,0.039550172856118525,0.08984481494203814,720,720,https://data-api.binance.vision,1
2026-10-09 07:08:18.914558,2026-10-08 12:00:00,XLM,0.1984,0.0068062972806932544,0.01714214900554771,0.039550172856118525,0.08984481494203814,720,720,https://data-api.binance.vision,1
2026-10-09 07:08:18.914558,2026-10-08 13:00:00,XLM,0.1978,0.0068062972806932544,0.01714214900554771,0.039550172856118525,0.08984481494203814,720,720,https://data-api.binance.vision,1
2026-10-09 07:08:18.914558,2026-10-08 14:00:00,XLM,0.198,0.0068062972806932544,0.01714214900554771,0.039550172856118525,0.08984481494203814,720,720,https://data-api.binance.vision,1
2026-10-09 07:08:18.914558,2026-10-08 15:00:00,XLM,0.1992,0.006797250111439644,0.01714214900554771,0.039550172856118525,0.08984481494203814,720,720,https://data-api.binance.vision,1
2026-10-09 07:08:18.914558,2026-10-08 16:00:00,XLM,0.1892,0.006797250111439644,0.017172295675863168,0.03957616120602227,0.08984481494203814,720,720,https://data-api.binance.vision,1
2026-10-09 07:08:18.914558,2026-10-08 17:00:00,XLM,0.1886,0.006797250111439644,0.017172295675863168,0.03971061529787632,0.08984481494203814,720,720,https://data-api.binance.vision,1
2026-10-09 07:08:18.914558,2026-10-08 18:00:00,XLM,0.1862,0.006797250111439644,0.017172295675863168,0.039937288170411936,0.08984481494203814,720,720,https://data-api.binance.vision,1
2026-10-09 07:08:18.914558,2026-10-08 19:00:00,XLM,0.1899,0.0068062972806932544,0.01722187252464983,0.04008338007184819,0.08984481494203814,720,720,https://data-api.binance.vision,1
2026-10-09 07:08:18.914558,2026-10-08 20:00:00,XLM,0.1911,0.0068062972806932544,0.01722187252464983,0.04008338007184819,0.08984481494203814,720,720,https://data-api.binance.vision,1
2026-10-09 07:08:18.914558,2026-10-08 21:00:00,XLM,0.1929,0.006821559878357935,0.01722187252464983,0.04008338007184819,0.08984481494203814,720,720,https://data-api.binance.vision,1
2026-10-09 07:08:18.914558,2026-10-08 22:00:00,XLM,0.1925,0.006821559878357935,0.01722187252464983,0.04008338007184819,0.08984481494203814,720,720,https://data-api.binance.vision,1
2026-10-09 07:08:18.914558,2026-10-08 23:00:00,XLM,0.193,0.006821559878357935,0.01722187252464983,0.04008338007184819,0.08984481494203814,720,720,https://data-api.binance.vision,1
2026-10-09 07:08:18.914558,2026-10-09 00:00:00,XLM,0.1921,0.006821559878357935,0.01722187252464983,0.040722947120917896,0.08984481494203814,720,720,https://data-api.binance.vision,1
2026-10-09 07:08:18.914558,2026-10-09 01:00:00,XLM,0.1925,0.006821559878357935,0.01722187252464983,0.04077283798627043,0.08984481494203814,720,720,https://data-api.binance.vision,1
2026-10-09 07:08:18.914558,2026-10-09 02:00:00,XLM,0.1935,0.006821559878357935,0.01722187252464983,0.04077283798627043,0.08984481494203814,720,720,https://data-api.binance.vision,1
2026-10-09 07:08:18.914558,2026-10-09 03:00:00,XLM,0.1937,0.006821559878357935,0.01722187252464983,0.04077283798627043,0.08984481494203814,720,720,https://data-api.binance.vision,1
2026-10-09 07:08:18.914558,2026-10-09 04:00:00,XLM,0.1945,0.006821559878357935,0.01722187252464983,0.04077283798627043,0.08984481494203814,720,720,https://data-api.binance.vision,1
2026-10-09 07:08:18.914558,2026-10-09 05:00:00,XLM,0.1943,0.0068062972806932544,0.01722187252464983,0.04077283798627043,0.08984481494203814,720,720,https://data-api.binance.vision,1
2026-10-09 07:08:18.914558,2026-10-09 06:00:00,XLM,0.195,0.0068062972806932544,0.01722187252464983,0.04077283798627043,0.08984481494203814,720,720,https://data-api.binance.vision,1
2026-10-09 07:08:18.914558,2026-10-09 07:00:00,XLM,0.1955,0.0068062972806932544,0.01722187252464983,0.04077283798627043,0.08984481494203814,720,720,https://data-api.binance.vision,0
2026-10-09 07:08:18.914558,2026-10-07 07:00:00,BCH,308.4,0.006087463398407281,0.01876843530144749,0.025121749728417304,0.11788868501682201,720,720,https://data-api.binance.vision,1
2026-10-09 07:08:18.914558,2026-10-07 08:00:00,BCH,307.5,0.006040858467755967,0.01876843530144749,0.0254352859250185,0.11788868501682201,720,720,https://data-api.binance.vision,1
2026-10-09 07:08:18.914558,2026-10-07 09:00:00,BCH,306.9,0.006040858467755967,0.01876843530144749,0.025637477023398768,0.11788868501682201,720,720,https://data-api.binance.vision,1
2026-10-09 07:08:18.914558,2026-10-07 10:00:00,BCH,306.2,0.006040858467755967,0.01876843530144749,0.02566193944507869,0.11788868501682201,720,720,https://data-api.binance.vision,1
2026-10-09 07:08:18.914558,2026-10-07 11:00:00,BCH,304.1,0.006087463398407281,0.01876843530144749,0.025681926521455803,0.11788868501682201,720,720,https://data-api.binance.vision,1
2026-10-09 07:08:18.914558,2026-10-07 12:00:00,BCH,302.9,0.006087463398407281,0.01876843530144749,0.025704242332259073,0.11788868501682201,720,720,https://data-api.binance.vision,1
2026-10-09 07:08:18.914558,2026-10-07 13:00:00,BCH,302.2,0.006040858467755967,0.018504099650527094,0.025711174438608778,0.11788868501682201,720,720,https://data-api.binance.vision,1
2026-10-09 07:08:18.914558,2026-10-07 14:00:00,BCH,301.7,0.006040858467755967,0.018504099650527094,0.02585135943112281,0.11788868501682201,720,720,https://data-api.binance.vision,1
2026-10-09 07:08:18.914558,2026-10-07 15:00:00,BCH,300.7,0.006022090893450809,0.018504099650527094,0.02585135943112281,0.11788868501682201,720,720,https://data-api.binance.vision,1
2026-10-09 07:08:18.914558,2026-10-07 16:00:00,BCH,302.6,0.006022090893450809,0.018504099650527094,0.025890133509747067,0.11788868501682201,720,720,https://data-api.binance.vision,1
2026-10-09 07:08:18.914558,2026-10-07 17:00:00,BCH,302.5,0.005998161101885557,0.01833537145823833,0.025890133509747067,0.11788868501682201,720,720,https://data-api.binance.vision,1
2026-10-09 07:08:18.914558,2026-10-07 18:00:00,BCH,301.3,0.005988826635653162,0.01833537145823833,0.02589541749888085,0.11788868501682201,720,720,https://data-api.binance.vision,1
2026-10-09 07:08:18.914558,2026-10-07 19:00:00,BCH,300.7,0.005988826635653162,0.01833537145823833,0.02621689213600936,0.11788868501682201,720,720,https://data-api.binance.vision,1
2026-10-09 07:08:18.914558,2026-10-07 20:00:00,BCH,300.4,0.005988826635653162,0.01833537145823833,0.02631150957220222,0.11788868501682201,720,720,https://data-api.binance.vision,1
2026-10-09 07:08:18.914558,2026-10-07 21:00:00,BCH,301.6,0.005988826635653162,0.01833537145823833,0.02669804392882881,0.11788868501682201,720,720,https://data-api.binance.vision,1
2026-10-09 07:08:18.914558,2026-10-07 22:00:00,BCH,298.9,0.005998161101885557,0.01833537145823833,0.026863277786116573,0.11788868501682201,720,720,https://data-api.binance.vision,1
2026-10-09 07:08:18.914558,2026-10-07 23:00:00,BCH,300.0,0.005988826635653162,0.01833537145823833,0.027041681542166605,0.11788868501682201,720,720,https://data-api.binance.vision,1
2026-10-09 07:08:18.914558,2026-10-08 00:00:00,BCH,300.3,0.005968308656951038,0.01833537145823833,0.02711020256094912,0.11788868501682201,720,720,https://data-api.binance.vision,1
2026-10-09 07:08:18.914558,2026-10-08 01:00:00,BCH,301.0,0.005966448120889183,0.01833537145823833,0.027126841719874586,0.11788868501682201,720,720,https://data-api.binance.vision,1
2026-10-09 07:08:18.914558,2026-10-08 02:00:00,BCH,299.7,0.005966448120889183,0.01833537145823833,0.027126841719874586,0.11788868501682201,720,720,https://data-api.binance.vision,1
2026-10-09 07:08:18.914558,2026-10-08 03:00:00,BCH,300.8,0.005949463158922656,0.018242068482205772,0.027126841719874586,0.11788868501682201,720,720,https://data-api.binance.vision,1
2026-10-09 07:08:18.914558,2026-10-08 04:00:00,BCH,298.8,0.005949463158922656,0.018242068482205772,0.027126841719874586,0.11788868501682201,720,720,https://data-api.binance.vision,1
2026-10-09 07:08:18.914558,2026-10-08 05:00:00,BCH,294.9,0.005966448120889183,0.018242068482205772,0.027223836904793467,0.11788868501682201,720,720,https://data-api.binance.vision,1
2026-10-09 07:08:18.914558,2026-10-08 06:00:00,BCH,295.1,0.005966448120889183,0.018242068482205772,0.027264330710155955,0.11788868501682201,720,720,https://data-api.binance.vision,1
2026-10-09 07:08:18.914558,2026-10-08 07:00:00,BCH,296.4,0.005966448120889183,0.018242068482205772,0.02727751483620965,0.11788868501682201,720,720,https://data-api.binance.vision,1
2026-10-09 07:08:18.914558,2026-10-08 08:00:00,BCH,296.0,0.005966448120889183,0.018242068482205772,0.027321942782257694,0.11788868501682201,720,720,https://data-api.binance.vision,1
2026-10-09 07:08:18.914558,2026-10-08 09:00:00,BCH,296.7,0.005949463158922656,0.018242068482205772,0.02737706211085955,0.11788868501682201,720,720,https://data-api.binance.vision,1
2026-10-09 07:08:18.914558,2026-10-08 10:00:00,BCH,298.1,0.005882899507976198,0.018242068482205772,0.02737706211085955,0.11788868501682201,720,720,https://data-api.binance.vision,1
2026-10-09 07:08:18.914558,2026-10-08 11:00:00,BCH,295.3,0.005882899507976198,0.018242068482205772,0.02761630480612802,0.11788868501682201,720,720,https://data-api.binance.vision,1
2026-10-09 07:08:18.914558,2026-10-08 12:00:00,BCH,294.6,0.005882899507976198,0.018242068482205772,0.02768388983711957,0.11788868501682201,720,720,https://data-api.binance.vision,1
2026-10-09 07:08:18.914558,2026-10-08 13:00:00,BCH,294.4,0.005882899507976198,0.018242068482205772,0.02768388983711957,0.11788868501682201,720,720,https://data-api.binance.vision,1
2026-10-09 07:08:18.914558,2026-10-08 14:00:00,BCH,295.6,0.0058752985894092195,0.018242068482205772,0.02768388983711957,0.11788868501682201,720,720,https://data-api.binance.vision,1
2026-10-09 07:08:18.914558,2026-10-08 15:00:00,BCH,296.9,0.005869534518757753,0.018242068482205772,0.02768388983711957,0.11788868501682201,720,720,https://data-api.binance.vision,1
2026-10-09 07:08:18.914558,2026-10-08 16:00:00,BCH,281.3,0.0058752985894092195,0.01834895971113284,0.027776516206781943,0.11788868501682201,720,720,https://data-api.binance.vision,1
2026-10-09 07:08:18.914558,2026-10-08 17:00:00,BCH,280.5,0.0058752985894092195,0.01834895971113284,0.028031297154263547,0.11788868501682201,720,720,https://data-api.binance.vision,1
2026-10-09 07:08:18.914558,2026-10-08 18:00:00,BCH,275.0,0.0058752985894092195,0.01876843530144749,0.028232612058665008,0.11788868501682201,720,720,https://data-api.binance.vision,1
2026-10-09 07:08:18.914558,2026-10-08 19:00:00,BCH,279.9,0.005882899507976198,0.01876843530144749,0.028375603127586548,0.11788868501682201,720,720,https://data-api.binance.vision,1
2026-10-09 07:08:18.914558,2026-10-08 20:00:00,BCH,281.9,0.005949463158922656,0.01876843530144749,0.028437650979245277,0.11788868501682201,720,720,https://data-api.binance.vision,1
2026-10-09 07:08:18.914558,2026-10-08 21:00:00,BCH,283.6,0.005966448120889183,0.01876843530144749,0.028533361947935352,0.11788868501682201,720,720,https://data-api.binance.vision,1
2026-10-09 07:08:18.914558,2026-10-08 22:00:00,BCH,282.8,0.005966448120889183,0.01876843530144749,0.028800423413212317,0.11788868501682201,720,720,https://data-api.binance.vision,1
2026-10-09 07:08:18.914558,2026-10-08 23:00:00,BCH,284.2,0.005949463158922656,0.01876843530144749,0.028944283244981023,0.11788868501682201,720,720,https://data-api.binance.vision,1
2026-10-09 07:08:18.914558,2026-10-09 00:00:00,BCH,271.1,0.005966448120889183,0.01890730282609956,0.028976333262456723,0.11788868501682201,720,720,https://data-api.binance.vision,1
2026-10-09 07:08:18.914558,2026-10-09 01:00:00,BCH,275.5,0.005968308656951038,0.01890730282609956,0.02933387768371567,0.11788868501682201,720,720,https://data-api.binance.vision,1
2026-10-09 07:08:18.914558,2026-10-09 02:00:00,BCH,278.9,0.005988826635653162,0.01890730282609956,0.029856572292769862,0.11788868501682201,720,720,https://data-api.binance.vision,1
2026-10-09 07:08:18.914558,2026-10-09 03:00:00,BCH,276.8,0.005998161101885557,0.01890730282609956,0.029928159713284434,0.11788868501682201,720,720,https://data-api.binance.vision,1
2026-10-09 07:08:18.914558,2026-10-09 04:00:00,BCH,279.0,0.006011310273213546,0.01890730282609956,0.029950589800378218,0.11788868501682201,720,720,https://data-api.binance.vision,1
2026-10-09 07:08:18.914558,2026-10-09 05:00:00,BCH,279.6,0.005998161101885557,0.01890730282609956,0.029985713486708518,0.11788868501682201,720,720,https://data-api.binance.vision,1
2026-10-09 07:08:18.914558,2026-10-09 06:00:00,BCH,280.5,0.005988826635653162,0.01890730282609956,0.03000786180891541,0.11788868501682201,720,720,https://data-api.binance.vision,1
2026-10-09 07:08:18.914558,2026-10-09 07:00:00,BCH,280.8,0.005988826635653162,0.01890730282609956,0.030262779146627637,0.11788868501682201,720,720,https://data-api.binance.vision,0
2026-10-09 07:08:18.914558,2026-10-07 07:00:00,HBAR,0.09625,0.006949052847128918,0.0179899531504186,0.03763353204848429,0.12674995853687163,720,720,https://data-api.binance.vision,1
2026-10-09 07:08:18.914558,2026-10-07 08:00:00,HBAR,0.09587,0.006949052847128918,0.0179899531504186,0.03773200462020089,0.12674995853687163,720,720,https://data-api.binance.vision,1
2026-10-09 07:08:18.914558,2026-10-07 09:00:00,HBAR,0.09519,0.006982835567061461,0.0179899531504186,0.0377660439057569,0.12674995853687163,720,720,https://data-api.binance.vision,1
2026-10-09 07:08:18.914558,2026-10-07 10:00:00,HBAR,0.09475,0.006982835567061461,0.0179899531504186,0.03784658680490366,0.12674995853687163,720,720,https://data-api.binance.vision,1
2026-10-09 07:08:18.914558,2026-10-07 11:00:00,HBAR,0.09471,0.006982835567061461,0.0179899531504186,0.03796171247465022,0.12674995853687163,720,720,https://data-api.binance.vision,1
2026-10-09 07:08:18.914558,2026-10-07 12:00:00,HBAR,0.09395,0.007054089780714838,0.0179899531504186,0.03804898560700547,0.12674995853687163,720,720,https://data-api.binance.vision,1
2026-10-09 07:08:18.914558,2026-10-07 13:00:00,HBAR,0.09391,0.006982835567061461,0.017794978403275343,0.03833515638742399,0.12674995853687163,720,720,https://data-api.binance.vision,1
2026-10-09 07:08:18.914558,2026-10-07 14:00:00,HBAR,0.09366,0.006982835567061461,0.017794978403275343,0.03844241937488053,0.12674995853687163,720,720,https://data-api.binance.vision,1
2026-10-09 07:08:18.914558,2026-10-07 15:00:00,HBAR,0.09257,0.007054089780714838,0.017794978403275343,0.03878503302986852,0.12674995853687163,720,720,https://data-api.binance.vision,1
2026-10-09 07:08:18.914558,2026-10-07 16:00:00,HBAR,0.09333,0.007054089780714838,0.017585277819104052,0.038823283311648527,0.12674995853687163,720,720,https://data-api.binance.vision,1
2026-10-09 07:08:18.914558,2026-10-07 17:00:00,HBAR,0.09276,0.006982835567061461,0.017571587992085958,0.038879329173069584,0.12674995853687163,720,720,https://data-api.binance.vision,1
2026-10-09 07:08:18.914558,2026-10-07 18:00:00,HBAR,0.09218,0.006982835567061461,0.017571587992085958,0.03893257543915305,0.12674995853687163,720,720,https://data-api.binance.vision,1
2026-10-09 07:08:18.914558,2026-10-07 19:00:00,HBAR,0.09244,0.006982835567061461,0.017571587992085958,0.038967307042432925,0.12674995853687163,720,720,https://data-api.binance.vision,1
2026-10-09 07:08:18.914558,2026-10-07 20:00:00,HBAR,0.09264,0.006982835567061461,0.017571587992085958,0.039005005251903646,0.12674995853687163,720,720,https://data-api.binance.vision,1
2026-10-09 07:08:18.914558,2026-10-07 21:00:00,HBAR,0.09305,0.006982835567061461,0.017571587992085958,0.03905649424101195,0.12674995853687163,720,720,https://data-api.binance.vision,1
2026-10-09 07:08:18.914558,2026-10-07 22:00:00,HBAR,0.09249,0.006982835567061461,0.017571587992085958,0.03920791262571712,0.12674995853687163,720,720,https://data-api.binance.vision,1
2026-10-09 07:08:18.914558,2026-10-07 23:00:00,HBAR,0.09287,0.006949052847128918,0.017571587992085958,0.03938059554337113,0.12674995853687163,720,720,https://data-api.binance.vision,1
2026-10-09 07:08:18.914558,2026-10-08 00:00:00,HBAR,0.09285,0.006949052847128918,0.017571587992085958,0.039409338218935275,0.12674995853687163,720,720,https://data-api.binance.vision,1
2026-10-09 07:08:18.914558,2026-10-08 01:00:00,HBAR,0.09313,0.006934902667362976,0.017571587992085958,0.03942107657820457,0.12674995853687163,720,720,https://data-api.binance.vision,1
2026-10-09 07:08:18.914558,2026-10-08 02:00:00,HBAR,0.09291,0.006934902667362976,0.017571587992085958,0.03951733823041148,0.12674995853687163,720,720,https://data-api.binance.vision,1
2026-10-09 07:08:18.914558,2026-10-08 03:00:00,HBAR,0.09376,0.006934902667362976,0.017571587992085958,0.03951733823041148,0.12674995853687163,720,720,https://data-api.binance.vision,1
2026-10-09 07:08:18.914558,2026-10-08 04:00:00,HBAR,0.09296,0.006949052847128918,0.017571587992085958,0.03951733823041148,0.12674995853687163,720,720,https://data-api.binance.vision,1
2026-10-09 07:08:18.914558,2026-10-08 05:00:00,HBAR,0.09229,0.006982835567061461,0.017571587992085958,0.03963834278613772,0.12674995853687163,720,720,https://data-api.binance.vision,1
2026-10-09 07:08:18.914558,2026-10-08 06:00:00,HBAR,0.09231,0.006982835567061461,0.017571587992085958,0.03971871293578195,0.12674995853687163,720,720,https://data-api.binance.vision,1
2026-10-09 07:08:18.914558,2026-10-08 07:00:00,HBAR,0.09289,0.006949052847128918,0.017571587992085958,0.03971871293578195,0.12674995853687163,720,720,https://data-api.binance.vision,1
2026-10-09 07:08:18.914558,2026-10-08 08:00:00,HBAR,0.09337,0.006949052847128918,0.017571587992085958,0.03971871293578195,0.12674995853687163,720,720,https://data-api.binance.vision,1
2026-10-09 07:08:18.914558,2026-10-08 09:00:00,HBAR,0.09438,0.006982835567061461,0.017571587992085958,0.03971871293578195,0.12674995853687163,720,720,https://data-api.binance.vision,1
2026-10-09 07:08:18.914558,2026-10-08 10:00:00,HBAR,0.0956,0.006982835567061461,0.017571587992085958,0.03971871293578195,0.12674995853687163,720,720,https://data-api.binance.vision,1
2026-10-09 07:08:18.914558,2026-10-08 11:00:00,HBAR,0.09479,0.007054089780714838,0.017571587992085958,0.03971871293578195,0.12674995853687163,720,720,https://data-api.binance.vision,1
2026-10-09 07:08:18.914558,2026-10-08 12:00:00,HBAR,0.09426,0.007054089780714838,0.017571587992085958,0.03971871293578195,0.12674995853687163,720,720,https://data-api.binance.vision,1
2026-10-09 07:08:18.914558,2026-10-08 13:00:00,HBAR,0.09421,0.007054089780714838,0.017571587992085958,0.03971871293578195,0.12674995853687163,720,720,https://data-api.binance.vision,1
2026-10-09 07:08:18.914558,2026-10-08 14:00:00,HBAR,0.0943,0.007054089780714838,0.017571587992085958,0.03971871293578195,0.12674995853687163,720,720,https://data-api.binance.vision,1
2026-10-09 07:08:18.914558,2026-10-08 15:00:00,HBAR,0.0938,0.007054089780714838,0.017571587992085958,0.03971871293578195,0.12674995853687163,720,720,https://data-api.binance.vision,1
2026-10-09 07:08:18.914558,2026-10-08 16:00:00,HBAR,0.08909,0.007054089780714838,0.017585277819104052,0.03979688202245189,0.12674995853687163,720,720,https://data-api.binance.vision,1
2026-10-09 07:08:18.914558,2026-10-08 17:00:00,HBAR,0.08969,0.006982835567061461,0.017585277819104052,0.03979688202245189,0.12674995853687163,720,720,https://data-api.binance.vision,1
2026-10-09 07:08:18.914558,2026-10-08 18:00:00,HBAR,0.08862,0.006982835567061461,0.017585277819104052,0.03979688202245189,0.12674995853687163,720,720,https://data-api.binance.vision,1
2026-10-09 07:08:18.914558,2026-10-08 19:00:00,HBAR,0.09152,0.007054089780714838,0.017794978403275343,0.03979688202245189,0.12674995853687163,720,720,https://data-api.binance.vision,1
2026-10-09 07:08:18.914558,2026-10-08 20:00:00,HBAR,0.09196,0.007054089780714838,0.017794978403275343,0.03979688202245189,0.12674995853687163,720,720,https://data-api.binance.vision,1
2026-10-09 07:08:18.914558,2026-10-08 21:00:00,HBAR,0.09198,0.007054089780714838,0.017794978403275343,0.03979688202245189,0.12674995853687163,720,720,https://data-api.binance.vision,1
2026-10-09 07:08:18.914558,2026-10-08 22:00:00,HBAR,0.09115,0.007077887190503685,0.017794978403275343,0.03971871293578195,0.12674995853687163,720,720,https://data-api.binance.vision,1
2026-10-09 07:08:18.914558,2026-10-08 23:00:00,HBAR,0.09118,0.007077887190503685,0.017794978403275343,0.03971871293578195,0.12674995853687163,720,720,https://data-api.binance.vision,1
2026-10-09 07:08:18.914558,2026-10-09 00:00:00,HBAR,0.09034,0.007099971845232176,0.017794978403275343,0.03971871293578195,0.12674995853687163,720,720,https://data-api.binance.vision,1
2026-10-09 07:08:18.914558,2026-10-09 01:00:00,HBAR,0.09049,0.007099971845232176,0.017794978403275343,0.03963834278613772,0.12674995853687163,720,720,https://data-api.binance.vision,1
2026-10-09 07:08:18.914558,2026-10-09 02:00:00,HBAR,0.09095,0.007099971845232176,0.017794978403275343,0.03951733823041148,0.12674995853687163,720,720,https://data-api.binance.vision,1
2026-10-09 07:08:18.914558,2026-10-09 03:00:00,HBAR,0.09127,0.007099971845232176,0.017794978403275343,0.03951733823041148,0.12674995853687163,720,720,https://data-api.binance.vision,1
2026-10-09 07:08:18.914558,2026-10-09 04:00:00,HBAR,0.09149,0.007099971845232176,0.017794978403275343,0.03951733823041148,0.12674995853687163,720,720,https://data-api.binance.vision,1
2026-10-09 07:08:18.914558,2026-10-09 05:00:00,HBAR,0.09152,0.007077887190503685,0.017794978403275343,0.03951733823041148,0.12674995853687163,720,720,https://data-api.binance.vision,1
2026-10-09 07:08:18.914558,2026-10-09 06:00:00,HBAR,0.0924,0.007099971845232176,0.017794978403275343,0.03951733823041148,0.12674995853687163,720,720,https://data-api.binance.vision,1
2026-10-09 07:08:18.914558,2026-10-09 07:00:00,HBAR,0.09268,0.007099971845232176,0.017794978403275343,0.03951733823041148,0.12674995853687163,720,720,https://data-api.binance.vision,0
2026-10-09 07:08:18.914558,2026-10-07 07:00:00,LTC,67.85,0.005583492585507664,0.015177819494638055,0.029480642493136165,0.06070415195823999,720,720,https://data-api.binance.vision,1
2026-10-09 07:08:18.914558,2026-10-07 08:00:00,LTC,67.77,0.005583492585507664,0.015177819494638055,0.029480642493136165,0.06070415195823999,720,720,https://data-api.binance.vision,1
2026-10-09 07:08:18.914558,2026-10-07 09:00:00,LTC,67.41,0.005583492585507664,0.015177819494638055,0.029596569335505057,0.06070415195823999,720,720,https://data-api.binance.vision,1
2026-10-09 07:08:18.914558,2026-10-07 10:00:00,LTC,67.38,0.005578352599353131,0.014894632228247438,0.02966086421305056,0.06070415195823999,720,720,https://data-api.binance.vision,1
2026-10-09 07:08:18.914558,2026-10-07 11:00:00,LTC,67.42,0.005564917758405344,0.014894632228247438,0.02966086421305056,0.06070415195823999,720,720,https://data-api.binance.vision,1
2026-10-09 07:08:18.914558,2026-10-07 12:00:00,LTC,66.98,0.005578352599353131,0.014894632228247438,0.029679032837571645,0.06070415195823999,720,720,https://data-api.binance.vision,1
2026-10-09 07:08:18.914558,2026-10-07 13:00:00,LTC,66.86,0.005564917758405344,0.014584276243129177,0.029679032837571645,0.0606201021720039,720,720,https://data-api.binance.vision,1
2026-10-09 07:08:18.914558,2026-10-07 14:00:00,LTC,66.84,0.005538549403454241,0.01453968662877325,0.029679032837571645,0.0606201021720039,720,720,https://data-api.binance.vision,1
2026-10-09 07:08:18.914558,2026-10-07 15:00:00,LTC,66.15,0.005538549403454241,0.01453968662877325,0.029679032837571645,0.0606201021720039,720,720,https://data-api.binance.vision,1
2026-10-09 07:08:18.914558,2026-10-07 16:00:00,LTC,66.14,0.005518457771968262,0.01452988893542293,0.029722501850596772,0.0606201021720039,720,720,https://data-api.binance.vision,1
2026-10-09 07:08:18.914558,2026-10-07 17:00:00,LTC,65.99,0.005518457771968262,0.01452988893542293,0.029810910975538125,0.0606201021720039,720,720,https://data-api.binance.vision,1
2026-10-09 07:08:18.914558,2026-10-07 18:00:00,LTC,65.99,0.0055018859298009565,0.01452988893542293,0.029921057399317982,0.0606201021720039,720,720,https://data-api.binance.vision,1
2026-10-09 07:08:18.914558,2026-10-07 19:00:00,LTC,66.07,0.0055018859298009565,0.01452988893542293,0.029985856162052515,0.0606201021720039,720,720,https://data-api.binance.vision,1
2026-10-09 07:08:18.914558,2026-10-07 20:00:00,LTC,66.07,0.0055018859298009565,0.01452988893542293,0.03000132737418938,0.0606201021720039,720,720,https://data-api.binance.vision,1
2026-10-09 07:08:18.914558,2026-10-07 21:00:00,LTC,66.13,0.0055018859298009565,0.01452988893542293,0.0301794898145953,0.0606201021720039,720,720,https://data-api.binance.vision,1
2026-10-09 07:08:18.914558,2026-10-07 22:00:00,LTC,65.67,0.005518457771968262,0.01452988893542293,0.03020293930220302,0.0606201021720039,720,720,https://data-api.binance.vision,1
2026-10-09 07:08:18.914558,2026-10-07 23:00:00,LTC,65.9,0.0055018859298009565,0.01452988893542293,0.03027331783275157,0.0606201021720039,720,720,https://data-api.binance.vision,1
2026-10-09 07:08:18.914558,2026-10-08 00:00:00,LTC,66.11,0.0055018859298009565,0.01452988893542293,0.030317034388356534,0.0606201021720039,720,720,https://data-api.binance.vision,1
2026-10-09 07:08:18.914558,2026-10-08 01:00:00,LTC,66.13,0.005483238196012686,0.01452988893542293,0.03035130580180518,0.0606201021720039,720,720,https://data-api.binance.vision,1
2026-10-09 07:08:18.914558,2026-10-08 02:00:00,LTC,66.05,0.005483238196012686,0.01452988893542293,0.030470427910586885,0.0606201021720039,720,720,https://data-api.binance.vision,1
2026-10-09 07:08:18.914558,2026-10-08 03:00:00,LTC,66.09,0.005428403406185503,0.01452988893542293,0.030470427910586885,0.0606201021720039,720,720,https://data-api.binance.vision,1
2026-10-09 07:08:18.914558,2026-10-08 04:00:00,LTC,65.59,0.005483238196012686,0.01452988893542293,0.030601197603232433,0.0606201021720039,720,720,https://data-api.binance.vision,1
2026-10-09 07:08:18.914558,2026-10-08 05:00:00,LTC,64.48,0.0055018859298009565,0.01453968662877325,0.030657448555759192,0.0606201021720039,720,720,https://data-api.binance.vision,1
2026-10-09 07:08:18.914558,2026-10-08 06:00:00,LTC,64.31,0.0055018859298009565,0.01453968662877325,0.030683860062260454,0.0606201021720039,720,720,https://data-api.binance.vision,1
2026-10-09 07:08:18.914558,2026-10-08 07:00:00,LTC,64.4,0.0055018859298009565,0.01453968662877325,0.030700699429753602,0.0606201021720039,720,720,https://data-api.binance.vision,1
2026-10-09 07:08:18.914558,2026-10-08 08:00:00,LTC,64.4,0.0055018859298009565,0.01453968662877325,0.03070626638931468,0.0606201021720039,720,720,https://data-api.binance.vision,1
2026-10-09 07:08:18.914558,2026-10-08 09:00:00,LTC,64.52,0.005483238196012686,0.01453968662877325,0.030713876909186394,0.0606201021720039,720,720,https://data-api.binance.vision,1
2026-10-09 07:08:18.914558,2026-10-08 10:00:00,LTC,64.8,0.005483238196012686,0.01453968662877325,0.030777980827163702,0.0606201021720039,720,720,https://data-api.binance.vision,1
2026-10-09 07:08:18.914558,2026-10-08 11:00:00,LTC,64.34,0.0055018859298009565,0.01453968662877325,0.030990757325602913,0.0606201021720039,720,720,https://data-api.binance.vision,1
2026-10-09 07:08:18.914558,2026-10-08 12:00:00,LTC,64.11,0.0055018859298009565,0.01453968662877325,0.031118080119373382,0.0606201021720039,720,720,https://data-api.binance.vision,1
2026-10-09 07:08:18.914558,2026-10-08 13:00:00,LTC,64.11,0.0055018859298009565,0.01453968662877325,0.031118080119373382,0.060549077554971846,720,720,https://data-api.binance.vision,1
2026-10-09 07:08:18.914558,2026-10-08 14:00:00,LTC,64.11,0.005483238196012686,0.01453968662877325,0.031118080119373382,0.060549077554971846,720,720,https://data-api.binance.vision,1
2026-10-09 07:08:18.914558,2026-10-08 15:00:00,LTC,64.23,0.005483238196012686,0.01453968662877325,0.030990757325602913,0.060549077554971846,720,720,https://data-api.binance.vision,1
2026-10-09 07:08:18.914558,2026-10-08 16:00:00,LTC,61.94,0.005483238196012686,0.014584276243129177,0.031118080119373382,0.0606201021720039,720,720,https://data-api.binance.vision,1
2026-10-09 07:08:18.914558,2026-10-08 17:00:00,LTC,62.14,0.005428403406185503,0.014584276243129177,0.03127220339616091,0.0606201021720039,720,720,https://data-api.binance.vision,1
2026-10-09 07:08:18.914558,2026-10-08 18:00:00,LTC,61.41,0.005428403406185503,0.014584276243129177,0.031296404325053546,0.06070415195823999,720,720,https://data-api.binance.vision,1
2026-10-09 07:08:18.914558,2026-10-08 19:00:00,LTC,62.24,0.005483238196012686,0.014584276243129177,0.03135861736814804,0.06070415195823999,720,720,https://data-api.binance.vision,1
2026-10-09 07:08:18.914558,2026-10-08 20:00:00,LTC,62.66,0.0055018859298009565,0.014584276243129177,0.03143752853514175,0.06070415195823999,720,720,https://data-api.binance.vision,1
2026-10-09 07:08:18.914558,2026-10-08 21:00:00,LTC,63.06,0.005537213951824534,0.014584276243129177,0.03172977308455195,0.06070415195823999,720,720,https://data-api.binance.vision,1
2026-10-09 07:08:18.914558,2026-10-08 22:00:00,LTC,63.21,0.005537213951824534,0.014584276243129177,0.031891705604497625,0.06070415195823999,720,720,https://data-api.binance.vision,1
2026-10-09 07:08:18.914558,2026-10-08 23:00:00,LTC,63.46,0.005537213951824534,0.014584276243129177,0.03191922569496082,0.06070415195823999,720,720,https://data-api.binance.vision,1
2026-10-09 07:08:18.914558,2026-10-09 00:00:00,LTC,63.16,0.005537213951824534,0.014584276243129177,0.03205649818941387,0.06070415195823999,720,720,https://data-api.binance.vision,1
2026-10-09 07:08:18.914558,2026-10-09 01:00:00,LTC,63.29,0.005537213951824534,0.014584276243129177,0.032267744744950665,0.06070415195823999,720,720,https://data-api.binance.vision,1
2026-10-09 07:08:18.914558,2026-10-09 02:00:00,LTC,63.67,0.005564917758405344,0.014584276243129177,0.032287165518720545,0.06070415195823999,720,720,https://data-api.binance.vision,1
2026-10-09 07:08:18.914558,2026-10-09 03:00:00,LTC,63.46,0.005564917758405344,0.014584276243129177,0.03229642272323473,0.06070415195823999,720,720,https://data-api.binance.vision,1
2026-10-09 07:08:18.914558,2026-10-09 04:00:00,LTC,63.75,0.005537213951824534,0.014584276243129177,0.03229642272323473,0.06070415195823999,720,720,https://data-api.binance.vision,1
2026-10-09 07:08:18.914558,2026-10-09 05:00:00,LTC,63.95,0.0055018859298009565,0.014584276243129177,0.03229642272323473,0.06070415195823999,720,720,https://data-api.binance.vision,1
2026-10-09 07:08:18.914558,2026-10-09 06:00:00,LTC,64.03,0.005483238196012686,0.014584276243129177,0.03229642272323473,0.06070415195823999,720,720,https://data-api.binance.vision,1
2026-10-09 07:08:18.914558,2026-10-09 07:00:00,LTC,64.21,0.005428403406185503,0.014584276243129177,0.03229642272323473,0.06070415195823999,720,720,https://data-api.binance.vision,0
2026-10-09 07:08:18.914558,2026-06-28 03:00:00,TON,1.562,0.009514291606960384,0.026236765263278308,0.04454877814620837,0.13008500972827347,720,720,https://data-api.binance.vision,1
2026-10-09 07:08:18.914558,2026-06-28 04:00:00,TON,1.569,0.009514291606960384,0.026236765263278308,0.04454877814620837,0.13008500972827347,720,720,https://data-api.binance.vision,1
2026-10-09 07:08:18.914558,2026-06-28 05:00:00,TON,1.557,0.009514291606960384,0.026236765263278308,0.04454877814620837,0.13008500972827347,720,720,https://data-api.binance.vision,1
2026-10-09 07:08:18.914558,2026-06-28 06:00:00,TON,1.557,0.009514291606960384,0.026236765263278308,0.04454877814620837,0.13008500972827347,720,720,https://data-api.binance.vision,1
2026-10-09 07:08:18.914558,2026-06-28 07:00:00,TON,1.547,0.00945756585078752,0.026236765263278308,0.04454877814620837,0.13008500972827347,720,720,https://data-api.binance.vision,1
2026-10-09 07:08:18.914558,2026-06-28 08:00:00,TON,1.561,0.00945756585078752,0.026236765263278308,0.04454877814620837,0.13008500972827347,720,720,https://data-api.binance.vision,1
2026-10-09 07:08:18.914558,2026-06-28 09:00:00,TON,1.556,0.00945756585078752,0.026236765263278308,0.04454877814620837,0.13008500972827347,720,720,https://data-api.binance.vision,1
2026-10-09 07:08:18.914558,2026-06-28 10:00:00,TON,1.563,0.00945756585078752,0.026236765263278308,0.04454877814620837,0.13008500972827347,720,720,https://data-api.binance.vision,1
2026-10-09 07:08:18.914558,2026-06-28 11:00:00,TON,1.559,0.00945756585078752,0.026236765263278308,0.04454877814620837,0.13008500972827347,720,720,https://data-api.binance.vision,1
2026-10-09 07:08:18.914558,2026-06-28 12:00:00,TON,1.561,0.009407318612340327,0.026236765263278308,0.04454877814620837,0.13008500972827347,720,720,https://data-api.binance.vision,1
2026-10-09 07:08:18.914558,2026-06-28 13:00:00,TON,1.555,0.009407318612340327,0.026236765263278308,0.04454877814620837,0.13008500972827347,720,720,https://data-api.binance.vision,1
2026-10-09 07:08:18.914558,2026-06-28 14:00:00,TON,1.557,0.009407318612340327,0.026236765263278308,0.04454877814620837,0.13008500972827347,720,720,https://data-api.binance.vision,1
2026-10-09 07:08:18.914558,2026-06-28 15:00:00,TON,1.555,0.009407318612340327,0.026236765263278308,0.04454877814620837,0.13008500972827347,720,720,https://data-api.binance.vision,1
2026-10-09 07:08:18.914558,2026-06-28 16:00:00,TON,1.551,0.009402778383988194,0.026236765263278308,0.04454877814620837,0.13008500972827347,720,720,https://data-api.binance.vision,1
2026-10-09 07:08:18.914558,2026-06-28 17:00:00,TON,1.551,0.009402778383988194,0.026236765263278308,0.04454877814620837,0.13008500972827347,720,720,https://data-api.binance.vision,1
2026-10-09 07:08:18.914558,2026-06-28 18:00:00,TON,1.555,0.009402778383988194,0.026236765263278308,0.04454877814620837,0.13008500972827347,720,720,https://data-api.binance.vision,1
2026-10-09 07:08:18.914558,2026-06-28 19:00:00,TON,1.548,0.009360083576368741,0.026236765263278308,0.04454877814620837,0.13008500972827347,720,720,https://data-api.binance.vision,1
2026-10-09 07:08:18.914558,2026-06-28 20:00:00,TON,1.561,0.009360083576368741,0.026236765263278308,0.04454877814620837,0.13008500972827347,720,720,https://data-api.binance.vision,1
2026-10-09 07:08:18.914558,2026-06-28 21:00:00,TON,1.567,0.009360083576368741,0.026236765263278308,0.04454877814620837,0.13008500972827347,720,720,https://data-api.binance.vision,1
2026-10-09 07:08:18.914558,2026-06-28 22:00:00,TON,1.602,0.009402778383988194,0.026236765263278308,0.04454877814620837,0.13008500972827347,720,720,https://data-api.binance.vision,1
2026-10-09 07:08:18.914558,2026-06-28 23:00:00,TON,1.59,0.009402778383988194,0.026236765263278308,0.04454877814620837,0.13008500972827347,720,720,https://data-api.binance.vision,1
2026-10-09 07:08:18.914558,2026-06-29 00:00:00,TON,1.589,0.009402778383988194,0.026236765263278308,0.04454877814620837,0.13008500972827347,720,720,https://data-api.binance.vision,1
2026-10-09 07:08:18.914558,2026-06-29 01:00:00,TON,1.589,0.009402778383988194,0.026236765263278308,0.04454877814620837,0.13008500972827347,720,720,https://data-api.binance.vision,1
2026-10-09 07:08:18.914558,2026-06-29 02:00:00,TON,1.591,0.009402778383988194,0.026236765263278308,0.04454877814620837,0.13008500972827347,720,720,https://data-api.binance.vision,1
2026-10-09 07:08:18.914558,2026-06-29 03:00:00,TON,1.584,0.009402778383988194,0.026236765263278308,0.04454877814620837,0.13008500972827347,720,720,https://data-api.binance.vision,1
2026-10-09 07:08:18.914558,2026-06-29 04:00:00,TON,1.604,0.009402778383988194,0.026236765263278308,0.04454877814620837,0.13008500972827347,720,720,https://data-api.binance.vision,1
2026-10-09 07:08:18.914558,2026-06-29 05:00:00,TON,1.605,0.009402778383988194,0.026236765263278308,0.04454877814620837,0.13008500972827347,720,720,https://data-api.binance.vision,1
2026-10-09 07:08:18.914558,2026-06-29 06:00:00,TON,1.605,0.009360083576368741,0.026236765263278308,0.04454877814620837,0.13008500972827347,720,720,https://data-api.binance.vision,1
2026-10-09 07:08:18.914558,2026-06-29 07:00:00,TON,1.62,0.009360083576368741,0.026236765263278308,0.04458501765304976,0.13008500972827347,720,720,https://data-api.binance.vision,1
2026-10-09 07:08:18.914558,2026-06-29 08:00:00,TON,1.606,0.009360083576368741,0.026236765263278308,0.04458501765304976,0.13008500972827347,720,720,https://data-api.binance.vision,1
2026-10-09 07:08:18.914558,2026-06-29 09:00:00,TON,1.593,0.009360083576368741,0.026236765263278308,0.04458501765304976,0.13008500972827347,720,720,https://data-api.binance.vision,1
2026-10-09 07:08:18.914558,2026-06-29 10:00:00,TON,1.603,0.009360083576368741,0.026236765263278308,0.04458501765304976,0.13008500972827347,720,720,https://data-api.binance.vision,1
2026-10-09 07:08:18.914558,2026-06-29 11:00:00,TON,1.596,0.009360083576368741,0.026236765263278308,0.04458501765304976,0.13008500972827347,720,720,https://data-api.binance.vision,1
2026-10-09 07:08:18.914558,2026-06-29 12:00:00,TON,1.594,0.009360083576368741,0.026236765263278308,0.04458501765304976,0.13008500972827347,720,720,https://data-api.binance.vision,1
2026-10-09 07:08:18.914558,2026-06-29 13:00:00,TON,1.602,0.009360083576368741,0.026236765263278308,0.04458501765304976,0.13008500972827347,720,720,https://data-api.binance.vision,1
2026-10-09 07:08:18.914558,2026-06-29 14:00:00,TON,1.596,0.009360083576368741,0.026236765263278308,0.04458501765304976,0.13008500972827347,720,720,https://data-api.binance.vision,1
2026-10-09 07:08:18.914558,2026-06-29 15:00:00,TON,1.609,0.009334178057184808,0.026236765263278308,0.04458501765304976,0.13008500972827347,720,720,https://data-api.binance.vision,1
2026-10-09 07:08:18.914558,2026-06-29 16:00:00,TON,1.609,0.009334178057184808,0.026236765263278308,0.04458501765304976,0.13008500972827347,720,720,https://data-api.binance.vision,1
2026-10-09 07:08:18.914558,2026-06-29 17:00:00,TON,1.617,0.009323394687183538,0.026236765263278308,0.04458501765304976,0.13008500972827347,720,720,https://data-api.binance.vision,1
2026-10-09 07:08:18.914558,2026-06-29 18:00:00,TON,1.608,0.009323394687183538,0.026236765263278308,0.04458501765304976,0.13008500972827347,720,720,https://data-api.binance.vision,1
2026-10-09 07:08:18.914558,2026-06-29 19:00:00,TON,1.624,0.009334178057184808,0.026236765263278308,0.04477122639282864,0.13008500972827347,720,720,https://data-api.binance.vision,1
2026-10-09 07:08:18.914558,2026-06-29 20:00:00,TON,1.613,0.009334178057184808,0.026236765263278308,0.04458501765304976,0.13008500972827347,720,720,https://data-api.binance.vision,1
2026-10-09 07:08:18.914558,2026-06-29 21:00:00,TON,1.61,0.009334178057184808,0.026236765263278308,0.04454877814620837,0.13008500972827347,720,720,https://data-api.binance.vision,1
2026-10-09 07:08:18.914558,2026-06-29 22:00:00,TON,1.618,0.009334178057184808,0.026236765263278308,0.04421107705141752,0.13008500972827347,720,720,https://data-api.binance.vision,1
2026-10-09 07:08:18.914558,2026-06-29 23:00:00,TON,1.616,0.009334178057184808,0.026236765263278308,0.04421107705141752,0.13008500972827347,720,720,https://data-api.binance.vision,1
2026-10-09 07:08:18.914558,2026-06-30 00:00:00,TON,1.603,0.009334178057184808,0.026236765263278308,0.04421107705141752,0.13008500972827347,720,720,https://data-api.binance.vision,1
2026-10-09 07:08:18.914558,2026-06-30 01:00:00,TON,1.597,0.009323394687183538,0.026134159302153636,0.04408296981338477,0.13008500972827347,720,720,https://data-api.binance.vision,1
2026-10-09 07:08:18.914558,2026-06-30 02:00:00,TON,1.592,0.009300235554778947,0.026134159302153636,0.04404857011108445,0.13008500972827347,720,720,https://data-api.binance.vision,1
2026-10-09 07:08:18.914558,2026-06-30 03:00:00,TON,1.6,0.009300235554778947,0.026134159302153636,0.04404857011108445,0.13008500972827347,720,720,https://data-api.binance.vision,1
2026-10-09 07:08:18.914558,2026-10-07 07:00:00,SHIB,5.56e-06,0.005819609053263619,0.016213394306941437,0.03312321655738779,0.07285421696368254,720,720,https://data-api.binance.vision,1
2026-10-09 07:08:18.914558,2026-10-07 08:00:00,SHIB,5.56e-06,0.005819609053263619,0.016213394306941437,0.03320849077345635,0.07285421696368254,720,720,https://data-api.binance.vision,1
2026-10-09 07:08:18.914558,2026-10-07 09:00:00,SHIB,5.52e-06,0.005819609053263619,0.016213394306941437,0.03324606520052819,0.07285421696368254,720,720,https://data-api.binance.vision,1
2026-10-09 07:08:18.914558,2026-10-07 10:00:00,SHIB,5.5e-06,0.005819609053263619,0.016213394306941437,0.03330253473300488,0.07285421696368254,720,720,https://data-api.binance.vision,1
2026-10-09 07:08:18.914558,2026-10-07 11:00:00,SHIB,5.48e-06,0.005819609053263619,0.016213394306941437,0.03348519199306198,0.0733570719288597,720,720,https://data-api.binance.vision,1
2026-10-09 07:08:18.914558,2026-10-07 12:00:00,SHIB,5.45e-06,0.005819609053263619,0.016213394306941437,0.03369422633333031,0.07388210265735103,720,720,https://data-api.binance.vision,1
2026-10-09 07:08:18.914558,2026-10-07 13:00:00,SHIB,5.45e-06,0.005819609053263619,0.01611958483412987,0.033948640640942496,0.07457246248493024,720,720,https://data-api.binance.vision,1
2026-10-09 07:08:18.914558,2026-10-07 14:00:00,SHIB,5.39e-06,0.005819609053263619,0.01611958483412987,0.034084218440195116,0.07512747648787224,720,720,https://data-api.binance.vision,1
2026-10-09 07:08:18.914558,2026-10-07 15:00:00,SHIB,5.38e-06,0.005819609053263619,0.01611958483412987,0.03412990276733981,0.07550755250814517,720,720,https://data-api.binance.vision,1
2026-10-09 07:08:18.914558,2026-10-07 16:00:00,SHIB,5.41e-06,0.005819609053263619,0.016060312120685614,0.034133006369458464,0.07552923254450702,720,720,https://data-api.binance.vision,1
2026-10-09 07:08:18.914558,2026-10-07 17:00:00,SHIB,5.39e-06,0.005819609053263619,0.015869266922894712,0.03424056970918885,0.07594821089648558,720,720,https://data-api.binance.vision,1
2026-10-09 07:08:18.914558,2026-10-07 18:00:00,SHIB,5.38e-06,0.005819609053263619,0.015869266922894712,0.034249923043078445,0.07608625918284578,720,720,https://data-api.binance.vision,1
2026-10-09 07:08:18.914558,2026-10-07 19:00:00,SHIB,5.41e-06,0.005816915294366183,0.015869266922894712,0.03433753939110036,0.07608625918284578,720,720,https://data-api.binance.vision,1
2026-10-09 07:08:18.914558,2026-10-07 20:00:00,SHIB,5.41e-06,0.005785046061192674,0.015869266922894712,0.034378635159623555,0.07608625918284578,720,720,https://data-api.binance.vision,1
2026-10-09 07:08:18.914558,2026-10-07 21:00:00,SHIB,5.44e-06,0.005785046061192674,0.015869266922894712,0.03442318682602061,0.07608625918284578,720,720,https://data-api.binance.vision,1
2026-10-09 07:08:18.914558,2026-10-07 22:00:00,SHIB,5.39e-06,0.005816915294366183,0.015869266922894712,0.03448142660548292,0.07608625918284578,720,720,https://data-api.binance.vision,1
2026-10-09 07:08:18.914558,2026-10-07 23:00:00,SHIB,5.41e-06,0.005785046061192674,0.015869266922894712,0.03448617607116944,0.07608625918284578,720,720,https://data-api.binance.vision,1
2026-10-09 07:08:18.914558,2026-10-08 00:00:00,SHIB,5.43e-06,0.005785046061192674,0.015869266922894712,0.03451839290446801,0.07608625918284578,720,720,https://data-api.binance.vision,1
2026-10-09 07:08:18.914558,2026-10-08 01:00:00,SHIB,5.47e-06,0.005785046061192674,0.015869266922894712,0.03454378511269406,0.07608625918284578,720,720,https://data-api.binance.vision,1
2026-10-09 07:08:18.914558,2026-10-08 02:00:00,SHIB,5.44e-06,0.005785046061192674,0.015869266922894712,0.03454378511269406,0.07608625918284578,720,720,https://data-api.binance.vision,1
2026-10-09 07:08:18.914558,2026-10-08 03:00:00,SHIB,5.45e-06,0.00577302773352848,0.015869266922894712,0.03454378511269406,0.07608625918284578,720,720,https://data-api.binance.vision,1
2026-10-09 07:08:18.914558,2026-10-08 04:00:00,SHIB,5.43e-06,0.00577302773352848,0.015869266922894712,0.03454378511269406,0.07608625918284578,720,720,https://data-api.binance.vision,1
2026-10-09 07:08:18.914558,2026-10-08 05:00:00,SHIB,5.39e-06,0.005785046061192674,0.015869266922894712,0.03454378511269406,0.07608625918284578,720,720,https://data-api.binance.vision,1
2026-10-09 07:08:18.914558,2026-10-08 06:00:00,SHIB,5.38e-06,0.005785046061192674,0.015869266922894712,0.034612994284247814,0.07608625918284578,720,720,https://data-api.binance.vision,1
2026-10-09 07:08:18.914558,2026-10-08 07:00:00,SHIB,5.39e-06,0.005785046061192674,0.015869266922894712,0.034612994284247814,0.07608625918284578,720,720,https://data-api.binance.vision,1
2026-10-09 07:08:18.914558,2026-10-08 08:00:00,SHIB,5.4e-06,0.005785046061192674,0.015869266922894712,0.034612994284247814,0.07608625918284578,720,720,https://data-api.binance.vision,1
2026-10-09 07:08:18.914558,2026-10-08 09:00:00,SHIB,5.39e-06,0.005785046061192674,0.015869266922894712,0.034612994284247814,0.07608625918284578,720,720,https://data-api.binance.vision,1
2026-10-09 07:08:18.914558,2026-10-08 10:00:00,SHIB,5.46e-06,0.005785046061192674,0.015869266922894712,0.034612994284247814,0.07608625918284578,720,720,https://data-api.binance.vision,1
2026-10-09 07:08:18.914558,2026-10-08 11:00:00,SHIB,5.42e-06,0.005816915294366183,0.015869266922894712,0.034612994284247814,0.07608625918284578,720,720,https://data-api.binance.vision,1
2026-10-09 07:08:18.914558,2026-10-08 12:00:00,SHIB,5.39e-06,0.005785046061192674,0.015869266922894712,0.034612994284247814,0.07608625918284578,720,720,https://data-api.binance.vision,1
2026-10-09 07:08:18.914558,2026-10-08 13:00:00,SHIB,5.37e-06,0.005785046061192674,0.015869266922894712,0.034612994284247814,0.07608625918284578,720,720,https://data-api.binance.vision,1
2026-10-09 07:08:18.914558,2026-10-08 14:00:00,SHIB,5.4e-06,0.00577302773352848,0.015869266922894712,0.034612994284247814,0.07608625918284578,720,720,https://data-api.binance.vision,1
2026-10-09 07:08:18.914558,2026-10-08 15:00:00,SHIB,5.42e-06,0.005752652489448451,0.015869266922894712,0.034612994284247814,0.07608625918284578,720,720,https://data-api.binance.vision,1
2026-10-09 07:08:18.914558,2026-10-08 16:00:00,SHIB,5.16e-06,0.005752652489448451,0.016060312120685614,0.034699652716627165,0.07608625918284578,720,720,https://data-api.binance.vision,1
2026-10-09 07:08:18.914558,2026-10-08 17:00:00,SHIB,5.15e-06,0.005752652489448451,0.016060312120685614,0.03483552720499462,0.07608625918284578,720,720,https://data-api.binance.vision,1
2026-10-09 07:08:18.914558,2026-10-08 18:00:00,SHIB,5.13e-06,0.005752652489448451,0.016060312120685614,0.03488401678681875,0.07608625918284578,720,720,https://data-api.binance.vision,1
2026-10-09 07:08:18.914558,2026-10-08 19:00:00,SHIB,5.21e-06,0.005752652489448451,0.016060312120685614,0.03507499494640382,0.07608625918284578,720,720,https://data-api.binance.vision,1
2026-10-09 07:08:18.914558,2026-10-08 20:00:00,SHIB,5.28e-06,0.005752652489448451,0.016060312120685614,0.03507499494640382,0.07608625918284578,720,720,https://data-api.binance.vision,1
2026-10-09 07:08:18.914558,2026-10-08 21:00:00,SHIB,5.31e-06,0.005752652489448451,0.016060312120685614,0.03507499494640382,0.07608625918284578,720,720,https://data-api.binance.vision,1
2026-10-09 07:08:18.914558,2026-10-08 22:00:00,SHIB,5.31e-06,0.005752652489448451,0.016060312120685614,0.03507499494640382,0.07608625918284578,720,720,https://data-api.binance.vision,1
2026-10-09 07:08:18.914558,2026-10-08 23:00:00,SHIB,5.32e-06,0.005752652489448451,0.016060312120685614,0.03507499494640382,0.07608625918284578,720,720,https://data-api.binance.vision,1
2026-10-09 07:08:18.914558,2026-10-09 00:00:00,SHIB,5.3e-06,0.005752652489448451,0.016060312120685614,0.03507499494640382,0.07608625918284578,720,720,https://data-api.binance.vision,1
2026-10-09 07:08:18.914558,2026-10-09 01:00:00,SHIB,5.31e-06,0.005752652489448451,0.016060312120685614,0.03507499494640382,0.07608625918284578,720,720,https://data-api.binance.vision,1
2026-10-09 07:08:18.914558,2026-10-09 02:00:00,SHIB,5.34e-06,0.005752652489448451,0.016060312120685614,0.03507499494640382,0.07608625918284578,720,720,https://data-api.binance.vision,1
2026-10-09 07:08:18.914558,2026-10-09 03:00:00,SHIB,5.35e-06,0.005752652489448451,0.016060312120685614,0.03507499494640382,0.07608625918284578,720,720,https://data-api.binance.vision,1
2026-10-09 07:08:18.914558,2026-10-09 04:00:00,SHIB,5.36e-06,0.005752652489448451,0.016060312120685614,0.03507499494640382,0.07608625918284578,720,720,https://data-api.binance.vision,1
2026-10-09 07:08:18.914558,2026-10-09 05:00:00,SHIB,5.36e-06,0.005752652489448451,0.016060312120685614,0.03507499494640382,0.07608625918284578,720,720,https://data-api.binance.vision,1
2026-10-09 07:08:18.914558,2026-10-09 06:00:00,SHIB,5.38e-06,0.005752652489448451,0.016060312120685614,0.03507499494640382,0.07608625918284578,720,720,https://data-api.binance.vision,1
2026-10-09 07:08:18.914558,2026-10-09 07:00:00,SHIB,5.4e-06,0.005752652489448451,0.016060312120685614,0.03507499494640382,0.07608625918284578,720,720,https://data-api.binance.vision,0
2026-10-09 07:08:18.914558,2026-10-07 07:00:00,DOT,1.135,0.00858759352800803,0.02246319310240759,0.05100157918088321,0.10090965028268783,720,720,https://data-api.binance.vision,1
2026-10-09 07:08:18.914558,2026-10-07 08:00:00,DOT,1.129,0.00858759352800803,0.02246319310240759,0.05143321035845999,0.10090965028268783,720,720,https://data-api.binance.vision,1
2026-10-09 07:08:18.914558,2026-10-07 09:00:00,DOT,1.121,0.008543571940153314,0.02246319310240759,0.051484113799911156,0.10090965028268783,720,720,https://data-api.binance.vision,1
2026-10-09 07:08:18.914558,2026-10-07 10:00:00,DOT,1.116,0.008543571940153314,0.02246319310240759,0.05154412749354457,0.10090965028268783,720,720,https://data-api.binance.vision,1
2026-10-09 07:08:18.914558,2026-10-07 11:00:00,DOT,1.116,0.008543571940153314,0.02246319310240759,0.05216698207119359,0.10090965028268783,720,720,https://data-api.binance.vision,1
2026-10-09 07:08:18.914558,2026-10-07 12:00:00,DOT,1.112,0.008543571940153314,0.02246319310240759,0.05242841328403685,0.10109978184471555,720,720,https://data-api.binance.vision,1
2026-10-09 07:08:18.914558,2026-10-07 13:00:00,DOT,1.106,0.008500572479601254,0.02220657410372161,0.05245271056818873,0.10109978184471555,720,720,https://data-api.binance.vision,1
2026-10-09 07:08:18.914558,2026-10-07 14:00:00,DOT,1.104,0.00846687799912197,0.021699993343941487,0.05245271056818873,0.10109978184471555,720,720,https://data-api.binance.vision,1
2026-10-09 07:08:18.914558,2026-10-07 15:00:00,DOT,1.1,0.008459144053712873,0.021699993343941487,0.05245271056818873,0.10090965028268783,720,720,https://data-api.binance.vision,1
2026-10-09 07:08:18.914558,2026-10-07 16:00:00,DOT,1.105,0.008444793524241993,0.021699993343941487,0.05245271056818873,0.10052976543629345,720,720,https://data-api.binance.vision,1
2026-10-09 07:08:18.914558,2026-10-07 17:00:00,DOT,1.102,0.008430963288799477,0.021699993343941487,0.05245271056818873,0.100434335148673,720,720,https://data-api.binance.vision,1
2026-10-09 07:08:18.914558,2026-10-07 18:00:00,DOT,1.097,0.008430963288799477,0.021699993343941487,0.05245271056818873,0.100434335148673,720,720,https://data-api.binance.vision,1
2026-10-09 07:08:18.914558,2026-10-07 19:00:00,DOT,1.102,0.008430963288799477,0.021699993343941487,0.05245271056818873,0.100434335148673,720,720,https://data-api.binance.vision,1
2026-10-09 07:08:18.914558,2026-10-07 20:00:00,DOT,1.107,0.008430963288799477,0.021447217536479872,0.05245271056818873,0.100434335148673,720,720,https://data-api.binance.vision,1
2026-10-09 07:08:18.914558,2026-10-07 21:00:00,DOT,1.112,0.008430963288799477,0.021447217536479872,0.05245271056818873,0.100434335148673,720,720,https://data-api.binance.vision,1
2026-10-09 07:08:18.914558,2026-10-07 22:00:00,DOT,1.11,0.008430963288799477,0.021447217536479872,0.05245271056818873,0.100434335148673,720,720,https://data-api.binance.vision,1
2026-10-09 07:08:18.914558,2026-10-07 23:00:00,DOT,1.111,0.008430458198435643,0.021311132002793488,0.05245271056818873,0.100434335148673,720,720,https://data-api.binance.vision,1
2026-10-09 07:08:18.914558,2026-10-08 00:00:00,DOT,1.117,0.008421822562375836,0.021311132002793488,0.05245271056818873,0.100434335148673,720,720,https://data-api.binance.vision,1
2026-10-09 07:08:18.914558,2026-10-08 01:00:00,DOT,1.121,0.008385949582581752,0.021311132002793488,0.052733239257959044,0.100434335148673,720,720,https://data-api.binance.vision,1
2026-10-09 07:08:18.914558,2026-10-08 02:00:00,DOT,1.116,0.008346736919919275,0.021311132002793488,0.05245271056818873,0.100434335148673,720,720,https://data-api.binance.vision,1
2026-10-09 07:08:18.914558,2026-10-08 03:00:00,DOT,1.121,0.008346736919919275,0.021311132002793488,0.05237469608900917,0.100434335148673,720,720,https://data-api.binance.vision,1
2026-10-09 07:08:18.914558,2026-10-08 04:00:00,DOT,1.108,0.008346736919919275,0.021311132002793488,0.05154412749354457,0.10040760110703756,720,720,https://data-api.binance.vision,1
2026-10-09 07:08:18.914558,2026-10-08 05:00:00,DOT,1.095,0.008346736919919275,0.021311132002793488,0.051484113799911156,0.10040760110703756,720,720,https://data-api.binance.vision,1
2026-10-09 07:08:18.914558,2026-10-08 06:00:00,DOT,1.097,0.008333175114121107,0.021311132002793488,0.05143321035845999,0.10040760110703756,720,720,https://data-api.binance.vision,1
2026-10-09 07:08:18.914558,2026-10-08 07:00:00,DOT,1.102,0.00824654351513031,0.021311132002793488,0.05100157918088321,0.10040760110703756,720,720,https://data-api.binance.vision,1
2026-10-09 07:08:18.914558,2026-10-08 08:00:00,DOT,1.097,0.00824654351513031,0.021311132002793488,0.05081334210390938,0.10040760110703756,720,720,https://data-api.binance.vision,1
2026-10-09 07:08:18.914558,2026-10-08 09:00:00,DOT,1.099,0.00824654351513031,0.021311132002793488,0.050765432102716154,0.10040760110703756,720,720,https://data-api.binance.vision,1
2026-10-09 07:08:18.914558,2026-10-08 10:00:00,DOT,1.117,0.00824654351513031,0.021311132002793488,0.050477627743822764,0.09963003785805256,720,720,https://data-api.binance.vision,1
2026-10-09 07:08:18.914558,2026-10-08 11:00:00,DOT,1.107,0.008333175114121107,0.021311132002793488,0.05045920912699856,0.09963003785805256,720,720,https://data-api.binance.vision,1
2026-10-09 07:08:18.914558,2026-10-08 12:00:00,DOT,1.104,0.008333175114121107,0.021311132002793488,0.05029081240066735,0.09963003785805256,720,720,https://data-api.binance.vision,1
2026-10-09 07:08:18.914558,2026-10-08 13:00:00,DOT,1.101,0.00824654351513031,0.021311132002793488,0.05020771274641514,0.09963003785805256,720,720,https://data-api.binance.vision,1
2026-10-09 07:08:18.914558,2026-10-08 14:00:00,DOT,1.11,0.008195158662823889,0.021311132002793488,0.05020771274641514,0.09963003785805256,720,720,https://data-api.binance.vision,1
2026-10-09 07:08:18.914558,2026-10-08 15:00:00,DOT,1.105,0.008176259534211352,0.020847798958686648,0.05008142349649348,0.09963003785805256,720,720,https://data-api.binance.vision,1
2026-10-09 07:08:18.914558,2026-10-08 16:00:00,DOT,1.032,0.008176259534211352,0.020847798958686648,0.05008142349649348,0.0994416609633578,720,720,https://data-api.binance.vision,1
2026-10-09 07:08:18.914558,2026-10-08 17:00:00,DOT,1.029,0.008176259534211352,0.020847798958686648,0.05008142349649348,0.0994416609633578,720,720,https://data-api.binance.vision,1
2026-10-09 07:08:18.914558,2026-10-08 18:00:00,DOT,1.017,0.008176259534211352,0.020776006357834574,0.05008142349649348,0.09926390503998354,720,720,https://data-api.binance.vision,1
2026-10-09 07:08:18.914558,2026-10-08 19:00:00,DOT,1.035,0.008176259534211352,0.020776006357834574,0.05008142349649348,0.09839315309181314,720,720,https://data-api.binance.vision,1
2026-10-09 07:08:18.914558,2026-10-08 20:00:00,DOT,1.046,0.008176259534211352,0.020410628814972447,0.05008142349649348,0.09834779493373275,720,720,https://data-api.binance.vision,1
2026-10-09 07:08:18.914558,2026-10-08 21:00:00,DOT,1.085,0.008195158662823889,0.020776006357834574,0.049711405901604944,0.09744157160866784,720,720,https://data-api.binance.vision,1
2026-10-09 07:08:18.914558,2026-10-08 22:00:00,DOT,1.093,0.008195158662823889,0.020776006357834574,0.04965127855712048,0.09676283891783287,720,720,https://data-api.binance.vision,1
2026-10-09 07:08:18.914558,2026-10-08 23:00:00,DOT,1.104,0.00824654351513031,0.020776006357834574,0.04962962076710629,0.09646320421003432,720,720,https://data-api.binance.vision,1
2026-10-09 07:08:18.914558,2026-10-09 00:00:00,DOT,1.09,0.008333175114121107,0.020776006357834574,0.04951522007103118,0.09638079603332445,720,720,https://data-api.binance.vision,1
2026-10-09 07:08:18.914558,2026-10-09 01:00:00,DOT,1.121,0.008333175114121107,0.020776006357834574,0.049018003283914424,0.09567302731617158,720,720,https://data-api.binance.vision,1
2026-10-09 07:08:18.914558,2026-10-09 02:00:00,DOT,1.141,0.008333175114121107,0.020776006357834574,0.04868551855418851,0.09477521944959698,720,720,https://data-api.binance.vision,1
2026-10-09 07:08:18.914558,2026-10-09 03:00:00,DOT,1.143,0.00824654351513031,0.020776006357834574,0.0486276120018816,0.09436196001340458,720,720,https://data-api.binance.vision,1
2026-10-09 07:08:18.914558,2026-10-09 04:00:00,DOT,1.152,0.00824654351513031,0.020776006357834574,0.04842633885178947,0.0940115947005297,720,720,https://data-api.binance.vision,1
2026-10-09 07:08:18.914558,2026-10-09 05:00:00,DOT,1.16,0.008195158662823889,0.020776006357834574,0.04842633885178947,0.09301462231392639,720,720,https://data-api.binance.vision,1
2026-10-09 07:08:18.914558,2026-10-09 06:00:00,DOT,1.16,0.008176259534211352,0.020410628814972447,0.04842633885178947,0.0923453136009942,720,720,https://data-api.binance.vision,1
2026-10-09 07:08:18.914558,2026-10-09 07:00:00,DOT,1.167,0.00816920982406983,0.020410628814972447,0.04842633885178947,0.09199634218244877,720,720,https://data-api.binance.vision,0
2026-10-09 07:08:18.914558,2026-10-07 07:00:00,UNI,8.214,0.009394767270265128,0.025005912339251615,0.04414775376009889,0.14807656138844189,720,720,https://data-api.binance.vision,1
2026-10-09 07:08:18.914558,2026-10-07 08:00:00,UNI,8.189,0.009394767270265128,0.025005912339251615,0.04416980736595091,0.14807656138844189,720,720,https://data-api.binance.vision,1
2026-10-09 07:08:18.914558,2026-10-07 09:00:00,UNI,8.098,0.009415923276401594,0.025005912339251615,0.04419988000743676,0.14807656138844189,720,720,https://data-api.binance.vision,1
2026-10-09 07:08:18.914558,2026-10-07 10:00:00,UNI,8.045,0.009394767270265128,0.025005912339251615,0.044377743531593794,0.14807656138844189,720,720,https://data-api.binance.vision,1
2026-10-09 07:08:18.914558,2026-10-07 11:00:00,UNI,7.987,0.009386119031309637,0.025005912339251615,0.04467265028240002,0.14807656138844189,720,720,https://data-api.binance.vision,1
2026-10-09 07:08:18.914558,2026-10-07 12:00:00,UNI,7.977,0.009386119031309637,0.025005912339251615,0.044708190652847785,0.14807656138844189,720,720,https://data-api.binance.vision,1
2026-10-09 07:08:18.914558,2026-10-07 13:00:00,UNI,7.959,0.009313951209660535,0.025005912339251615,0.04524717196667834,0.14807656138844189,720,720,https://data-api.binance.vision,1
2026-10-09 07:08:18.914558,2026-10-07 14:00:00,UNI,7.928,0.009313951209660535,0.025005912339251615,0.04541971227432899,0.14807656138844189,720,720,https://data-api.binance.vision,1
2026-10-09 07:08:18.914558,2026-10-07 15:00:00,UNI,7.826,0.009313951209660535,0.025005912339251615,0.04554561609469071,0.14807656138844189,720,720,https://data-api.binance.vision,1
2026-10-09 07:08:18.914558,2026-10-07 16:00:00,UNI,7.848,0.009284154217862018,0.02492849615753235,0.045568200099709605,0.14807656138844189,720,720,https://data-api.binance.vision,1
2026-10-09 07:08:18.914558,2026-10-07 17:00:00,UNI,7.834,0.009245529045186612,0.02492849615753235,0.045568200099709605,0.14807656138844189,720,720,https://data-api.binance.vision,1
2026-10-09 07:08:18.914558,2026-10-07 18:00:00,UNI,7.829,0.009245529045186612,0.02492849615753235,0.0457460821499318,0.14807656138844189,720,720,https://data-api.binance.vision,1
2026-10-09 07:08:18.914558,2026-10-07 19:00:00,UNI,7.738,0.009284154217862018,0.02492849615753235,0.045821549127872764,0.14807656138844189,720,720,https://data-api.binance.vision,1
2026-10-09 07:08:18.914558,2026-10-07 20:00:00,UNI,7.779,0.009245529045186612,0.02492849615753235,0.045858901593686906,0.14807656138844189,720,720,https://data-api.binance.vision,1
2026-10-09 07:08:18.914558,2026-10-07 21:00:00,UNI,7.795,0.009245529045186612,0.02492849615753235,0.04608728803095953,0.14807656138844189,720,720,https://data-api.binance.vision,1
2026-10-09 07:08:18.914558,2026-10-07 22:00:00,UNI,7.761,0.009245529045186612,0.02492849615753235,0.04612588221777179,0.14807656138844189,720,720,https://data-api.binance.vision,1
2026-10-09 07:08:18.914558,2026-10-07 23:00:00,UNI,7.847,0.009245529045186612,0.02492849615753235,0.04612588221777179,0.14807656138844189,720,720,https://data-api.binance.vision,1
2026-10-09 07:08:18.914558,2026-10-08 00:00:00,UNI,7.91,0.009245529045186612,0.02492849615753235,0.04612588221777179,0.14807656138844189,720,720,https://data-api.binance.vision,1
2026-10-09 07:08:18.914558,2026-10-08 01:00:00,UNI,7.951,0.009245529045186612,0.02492849615753235,0.046730762715365984,0.14807656138844189,720,720,https://data-api.binance.vision,1
2026-10-09 07:08:18.914558,2026-10-08 02:00:00,UNI,7.921,0.00916517143522766,0.024863310818744152,0.046730762715365984,0.14807656138844189,720,720,https://data-api.binance.vision,1
2026-10-09 07:08:18.914558,2026-10-08 03:00:00,UNI,7.941,0.009127851406968833,0.024863310818744152,0.046730762715365984,0.14807656138844189,720,720,https://data-api.binance.vision,1
2026-10-09 07:08:18.914558,2026-10-08 04:00:00,UNI,7.872,0.009127851406968833,0.024863310818744152,0.046730762715365984,0.14807656138844189,720,720,https://data-api.binance.vision,1
2026-10-09 07:08:18.914558,2026-10-08 05:00:00,UNI,7.811,0.009127851406968833,0.024863310818744152,0.046730762715365984,0.14807656138844189,720,720,https://data-api.binance.vision,1
2026-10-09 07:08:18.914558,2026-10-08 06:00:00,UNI,7.711,0.00916517143522766,0.024863310818744152,0.04689930888685627,0.14807656138844189,720,720,https://data-api.binance.vision,1
2026-10-09 07:08:18.914558,2026-10-08 07:00:00,UNI,7.767,0.00916517143522766,0.024863310818744152,0.04699906182865793,0.14807656138844189,720,720,https://data-api.binance.vision,1
2026-10-09 07:08:18.914558,2026-10-08 08:00:00,UNI,7.78,0.00916517143522766,0.024863310818744152,0.04714877581035557,0.14807656138844189,720,720,https://data-api.binance.vision,1
2026-10-09 07:08:18.914558,2026-10-08 09:00:00,UNI,7.771,0.00916517143522766,0.024863310818744152,0.04714877581035557,0.14807656138844189,720,720,https://data-api.binance.vision,1
2026-10-09 07:08:18.914558,2026-10-08 10:00:00,UNI,7.843,0.009218118403148417,0.024863310818744152,0.04714877581035557,0.14807656138844189,720,720,https://data-api.binance.vision,1
2026-10-09 07:08:18.914558,2026-10-08 11:00:00,UNI,7.755,0.009218118403148417,0.024863310818744152,0.04714877581035557,0.14807656138844189,720,720,https://data-api.binance.vision,1
2026-10-09 07:08:18.914558,2026-10-08 12:00:00,UNI,7.721,0.009218118403148417,0.024863310818744152,0.04714877581035557,0.14807656138844189,720,720,https://data-api.binance.vision,1
2026-10-09 07:08:18.914558,2026-10-08 13:00:00,UNI,7.573,0.009249968645462393,0.024863310818744152,0.047189908083284084,0.14807656138844189,720,720,https://data-api.binance.vision,1
2026-10-09 07:08:18.914558,2026-10-08 14:00:00,UNI,7.602,0.009249968645462393,0.024863310818744152,0.047189908083284084,0.14807656138844189,720,720,https://data-api.binance.vision,1
2026-10-09 07:08:18.914558,2026-10-08 15:00:00,UNI,7.621,0.009249968645462393,0.024863310818744152,0.047189908083284084,0.14807656138844189,720,720,https://data-api.binance.vision,1
2026-10-09 07:08:18.914558,2026-10-08 16:00:00,UNI,7.324,0.009284154217862018,0.02492849615753235,0.04738545271913676,0.14807656138844189,720,720,https://data-api.binance.vision,1
2026-10-09 07:08:18.914558,2026-10-08 17:00:00,UNI,7.149,0.009284154217862018,0.02492849615753235,0.04747385282735907,0.14807656138844189,720,720,https://data-api.binance.vision,1
2026-10-09 07:08:18.914558,2026-10-08 18:00:00,UNI,7.052,0.009313951209660535,0.02492849615753235,0.04822082827677395,0.14807656138844189,720,720,https://data-api.binance.vision,1
2026-10-09 07:08:18.914558,2026-10-08 19:00:00,UNI,7.203,0.009386119031309637,0.02492849615753235,0.04911016747632906,0.14807656138844189,720,720,https://data-api.binance.vision,1
2026-10-09 07:08:18.914558,2026-10-08 20:00:00,UNI,7.261,0.009386119031309637,0.02492849615753235,0.04919988714369989,0.14807656138844189,720,720,https://data-api.binance.vision,1
2026-10-09 07:08:18.914558,2026-10-08 21:00:00,UNI,7.358,0.009394767270265128,0.02492849615753235,0.04967306389472859,0.14807656138844189,720,720,https://data-api.binance.vision,1
2026-10-09 07:08:18.914558,2026-10-08 22:00:00,UNI,7.364,0.009394767270265128,0.02492849615753235,0.049740137534906796,0.14807656138844189,720,720,https://data-api.binance.vision,1
2026-10-09 07:08:18.914558,2026-10-08 23:00:00,UNI,7.338,0.009386119031309637,0.02492849615753235,0.049843375066659874,0.14807656138844189,720,720,https://data-api.binance.vision,1
2026-10-09 07:08:18.914558,2026-10-09 00:00:00,UNI,7.12,0.009394767270265128,0.025005912339251615,0.05008325217164699,0.14807656138844189,720,720,https://data-api.binance.vision,1
2026-10-09 07:08:18.914558,2026-10-09 01:00:00,UNI,7.191,0.009415923276401594,0.025005912339251615,0.05019286947740062,0.14807656138844189,720,720,https://data-api.binance.vision,1
2026-10-09 07:08:18.914558,2026-10-09 02:00:00,UNI,7.301,0.009423587308120958,0.025005912339251615,0.05026571421350098,0.14807656138844189,720,720,https://data-api.binance.vision,1
2026-10-09 07:08:18.914558,2026-10-09 03:00:00,UNI,7.33,0.009423587308120958,0.025005912339251615,0.05031272120801656,0.14807656138844189,720,720,https://data-api.binance.vision,1
2026-10-09 07:08:18.914558,2026-10-09 04:00:00,UNI,7.37,0.009423587308120958,0.025005912339251615,0.05060188036451558,0.14807656138844189,720,720,https://data-api.binance.vision,1
2026-10-09 07:08:18.914558,2026-10-09 05:00:00,UNI,7.325,0.009415923276401594,0.025005912339251615,0.050997542520532735,0.14807656138844189,720,720,https://data-api.binance.vision,1
2026-10-09 07:08:18.914558,2026-10-09 06:00:00,UNI,7.373,0.009415923276401594,0.025005912339251615,0.050997542520532735,0.14807656138844189,720,720,https://data-api.binance.vision,1
2026-10-09 07:08:18.914558,2026-10-09 07:00:00,UNI,7.438,0.009415923276401594,0.025005912339251615,0.050997542520532735,0.14807656138844189,720,720,https://data-api.binance.vision,0
2026-10-09 07:08:18.914558,2026-10-07 07:00:00,AAVE,176.73,0.007690953575559014,0.018358135919401955,0.046809901239535545,0.09689772905637149,720,720,https://data-api.binance.vision,1
2026-10-09 07:08:18.914558,2026-10-07 08:00:00,AAVE,176.45,0.007682726638385696,0.018358135919401955,0.046809901239535545,0.09689772905637149,720,720,https://data-api.binance.vision,1
2026-10-09 07:08:18.914558,2026-10-07 09:00:00,AAVE,175.23,0.007645309854968652,0.018358135919401955,0.046809901239535545,0.09689772905637149,720,720,https://data-api.binance.vision,1
2026-10-09 07:08:18.914558,2026-10-07 10:00:00,AAVE,174.42,0.007645309854968652,0.018358135919401955,0.046809901239535545,0.09689772905637149,720,720,https://data-api.binance.vision,1
2026-10-09 07:08:18.914558,2026-10-07 11:00:00,AAVE,173.02,0.007682726638385696,0.018358135919401955,0.046809901239535545,0.09689772905637149,720,720,https://data-api.binance.vision,1
2026-10-09 07:08:18.914558,2026-10-07 12:00:00,AAVE,171.76,0.007682726638385696,0.018358135919401955,0.04687321208586158,0.09689772905637149,720,720,https://data-api.binance.vision,1
2026-10-09 07:08:18.914558,2026-10-07 13:00:00,AAVE,172.22,0.007645309854968652,0.018358135919401955,0.047314475651960834,0.09689772905637149,720,720,https://data-api.binance.vision,1
2026-10-09 07:08:18.914558,2026-10-07 14:00:00,AAVE,171.97,0.007635758258856847,0.018358135919401955,0.04742511480106238,0.09689772905637149,720,720,https://data-api.binance.vision,1
2026-10-09 07:08:18.914558,2026-10-07 15:00:00,AAVE,170.54,0.007645309854968652,0.018358135919401955,0.04762712884122825,0.09689772905637149,720,720,https://data-api.binance.vision,1
2026-10-09 07:08:18.914558,2026-10-07 16:00:00,AAVE,171.9,0.007645309854968652,0.018358135919401955,0.04768082465291261,0.09689772905637149,720,720,https://data-api.binance.vision,1
2026-10-09 07:08:18.914558,2026-10-07 17:00:00,AAVE,171.68,0.007635758258856847,0.018358135919401955,0.04768082465291261,0.09689772905637149,720,720,https://data-api.binance.vision,1
2026-10-09 07:08:18.914558,2026-10-07 18:00:00,AAVE,171.23,0.007635758258856847,0.018358135919401955,0.04786896828288935,0.09689772905637149,720,720,https://data-api.binance.vision,1
2026-10-09 07:08:18.914558,2026-10-07 19:00:00,AAVE,172.26,0.007635758258856847,0.018358135919401955,0.047947844821021796,0.09689772905637149,720,720,https://data-api.binance.vision,1
2026-10-09 07:08:18.914558,2026-10-07 20:00:00,AAVE,172.53,0.007635758258856847,0.018358135919401955,0.04803863874740486,0.09689772905637149,720,720,https://data-api.binance.vision,1
2026-10-09 07:08:18.914558,2026-10-07 21:00:00,AAVE,174.3,0.007645309854968652,0.018358135919401955,0.04803863874740486,0.09689772905637149,720,720,https://data-api.binance.vision,1
2026-10-09 07:08:18.914558,2026-10-07 22:00:00,AAVE,173.17,0.007645309854968652,0.018358135919401955,0.04803863874740486,0.09689772905637149,720,720,https://data-api.binance.vision,1
2026-10-09 07:08:18.914558,2026-10-07 23:00:00,AAVE,173.56,0.007645309854968652,0.018358135919401955,0.04803863874740486,0.09689772905637149,720,720,https://data-api.binance.vision,1
2026-10-09 07:08:18.914558,2026-10-08 00:00:00,AAVE,174.08,0.007645309854968652,0.018358135919401955,0.04803863874740486,0.09689772905637149,720,720,https://data-api.binance.vision,1
2026-10-09 07:08:18.914558,2026-10-08 01:00:00,AAVE,173.13,0.007645309854968652,0.018358135919401955,0.04803863874740486,0.09689772905637149,720,720,https://data-api.binance.vision,1
2026-10-09 07:08:18.914558,2026-10-08 02:00:00,AAVE,173.87,0.007645309854968652,0.018358135919401955,0.04803863874740486,0.09689772905637149,720,720,https://data-api.binance.vision,1
2026-10-09 07:08:18.914558,2026-10-08 03:00:00,AAVE,175.84,0.007645309854968652,0.018358135919401955,0.04803863874740486,0.09689772905637149,720,720,https://data-api.binance.vision,1
2026-10-09 07:08:18.914558,2026-10-08 04:00:00,AAVE,173.15,0.007682726638385696,0.018358135919401955,0.04803863874740486,0.09689772905637149,720,720,https://data-api.binance.vision,1
2026-10-09 07:08:18.914558,2026-10-08 05:00:00,AAVE,172.7,0.007682726638385696,0.018358135919401955,0.04803863874740486,0.09689772905637149,720,720,https://data-api.binance.vision,1
2026-10-09 07:08:18.914558,2026-10-08 06:00:00,AAVE,171.69,0.007682726638385696,0.018358135919401955,0.04803863874740486,0.09689772905637149,720,720,https://data-api.binance.vision,1
2026-10-09 07:08:18.914558,2026-10-08 07:00:00,AAVE,173.29,0.007690953575559014,0.018358135919401955,0.04803863874740486,0.09689772905637149,720,720,https://data-api.binance.vision,1
2026-10-09 07:08:18.914558,2026-10-08 08:00:00,AAVE,172.33,0.007690953575559014,0.018358135919401955,0.04803863874740486,0.09689772905637149,720,720,https://data-api.binance.vision,1
2026-10-09 07:08:18.914558,2026-10-08 09:00:00,AAVE,172.19,0.007690953575559014,0.018358135919401955,0.04803863874740486,0.09689772905637149,720,720,https://data-api.binance.vision,1
2026-10-09 07:08:18.914558,2026-10-08 10:00:00,AAVE,172.72,0.007682726638385696,0.018358135919401955,0.04803863874740486,0.09689772905637149,720,720,https://data-api.binance.vision,1
2026-10-09 07:08:18.914558,2026-10-08 11:00:00,AAVE,170.96,0.007690953575559014,0.018358135919401955,0.04803863874740486,0.09689772905637149,720,720,https://data-api.binance.vision,1
2026-10-09 07:08:18.914558,2026-10-08 12:00:00,AAVE,170.89,0.007690953575559014,0.018358135919401955,0.04803863874740486,0.09689772905637149,720,720,https://data-api.binance.vision,1
2026-10-09 07:08:18.914558,2026-10-08 13:00:00,AAVE,169.66,0.007690953575559014,0.018358135919401955,0.04803863874740486,0.09689772905637149,720,720,https://data-api.binance.vision,1
2026-10-09 07:08:18.914558,2026-10-08 14:00:00,AAVE,170.29,0.007682726638385696,0.018358135919401955,0.04803863874740486,0.09689772905637149,720,720,https://data-api.binance.vision,1
2026-10-09 07:08:18.914558,2026-10-08 15:00:00,AAVE,172.8,0.007682726638385696,0.018358135919401955,0.04803863874740486,0.09689772905637149,720,720,https://data-api.binance.vision,1
2026-10-09 07:08:18.914558,2026-10-08 16:00:00,AAVE,164.99,0.007682726638385696,0.018504758263628004,0.04803863874740486,0.09689772905637149,720,720,https://data-api.binance.vision,1
2026-10-09 07:08:18.914558,2026-10-08 17:00:00,AAVE,164.12,0.007682726638385696,0.018504758263628004,0.04803863874740486,0.09689772905637149,720,720,https://data-api.binance.vision,1
2026-10-09 07:08:18.914558,2026-10-08 18:00:00,AAVE,161.28,0.007682726638385696,0.018504758263628004,0.04807802885271352,0.09689772905637149,720,720,https://data-api.binance.vision,1
2026-10-09 07:08:18.914558,2026-10-08 19:00:00,AAVE,164.2,0.007690953575559014,0.018504758263628004,0.04807802885271352,0.09689772905637149,720,720,https://data-api.binance.vision,1
2026-10-09 07:08:18.914558,2026-10-08 20:00:00,AAVE,166.08,0.007699700531882563,0.018504758263628004,0.04807802885271352,0.09689772905637149,720,720,https://data-api.binance.vision,1
2026-10-09 07:08:18.914558,2026-10-08 21:00:00,AAVE,167.0,0.007699700531882563,0.018504758263628004,0.04807802885271352,0.09689772905637149,720,720,https://data-api.binance.vision,1
2026-10-09 07:08:18.914558,2026-10-08 22:00:00,AAVE,167.69,0.007699700531882563,0.018504758263628004,0.04807802885271352,0.09689772905637149,720,720,https://data-api.binance.vision,1
2026-10-09 07:08:18.914558,2026-10-08 23:00:00,AAVE,167.44,0.007699700531882563,0.018504758263628004,0.04807802885271352,0.09689772905637149,720,720,https://data-api.binance.vision,1
2026-10-09 07:08:18.914558,2026-10-09 00:00:00,AAVE,166.17,0.007699700531882563,0.018504758263628004,0.04807802885271352,0.09689772905637149,720,720,https://data-api.binance.vision,1
2026-10-09 07:08:18.914558,2026-10-09 01:00:00,AAVE,165.75,0.007699700531882563,0.018504758263628004,0.04807802885271352,0.09689772905637149,720,720,https://data-api.binance.vision,1
2026-10-09 07:08:18.914558,2026-10-09 02:00:00,AAVE,166.31,0.007699700531882563,0.018504758263628004,0.04807802885271352,0.09689772905637149,720,720,https://data-api.binance.vision,1
2026-10-09 07:08:18.914558,2026-10-09 03:00:00,AAVE,165.63,0.007699700531882563,0.018504758263628004,0.04847997256050484,0.09689772905637149,720,720,https://data-api.binance.vision,1
2026-10-09 07:08:18.914558,2026-10-09 04:00:00,AAVE,166.26,0.007699700531882563,0.018504758263628004,0.04847997256050484,0.09689772905637149,720,720,https://data-api.binance.vision,1
2026-10-09 07:08:18.914558,2026-10-09 05:00:00,AAVE,165.14,0.007690953575559014,0.018504758263628004,0.04847997256050484,0.09689772905637149,720,720,https://data-api.binance.vision,1
2026-10-09 07:08:18.914558,2026-10-09 06:00:00,AAVE,168.58,0.007690953575559014,0.018591203791212218,0.04847997256050484,0.09689772905637149,720,720,https://data-api.binance.vision,1
2026-10-09 07:08:18.914558,2026-10-09 07:00:00,AAVE,168.95,0.007690953575559014,0.018591203791212218,0.04847997256050484,0.09689772905637149,720,720,https://data-api.binance.vision,0
2026-10-09 07:08:18.914558,2026-10-07 07:00:00,NEAR,5.186,0.012848665595570151,0.030938286380966597,0.06864657742576936,0.17871627932331932,720,720,https://data-api.binance.vision,1
2026-10-09 07:08:18.914558,2026-10-07 08:00:00,NEAR,5.172,0.012827995419585358,0.030376608957021805,0.06864657742576936,0.17871627932331932,720,720,https://data-api.binance.vision,1
2026-10-09 07:08:18.914558,2026-10-07 09:00:00,NEAR,5.153,0.01277966193835613,0.030376608957021805,0.06864657742576936,0.17871627932331932,720,720,https://data-api.binance.vision,1
2026-10-09 07:08:18.914558,2026-10-07 10:00:00,NEAR,4.983,0.012827995419585358,0.030938286380966597,0.06864657742576936,0.17871627932331932,720,720,https://data-api.binance.vision,1
2026-10-09 07:08:18.914558,2026-10-07 11:00:00,NEAR,5.042,0.012827995419585358,0.030938286380966597,0.06864657742576936,0.17871627932331932,720,720,https://data-api.binance.vision,1
2026-10-09 07:08:18.914558,2026-10-07 12:00:00,NEAR,5.035,0.012827995419585358,0.030938286380966597,0.06864657742576936,0.17871627932331932,720,720,https://data-api.binance.vision,1
2026-10-09 07:08:18.914558,2026-10-07 13:00:00,NEAR,5.071,0.012827995419585358,0.030938286380966597,0.06864657742576936,0.17871627932331932,720,720,https://data-api.binance.vision,1
2026-10-09 07:08:18.914558,2026-10-07 14:00:00,NEAR,5.083,0.012827995419585358,0.030938286380966597,0.06864657742576936,0.17871627932331932,720,720,https://data-api.binance.vision,1
2026-10-09 07:08:18.914558,2026-10-07 15:00:00,NEAR,5.028,0.012827995419585358,0.030938286380966597,0.06864657742576936,0.17871627932331932,720,720,https://data-api.binance.vision,1
2026-10-09 07:08:18.914558,2026-10-07 16:00:00,NEAR,5.036,0.01277966193835613,0.030938286380966597,0.06864657742576936,0.17871627932331932,720,720,https://data-api.binance.vision,1
2026-10-09 07:08:18.914558,2026-10-07 17:00:00,NEAR,5.147,0.012827995419585358,0.030938286380966597,0.06864657742576936,0.17871627932331932,720,720,https://data-api.binance.vision,1
2026-10-09 07:08:18.914558,2026-10-07 18:00:00,NEAR,5.15,0.012827995419585358,0.030938286380966597,0.06864657742576936,0.17871627932331932,720,720,https://data-api.binance.vision,1
2026-10-09 07:08:18.914558,2026-10-07 19:00:00,NEAR,5.269,0.012848665595570151,0.030938286380966597,0.06864657742576936,0.17871627932331932,720,720,https://data-api.binance.vision,1
2026-10-09 07:08:18.914558,2026-10-07 20:00:00,NEAR,5.34,0.012884797799651891,0.030938286380966597,0.06864657742576936,0.17871627932331932,720,720,https://data-api.binance.vision,1
2026-10-09 07:08:18.914558,2026-10-07 21:00:00,NEAR,5.41,0.012902157593483033,0.030938286380966597,0.06864657742576936,0.17871627932331932,720,720,https://data-api.binance.vision,1
2026-10-09 07:08:18.914558,2026-10-07 22:00:00,NEAR,5.282,0.012918742642768684,0.030938286380966597,0.06849597649151512,0.17871627932331932,720,720,https://data-api.binance.vision,1
2026-10-09 07:08:18.914558,2026-10-07 23:00:00,NEAR,5.372,0.01293545385747033,0.030938286380966597,0.06849597649151512,0.17871627932331932,720,720,https://data-api.binance.vision,1
2026-10-09 07:08:18.914558,2026-10-08 00:00:00,NEAR,5.335,0.01293545385747033,0.030938286380966597,0.06849597649151512,0.17871627932331932,720,720,https://data-api.binance.vision,1
2026-10-09 07:08:18.914558,2026-10-08 01:00:00,NEAR,5.32,0.012918742642768684,0.030938286380966597,0.06849597649151512,0.17871627932331932,720,720,https://data-api.binance.vision,1
2026-10-09 07:08:18.914558,2026-10-08 02:00:00,NEAR,5.305,0.012918742642768684,0.030938286380966597,0.06849597649151512,0.17871627932331932,720,720,https://data-api.binance.vision,1
2026-10-09 07:08:18.914558,2026-10-08 03:00:00,NEAR,5.387,0.012918742642768684,0.030938286380966597,0.06864657742576936,0.17871627932331932,720,720,https://data-api.binance.vision,1
2026-10-09 07:08:18.914558,2026-10-08 04:00:00,NEAR,5.332,0.012918742642768684,0.030938286380966597,0.06867371639429884,0.17871627932331932,720,720,https://data-api.binance.vision,1
2026-10-09 07:08:18.914558,2026-10-08 05:00:00,NEAR,5.357,0.012918742642768684,0.030938286380966597,0.06870303178593207,0.17871627932331932,720,720,https://data-api.binance.vision,1
2026-10-09 07:08:18.914558,2026-10-08 06:00:00,NEAR,5.38,0.012918742642768684,0.030938286380966597,0.06870303178593207,0.17871627932331932,720,720,https://data-api.binance.vision,1
2026-10-09 07:08:18.914558,2026-10-08 07:00:00,NEAR,5.508,0.01293545385747033,0.030938286380966597,0.06870303178593207,0.17871627932331932,720,720,https://data-api.binance.vision,1
2026-10-09 07:08:18.914558,2026-10-08 08:00:00,NEAR,5.381,0.01293545385747033,0.030938286380966597,0.06870303178593207,0.17871627932331932,720,720,https://data-api.binance.vision,1
2026-10-09 07:08:18.914558,2026-10-08 09:00:00,NEAR,5.212,0.012942227884908463,0.03100184574393951,0.06870303178593207,0.17871627932331932,720,720,https://data-api.binance.vision,1
2026-10-09 07:08:18.914558,2026-10-08 10:00:00,NEAR,5.296,0.012966141712999053,0.03100184574393951,0.06870303178593207,0.17871627932331932,720,720,https://data-api.binance.vision,1
2026-10-09 07:08:18.914558,2026-10-08 11:00:00,NEAR,5.164,0.012971997958166446,0.03100184574393951,0.06870303178593207,0.17871627932331932,720,720,https://data-api.binance.vision,1
2026-10-09 07:08:18.914558,2026-10-08 12:00:00,NEAR,5.085,0.013019351091287783,0.03100184574393951,0.06870303178593207,0.17871627932331932,720,720,https://data-api.binance.vision,1
2026-10-09 07:08:18.914558,2026-10-08 13:00:00,NEAR,5.074,0.013019351091287783,0.03100184574393951,0.06870303178593207,0.17871627932331932,720,720,https://data-api.binance.vision,1
2026-10-09 07:08:18.914558,2026-10-08 14:00:00,NEAR,4.998,0.013047939074478357,0.03100184574393951,0.06870303178593207,0.17871627932331932,720,720,https://data-api.binance.vision,1
2026-10-09 07:08:18.914558,2026-10-08 15:00:00,NEAR,5.005,0.013019351091287783,0.03100184574393951,0.06870303178593207,0.17871627932331932,720,720,https://data-api.binance.vision,1
2026-10-09 07:08:18.914558,2026-10-08 16:00:00,NEAR,4.633,0.013019351091287783,0.03147095708317451,0.06872123102746293,0.17871627932331932,720,720,https://data-api.binance.vision,1
2026-10-09 07:08:18.914558,2026-10-08 17:00:00,NEAR,4.641,0.013019351091287783,0.03147095708317451,0.06891566745822152,0.17871627932331932,720,720,https://data-api.binance.vision,1
2026-10-09 07:08:18.914558,2026-10-08 18:00:00,NEAR,4.43,0.013019351091287783,0.031707217075040504,0.06937906623410708,0.17871627932331932,720,720,https://data-api.binance.vision,1
2026-10-09 07:08:18.914558,2026-10-08 19:00:00,NEAR,4.518,0.013047939074478357,0.031707217075040504,0.06943249822741837,0.17871627932331932,720,720,https://data-api.binance.vision,1
2026-10-09 07:08:18.914558,2026-10-08 20:00:00,NEAR,4.576,0.013047939074478357,0.031707217075040504,0.06960586696392271,0.17871627932331932,720,720,https://data-api.binance.vision,1
2026-10-09 07:08:18.914558,2026-10-08 21:00:00,NEAR,4.596,0.013047939074478357,0.031707217075040504,0.0696751935579255,0.17871627932331932,720,720,https://data-api.binance.vision,1
2026-10-09 07:08:18.914558,2026-10-08 22:00:00,NEAR,4.532,0.013055600086746723,0.031707217075040504,0.06970228423826047,0.17871627932331932,720,720,https://data-api.binance.vision,1
2026-10-09 07:08:18.914558,2026-10-08 23:00:00,NEAR,4.537,0.013055600086746723,0.031707217075040504,0.06976928453117978,0.17871627932331932,720,720,https://data-api.binance.vision,1
2026-10-09 07:08:18.914558,2026-10-09 00:00:00,NEAR,4.464,0.013129001744411424,0.031707217075040504,0.0698198741939686,0.17871627932331932,720,720,https://data-api.binance.vision,1
2026-10-09 07:08:18.914558,2026-10-09 01:00:00,NEAR,4.52,0.013129001744411424,0.031707217075040504,0.0699195830518963,0.17871627932331932,720,720,https://data-api.binance.vision,1
2026-10-09 07:08:18.914558,2026-10-09 02:00:00,NEAR,4.682,0.013201947448564148,0.03191246799206401,0.07008509271176017,0.17871627932331932,720,720,https://data-api.binance.vision,1
2026-10-09 07:08:18.914558,2026-10-09 03:00:00,NEAR,4.681,0.013129001744411424,0.03191246799206401,0.07025079119803317,0.17871627932331932,720,720,https://data-api.binance.vision,1
2026-10-09 07:08:18.914558,2026-10-09 04:00:00,NEAR,4.784,0.013201947448564148,0.03191246799206401,0.07064101085038504,0.17871627932331932,720,720,https://data-api.binance.vision,1
2026-10-09 07:08:18.914558,2026-10-09 05:00:00,NEAR,4.717,0.013201947448564148,0.03191246799206401,0.07070910986432775,0.17871627932331932,720,720,https://data-api.binance.vision,1
2026-10-09 07:08:18.914558,2026-10-09 06:00:00,NEAR,4.842,0.01322662804526117,0.03191246799206401,0.07075505106099886,0.17871627932331932,720,720,https://data-api.binance.vision,1
2026-10-09 07:08:18.914558,2026-10-09 07:00:00,NEAR,4.847,0.013201947448564148,0.03191246799206401,0.07081729588481357,0.17871627932331932,720,720,https://data-api.binance.vision,0
2026-10-09 07:08:18.914558,2026-10-07 07:00:00,PEPE,4.14e-06,0.007841541318641135,0.02140568378531754,0.03977132342689663,0.11504645266118636,720,720,https://data-api.binance.vision,1
2026-10-09 07:08:18.914558,2026-10-07 08:00:00,PEPE,4.15e-06,0.007841541318641135,0.02140568378531754,0.039943353191626875,0.11504645266118636,720,720,https://data-api.binance.vision,1
2026-10-09 07:08:18.914558,2026-10-07 09:00:00,PEPE,4.11e-06,0.007871586113315133,0.02140568378531754,0.040131967556467266,0.11504645266118636,720,720,https://data-api.binance.vision,1
2026-10-09 07:08:18.914558,2026-10-07 10:00:00,PEPE,4.1e-06,0.007871586113315133,0.02140568378531754,0.04023451241723175,0.11504645266118636,720,720,https://data-api.binance.vision,1
2026-10-09 07:08:18.914558,2026-10-07 11:00:00,PEPE,4.11e-06,0.007841541318641135,0.02140568378531754,0.040246499370180565,0.11504645266118636,720,720,https://data-api.binance.vision,1
2026-10-09 07:08:18.914558,2026-10-07 12:00:00,PEPE,4.08e-06,0.007841541318641135,0.02140568378531754,0.04033035690913678,0.11504645266118636,720,720,https://data-api.binance.vision,1
2026-10-09 07:08:18.914558,2026-10-07 13:00:00,PEPE,4.06e-06,0.007822725681208453,0.021307011167740073,0.04069825183829946,0.11504645266118636,720,720,https://data-api.binance.vision,1
2026-10-09 07:08:18.914558,2026-10-07 14:00:00,PEPE,4.05e-06,0.007821098049446534,0.021307011167740073,0.040910682412495146,0.11504645266118636,720,720,https://data-api.binance.vision,1
2026-10-09 07:08:18.914558,2026-10-07 15:00:00,PEPE,4.02e-06,0.007821098049446534,0.021307011167740073,0.041174210139943344,0.11504645266118636,720,720,https://data-api.binance.vision,1
2026-10-09 07:08:18.914558,2026-10-07 16:00:00,PEPE,4.06e-06,0.007821098049446534,0.021247982218243595,0.041282707937667834,0.11504645266118636,720,720,https://data-api.binance.vision,1
2026-10-09 07:08:18.914558,2026-10-07 17:00:00,PEPE,4.04e-06,0.007783489092114952,0.02089596120116431,0.041325161368427524,0.11504645266118636,720,720,https://data-api.binance.vision,1
2026-10-09 07:08:18.914558,2026-10-07 18:00:00,PEPE,4.03e-06,0.007564717603481057,0.02089596120116431,0.04141821396138067,0.11504645266118636,720,720,https://data-api.binance.vision,1
2026-10-09 07:08:18.914558,2026-10-07 19:00:00,PEPE,4.05e-06,0.007564717603481057,0.02089596120116431,0.041463675293165164,0.11504645266118636,720,720,https://data-api.binance.vision,1
2026-10-09 07:08:18.914558,2026-10-07 20:00:00,PEPE,4.06e-06,0.007545690498215834,0.02089596120116431,0.04147950885374138,0.11504645266118636,720,720,https://data-api.binance.vision,1
2026-10-09 07:08:18.914558,2026-10-07 21:00:00,PEPE,4.09e-06,0.007545690498215834,0.02089596120116431,0.04148060112071876,0.11504645266118636,720,720,https://data-api.binance.vision,1
2026-10-09 07:08:18.914558,2026-10-07 22:00:00,PEPE,4.07e-06,0.007545690498215834,0.02089596120116431,0.04174630793584893,0.11504645266118636,720,720,https://data-api.binance.vision,1
2026-10-09 07:08:18.914558,2026-10-07 23:00:00,PEPE,4.08e-06,0.0075282664207918515,0.02089596120116431,0.04179491141428805,0.11504645266118636,720,720,https://data-api.binance.vision,1
2026-10-09 07:08:18.914558,2026-10-08 00:00:00,PEPE,4.1e-06,0.007525258845461167,0.02089596120116431,0.04182416404483657,0.11504645266118636,720,720,https://data-api.binance.vision,1
2026-10-09 07:08:18.914558,2026-10-08 01:00:00,PEPE,4.1e-06,0.007525258845461167,0.02089596120116431,0.04182416404483657,0.11504645266118636,720,720,https://data-api.binance.vision,1
2026-10-09 07:08:18.914558,2026-10-08 02:00:00,PEPE,4.1e-06,0.007525258845461167,0.02089596120116431,0.04182416404483657,0.11504645266118636,720,720,https://data-api.binance.vision,1
2026-10-09 07:08:18.914558,2026-10-08 03:00:00,PEPE,4.1e-06,0.007487694043192051,0.02089596120116431,0.04182416404483657,0.11504645266118636,720,720,https://data-api.binance.vision,1
2026-10-09 07:08:18.914558,2026-10-08 04:00:00,PEPE,4.07e-06,0.007487694043192051,0.02089596120116431,0.04182416404483657,0.11504645266118636,720,720,https://data-api.binance.vision,1
2026-10-09 07:08:18.914558,2026-10-08 05:00:00,PEPE,4.04e-06,0.007487694043192051,0.02089596120116431,0.04182416404483657,0.11504645266118636,720,720,https://data-api.binance.vision,1
2026-10-09 07:08:18.914558,2026-10-08 06:00:00,PEPE,4.02e-06,0.007487694043192051,0.02089596120116431,0.04182416404483657,0.11504645266118636,720,720,https://data-api.binance.vision,1
2026-10-09 07:08:18.914558,2026-10-08 07:00:00,PEPE,4.04e-06,0.007487694043192051,0.02089596120116431,0.04182416404483657,0.11504645266118636,720,720,https://data-api.binance.vision,1
2026-10-09 07:08:18.914558,2026-10-08 08:00:00,PEPE,4.05e-06,0.007487694043192051,0.02089596120116431,0.04182416404483657,0.11504645266118636,720,720,https://data-api.binance.vision,1
2026-10-09 07:08:18.914558,2026-10-08 09:00:00,PEPE,4.02e-06,0.007487694043192051,0.02089596120116431,0.04182416404483657,0.11504645266118636,720,720,https://data-api.binance.vision,1
2026-10-09 07:08:18.914558,2026-10-08 10:00:00,PEPE,4.07e-06,0.007525258845461167,0.02089596120116431,0.04182416404483657,0.11504645266118636,720,720,https://data-api.binance.vision,1
2026-10-09 07:08:18.914558,2026-10-08 11:00:00,PEPE,4.04e-06,0.007525258845461167,0.02089596120116431,0.04182416404483657,0.11504645266118636,720,720,https://data-api.binance.vision,1
2026-10-09 07:08:18.914558,2026-10-08 12:00:00,PEPE,4.03e-06,0.007525258845461167,0.02089596120116431,0.04182416404483657,0.11504645266118636,720,720,https://data-api.binance.vision,1
2026-10-09 07:08:18.914558,2026-10-08 13:00:00,PEPE,4.01e-06,0.007525258845461167,0.02089596120116431,0.04182416404483657,0.11504645266118636,720,720,https://data-api.binance.vision,1
2026-10-09 07:08:18.914558,2026-10-08 14:00:00,PEPE,4.02e-06,0.007487694043192051,0.02089596120116431,0.04182416404483657,0.11504645266118636,720,720,https://data-api.binance.vision,1
2026-10-09 07:08:18.914558,2026-10-08 15:00:00,PEPE,4.03e-06,0.007451972881215312,0.02089596120116431,0.04182416404483657,0.11504645266118636,720,720,https://data-api.binance.vision,1
2026-10-09 07:08:18.914558,2026-10-08 16:00:00,PEPE,3.75e-06,0.007487694043192051,0.021247982218243595,0.041914643071063205,0.11504645266118636,720,720,https://data-api.binance.vision,1
2026-10-09 07:08:18.914558,2026-10-08 17:00:00,PEPE,3.73e-06,0.007487694043192051,0.021247982218243595,0.041960847682010693,0.11504645266118636,720,720,https://data-api.binance.vision,1
2026-10-09 07:08:18.914558,2026-10-08 18:00:00,PEPE,3.66e-06,0.007525258845461167,0.021247982218243595,0.04204151327194203,0.11504645266118636,720,720,https://data-api.binance.vision,1
2026-10-09 07:08:18.914558,2026-10-08 19:00:00,PEPE,3.77e-06,0.007525258845461167,0.021307011167740073,0.04206115205905615,0.11504645266118636,720,720,https://data-api.binance.vision,1
2026-10-09 07:08:18.914558,2026-10-08 20:00:00,PEPE,3.8e-06,0.007525258845461167,0.021307011167740073,0.042165913060532086,0.11504645266118636,720,720,https://data-api.binance.vision,1
2026-10-09 07:08:18.914558,2026-10-08 21:00:00,PEPE,3.85e-06,0.0075282664207918515,0.021307011167740073,0.042436465154105235,0.11504645266118636,720,720,https://data-api.binance.vision,1
2026-10-09 07:08:18.914558,2026-10-08 22:00:00,PEPE,3.83e-06,0.0075282664207918515,0.021307011167740073,0.042464058698081224,0.11504645266118636,720,720,https://data-api.binance.vision,1
2026-10-09 07:08:18.914558,2026-10-08 23:00:00,PEPE,3.86e-06,0.007545690498215834,0.021307011167740073,0.04264481581271855,0.11504645266118636,720,720,https://data-api.binance.vision,1
2026-10-09 07:08:18.914558,2026-10-09 00:00:00,PEPE,3.83e-06,0.007564717603481057,0.021307011167740073,0.04283262384343592,0.11504645266118636,720,720,https://data-api.binance.vision,1
2026-10-09 07:08:18.914558,2026-10-09 01:00:00,PEPE,3.85e-06,0.007545690498215834,0.021307011167740073,0.04284759138262915,0.11504645266118636,720,720,https://data-api.binance.vision,1
2026-10-09 07:08:18.914558,2026-10-09 02:00:00,PEPE,3.89e-06,0.007545690498215834,0.021307011167740073,0.042847591382629155,0.11504645266118636,720,720,https://data-api.binance.vision,1
2026-10-09 07:08:18.914558,2026-10-09 03:00:00,PEPE,3.89e-06,0.007545690498215834,0.021307011167740073,0.042862415387850135,0.11504645266118636,720,720,https://data-api.binance.vision,1
2026-10-09 07:08:18.914558,2026-10-09 04:00:00,PEPE,3.92e-06,0.007564717603481057,0.021307011167740073,0.042862415387850135,0.11504645266118636,720,720,https://data-api.binance.vision,1
2026-10-09 07:08:18.914558,2026-10-09 05:00:00,PEPE,3.92e-06,0.007545690498215834,0.021247982218243595,0.042862415387850135,0.11504645266118636,720,720,https://data-api.binance.vision,1
2026-10-09 07:08:18.914558,2026-10-09 06:00:00,PEPE,3.94e-06,0.0075282664207918515,0.021247982218243595,0.042862415387850135,0.11504645266118636,720,720,https://data-api.binance.vision,1
2026-10-09 07:08:18.914558,2026-10-09 07:00:00,PEPE,3.95e-06,0.0075282664207918515,0.021247982218243595,0.042862415387850135,0.11504645266118636,720,720,https://data-api.binance.vision,0
2026-10-09 07:08:18.914558,2026-10-07 07:00:00,TAO,300.9,0.008964671204364408,0.020238004693885956,0.051485383677124325,0.0976885683164666,720,720,https://data-api.binance.vision,1
2026-10-09 07:08:18.914558,2026-10-07 08:00:00,TAO,300.9,0.008961968324827154,0.020238004693885956,0.05108542049197731,0.09694053883581835,720,720,https://data-api.binance.vision,1
2026-10-09 07:08:18.914558,2026-10-07 09:00:00,TAO,300.1,0.008950636713331406,0.020238004693885956,0.050975740858090784,0.09648677974289145,720,720,https://data-api.binance.vision,1
2026-10-09 07:08:18.914558,2026-10-07 10:00:00,TAO,295.0,0.008961968324827154,0.020238004693885956,0.0509414236649863,0.09566983513855738,720,720,https://data-api.binance.vision,1
2026-10-09 07:08:18.914558,2026-10-07 11:00:00,TAO,292.9,0.008961968324827154,0.020238004693885956,0.05090442214504357,0.0954633636338931,720,720,https://data-api.binance.vision,1
2026-10-09 07:08:18.914558,2026-10-07 12:00:00,TAO,292.2,0.008961968324827154,0.020238004693885956,0.05058361001630975,0.0954633636338931,720,720,https://data-api.binance.vision,1
2026-10-09 07:08:18.914558,2026-10-07 13:00:00,TAO,290.8,0.008961968324827154,0.020238004693885956,0.05057643121575727,0.0954633636338931,720,720,https://data-api.binance.vision,1
2026-10-09 07:08:18.914558,2026-10-07 14:00:00,TAO,291.0,0.008961968324827154,0.020238004693885956,0.050546235209491634,0.0954633636338931,720,720,https://data-api.binance.vision,1
2026-10-09 07:08:18.914558,2026-10-07 15:00:00,TAO,287.8,0.008964671204364408,0.020238004693885956,0.050546235209491634,0.0954633636338931,720,720,https://data-api.binance.vision,1
2026-10-09 07:08:18.914558,2026-10-07 16:00:00,TAO,289.6,0.008961968324827154,0.02005848024492253,0.050546235209491634,0.0954633636338931,720,720,https://data-api.binance.vision,1
2026-10-09 07:08:18.914558,2026-10-07 17:00:00,TAO,289.0,0.008950636713331406,0.02005848024492253,0.050546235209491634,0.0954633636338931,720,720,https://data-api.binance.vision,1
2026-10-09 07:08:18.914558,2026-10-07 18:00:00,TAO,288.5,0.008950636713331406,0.02005848024492253,0.05057643121575727,0.0954633636338931,720,720,https://data-api.binance.vision,1
2026-10-09 07:08:18.914558,2026-10-07 19:00:00,TAO,288.4,0.008950636713331406,0.02005848024492253,0.05058361001630975,0.0954633636338931,720,720,https://data-api.binance.vision,1
2026-10-09 07:08:18.914558,2026-10-07 20:00:00,TAO,288.0,0.008950636713331406,0.02005848024492253,0.05090442214504357,0.0954633636338931,720,720,https://data-api.binance.vision,1
2026-10-09 07:08:18.914558,2026-10-07 21:00:00,TAO,291.0,0.008961968324827154,0.02005848024492253,0.05090442214504357,0.0954633636338931,720,720,https://data-api.binance.vision,1
2026-10-09 07:08:18.914558,2026-10-07 22:00:00,TAO,287.3,0.008964671204364408,0.02005848024492253,0.0509414236649863,0.0954633636338931,720,720,https://data-api.binance.vision,1
2026-10-09 07:08:18.914558,2026-10-07 23:00:00,TAO,289.6,0.008964671204364408,0.02005848024492253,0.050975740858090784,0.0954633636338931,720,720,https://data-api.binance.vision,1
2026-10-09 07:08:18.914558,2026-10-08 00:00:00,TAO,291.4,0.008964671204364408,0.02005848024492253,0.05108542049197731,0.0954633636338931,720,720,https://data-api.binance.vision,1
2026-10-09 07:08:18.914558,2026-10-08 01:00:00,TAO,291.2,0.008961968324827154,0.02005848024492253,0.05108542049197731,0.0954633636338931,720,720,https://data-api.binance.vision,1
2026-10-09 07:08:18.914558,2026-10-08 02:00:00,TAO,291.2,0.008961968324827154,0.02005848024492253,0.05108542049197731,0.0954633636338931,720,720,https://data-api.binance.vision,1
2026-10-09 07:08:18.914558,2026-10-08 03:00:00,TAO,291.9,0.008950636713331406,0.02005848024492253,0.050975740858090784,0.0954633636338931,720,720,https://data-api.binance.vision,1
2026-10-09 07:08:18.914558,2026-10-08 04:00:00,TAO,288.5,0.008961968324827154,0.02005848024492253,0.050974945795936415,0.0954633636338931,720,720,https://data-api.binance.vision,1
2026-10-09 07:08:18.914558,2026-10-08 05:00:00,TAO,282.6,0.008964671204364408,0.020238004693885956,0.05090442214504357,0.0954633636338931,720,720,https://data-api.binance.vision,1
2026-10-09 07:08:18.914558,2026-10-08 06:00:00,TAO,282.6,0.008964671204364408,0.020238004693885956,0.05090442214504357,0.0954633636338931,720,720,https://data-api.binance.vision,1
2026-10-09 07:08:18.914558,2026-10-08 07:00:00,TAO,284.6,0.008964671204364408,0.020238004693885956,0.05090442214504357,0.0954633636338931,720,720,https://data-api.binance.vision,1
2026-10-09 07:08:18.914558,2026-10-08 08:00:00,TAO,283.9,0.008964671204364408,0.020238004693885956,0.05108171046191424,0.0954633636338931,720,720,https://data-api.binance.vision,1
2026-10-09 07:08:18.914558,2026-10-08 09:00:00,TAO,282.6,0.008961968324827154,0.020238004693885956,0.05108171046191424,0.0954633636338931,720,720,https://data-api.binance.vision,1
2026-10-09 07:08:18.914558,2026-10-08 10:00:00,TAO,285.8,0.008961968324827154,0.020238004693885956,0.05108171046191424,0.0954633636338931,720,720,https://data-api.binance.vision,1
2026-10-09 07:08:18.914558,2026-10-08 11:00:00,TAO,281.4,0.008964671204364408,0.020238004693885956,0.05108171046191424,0.0954633636338931,720,720,https://data-api.binance.vision,1
2026-10-09 07:08:18.914558,2026-10-08 12:00:00,TAO,279.9,0.008964671204364408,0.020238004693885956,0.05108171046191424,0.0954633636338931,720,720,https://data-api.binance.vision,1
2026-10-09 07:08:18.914558,2026-10-08 13:00:00,TAO,278.2,0.008964671204364408,0.020238004693885956,0.05108171046191424,0.0954633636338931,720,720,https://data-api.binance.vision,1
2026-10-09 07:08:18.914558,2026-10-08 14:00:00,TAO,279.3,0.008964671204364408,0.020238004693885956,0.05108171046191424,0.0954633636338931,720,720,https://data-api.binance.vision,1
2026-10-09 07:08:18.914558,2026-10-08 15:00:00,TAO,281.0,0.008961968324827154,0.02005848024492253,0.05108171046191424,0.0954633636338931,720,720,https://data-api.binance.vision,1
2026-10-09 07:08:18.914558,2026-10-08 16:00:00,TAO,263.4,0.008961968324827154,0.020238004693885956,0.05134120525190461,0.0954633636338931,720,720,https://data-api.binance.vision,1
2026-10-09 07:08:18.914558,2026-10-08 17:00:00,TAO,259.5,0.008961968324827154,0.02005848024492253,0.05150681853590077,0.09566983513855738,720,720,https://data-api.binance.vision,1
2026-10-09 07:08:18.914558,2026-10-08 18:00:00,TAO,256.6,0.008961968324827154,0.020049848864149844,0.05172876359788604,0.09648677974289145,720,720,https://data-api.binance.vision,1
2026-10-09 07:08:18.914558,2026-10-08 19:00:00,TAO,267.3,0.008961968324827154,0.02005848024492253,0.05240906562463826,0.09648677974289145,720,720,https://data-api.binance.vision,1
2026-10-09 07:08:18.914558,2026-10-08 20:00:00,TAO,267.9,0.008961968324827154,0.02005848024492253,0.052519890652514334,0.09648677974289145,720,720,https://data-api.binance.vision,1
2026-10-09 07:08:18.914558,2026-10-08 21:00:00,TAO,271.2,0.008964671204364408,0.02005848024492253,0.05254933739949984,0.09648677974289145,720,720,https://data-api.binance.vision,1
2026-10-09 07:08:18.914558,2026-10-08 22:00:00,TAO,269.8,0.008961968324827154,0.02005848024492253,0.05268544728223399,0.09648677974289145,720,720,https://data-api.binance.vision,1
2026-10-09 07:08:18.914558,2026-10-08 23:00:00,TAO,270.1,0.008950636713331406,0.02005848024492253,0.05274628777695791,0.09648677974289145,720,720,https://data-api.binance.vision,1
2026-10-09 07:08:18.914558,2026-10-09 00:00:00,TAO,268.6,0.008950636713331406,0.02005848024492253,0.052800572956563374,0.09648677974289145,720,720,https://data-api.binance.vision,1
2026-10-09 07:08:18.914558,2026-10-09 01:00:00,TAO,269.6,0.008950636713331406,0.02005848024492253,0.05294334335938522,0.09648677974289145,720,720,https://data-api.binance.vision,1
2026-10-09 07:08:18.914558,2026-10-09 02:00:00,TAO,271.6,0.008950636713331406,0.02005848024492253,0.052987500770710405,0.09648677974289145,720,720,https://data-api.binance.vision,1
2026-10-09 07:08:18.914558,2026-10-09 03:00:00,TAO,273.6,0.008950636713331406,0.02005848024492253,0.05304390156978589,0.09648677974289145,720,720,https://data-api.binance.vision,1
2026-10-09 07:08:18.914558,2026-10-09 04:00:00,TAO,273.9,0.008950636713331406,0.02005848024492253,0.05304390156978589,0.09648677974289145,720,720,https://data-api.binance.vision,1
2026-10-09 07:08:18.914558,2026-10-09 05:00:00,TAO,273.0,0.008916282782638127,0.02005848024492253,0.05304390156978589,0.09648677974289145,720,720,https://data-api.binance.vision,1
2026-10-09 07:08:18.914558,2026-10-09 06:00:00,TAO,275.1,0.008916282782638127,0.02005848024492253,0.05304390156978589,0.09648677974289145,720,720,https://data-api.binance.vision,1
2026-10-09 07:08:18.914558,2026-10-09 07:00:00,TAO,276.0,0.008882670190276337,0.02005848024492253,0.05304390156978589,0.09648677974289145,720,720,https://data-api.binance.vision,0
2026-10-09 07:08:18.914558,2026-10-07 07:00:00,APT,0.775,0.010711554735887849,0.023032533208915722,0.04729780714495616,0.09721768419785928,720,720,https://data-api.binance.vision,1
2026-10-09 07:08:18.914558,2026-10-07 08:00:00,APT,0.7758,0.010704635124779593,0.023032533208915722,0.047348593578486316,0.09721768419785928,720,720,https://data-api.binance.vision,1
2026-10-09 07:08:18.914558,2026-10-07 09:00:00,APT,0.7696,0.010637534362793131,0.023032533208915722,0.04774005416457336,0.09721768419785928,720,720,https://data-api.binance.vision,1
2026-10-09 07:08:18.914558,2026-10-07 10:00:00,APT,0.7654,0.010637534362793131,0.023032533208915722,0.04778786097008289,0.09721768419785928,720,720,https://data-api.binance.vision,1
2026-10-09 07:08:18.914558,2026-10-07 11:00:00,APT,0.7668,0.010637534362793131,0.023032533208915722,0.04804041766044397,0.09721768419785928,720,720,https://data-api.binance.vision,1
2026-10-09 07:08:18.914558,2026-10-07 12:00:00,APT,0.7593,0.010637534362793131,0.023032533208915722,0.048342758458964,0.09721768419785928,720,720,https://data-api.binance.vision,1
2026-10-09 07:08:18.914558,2026-10-07 13:00:00,APT,0.7589,0.010619610744717515,0.023032533208915722,0.04861544548857374,0.09721768419785928,720,720,https://data-api.binance.vision,1
2026-10-09 07:08:18.914558,2026-10-07 14:00:00,APT,0.7547,0.010619610744717515,0.023032533208915722,0.04865309203342368,0.09721768419785928,720,720,https://data-api.binance.vision,1
2026-10-09 07:08:18.914558,2026-10-07 15:00:00,APT,0.7487,0.010619610744717515,0.023032533208915722,0.04865309203342368,0.09760143380197801,720,720,https://data-api.binance.vision,1
2026-10-09 07:08:18.914558,2026-10-07 16:00:00,APT,0.7525,0.010526520125092125,0.023032533208915722,0.04866121754018047,0.09760143380197801,720,720,https://data-api.binance.vision,1
2026-10-09 07:08:18.914558,2026-10-07 17:00:00,APT,0.7501,0.01051053295757996,0.023032533208915722,0.04876326488908027,0.09760143380197801,720,720,https://data-api.binance.vision,1
2026-10-09 07:08:18.914558,2026-10-07 18:00:00,APT,0.7438,0.01051053295757996,0.023032533208915722,0.048805488163647465,0.0981113849532889,720,720,https://data-api.binance.vision,1
2026-10-09 07:08:18.914558,2026-10-07 19:00:00,APT,0.7441,0.01051053295757996,0.023032533208915722,0.04884785887766676,0.09912289306727941,720,720,https://data-api.binance.vision,1
2026-10-09 07:08:18.914558,2026-10-07 20:00:00,APT,0.7488,0.010484637427144772,0.023032533208915722,0.049079487748550234,0.09951308615980363,720,720,https://data-api.binance.vision,1
2026-10-09 07:08:18.914558,2026-10-07 21:00:00,APT,0.7576,0.01051053295757996,0.023032533208915722,0.04936928138060082,0.10072842701762512,720,720,https://data-api.binance.vision,1
2026-10-09 07:08:18.914558,2026-10-07 22:00:00,APT,0.7461,0.010526520125092125,0.023032533208915722,0.04941086681363596,0.10089926855939953,720,720,https://data-api.binance.vision,1
2026-10-09 07:08:18.914558,2026-10-07 23:00:00,APT,0.755,0.010526520125092125,0.023032533208915722,0.04958218118624587,0.10089926855939953,720,720,https://data-api.binance.vision,1
2026-10-09 07:08:18.914558,2026-10-08 00:00:00,APT,0.7637,0.010619610744717515,0.023032533208915722,0.04994942909034955,0.10089926855939953,720,720,https://data-api.binance.vision,1
2026-10-09 07:08:18.914558,2026-10-08 01:00:00,APT,0.7677,0.010619610744717515,0.023032533208915722,0.0501002354816934,0.10089926855939953,720,720,https://data-api.binance.vision,1
2026-10-09 07:08:18.914558,2026-10-08 02:00:00,APT,0.7656,0.010619610744717515,0.023032533208915722,0.0501002354816934,0.10089926855939953,720,720,https://data-api.binance.vision,1
2026-10-09 07:08:18.914558,2026-10-08 03:00:00,APT,0.7749,0.010619610744717515,0.02284888403489719,0.0501002354816934,0.10089926855939953,720,720,https://data-api.binance.vision,1
2026-10-09 07:08:18.914558,2026-10-08 04:00:00,APT,0.7697,0.010526520125092125,0.02284888403489719,0.0501002354816934,0.10089926855939953,720,720,https://data-api.binance.vision,1
2026-10-09 07:08:18.914558,2026-10-08 05:00:00,APT,0.7626,0.010526520125092125,0.02284888403489719,0.0501002354816934,0.10089926855939953,720,720,https://data-api.binance.vision,1
2026-10-09 07:08:18.914558,2026-10-08 06:00:00,APT,0.7642,0.010526520125092125,0.02284888403489719,0.0501002354816934,0.10089926855939953,720,720,https://data-api.binance.vision,1
2026-10-09 07:08:18.914558,2026-10-08 07:00:00,APT,0.7696,0.010526520125092125,0.02284888403489719,0.0501002354816934,0.10089926855939953,720,720,https://data-api.binance.vision,1
2026-10-09 07:08:18.914558,2026-10-08 08:00:00,APT,0.7656,0.010526520125092125,0.02284888403489719,0.0501002354816934,0.10089926855939953,720,720,https://data-api.binance.vision,1
2026-10-09 07:08:18.914558,2026-10-08 09:00:00,APT,0.7693,0.010526520125092125,0.02284888403489719,0.0501002354816934,0.10089926855939953,720,720,https://data-api.binance.vision,1
2026-10-09 07:08:18.914558,2026-10-08 10:00:00,APT,0.7932,0.010526520125092125,0.02284888403489719,0.04994942909034955,0.10089926855939953,720,720,https://data-api.binance.vision,1
2026-10-09 07:08:18.914558,2026-10-08 11:00:00,APT,0.7776,0.010526520125092125,0.02284888403489719,0.04994942909034955,0.10089926855939953,720,720,https://data-api.binance.vision,1
2026-10-09 07:08:18.914558,2026-10-08 12:00:00,APT,0.7838,0.01051053295757996,0.02284888403489719,0.04994942909034955,0.10089926855939953,720,720,https://data-api.binance.vision,1
2026-10-09 07:08:18.914558,2026-10-08 13:00:00,APT,0.7864,0.01051053295757996,0.02284888403489719,0.04994942909034955,0.10089926855939953,720,720,https://data-api.binance.vision,1
2026-10-09 07:08:18.914558,2026-10-08 14:00:00,APT,0.7896,0.010484637427144772,0.02284888403489719,0.04994942909034955,0.10089926855939953,720,720,https://data-api.binance.vision,1
2026-10-09 07:08:18.914558,2026-10-08 15:00:00,APT,0.791,0.010454343581101944,0.02284888403489719,0.0501002354816934,0.10089926855939953,720,720,https://data-api.binance.vision,1
2026-10-09 07:08:18.914558,2026-10-08 16:00:00,APT,0.7115,0.010454343581101944,0.02284888403489719,0.050222410148676296,0.10089926855939953,720,720,https://data-api.binance.vision,1
2026-10-09 07:08:18.914558,2026-10-08 17:00:00,APT,0.7113,0.010415486223956185,0.02284888403489719,0.05024493359442277,0.10089926855939953,720,720,https://data-api.binance.vision,1
2026-10-09 07:08:18.914558,2026-10-08 18:00:00,APT,0.6985,0.010454343581101944,0.02284888403489719,0.05024604734295232,0.10089926855939953,720,720,https://data-api.binance.vision,1
2026-10-09 07:08:18.914558,2026-10-08 19:00:00,APT,0.7341,0.010484637427144772,0.023032533208915722,0.05024604734295232,0.10089926855939953,720,720,https://data-api.binance.vision,1
2026-10-09 07:08:18.914558,2026-10-08 20:00:00,APT,0.7395,0.010484637427144772,0.023032533208915722,0.05024604734295232,0.10089926855939953,720,720,https://data-api.binance.vision,1
2026-10-09 07:08:18.914558,2026-10-08 21:00:00,APT,0.7484,0.01051053295757996,0.023032533208915722,0.05024604734295232,0.10089926855939953,720,720,https://data-api.binance.vision,1
2026-10-09 07:08:18.914558,2026-10-08 22:00:00,APT,0.7395,0.010526520125092125,0.023032533208915722,0.05024604734295232,0.10089926855939953,720,720,https://data-api.binance.vision,1
2026-10-09 07:08:18.914558,2026-10-08 23:00:00,APT,0.7437,0.010526520125092125,0.023032533208915722,0.05024604734295232,0.10089926855939953,720,720,https://data-api.binance.vision,1
2026-10-09 07:08:18.914558,2026-10-09 00:00:00,APT,0.7367,0.010526520125092125,0.023032533208915722,0.05024604734295232,0.10089926855939953,720,720,https://data-api.binance.vision,1
2026-10-09 07:08:18.914558,2026-10-09 01:00:00,APT,0.7375,0.01051053295757996,0.023032533208915722,0.05024604734295232,0.10089926855939953,720,720,https://data-api.binance.vision,1
2026-10-09 07:08:18.914558,2026-10-09 02:00:00,APT,0.756,0.010526520125092125,0.023144087155635058,0.05024604734295232,0.10089926855939953,720,720,https://data-api.binance.vision,1
2026-10-09 07:08:18.914558,2026-10-09 03:00:00,APT,0.759,0.010526520125092125,0.023144087155635058,0.05024604734295232,0.10089926855939953,720,720,https://data-api.binance.vision,1
2026-10-09 07:08:18.914558,2026-10-09 04:00:00,APT,0.7697,0.010619610744717515,0.023144087155635058,0.05024604734295232,0.10089926855939953,720,720,https://data-api.binance.vision,1
2026-10-09 07:08:18.914558,2026-10-09 05:00:00,APT,0.775,0.010526520125092125,0.023144087155635058,0.05024604734295232,0.10089926855939953,720,720,https://data-api.binance.vision,1
2026-10-09 07:08:18.914558,2026-10-09 06:00:00,APT,0.8026,0.010619610744717515,0.02340863156756932,0.05024604734295232,0.10089926855939953,720,720,https://data-api.binance.vision,1
2026-10-09 07:08:18.914558,2026-10-09 07:00:00,APT,0.81,0.010526520125092125,0.02340863156756932,0.050260571785853435,0.10089926855939953,720,720,https://data-api.binance.vision,0
2026-10-09 07:08:18.914558,2026-10-07 07:00:00,ICP,3.23,0.009329196117502275,0.021690940964835346,0.04356438687944249,0.10148153300063174,720,720,https://data-api.binance.vision,1
2026-10-09 07:08:18.914558,2026-10-07 08:00:00,ICP,3.235,0.009324837913102067,0.021148936520197635,0.04356438687944249,0.10109957466954417,720,720,https://data-api.binance.vision,1
2026-10-09 07:08:18.914558,2026-10-07 09:00:00,ICP,3.196,0.009329196117502275,0.021148936520197635,0.04356438687944249,0.09989970052431564,720,720,https://data-api.binance.vision,1
2026-10-09 07:08:18.914558,2026-10-07 10:00:00,ICP,3.193,0.009324837913102067,0.021148936520197635,0.04356438687944249,0.09939572746444607,720,720,https://data-api.binance.vision,1
2026-10-09 07:08:18.914558,2026-10-07 11:00:00,ICP,3.202,0.00928909389541614,0.021148936520197635,0.04356438687944249,0.09881109102245489,720,720,https://data-api.binance.vision,1
2026-10-09 07:08:18.914558,2026-10-07 12:00:00,ICP,3.184,0.009248050763153116,0.021111284317486923,0.04356438687944249,0.09881109102245489,720,720,https://data-api.binance.vision,1
2026-10-09 07:08:18.914558,2026-10-07 13:00:00,ICP,3.185,0.009148096137927402,0.021085975661316068,0.04356438687944249,0.09881109102245489,720,720,https://data-api.binance.vision,1
2026-10-09 07:08:18.914558,2026-10-07 14:00:00,ICP,3.159,0.009148096137927402,0.021085975661316068,0.04356438687944249,0.09881109102245489,720,720,https://data-api.binance.vision,1
2026-10-09 07:08:18.914558,2026-10-07 15:00:00,ICP,3.142,0.009148096137927402,0.021085975661316068,0.04356438687944249,0.09939572746444607,720,720,https://data-api.binance.vision,1
2026-10-09 07:08:18.914558,2026-10-07 16:00:00,ICP,3.161,0.009133095945218531,0.021011504979202695,0.04356438687944249,0.09939572746444607,720,720,https://data-api.binance.vision,1
2026-10-09 07:08:18.914558,2026-10-07 17:00:00,ICP,3.148,0.009105389455112078,0.02094303793532843,0.04356438687944249,0.09881109102245489,720,720,https://data-api.binance.vision,1
2026-10-09 07:08:18.914558,2026-10-07 18:00:00,ICP,3.134,0.009092357698720415,0.02094303793532843,0.04356438687944249,0.09833707907079706,720,720,https://data-api.binance.vision,1
2026-10-09 07:08:18.914558,2026-10-07 19:00:00,ICP,3.149,0.009005222771822537,0.02094303793532843,0.04356438687944249,0.09753737022171387,720,720,https://data-api.binance.vision,1
2026-10-09 07:08:18.914558,2026-10-07 20:00:00,ICP,3.182,0.009005222771822537,0.02094303793532843,0.04356438687944249,0.09575679445705755,720,720,https://data-api.binance.vision,1
2026-10-09 07:08:18.914558,2026-10-07 21:00:00,ICP,3.2,0.008987901542998111,0.02094303793532843,0.04356438687944249,0.09553544329570732,720,720,https://data-api.binance.vision,1
2026-10-09 07:08:18.914558,2026-10-07 22:00:00,ICP,3.179,0.008987901542998111,0.02094303793532843,0.04356438687944249,0.09549485543527433,720,720,https://data-api.binance.vision,1
2026-10-09 07:08:18.914558,2026-10-07 23:00:00,ICP,3.215,0.008987901542998111,0.02075408712764582,0.04356438687944249,0.09549485543527433,720,720,https://data-api.binance.vision,1
2026-10-09 07:08:18.914558,2026-10-08 00:00:00,ICP,3.242,0.008987901542998111,0.02075408712764582,0.04356438687944249,0.09549485543527433,720,720,https://data-api.binance.vision,1
2026-10-09 07:08:18.914558,2026-10-08 01:00:00,ICP,3.229,0.008930036590150323,0.02075408712764582,0.04354611007276404,0.09512046210581869,720,720,https://data-api.binance.vision,1
2026-10-09 07:08:18.914558,2026-10-08 02:00:00,ICP,3.202,0.008930036590150323,0.02075408712764582,0.043462195567125855,0.09436231303523886,720,720,https://data-api.binance.vision,1
2026-10-09 07:08:18.914558,2026-10-08 03:00:00,ICP,3.213,0.008930036590150323,0.02075408712764582,0.04336939159547795,0.09436231303523886,720,720,https://data-api.binance.vision,1
2026-10-09 07:08:18.914558,2026-10-08 04:00:00,ICP,3.195,0.008930036590150323,0.02075408712764582,0.04327792619669717,0.09309860977037417,720,720,https://data-api.binance.vision,1
2026-10-09 07:08:18.914558,2026-10-08 05:00:00,ICP,3.19,0.008930036590150323,0.02075408712764582,0.04321136566577787,0.09309860977037417,720,720,https://data-api.binance.vision,1
2026-10-09 07:08:18.914558,2026-10-08 06:00:00,ICP,3.182,0.008930036590150323,0.02075408712764582,0.04321136566577787,0.09309860977037417,720,720,https://data-api.binance.vision,1
2026-10-09 07:08:18.914558,2026-10-08 07:00:00,ICP,3.168,0.008930036590150323,0.02075408712764582,0.04321136566577787,0.09309860977037417,720,720,https://data-api.binance.vision,1
2026-10-09 07:08:18.914558,2026-10-08 08:00:00,ICP,3.175,0.008930036590150323,0.02075408712764582,0.04321136566577787,0.09309860977037417,720,720,https://data-api.binance.vision,1
2026-10-09 07:08:18.914558,2026-10-08 09:00:00,ICP,3.167,0.008817127385005038,0.02075408712764582,0.04321136566577787,0.09309860977037417,720,720,https://data-api.binance.vision,1
2026-10-09 07:08:18.914558,2026-10-08 10:00:00,ICP,3.18,0.008817127385005038,0.02075408712764582,0.04321136566577787,0.09309860977037417,720,720,https://data-api.binance.vision,1
2026-10-09 07:08:18.914558,2026-10-08 11:00:00,ICP,3.141,0.008817127385005038,0.020697463777423684,0.04321136566577787,0.09309860977037417,720,720,https://data-api.binance.vision,1
2026-10-09 07:08:18.914558,2026-10-08 12:00:00,ICP,3.119,0.008817127385005038,0.020697463777423684,0.04321136566577787,0.09309860977037417,720,720,https://data-api.binance.vision,1
2026-10-09 07:08:18.914558,2026-10-08 13:00:00,ICP,3.105,0.008810429409533747,0.020697463777423684,0.04321136566577787,0.09309860977037417,720,720,https://data-api.binance.vision,1
2026-10-09 07:08:18.914558,2026-10-08 14:00:00,ICP,3.12,0.008806468393784144,0.020697463777423684,0.04321136566577787,0.09309860977037417,720,720,https://data-api.binance.vision,1
2026-10-09 07:08:18.914558,2026-10-08 15:00:00,ICP,3.116,0.008806468393784144,0.020697463777423684,0.04321136566577787,0.09309860977037417,720,720,https://data-api.binance.vision,1
2026-10-09 07:08:18.914558,2026-10-08 16:00:00,ICP,2.948,0.008810429409533747,0.02075408712764582,0.04321136566577787,0.09309860977037417,720,720,https://data-api.binance.vision,1
2026-10-09 07:08:18.914558,2026-10-08 17:00:00,ICP,2.921,0.008810429409533747,0.02075408712764582,0.04327792619669717,0.09309860977037417,720,720,https://data-api.binance.vision,1
2026-10-09 07:08:18.914558,2026-10-08 18:00:00,ICP,2.876,0.008817127385005038,0.02075408712764582,0.04336939159547795,0.09309860977037417,720,720,https://data-api.binance.vision,1
2026-10-09 07:08:18.914558,2026-10-08 19:00:00,ICP,2.925,0.008930036590150323,0.02075408712764582,0.043462195567125855,0.09309860977037417,720,720,https://data-api.binance.vision,1
2026-10-09 07:08:18.914558,2026-10-08 20:00:00,ICP,2.947,0.008930036590150323,0.02075408712764582,0.04354611007276404,0.09309860977037417,720,720,https://data-api.binance.vision,1
2026-10-09 07:08:18.914558,2026-10-08 21:00:00,ICP,2.962,0.008817127385005038,0.02075408712764582,0.04354611007276404,0.09309860977037417,720,720,https://data-api.binance.vision,1
2026-10-09 07:08:18.914558,2026-10-08 22:00:00,ICP,2.937,0.008817127385005038,0.02075408712764582,0.04354611007276404,0.09309860977037417,720,720,https://data-api.binance.vision,1
2026-10-09 07:08:18.914558,2026-10-08 23:00:00,ICP,2.941,0.008817127385005038,0.02075408712764582,0.04356438687944249,0.09309860977037417,720,720,https://data-api.binance.vision,1
2026-10-09 07:08:18.914558,2026-10-09 00:00:00,ICP,2.913,0.008930036590150323,0.02075408712764582,0.04410395345890474,0.09436231303523886,720,720,https://data-api.binance.vision,1
2026-10-09 07:08:18.914558,2026-10-09 01:00:00,ICP,2.934,0.008930036590150323,0.02075408712764582,0.04432897451767386,0.09512046210581869,720,720,https://data-api.binance.vision,1
2026-10-09 07:08:18.914558,2026-10-09 02:00:00,ICP,2.985,0.008930036590150323,0.02075408712764582,0.04432897451767386,0.09512046210581869,720,720,https://data-api.binance.vision,1
2026-10-09 07:08:18.914558,2026-10-09 03:00:00,ICP,3.003,0.008930036590150323,0.02075408712764582,0.04432897451767386,0.09512046210581869,720,720,https://data-api.binance.vision,1
2026-10-09 07:08:18.914558,2026-10-09 04:00:00,ICP,3.035,0.008930036590150323,0.02075408712764582,0.04432897451767386,0.09512046210581869,720,720,https://data-api.binance.vision,1
2026-10-09 07:08:18.914558,2026-10-09 05:00:00,ICP,3.026,0.008817127385005038,0.02075408712764582,0.04432897451767386,0.09512046210581869,720,720,https://data-api.binance.vision,1
2026-10-09 07:08:18.914558,2026-10-09 06:00:00,ICP,3.047,0.008817127385005038,0.02075408712764582,0.04410395345890474,0.09512046210581869,720,720,https://data-api.binance.vision,1
2026-10-09 07:08:18.914558,2026-10-09 07:00:00,ICP,3.015,0.008817127385005038,0.02075408712764582,0.04432897451767386,0.09512046210581869,720,720,https://data-api.binance.vision,0
2026-10-09 07:08:18.914558,2026-10-07 07:00:00,ETC,8.5,0.006725639497309679,0.01950730367621475,0.034759886866847646,0.08189839921459811,720,720,https://data-api.binance.vision,1
2026-10-09 07:08:18.914558,2026-10-07 08:00:00,ETC,8.5,0.006715941965437011,0.01950730367621475,0.035268641299172385,0.08189839921459811,720,720,https://data-api.binance.vision,1
2026-10-09 07:08:18.914558,2026-10-07 09:00:00,ETC,8.43,0.006725639497309679,0.01950730367621475,0.03535116114300799,0.08189839921459811,720,720,https://data-api.binance.vision,1
2026-10-09 07:08:18.914558,2026-10-07 10:00:00,ETC,8.39,0.006725639497309679,0.01950730367621475,0.03542436300819015,0.08189839921459811,720,720,https://data-api.binance.vision,1
2026-10-09 07:08:18.914558,2026-10-07 11:00:00,ETC,8.37,0.006725639497309679,0.01950730367621475,0.03553577738421848,0.08189839921459811,720,720,https://data-api.binance.vision,1
2026-10-09 07:08:18.914558,2026-10-07 12:00:00,ETC,8.36,0.006725639497309679,0.01950730367621475,0.03559455049138939,0.08189839921459811,720,720,https://data-api.binance.vision,1
2026-10-09 07:08:18.914558,2026-10-07 13:00:00,ETC,8.36,0.006715941965437011,0.019401023615863638,0.03559455049138939,0.08189839921459811,720,720,https://data-api.binance.vision,1
2026-10-09 07:08:18.914558,2026-10-07 14:00:00,ETC,8.35,0.006714981465977274,0.019401023615863638,0.03561985764648182,0.08189839921459811,720,720,https://data-api.binance.vision,1
2026-10-09 07:08:18.914558,2026-10-07 15:00:00,ETC,8.3,0.006714981465977274,0.019401023615863638,0.03563716886137493,0.08189839921459811,720,720,https://data-api.binance.vision,1
2026-10-09 07:08:18.914558,2026-10-07 16:00:00,ETC,8.36,0.006714981465977274,0.019401023615863638,0.03563851544735873,0.08189839921459811,720,720,https://data-api.binance.vision,1
2026-10-09 07:08:18.914558,2026-10-07 17:00:00,ETC,8.33,0.006699184281908545,0.019401023615863638,0.035711717229701595,0.08189839921459811,720,720,https://data-api.binance.vision,1
2026-10-09 07:08:18.914558,2026-10-07 18:00:00,ETC,8.31,0.006643837254406702,0.019401023615863638,0.035718082602079246,0.08189839921459811,720,720,https://data-api.binance.vision,1
2026-10-09 07:08:18.914558,2026-10-07 19:00:00,ETC,8.36,0.006634669723005687,0.019401023615863638,0.03573587774516625,0.08189839921459811,720,720,https://data-api.binance.vision,1
2026-10-09 07:08:18.914558,2026-10-07 20:00:00,ETC,8.38,0.006634669723005687,0.019401023615863638,0.03581017450310646,0.08189839921459811,720,720,https://data-api.binance.vision,1
2026-10-09 07:08:18.914558,2026-10-07 21:00:00,ETC,8.43,0.006634669723005687,0.019401023615863638,0.03581650053390589,0.08189839921459811,720,720,https://data-api.binance.vision,1
2026-10-09 07:08:18.914558,2026-10-07 22:00:00,ETC,8.4,0.006620211938040477,0.019401023615863638,0.03582089437838457,0.08189839921459811,720,720,https://data-api.binance.vision,1
2026-10-09 07:08:18.914558,2026-10-07 23:00:00,ETC,8.46,0.006620211938040477,0.019401023615863638,0.03593592918056264,0.08189839921459811,720,720,https://data-api.binance.vision,1
2026-10-09 07:08:18.914558,2026-10-08 00:00:00,ETC,8.48,0.006592851469673846,0.019401023615863638,0.0360523437273324,0.08189839921459811,720,720,https://data-api.binance.vision,1
2026-10-09 07:08:18.914558,2026-10-08 01:00:00,ETC,8.51,0.006585961604564012,0.019401023615863638,0.03630264537229659,0.08189839921459811,720,720,https://data-api.binance.vision,1
2026-10-09 07:08:18.914558,2026-10-08 02:00:00,ETC,8.48,0.006585961604564012,0.019401023615863638,0.03630264537229659,0.08189839921459811,720,720,https://data-api.binance.vision,1
2026-10-09 07:08:18.914558,2026-10-08 03:00:00,ETC,8.5,0.006585961604564012,0.019401023615863638,0.03630264537229659,0.08189839921459811,720,720,https://data-api.binance.vision,1
2026-10-09 07:08:18.914558,2026-10-08 04:00:00,ETC,8.43,0.006585961604564012,0.019401023615863638,0.03630264537229659,0.08189839921459811,720,720,https://data-api.binance.vision,1
2026-10-09 07:08:18.914558,2026-10-08 05:00:00,ETC,8.35,0.006585961604564012,0.019401023615863638,0.03630264537229659,0.08189839921459811,720,720,https://data-api.binance.vision,1
2026-10-09 07:08:18.914558,2026-10-08 06:00:00,ETC,8.33,0.006585961604564012,0.019401023615863638,0.03630264537229659,0.08189839921459811,720,720,https://data-api.binance.vision,1
2026-10-09 07:08:18.914558,2026-10-08 07:00:00,ETC,8.38,0.006585961604564012,0.019401023615863638,0.03630264537229659,0.08189839921459811,720,720,https://data-api.binance.vision,1
2026-10-09 07:08:18.914558,2026-10-08 08:00:00,ETC,8.38,0.006582955757104863,0.019401023615863638,0.0360523437273324,0.08189839921459811,720,720,https://data-api.binance.vision,1
2026-10-09 07:08:18.914558,2026-10-08 09:00:00,ETC,8.38,0.006578625061566026,0.019401023615863638,0.03593592918056264,0.08189839921459811,720,720,https://data-api.binance.vision,1
2026-10-09 07:08:18.914558,2026-10-08 10:00:00,ETC,8.45,0.006582955757104863,0.019401023615863638,0.03582089437838457,0.08189839921459811,720,720,https://data-api.binance.vision,1
2026-10-09 07:08:18.914558,2026-10-08 11:00:00,ETC,8.37,0.006582955757104863,0.019401023615863638,0.03581650053390589,0.08189839921459811,720,720,https://data-api.binance.vision,1
2026-10-09 07:08:18.914558,2026-10-08 12:00:00,ETC,8.37,0.006578625061566026,0.019401023615863638,0.03581017450310646,0.08189839921459811,720,720,https://data-api.binance.vision,1
2026-10-09 07:08:18.914558,2026-10-08 13:00:00,ETC,8.36,0.006573266034411134,0.01883166230065891,0.03581017450310646,0.08189839921459811,720,720,https://data-api.binance.vision,1
2026-10-09 07:08:18.914558,2026-10-08 14:00:00,ETC,8.39,0.006573266034411134,0.01883166230065891,0.03573587774516625,0.08189839921459811,720,720,https://data-api.binance.vision,1
2026-10-09 07:08:18.914558,2026-10-08 15:00:00,ETC,8.38,0.006553417715005613,0.018697624560664924,0.035718082602079246,0.08189839921459811,720,720,https://data-api.binance.vision,1
2026-10-09 07:08:18.914558,2026-10-08 16:00:00,ETC,7.87,0.006553417715005613,0.018697624560664924,0.035718082602079246,0.08138929916730767,720,720,https://data-api.binance.vision,1
2026-10-09 07:08:18.914558,2026-10-08 17:00:00,ETC,7.87,0.006507615156738478,0.018697624560664924,0.035718082602079246,0.08118712500178289,720,720,https://data-api.binance.vision,1
2026-10-09 07:08:18.914558,2026-10-08 18:00:00,ETC,7.78,0.006507615156738478,0.018697624560664924,0.035718082602079246,0.08092639021596985,720,720,https://data-api.binance.vision,1
2026-10-09 07:08:18.914558,2026-10-08 19:00:00,ETC,7.93,0.006507615156738478,0.018697624560664924,0.035718082602079246,0.08092639021596985,720,720,https://data-api.binance.vision,1
2026-10-09 07:08:18.914558,2026-10-08 20:00:00,ETC,8.01,0.006553417715005613,0.018697624560664924,0.035718082602079246,0.08092639021596985,720,720,https://data-api.binance.vision,1
2026-10-09 07:08:18.914558,2026-10-08 21:00:00,ETC,8.09,0.006553417715005613,0.018303505831322384,0.035718082602079246,0.08088021258535405,720,720,https://data-api.binance.vision,1
2026-10-09 07:08:18.914558,2026-10-08 22:00:00,ETC,8.05,0.006553417715005613,0.018303505831322384,0.035718082602079246,0.08047312376251849,720,720,https://data-api.binance.vision,1
2026-10-09 07:08:18.914558,2026-10-08 23:00:00,ETC,8.08,0.006553417715005613,0.018303505831322384,0.035718082602079246,0.08034098015089286,720,720,https://data-api.binance.vision,1
2026-10-09 07:08:18.914558,2026-10-09 00:00:00,ETC,8.05,0.006553417715005613,0.018303505831322384,0.035718082602079246,0.08023954893347802,720,720,https://data-api.binance.vision,1
2026-10-09 07:08:18.914558,2026-10-09 01:00:00,ETC,8.07,0.006507615156738478,0.018303505831322384,0.035718082602079246,0.08022453905855995,720,720,https://data-api.binance.vision,1
2026-10-09 07:08:18.914558,2026-10-09 02:00:00,ETC,8.14,0.006507615156738478,0.01810890312102659,0.035718082602079246,0.07900289032874518,720,720,https://data-api.binance.vision,1
2026-10-09 07:08:18.914558,2026-10-09 03:00:00,ETC,8.16,0.006507502250018451,0.01810890312102659,0.035718082602079246,0.07875409410714755,720,720,https://data-api.binance.vision,1
2026-10-09 07:08:18.914558,2026-10-09 04:00:00,ETC,8.23,0.006507502250018451,0.01807718681030037,0.035711717229701595,0.07875409410714755,720,720,https://data-api.binance.vision,1
2026-10-09 07:08:18.914558,2026-10-09 05:00:00,ETC,8.25,0.006506203822738144,0.01807718681030037,0.03563851544735873,0.07875409410714755,720,720,https://data-api.binance.vision,1
2026-10-09 07:08:18.914558,2026-10-09 06:00:00,ETC,8.31,0.006507502250018451,0.01807718681030037,0.03563716886137493,0.07875409410714755,720,720,https://data-api.binance.vision,1
2026-10-09 07:08:18.914558,2026-10-09 07:00:00,ETC,8.3,0.006506203822738144,0.01807718681030037,0.03561985764648182,0.07875409410714755,720,720,https://data-api.binance.vision,0
2026-10-09 07:08:18.914558,2026-10-07 07:00:00,ONDO,0.4744,0.00856105151195004,0.02280147773812563,0.04131888436822223,0.11149210582200307,720,720,https://data-api.binance.vision,1
2026-10-09 07:08:18.914558,2026-10-07 08:00:00,ONDO,0.4731,0.008551104566983088,0.02280147773812563,0.04131888436822223,0.11149210582200307,720,720,https://data-api.binance.vision,1
2026-10-09 07:08:18.914558,2026-10-07 09:00:00,ONDO,0.4684,0.008551104566983088,0.022622258381495626,0.04131888436822223,0.11149210582200307,720,720,https://data-api.binance.vision,1
2026-10-09 07:08:18.914558,2026-10-07 10:00:00,ONDO,0.466,0.008547037001129283,0.022622258381495626,0.0416711641845882,0.11149210582200307,720,720,https://data-api.binance.vision,1
2026-10-09 07:08:18.914558,2026-10-07 11:00:00,ONDO,0.4658,0.008547037001129283,0.022622258381495626,0.04194047700700845,0.11149210582200307,720,720,https://data-api.binance.vision,1
2026-10-09 07:08:18.914558,2026-10-07 12:00:00,ONDO,0.4631,0.008547037001129283,0.022622258381495626,0.04198015235040378,0.11149210582200307,720,720,https://data-api.binance.vision,1
2026-10-09 07:08:18.914558,2026-10-07 13:00:00,ONDO,0.4633,0.00853365325142537,0.022622258381495626,0.04203640506225329,0.11149210582200307,720,720,https://data-api.binance.vision,1
2026-10-09 07:08:18.914558,2026-10-07 14:00:00,ONDO,0.4652,0.008528436597547318,0.022622258381495626,0.042162545436857955,0.11149210582200307,720,720,https://data-api.binance.vision,1
2026-10-09 07:08:18.914558,2026-10-07 15:00:00,ONDO,0.4632,0.008528436597547318,0.022622258381495626,0.042356498122797105,0.11149210582200307,720,720,https://data-api.binance.vision,1
2026-10-09 07:08:18.914558,2026-10-07 16:00:00,ONDO,0.4666,0.0085176512246447,0.022516855738934093,0.04276366246623173,0.11149210582200307,720,720,https://data-api.binance.vision,1
2026-10-09 07:08:18.914558,2026-10-07 17:00:00,ONDO,0.4657,0.008502160712998443,0.022293771952857467,0.04297366698373937,0.11149210582200307,720,720,https://data-api.binance.vision,1
2026-10-09 07:08:18.914558,2026-10-07 18:00:00,ONDO,0.4638,0.008502160712998443,0.022293771952857467,0.04315751572280964,0.11149210582200307,720,720,https://data-api.binance.vision,1
2026-10-09 07:08:18.914558,2026-10-07 19:00:00,ONDO,0.4671,0.00849838418575867,0.022293771952857467,0.0432676785524928,0.11149210582200307,720,720,https://data-api.binance.vision,1
2026-10-09 07:08:18.914558,2026-10-07 20:00:00,ONDO,0.469,0.00849838418575867,0.022293771952857467,0.04362303562029705,0.11149210582200307,720,720,https://data-api.binance.vision,1
2026-10-09 07:08:18.914558,2026-10-07 21:00:00,ONDO,0.4725,0.00849838418575867,0.022293771952857467,0.0437265736097724,0.11149210582200307,720,720,https://data-api.binance.vision,1
2026-10-09 07:08:18.914558,2026-10-07 22:00:00,ONDO,0.4664,0.008502160712998443,0.022293771952857467,0.04377831617841888,0.11149210582200307,720,720,https://data-api.binance.vision,1
2026-10-09 07:08:18.914558,2026-10-07 23:00:00,ONDO,0.4687,0.00849838418575867,0.022293771952857467,0.04421867855942041,0.11149210582200307,720,720,https://data-api.binance.vision,1
2026-10-09 07:08:18.914558,2026-10-08 00:00:00,ONDO,0.4702,0.008487705641196564,0.022293771952857467,0.04424412361161493,0.11149210582200307,720,720,https://data-api.binance.vision,1
2026-10-09 07:08:18.914558,2026-10-08 01:00:00,ONDO,0.4706,0.008468146634868057,0.022293771952857467,0.04426095263673163,0.11149210582200307,720,720,https://data-api.binance.vision,1
2026-10-09 07:08:18.914558,2026-10-08 02:00:00,ONDO,0.4684,0.008468146634868057,0.022293771952857467,0.04426095263673163,0.11149210582200307,720,720,https://data-api.binance.vision,1
2026-10-09 07:08:18.914558,2026-10-08 03:00:00,ONDO,0.4709,0.00844134793980683,0.022293771952857467,0.04426095263673163,0.11149210582200307,720,720,https://data-api.binance.vision,1
2026-10-09 07:08:18.914558,2026-10-08 04:00:00,ONDO,0.4675,0.00844134793980683,0.022293771952857467,0.04426095263673163,0.11149210582200307,720,720,https://data-api.binance.vision,1
2026-10-09 07:08:18.914558,2026-10-08 05:00:00,ONDO,0.4633,0.00844134793980683,0.022293771952857467,0.04426095263673163,0.11149210582200307,720,720,https://data-api.binance.vision,1
2026-10-09 07:08:18.914558,2026-10-08 06:00:00,ONDO,0.465,0.00844134793980683,0.022293771952857467,0.04426095263673163,0.11149210582200307,720,720,https://data-api.binance.vision,1
2026-10-09 07:08:18.914558,2026-10-08 07:00:00,ONDO,0.4666,0.00844134793980683,0.022293771952857467,0.04426095263673163,0.11149210582200307,720,720,https://data-api.binance.vision,1
2026-10-09 07:08:18.914558,2026-10-08 08:00:00,ONDO,0.4701,0.00844134793980683,0.022293771952857467,0.04426095263673163,0.11149210582200307,720,720,https://data-api.binance.vision,1
2026-10-09 07:08:18.914558,2026-10-08 09:00:00,ONDO,0.4733,0.00844134793980683,0.022293771952857467,0.04426095263673163,0.11149210582200307,720,720,https://data-api.binance.vision,1
2026-10-09 07:08:18.914558,2026-10-08 10:00:00,ONDO,0.485,0.00844134793980683,0.022516855738934093,0.04426095263673163,0.11149210582200307,720,720,https://data-api.binance.vision,1
2026-10-09 07:08:18.914558,2026-10-08 11:00:00,ONDO,0.4836,0.008431733546126691,0.022516855738934093,0.04426095263673163,0.11149210582200307,720,720,https://data-api.binance.vision,1
2026-10-09 07:08:18.914558,2026-10-08 12:00:00,ONDO,0.4826,0.008431733546126691,0.022516855738934093,0.04426095263673163,0.11149210582200307,720,720,https://data-api.binance.vision,1
2026-10-09 07:08:18.914558,2026-10-08 13:00:00,ONDO,0.482,0.008431733546126691,0.022516855738934093,0.04426095263673163,0.11149210582200307,720,720,https://data-api.binance.vision,1
2026-10-09 07:08:18.914558,2026-10-08 14:00:00,ONDO,0.4914,0.00844134793980683,0.022516855738934093,0.044445065708296864,0.11149210582200307,720,720,https://data-api.binance.vision,1
2026-10-09 07:08:18.914558,2026-10-08 15:00:00,ONDO,0.4907,0.008431733546126691,0.022516855738934093,0.04514878726057105,0.11149210582200307,720,720,https://data-api.binance.vision,1
2026-10-09 07:08:18.914558,2026-10-08 16:00:00,ONDO,0.4424,0.008431733546126691,0.022622258381495626,0.045343410702160185,0.11149210582200307,720,720,https://data-api.binance.vision,1
2026-10-09 07:08:18.914558,2026-10-08 17:00:00,ONDO,0.4467,0.008431733546126691,0.022622258381495626,0.045343410702160185,0.11149210582200307,720,720,https://data-api.binance.vision,1
2026-10-09 07:08:18.914558,2026-10-08 18:00:00,ONDO,0.445,0.008427414642355677,0.022622258381495626,0.045343410702160185,0.11149210582200307,720,720,https://data-api.binance.vision,1
2026-10-09 07:08:18.914558,2026-10-08 19:00:00,ONDO,0.4876,0.008431733546126691,0.02280147773812563,0.045343410702160185,0.11149210582200307,720,720,https://data-api.binance.vision,1
2026-10-09 07:08:18.914558,2026-10-08 20:00:00,ONDO,0.4902,0.008431733546126691,0.02280147773812563,0.045343410702160185,0.11149210582200307,720,720,https://data-api.binance.vision,1
2026-10-09 07:08:18.914558,2026-10-08 21:00:00,ONDO,0.4886,0.008431733546126691,0.02280147773812563,0.045343410702160185,0.11149210582200307,720,720,https://data-api.binance.vision,1
2026-10-09 07:08:18.914558,2026-10-08 22:00:00,ONDO,0.4837,0.00844134793980683,0.02280147773812563,0.045343410702160185,0.11149210582200307,720,720,https://data-api.binance.vision,1
2026-10-09 07:08:18.914558,2026-10-08 23:00:00,ONDO,0.4812,0.00844134793980683,0.02280147773812563,0.045343410702160185,0.11149210582200307,720,720,https://data-api.binance.vision,1
2026-10-09 07:08:18.914558,2026-10-09 00:00:00,ONDO,0.4705,0.008468146634868057,0.02280147773812563,0.045343410702160185,0.11149210582200307,720,720,https://data-api.binance.vision,1
2026-10-09 07:08:18.914558,2026-10-09 01:00:00,ONDO,0.4683,0.008468146634868057,0.02280147773812563,0.045343410702160185,0.11149210582200307,720,720,https://data-api.binance.vision,1
2026-10-09 07:08:18.914558,2026-10-09 02:00:00,ONDO,0.4736,0.008487705641196564,0.02280147773812563,0.045343410702160185,0.11149210582200307,720,720,https://data-api.binance.vision,1
2026-10-09 07:08:18.914558,2026-10-09 03:00:00,ONDO,0.4736,0.008487705641196564,0.02280147773812563,0.045343410702160185,0.11149210582200307,720,720,https://data-api.binance.vision,1
2026-10-09 07:08:18.914558,2026-10-09 04:00:00,ONDO,0.4783,0.00849838418575867,0.02280147773812563,0.045343410702160185,0.11149210582200307,720,720,https://data-api.binance.vision,1
2026-10-09 07:08:18.914558,2026-10-09 05:00:00,ONDO,0.4758,0.008487705641196564,0.02280147773812563,0.045343410702160185,0.11149210582200307,720,720,https://data-api.binance.vision,1
2026-10-09 07:08:18.914558,2026-10-09 06:00:00,ONDO,0.4811,0.00849838418575867,0.02280147773812563,0.045343410702160185,0.11149210582200307,720,720,https://data-api.binance.vision,1
2026-10-09 07:08:18.914558,2026-10-09 07:00:00,ONDO,0.4817,0.008487705641196564,0.02280147773812563,0.045343410702160185,0.11149210582200307,720,720,https://data-api.binance.vision,0
2026-10-09 07:08:18.914558,2026-10-07 07:00:00,ENA,0.2381,0.01098837905245504,0.02885527341456393,0.06047549786780027,0.15120104916155902,720,720,https://data-api.binance.vision,1
2026-10-09 07:08:18.914558,2026-10-07 08:00:00,ENA,0.2384,0.01097980413961876,0.02885527341456393,0.06047549786780027,0.15120104916155902,720,720,https://data-api.binance.vision,1
2026-10-09 07:08:18.914558,2026-10-07 09:00:00,ENA,0.2365,0.01097980413961876,0.02885527341456393,0.06047549786780027,0.15120104916155902,720,720,https://data-api.binance.vision,1
2026-10-09 07:08:18.914558,2026-10-07 10:00:00,ENA,0.2354,0.01097980413961876,0.02885527341456393,0.06047549786780027,0.15120104916155902,720,720,https://data-api.binance.vision,1
2026-10-09 07:08:18.914558,2026-10-07 11:00:00,ENA,0.2334,0.01097980413961876,0.02885527341456393,0.06047549786780027,0.15120104916155902,720,720,https://data-api.binance.vision,1
2026-10-09 07:08:18.914558,2026-10-07 12:00:00,ENA,0.2279,0.01098837905245504,0.02885527341456393,0.06047549786780027,0.15120104916155902,720,720,https://data-api.binance.vision,1
2026-10-09 07:08:18.914558,2026-10-07 13:00:00,ENA,0.2306,0.011101457117112858,0.02885527341456393,0.06047549786780027,0.15120104916155902,720,720,https://data-api.binance.vision,1
2026-10-09 07:08:18.914558,2026-10-07 14:00:00,ENA,0.2321,0.011101457117112858,0.02885527341456393,0.06047549786780027,0.15120104916155902,720,720,https://data-api.binance.vision,1
2026-10-09 07:08:18.914558,2026-10-07 15:00:00,ENA,0.2277,0.011137504444465112,0.02885527341456393,0.06047549786780027,0.15120104916155902,720,720,https://data-api.binance.vision,1
2026-10-09 07:08:18.914558,2026-10-07 16:00:00,ENA,0.2282,0.011101457117112858,0.02885527341456393,0.06047549786780027,0.15120104916155902,720,720,https://data-api.binance.vision,1
2026-10-09 07:08:18.914558,2026-10-07 17:00:00,ENA,0.2269,0.01098837905245504,0.02885527341456393,0.06047549786780027,0.15120104916155902,720,720,https://data-api.binance.vision,1
2026-10-09 07:08:18.914558,2026-10-07 18:00:00,ENA,0.2245,0.01098837905245504,0.02885527341456393,0.06047549786780027,0.15120104916155902,720,720,https://data-api.binance.vision,1
2026-10-09 07:08:18.914558,2026-10-07 19:00:00,ENA,0.2251,0.01098837905245504,0.02885527341456393,0.06047549786780027,0.15120104916155902,720,720,https://data-api.binance.vision,1
2026-10-09 07:08:18.914558,2026-10-07 20:00:00,ENA,0.2255,0.01098837905245504,0.02885527341456393,0.06047549786780027,0.15120104916155902,720,720,https://data-api.binance.vision,1
2026-10-09 07:08:18.914558,2026-10-07 21:00:00,ENA,0.2274,0.01098837905245504,0.02885527341456393,0.06042668636311032,0.15120104916155902,720,720,https://data-api.binance.vision,1
2026-10-09 07:08:18.914558,2026-10-07 22:00:00,ENA,0.2243,0.011101457117112858,0.02885527341456393,0.06042668636311032,0.15120104916155902,720,720,https://data-api.binance.vision,1
2026-10-09 07:08:18.914558,2026-10-07 23:00:00,ENA,0.2254,0.011101457117112858,0.02885527341456393,0.06025329970658486,0.15120104916155902,720,720,https://data-api.binance.vision,1
2026-10-09 07:08:18.914558,2026-10-08 00:00:00,ENA,0.2264,0.011101457117112858,0.02885527341456393,0.06018031331694433,0.15120104916155902,720,720,https://data-api.binance.vision,1
2026-10-09 07:08:18.914558,2026-10-08 01:00:00,ENA,0.2269,0.011101457117112858,0.02885527341456393,0.06018031331694433,0.15120104916155902,720,720,https://data-api.binance.vision,1
2026-10-09 07:08:18.914558,2026-10-08 02:00:00,ENA,0.225,0.01098837905245504,0.02885527341456393,0.06018031331694433,0.15120104916155902,720,720,https://data-api.binance.vision,1
2026-10-09 07:08:18.914558,2026-10-08 03:00:00,ENA,0.226,0.01097980413961876,0.02885527341456393,0.06018031331694433,0.15120104916155902,720,720,https://data-api.binance.vision,1
2026-10-09 07:08:18.914558,2026-10-08 04:00:00,ENA,0.2225,0.01098837905245504,0.02885527341456393,0.06018031331694433,0.15120104916155902,720,720,https://data-api.binance.vision,1
2026-10-09 07:08:18.914558,2026-10-08 05:00:00,ENA,0.218,0.011101457117112858,0.02885527341456393,0.06009830224876192,0.15120104916155902,720,720,https://data-api.binance.vision,1
2026-10-09 07:08:18.914558,2026-10-08 06:00:00,ENA,0.2188,0.011101457117112858,0.02885527341456393,0.06009830224876192,0.15120104916155902,720,720,https://data-api.binance.vision,1
2026-10-09 07:08:18.914558,2026-10-08 07:00:00,ENA,0.2208,0.01098837905245504,0.02885527341456393,0.06009830224876192,0.15120104916155902,720,720,https://data-api.binance.vision,1
2026-10-09 07:08:18.914558,2026-10-08 08:00:00,ENA,0.2202,0.01098837905245504,0.02885527341456393,0.06018031331694433,0.15120104916155902,720,720,https://data-api.binance.vision,1
2026-10-09 07:08:18.914558,2026-10-08 09:00:00,ENA,0.2191,0.01098837905245504,0.02885527341456393,0.06025329970658486,0.15120104916155902,720,720,https://data-api.binance.vision,1
2026-10-09 07:08:18.914558,2026-10-08 10:00:00,ENA,0.2207,0.01097980413961876,0.02885527341456393,0.06043257817472231,0.15120104916155902,720,720,https://data-api.binance.vision,1
2026-10-09 07:08:18.914558,2026-10-08 11:00:00,ENA,0.2195,0.01097828361453253,0.02885527341456393,0.06047549786780027,0.15120104916155902,720,720,https://data-api.binance.vision,1
2026-10-09 07:08:18.914558,2026-10-08 12:00:00,ENA,0.2168,0.01097828361453253,0.02885527341456393,0.06047549786780027,0.15120104916155902,720,720,https://data-api.binance.vision,1
2026-10-09 07:08:18.914558,2026-10-08 13:00:00,ENA,0.2155,0.01097828361453253,0.02885527341456393,0.06047549786780027,0.15120104916155902,720,720,https://data-api.binance.vision,1
2026-10-09 07:08:18.914558,2026-10-08 14:00:00,ENA,0.2164,0.01097828361453253,0.02885527341456393,0.06047549786780027,0.15120104916155902,720,720,https://data-api.binance.vision,1
2026-10-09 07:08:18.914558,2026-10-08 15:00:00,ENA,0.2167,0.010965544918056791,0.02885527341456393,0.06047549786780027,0.15120104916155902,720,720,https://data-api.binance.vision,1
2026-10-09 07:08:18.914558,2026-10-08 16:00:00,ENA,0.2043,0.010965544918056791,0.02888643192408451,0.06057730459303206,0.15120104916155902,720,720,https://data-api.binance.vision,1
2026-10-09 07:08:18.914558,2026-10-08 17:00:00,ENA,0.2027,0.010965544918056791,0.02888643192408451,0.06065345507823291,0.15120104916155902,720,720,https://data-api.binance.vision,1
2026-10-09 07:08:18.914558,2026-10-08 18:00:00,ENA,0.1976,0.010965544918056791,0.02888643192408451,0.060669446592921325,0.15120104916155902,720,720,https://data-api.binance.vision,1
2026-10-09 07:08:18.914558,2026-10-08 19:00:00,ENA,0.2028,0.01097828361453253,0.02888643192408451,0.0607035430658365,0.15120104916155902,720,720,https://data-api.binance.vision,1
2026-10-09 07:08:18.914558,2026-10-08 20:00:00,ENA,0.2044,0.01097828361453253,0.02888643192408451,0.06091629848638325,0.15120104916155902,720,720,https://data-api.binance.vision,1
2026-10-09 07:08:18.914558,2026-10-08 21:00:00,ENA,0.2064,0.01097828361453253,0.02888643192408451,0.06096098106104329,0.15120104916155902,720,720,https://data-api.binance.vision,1
2026-10-09 07:08:18.914558,2026-10-08 22:00:00,ENA,0.207,0.01097828361453253,0.02888643192408451,0.061299756955439946,0.15120104916155902,720,720,https://data-api.binance.vision,1
2026-10-09 07:08:18.914558,2026-10-08 23:00:00,ENA,0.2072,0.01097828361453253,0.02888643192408451,0.061395689618682595,0.15120104916155902,720,720,https://data-api.binance.vision,1
2026-10-09 07:08:18.914558,2026-10-09 00:00:00,ENA,0.2066,0.01097828361453253,0.02888643192408451,0.06153600756814212,0.15120104916155902,720,720,https://data-api.binance.vision,1
2026-10-09 07:08:18.914558,2026-10-09 01:00:00,ENA,0.2086,0.01097828361453253,0.02888643192408451,0.06160300103669321,0.15120104916155902,720,720,https://data-api.binance.vision,1
2026-10-09 07:08:18.914558,2026-10-09 02:00:00,ENA,0.2131,0.01097980413961876,0.02888643192408451,0.06160300103669321,0.15120104916155902,720,720,https://data-api.binance.vision,1
2026-10-09 07:08:18.914558,2026-10-09 03:00:00,ENA,0.2114,0.01097980413961876,0.02888643192408451,0.06161758987083897,0.15120104916155902,720,720,https://data-api.binance.vision,1
2026-10-09 07:08:18.914558,2026-10-09 04:00:00,ENA,0.212,0.01097980413961876,0.02888643192408451,0.06161758987083897,0.15120104916155902,720,720,https://data-api.binance.vision,1
2026-10-09 07:08:18.914558,2026-10-09 05:00:00,ENA,0.211,0.01097828361453253,0.02888643192408451,0.06161758987083897,0.15120104916155902,720,720,https://data-api.binance.vision,1
2026-10-09 07:08:18.914558,2026-10-09 06:00:00,ENA,0.2149,0.01097980413961876,0.02888643192408451,0.06161758987083897,0.15120104916155902,720,720,https://data-api.binance.vision,1
2026-10-09 07:08:18.914558,2026-10-09 07:00:00,ENA,0.2161,0.01097828361453253,0.02888643192408451,0.06161758987083897,0.15120104916155902,720,720,https://data-api.binance.vision,0
2026-10-09 07:08:18.914558,2026-10-07 07:00:00,POL,0.104,0.0073570481935415445,0.019507281117236527,0.03906408248097409,0.07860492672083622,720,720,https://data-api.binance.vision,1
2026-10-09 07:08:18.914558,2026-10-07 08:00:00,POL,0.10347,0.0073570481935415445,0.019507281117236527,0.03914725618340548,0.07860492672083622,720,720,https://data-api.binance.vision,1
2026-10-09 07:08:18.914558,2026-10-07 09:00:00,POL,0.10251,0.007430185293503461,0.019507281117236527,0.0392367458343838,0.07860492672083622,720,720,https://data-api.binance.vision,1
2026-10-09 07:08:18.914558,2026-10-07 10:00:00,POL,0.10289,0.007430185293503461,0.019507281117236527,0.03927210530182278,0.07860492672083622,720,720,https://data-api.binance.vision,1
2026-10-09 07:08:18.914558,2026-10-07 11:00:00,POL,0.10262,0.007430185293503461,0.019507281117236527,0.03931291242434855,0.07860492672083622,720,720,https://data-api.binance.vision,1
2026-10-09 07:08:18.914558,2026-10-07 12:00:00,POL,0.10279,0.007430185293503461,0.019507281117236527,0.03956672256970159,0.07860492672083622,720,720,https://data-api.binance.vision,1
2026-10-09 07:08:18.914558,2026-10-07 13:00:00,POL,0.10185,0.007482253868569978,0.019507281117236527,0.03960004776201224,0.07860492672083622,720,720,https://data-api.binance.vision,1
2026-10-09 07:08:18.914558,2026-10-07 14:00:00,POL,0.10232,0.007430185293503461,0.019507281117236527,0.03976477195826592,0.07860492672083622,720,720,https://data-api.binance.vision,1
2026-10-09 07:08:18.914558,2026-10-07 15:00:00,POL,0.10107,0.007482253868569978,0.019507281117236527,0.039876943015097414,0.07860492672083622,720,720,https://data-api.binance.vision,1
2026-10-09 07:08:18.914558,2026-10-07 16:00:00,POL,0.10284,0.007482253868569978,0.019507281117236527,0.039886929680310296,0.07860492672083622,720,720,https://data-api.binance.vision,1
2026-10-09 07:08:18.914558,2026-10-07 17:00:00,POL,0.1022,0.007430185293503461,0.019507281117236527,0.0400611892019451,0.07860492672083622,720,720,https://data-api.binance.vision,1
2026-10-09 07:08:18.914558,2026-10-07 18:00:00,POL,0.10139,0.007482253868569978,0.019507281117236527,0.04027635871510216,0.07860492672083622,720,720,https://data-api.binance.vision,1
2026-10-09 07:08:18.914558,2026-10-07 19:00:00,POL,0.1015,0.007482253868569978,0.019507281117236527,0.04048503312013252,0.07860492672083622,720,720,https://data-api.binance.vision,1
2026-10-09 07:08:18.914558,2026-10-07 20:00:00,POL,0.10149,0.007482253868569978,0.019507281117236527,0.04059152170509618,0.07860492672083622,720,720,https://data-api.binance.vision,1
2026-10-09 07:08:18.914558,2026-10-07 21:00:00,POL,0.10229,0.007516591677282847,0.019507281117236527,0.041077892384952824,0.07860492672083622,720,720,https://data-api.binance.vision,1
2026-10-09 07:08:18.914558,2026-10-07 22:00:00,POL,0.10169,0.007516591677282847,0.019507281117236527,0.041219079824086666,0.07860492672083622,720,720,https://data-api.binance.vision,1
2026-10-09 07:08:18.914558,2026-10-07 23:00:00,POL,0.1022,0.007516591677282847,0.019507281117236527,0.04138752630505691,0.07860492672083622,720,720,https://data-api.binance.vision,1
2026-10-09 07:08:18.914558,2026-10-08 00:00:00,POL,0.10282,0.007516591677282847,0.019507281117236527,0.04140380921408472,0.07860492672083622,720,720,https://data-api.binance.vision,1
2026-10-09 07:08:18.914558,2026-10-08 01:00:00,POL,0.10301,0.007516591677282847,0.019507281117236527,0.04153636552237096,0.07860492672083622,720,720,https://data-api.binance.vision,1
2026-10-09 07:08:18.914558,2026-10-08 02:00:00,POL,0.1021,0.007568336566094748,0.019507281117236527,0.04153636552237096,0.07860492672083622,720,720,https://data-api.binance.vision,1
2026-10-09 07:08:18.914558,2026-10-08 03:00:00,POL,0.10228,0.007568336566094748,0.019507281117236527,0.04153636552237096,0.07860492672083622,720,720,https://data-api.binance.vision,1
2026-10-09 07:08:18.914558,2026-10-08 04:00:00,POL,0.10167,0.007568336566094748,0.019507281117236527,0.04153636552237096,0.07860492672083622,720,720,https://data-api.binance.vision,1
2026-10-09 07:08:18.914558,2026-10-08 05:00:00,POL,0.10103,0.007568336566094748,0.019507281117236527,0.04153636552237096,0.07860492672083622,720,720,https://data-api.binance.vision,1
2026-10-09 07:08:18.914558,2026-10-08 06:00:00,POL,0.10103,0.007568336566094748,0.019507281117236527,0.04153636552237096,0.07860492672083622,720,720,https://data-api.binance.vision,1
2026-10-09 07:08:18.914558,2026-10-08 07:00:00,POL,0.10163,0.007568336566094748,0.019507281117236527,0.04153636552237096,0.07860492672083622,720,720,https://data-api.binance.vision,1
2026-10-09 07:08:18.914558,2026-10-08 08:00:00,POL,0.10245,0.007587493891234036,0.019507281117236527,0.04153636552237096,0.07860492672083622,720,720,https://data-api.binance.vision,1
2026-10-09 07:08:18.914558,2026-10-08 09:00:00,POL,0.1014,0.0076003383958958715,0.019507281117236527,0.04153636552237096,0.07860492672083622,720,720,https://data-api.binance.vision,1
2026-10-09 07:08:18.914558,2026-10-08 10:00:00,POL,0.10203,0.0076003383958958715,0.019507281117236527,0.04153636552237096,0.07860492672083622,720,720,https://data-api.binance.vision,1
2026-10-09 07:08:18.914558,2026-10-08 11:00:00,POL,0.10062,0.00762124912386966,0.019507281117236527,0.04153636552237096,0.07860492672083622,720,720,https://data-api.binance.vision,1
2026-10-09 07:08:18.914558,2026-10-08 12:00:00,POL,0.10063,0.00762124912386966,0.019507281117236527,0.04153636552237096,0.07860492672083622,720,720,https://data-api.binance.vision,1
2026-10-09 07:08:18.914558,2026-10-08 13:00:00,POL,0.10035,0.00762124912386966,0.019507281117236527,0.04153636552237096,0.07860492672083622,720,720,https://data-api.binance.vision,1
2026-10-09 07:08:18.914558,2026-10-08 14:00:00,POL,0.10098,0.0076003383958958715,0.019507281117236527,0.04153636552237096,0.07860492672083622,720,720,https://data-api.binance.vision,1
2026-10-09 07:08:18.914558,2026-10-08 15:00:00,POL,0.10127,0.007587493891234036,0.019507281117236527,0.04153636552237096,0.07860492672083622,720,720,https://data-api.binance.vision,1
2026-10-09 07:08:18.914558,2026-10-08 16:00:00,POL,0.09602,0.007587493891234036,0.01979393475731353,0.04158706969834883,0.07860492672083622,720,720,https://data-api.binance.vision,1
2026-10-09 07:08:18.914558,2026-10-08 17:00:00,POL,0.09606,0.007568336566094748,0.01979393475731353,0.04165537363001241,0.07860492672083622,720,720,https://data-api.binance.vision,1
2026-10-09 07:08:18.914558,2026-10-08 18:00:00,POL,0.0952,0.007568336566094748,0.01979393475731353,0.041687991389946166,0.07860492672083622,720,720,https://data-api.binance.vision,1
2026-10-09 07:08:18.914558,2026-10-08 19:00:00,POL,0.09717,0.007568336566094748,0.020152571227440148,0.04177812627144929,0.07860492672083622,720,720,https://data-api.binance.vision,1
2026-10-09 07:08:18.914558,2026-10-08 20:00:00,POL,0.09785,0.007568336566094748,0.020152571227440148,0.04177812627144929,0.07860492672083622,720,720,https://data-api.binance.vision,1
2026-10-09 07:08:18.914558,2026-10-08 21:00:00,POL,0.09879,0.007587493891234036,0.020152571227440148,0.04177812627144929,0.07860492672083622,720,720,https://data-api.binance.vision,1
2026-10-09 07:08:18.914558,2026-10-08 22:00:00,POL,0.09871,0.007587493891234036,0.020152571227440148,0.04177812627144929,0.07860492672083622,720,720,https://data-api.binance.vision,1
2026-10-09 07:08:18.914558,2026-10-08 23:00:00,POL,0.09878,0.007587493891234036,0.020152571227440148,0.04177812627144929,0.07860492672083622,720,720,https://data-api.binance.vision,1
2026-10-09 07:08:18.914558,2026-10-09 00:00:00,POL,0.09827,0.007587493891234036,0.020152571227440148,0.04181054255565752,0.07860492672083622,720,720,https://data-api.binance.vision,1
2026-10-09 07:08:18.914558,2026-10-09 01:00:00,POL,0.0983,0.007587493891234036,0.020152571227440148,0.04198308316053574,0.07860492672083622,720,720,https://data-api.binance.vision,1
2026-10-09 07:08:18.914558,2026-10-09 02:00:00,POL,0.09943,0.0076003383958958715,0.020152571227440148,0.04198308316053574,0.07860492672083622,720,720,https://data-api.binance.vision,1
2026-10-09 07:08:18.914558,2026-10-09 03:00:00,POL,0.099,0.0076003383958958715,0.020152571227440148,0.04198308316053574,0.07860492672083622,720,720,https://data-api.binance.vision,1
2026-10-09 07:08:18.914558,2026-10-09 04:00:00,POL,0.10013,0.00762124912386966,0.020152571227440148,0.04198308316053574,0.07860492672083622,720,720,https://data-api.binance.vision,1
2026-10-09 07:08:18.914558,2026-10-09 05:00:00,POL,0.10024,0.0076003383958958715,0.020152571227440148,0.04198308316053574,0.07860492672083622,720,720,https://data-api.binance.vision,1
2026-10-09 07:08:18.914558,2026-10-09 06:00:00,POL,0.10035,0.0076003383958958715,0.020152571227440148,0.04198308316053574,0.07860492672083622,720,720,https://data-api.binance.vision,1
2026-10-09 07:08:18.914558,2026-10-09 07:00:00,POL,0.10061,0.007587493891234036,0.020152571227440148,0.04198308316053574,0.07860492672083622,720,720,https://data-api.binance.vision,0
2026-10-09 07:08:18.914558,2026-10-07 07:00:00,ARB,0.1879,0.011641550594766239,0.031097807802218477,0.051378384312685946,0.15258655951665262,720,720,https://data-api.binance.vision,1
2026-10-09 07:08:18.914558,2026-10-07 08:00:00,ARB,0.1886,0.011535175129766735,0.031097807802218477,0.051378384312685946,0.15201092592771745,720,720,https://data-api.binance.vision,1
2026-10-09 07:08:18.914558,2026-10-07 09:00:00,ARB,0.1866,0.011504955734180325,0.031097807802218477,0.051378384312685946,0.1478121206510294,720,720,https://data-api.binance.vision,1
2026-10-09 07:08:18.914558,2026-10-07 10:00:00,ARB,0.1865,0.011504955734180325,0.031097807802218477,0.051378384312685946,0.14502099815728128,720,720,https://data-api.binance.vision,1
2026-10-09 07:08:18.914558,2026-10-07 11:00:00,ARB,0.186,0.011504955734180325,0.031097807802218477,0.051378384312685946,0.14445238852950285,720,720,https://data-api.binance.vision,1
2026-10-09 07:08:18.914558,2026-10-07 12:00:00,ARB,0.1857,0.011504955734180325,0.031097807802218477,0.051378384312685946,0.1440041797431424,720,720,https://data-api.binance.vision,1
2026-10-09 07:08:18.914558,2026-10-07 13:00:00,ARB,0.1851,0.011504955734180325,0.031097807802218477,0.051378384312685946,0.14380804002387584,720,720,https://data-api.binance.vision,1
2026-10-09 07:08:18.914558,2026-10-07 14:00:00,ARB,0.1859,0.011434030994778565,0.031097807802218477,0.051378384312685946,0.14380804002387584,720,720,https://data-api.binance.vision,1
2026-10-09 07:08:18.914558,2026-10-07 15:00:00,ARB,0.1844,0.011406534265015464,0.031097807802218477,0.051378384312685946,0.14380804002387584,720,720,https://data-api.binance.vision,1
2026-10-09 07:08:18.914558,2026-10-07 16:00:00,ARB,0.1847,0.01140121948270151,0.030200203377986068,0.051378384312685946,0.14357401089795155,720,720,https://data-api.binance.vision,1
2026-10-09 07:08:18.914558,2026-10-07 17:00:00,ARB,0.1836,0.011394964255438511,0.030200203377986068,0.051378384312685946,0.14357401089795155,720,720,https://data-api.binance.vision,1
2026-10-09 07:08:18.914558,2026-10-07 18:00:00,ARB,0.1829,0.011394964255438511,0.030200203377986068,0.051378384312685946,0.14357401089795155,720,720,https://data-api.binance.vision,1
2026-10-09 07:08:18.914558,2026-10-07 19:00:00,ARB,0.1824,0.011394964255438511,0.030200203377986068,0.051378384312685946,0.14357401089795155,720,720,https://data-api.binance.vision,1
2026-10-09 07:08:18.914558,2026-10-07 20:00:00,ARB,0.1825,0.011366548681736859,0.030200203377986068,0.051378384312685946,0.14357401089795155,720,720,https://data-api.binance.vision,1
2026-10-09 07:08:18.914558,2026-10-07 21:00:00,ARB,0.1845,0.011366548681736859,0.030200203377986068,0.051378384312685946,0.14357401089795155,720,720,https://data-api.binance.vision,1
2026-10-09 07:08:18.914558,2026-10-07 22:00:00,ARB,0.1826,0.011366548681736859,0.030200203377986068,0.051378384312685946,0.14357401089795155,720,720,https://data-api.binance.vision,1
2026-10-09 07:08:18.914558,2026-10-07 23:00:00,ARB,0.184,0.011366548681736859,0.030200203377986068,0.051378384312685946,0.14357401089795155,720,720,https://data-api.binance.vision,1
2026-10-09 07:08:18.914558,2026-10-08 00:00:00,ARB,0.1858,0.011366548681736859,0.030200203377986068,0.051378384312685946,0.14357401089795155,720,720,https://data-api.binance.vision,1
2026-10-09 07:08:18.914558,2026-10-08 01:00:00,ARB,0.1873,0.011366548681736859,0.030200203377986068,0.051378384312685946,0.14357401089795155,720,720,https://data-api.binance.vision,1
2026-10-09 07:08:18.914558,2026-10-08 02:00:00,ARB,0.1863,0.011366548681736859,0.030200203377986068,0.050280526479716633,0.14357401089795155,720,720,https://data-api.binance.vision,1
2026-10-09 07:08:18.914558,2026-10-08 03:00:00,ARB,0.1869,0.011366548681736859,0.030200203377986068,0.04966249227229189,0.14357401089795155,720,720,https://data-api.binance.vision,1
2026-10-09 07:08:18.914558,2026-10-08 04:00:00,ARB,0.1855,0.011366548681736859,0.030200203377986068,0.04966249227229189,0.14357401089795155,720,720,https://data-api.binance.vision,1
2026-10-09 07:08:18.914558,2026-10-08 05:00:00,ARB,0.1826,0.011394964255438511,0.030200203377986068,0.04966249227229189,0.14357401089795155,720,720,https://data-api.binance.vision,1
2026-10-09 07:08:18.914558,2026-10-08 06:00:00,ARB,0.1824,0.011366548681736859,0.030200203377986068,0.04966249227229189,0.14357401089795155,720,720,https://data-api.binance.vision,1
2026-10-09 07:08:18.914558,2026-10-08 07:00:00,ARB,0.1841,0.011359087858142882,0.030200203377986068,0.04966249227229189,0.14357401089795155,720,720,https://data-api.binance.vision,1
2026-10-09 07:08:18.914558,2026-10-08 08:00:00,ARB,0.1846,0.011359087858142882,0.030200203377986068,0.04966249227229189,0.14357401089795155,720,720,https://data-api.binance.vision,1
2026-10-09 07:08:18.914558,2026-10-08 09:00:00,ARB,0.1854,0.011359087858142882,0.030200203377986068,0.04966249227229189,0.14357401089795155,720,720,https://data-api.binance.vision,1
2026-10-09 07:08:18.914558,2026-10-08 10:00:00,ARB,0.1883,0.011359087858142882,0.030200203377986068,0.04941253685856348,0.14357401089795155,720,720,https://data-api.binance.vision,1
2026-10-09 07:08:18.914558,2026-10-08 11:00:00,ARB,0.186,0.011366548681736859,0.030200203377986068,0.04941253685856348,0.14357401089795155,720,720,https://data-api.binance.vision,1
2026-10-09 07:08:18.914558,2026-10-08 12:00:00,ARB,0.1842,0.011366548681736859,0.030200203377986068,0.04930440588166382,0.14357401089795155,720,720,https://data-api.binance.vision,1
2026-10-09 07:08:18.914558,2026-10-08 13:00:00,ARB,0.1828,0.011359087858142882,0.030200203377986068,0.04930440588166382,0.14357401089795155,720,720,https://data-api.binance.vision,1
2026-10-09 07:08:18.914558,2026-10-08 14:00:00,ARB,0.1834,0.011359087858142882,0.030200203377986068,0.04930440588166382,0.14357401089795155,720,720,https://data-api.binance.vision,1
2026-10-09 07:08:18.914558,2026-10-08 15:00:00,ARB,0.1824,0.01127563535313759,0.030200203377986068,0.04930440588166382,0.14357401089795155,720,720,https://data-api.binance.vision,1
2026-10-09 07:08:18.914558,2026-10-08 16:00:00,ARB,0.1662,0.011359087858142882,0.031097807802218477,0.04941253685856348,0.14357401089795155,720,720,https://data-api.binance.vision,1
2026-10-09 07:08:18.914558,2026-10-08 17:00:00,ARB,0.1665,0.01127563535313759,0.031097807802218477,0.04966249227229189,0.14357401089795155,720,720,https://data-api.binance.vision,1
2026-10-09 07:08:18.914558,2026-10-08 18:00:00,ARB,0.1639,0.011359087858142882,0.031097807802218477,0.050280526479716633,0.14357401089795155,720,720,https://data-api.binance.vision,1
2026-10-09 07:08:18.914558,2026-10-08 19:00:00,ARB,0.1687,0.011366548681736859,0.031097807802218477,0.051378384312685946,0.14357401089795155,720,720,https://data-api.binance.vision,1
2026-10-09 07:08:18.914558,2026-10-08 20:00:00,ARB,0.1713,0.011394964255438511,0.031097807802218477,0.05147302900727157,0.14357401089795155,720,720,https://data-api.binance.vision,1
2026-10-09 07:08:18.914558,2026-10-08 21:00:00,ARB,0.1731,0.011394964255438511,0.031097807802218477,0.05181047689627307,0.14357401089795155,720,720,https://data-api.binance.vision,1
2026-10-09 07:08:18.914558,2026-10-08 22:00:00,ARB,0.1732,0.011394964255438511,0.031097807802218477,0.05189572303797463,0.14357401089795155,720,720,https://data-api.binance.vision,1
2026-10-09 07:08:18.914558,2026-10-08 23:00:00,ARB,0.1738,0.011394964255438511,0.031097807802218477,0.05226758637732695,0.14357401089795155,720,720,https://data-api.binance.vision,1
2026-10-09 07:08:18.914558,2026-10-09 00:00:00,ARB,0.1727,0.011394964255438511,0.031097807802218477,0.05240103286020111,0.14357401089795155,720,720,https://data-api.binance.vision,1
2026-10-09 07:08:18.914558,2026-10-09 01:00:00,ARB,0.1721,0.011394964255438511,0.031097807802218477,0.05253724377746305,0.14357401089795155,720,720,https://data-api.binance.vision,1
2026-10-09 07:08:18.914558,2026-10-09 02:00:00,ARB,0.1738,0.011394964255438511,0.031097807802218477,0.052678173935308874,0.14357401089795155,720,720,https://data-api.binance.vision,1
2026-10-09 07:08:18.914558,2026-10-09 03:00:00,ARB,0.1753,0.011394964255438511,0.031097807802218477,0.05278198844382793,0.14357401089795155,720,720,https://data-api.binance.vision,1
2026-10-09 07:08:18.914558,2026-10-09 04:00:00,ARB,0.177,0.011394964255438511,0.031097807802218477,0.05278198844382793,0.14357401089795155,720,720,https://data-api.binance.vision,1
2026-10-09 07:08:18.914558,2026-10-09 05:00:00,ARB,0.1768,0.011366548681736859,0.031097807802218477,0.05278198844382793,0.14357401089795155,720,720,https://data-api.binance.vision,1
2026-10-09 07:08:18.914558,2026-10-09 06:00:00,ARB,0.1779,0.011359087858142882,0.031097807802218477,0.05278198844382793,0.14357401089795155,720,720,https://data-api.binance.vision,1
2026-10-09 07:08:18.914558,2026-10-09 07:00:00,ARB,0.1783,0.01127563535313759,0.030200203377986068,0.05278198844382793,0.14357401089795155,720,720,https://data-api.binance.vision,0
2026-10-09 07:08:18.914558,2026-10-07 07:00:00,ATOM,1.709,0.007959579506357521,0.01972918170943112,0.04325031932385403,0.08788080119704902,720,720,https://data-api.binance.vision,1
2026-10-09 07:08:18.914558,2026-10-07 08:00:00,ATOM,1.711,0.007959579506357521,0.01972918170943112,0.04332732459304413,0.08788080119704902,720,720,https://data-api.binance.vision,1
2026-10-09 07:08:18.914558,2026-10-07 09:00:00,ATOM,1.698,0.007959579506357521,0.01972918170943112,0.04334899008701523,0.08788080119704902,720,720,https://data-api.binance.vision,1
2026-10-09 07:08:18.914558,2026-10-07 10:00:00,ATOM,1.694,0.007959579506357521,0.01972918170943112,0.04340577363972033,0.08788080119704902,720,720,https://data-api.binance.vision,1
2026-10-09 07:08:18.914558,2026-10-07 11:00:00,ATOM,1.69,0.007959579506357521,0.01972918170943112,0.04347914979932772,0.08788080119704902,720,720,https://data-api.binance.vision,1
2026-10-09 07:08:18.914558,2026-10-07 12:00:00,ATOM,1.677,0.007959579506357521,0.01972918170943112,0.043508019165475774,0.08788080119704902,720,720,https://data-api.binance.vision,1
2026-10-09 07:08:18.914558,2026-10-07 13:00:00,ATOM,1.692,0.007959579506357521,0.019560023900213278,0.043508019165475774,0.08788080119704902,720,720,https://data-api.binance.vision,1
2026-10-09 07:08:18.914558,2026-10-07 14:00:00,ATOM,1.696,0.007959579506357521,0.019560023900213278,0.043508019165475774,0.08788080119704902,720,720,https://data-api.binance.vision,1
2026-10-09 07:08:18.914558,2026-10-07 15:00:00,ATOM,1.685,0.007959579506357521,0.019560023900213278,0.043508019165475774,0.08788080119704902,720,720,https://data-api.binance.vision,1
2026-10-09 07:08:18.914558,2026-10-07 16:00:00,ATOM,1.691,0.007859005301509502,0.019560023900213278,0.043513484178941124,0.08788080119704902,720,720,https://data-api.binance.vision,1
2026-10-09 07:08:18.914558,2026-10-07 17:00:00,ATOM,1.701,0.007837190521427959,0.019560023900213278,0.043513484178941124,0.08788080119704902,720,720,https://data-api.binance.vision,1
2026-10-09 07:08:18.914558,2026-10-07 18:00:00,ATOM,1.689,0.007821910805655839,0.019560023900213278,0.04367140128016536,0.08788080119704902,720,720,https://data-api.binance.vision,1
2026-10-09 07:08:18.914558,2026-10-07 19:00:00,ATOM,1.708,0.007857747489316554,0.019560023900213278,0.04369411099137466,0.08788080119704902,720,720,https://data-api.binance.vision,1
2026-10-09 07:08:18.914558,2026-10-07 20:00:00,ATOM,1.705,0.007857747489316554,0.019560023900213278,0.04369411099137466,0.08788080119704902,720,720,https://data-api.binance.vision,1
2026-10-09 07:08:18.914558,2026-10-07 21:00:00,ATOM,1.713,0.007857747489316554,0.019560023900213278,0.04367908987105159,0.08788080119704902,720,720,https://data-api.binance.vision,1
2026-10-09 07:08:18.914558,2026-10-07 22:00:00,ATOM,1.701,0.007821910805655839,0.019560023900213278,0.04369411099137466,0.08788080119704902,720,720,https://data-api.binance.vision,1
2026-10-09 07:08:18.914558,2026-10-07 23:00:00,ATOM,1.717,0.007821910805655839,0.019560023900213278,0.04369411099137466,0.08788080119704902,720,720,https://data-api.binance.vision,1
2026-10-09 07:08:18.914558,2026-10-08 00:00:00,ATOM,1.725,0.00781132139465278,0.019560023900213278,0.04369411099137466,0.08788080119704902,720,720,https://data-api.binance.vision,1
2026-10-09 07:08:18.914558,2026-10-08 01:00:00,ATOM,1.744,0.007821910805655839,0.019560023900213278,0.04369411099137466,0.08788080119704902,720,720,https://data-api.binance.vision,1
2026-10-09 07:08:18.914558,2026-10-08 02:00:00,ATOM,1.726,0.007857747489316554,0.019560023900213278,0.04369411099137466,0.08788080119704902,720,720,https://data-api.binance.vision,1
2026-10-09 07:08:18.914558,2026-10-08 03:00:00,ATOM,1.747,0.007857747489316554,0.019560023900213278,0.04369411099137466,0.08788080119704902,720,720,https://data-api.binance.vision,1
2026-10-09 07:08:18.914558,2026-10-08 04:00:00,ATOM,1.75,0.007857747489316554,0.019560023900213278,0.04369411099137466,0.08788080119704902,720,720,https://data-api.binance.vision,1
2026-10-09 07:08:18.914558,2026-10-08 05:00:00,ATOM,1.718,0.007959579506357521,0.019560023900213278,0.04369411099137466,0.08788080119704902,720,720,https://data-api.binance.vision,1
2026-10-09 07:08:18.914558,2026-10-08 06:00:00,ATOM,1.719,0.007959579506357521,0.019560023900213278,0.04369411099137466,0.08788080119704902,720,720,https://data-api.binance.vision,1
2026-10-09 07:08:18.914558,2026-10-08 07:00:00,ATOM,1.747,0.007997492825644268,0.019560023900213278,0.04369411099137466,0.08788080119704902,720,720,https://data-api.binance.vision,1
2026-10-09 07:08:18.914558,2026-10-08 08:00:00,ATOM,1.772,0.007997492825644268,0.019560023900213278,0.04369411099137466,0.08788080119704902,720,720,https://data-api.binance.vision,1
2026-10-09 07:08:18.914558,2026-10-08 09:00:00,ATOM,1.768,0.007997492825644268,0.019560023900213278,0.04369411099137466,0.08788080119704902,720,720,https://data-api.binance.vision,1
2026-10-09 07:08:18.914558,2026-10-08 10:00:00,ATOM,1.81,0.008024658446862721,0.01972918170943112,0.04369860179249302,0.08788080119704902,720,720,https://data-api.binance.vision,1
2026-10-09 07:08:18.914558,2026-10-08 11:00:00,ATOM,1.784,0.008067527243044608,0.01972918170943112,0.043935352669748955,0.08788080119704902,720,720,https://data-api.binance.vision,1
2026-10-09 07:08:18.914558,2026-10-08 12:00:00,ATOM,1.806,0.008067527243044608,0.01972918170943112,0.043935352669748955,0.08788080119704902,720,720,https://data-api.binance.vision,1
2026-10-09 07:08:18.914558,2026-10-08 13:00:00,ATOM,1.808,0.008024658446862721,0.019560023900213278,0.043935352669748955,0.08788080119704902,720,720,https://data-api.binance.vision,1
2026-10-09 07:08:18.914558,2026-10-08 14:00:00,ATOM,1.823,0.008024658446862721,0.019122767265117763,0.04450801275949061,0.08788080119704902,720,720,https://data-api.binance.vision,1
2026-10-09 07:08:18.914558,2026-10-08 15:00:00,ATOM,1.813,0.007997492825644268,0.01848722472336202,0.04450801275949061,0.08788080119704902,720,720,https://data-api.binance.vision,1
2026-10-09 07:08:18.914558,2026-10-08 16:00:00,ATOM,1.684,0.007997492825644268,0.01848722472336202,0.043935352669748955,0.08745455912244127,720,720,https://data-api.binance.vision,1
2026-10-09 07:08:18.914558,2026-10-08 17:00:00,ATOM,1.675,0.007997492825644268,0.01848722472336202,0.04369860179249302,0.08745455912244127,720,720,https://data-api.binance.vision,1
2026-10-09 07:08:18.914558,2026-10-08 18:00:00,ATOM,1.652,0.008024658446862721,0.01848722472336202,0.04369411099137466,0.08745455912244127,720,720,https://data-api.binance.vision,1
2026-10-09 07:08:18.914558,2026-10-08 19:00:00,ATOM,1.693,0.008067527243044608,0.019122767265117763,0.04367908987105159,0.08745455912244127,720,720,https://data-api.binance.vision,1
2026-10-09 07:08:18.914558,2026-10-08 20:00:00,ATOM,1.721,0.00807363819849297,0.019122767265117763,0.043602204981158146,0.08745455912244127,720,720,https://data-api.binance.vision,1
2026-10-09 07:08:18.914558,2026-10-08 21:00:00,ATOM,1.746,0.00807363819849297,0.019122767265117763,0.043513484178941124,0.08726236367398346,720,720,https://data-api.binance.vision,1
2026-10-09 07:08:18.914558,2026-10-08 22:00:00,ATOM,1.761,0.00807363819849297,0.018509820615060325,0.043508019165475774,0.08634824410259523,720,720,https://data-api.binance.vision,1
2026-10-09 07:08:18.914558,2026-10-08 23:00:00,ATOM,1.761,0.00807363819849297,0.018509820615060325,0.04347914979932772,0.08589012417738227,720,720,https://data-api.binance.vision,1
2026-10-09 07:08:18.914558,2026-10-09 00:00:00,ATOM,1.762,0.00807363819849297,0.018509820615060325,0.04340432285312195,0.08530349522265357,720,720,https://data-api.binance.vision,1
2026-10-09 07:08:18.914558,2026-10-09 01:00:00,ATOM,1.785,0.00807363819849297,0.018509820615060325,0.04330760597688615,0.08521432451576232,720,720,https://data-api.binance.vision,1
2026-10-09 07:08:18.914558,2026-10-09 02:00:00,ATOM,1.83,0.00807386162151047,0.019560023900213278,0.04330760597688615,0.08427710975364228,720,720,https://data-api.binance.vision,1
2026-10-09 07:08:18.914558,2026-10-09 03:00:00,ATOM,1.838,0.00807363819849297,0.019560023900213278,0.04330760597688615,0.08384441939028009,720,720,https://data-api.binance.vision,1
2026-10-09 07:08:18.914558,2026-10-09 04:00:00,ATOM,1.845,0.00807363819849297,0.019560023900213278,0.04330760597688615,0.08358275746748633,720,720,https://data-api.binance.vision,1
2026-10-09 07:08:18.914558,2026-10-09 05:00:00,ATOM,1.859,0.008067527243044608,0.018509820615060325,0.04330760597688615,0.08345673468139621,720,720,https://data-api.binance.vision,1
2026-10-09 07:08:18.914558,2026-10-09 06:00:00,ATOM,1.884,0.008067527243044608,0.018509820615060325,0.04330760597688615,0.08345673468139621,720,720,https://data-api.binance.vision,1
2026-10-09 07:08:18.914558,2026-10-09 07:00:00,ATOM,1.878,0.008067527243044608,0.018509820615060325,0.04330760597688615,0.08277162472062702,720,720,https://data-api.binance.vision,0
2026-10-09 07:08:18.914558,2026-10-07 07:00:00,ALGO,0.12,0.008911868648177066,0.023479881465784374,0.044309499095166426,0.09627711243589089,720,720,https://data-api.binance.vision,1
2026-10-09 07:08:18.914558,2026-10-07 08:00:00,ALGO,0.12,0.008901080858725435,0.023479881465784374,0.04448578824780027,0.09627711243589089,720,720,https://data-api.binance.vision,1
2026-10-09 07:08:18.914558,2026-10-07 09:00:00,ALGO,0.1189,0.008911868648177066,0.023479881465784374,0.044841751728375394,0.09627711243589089,720,720,https://data-api.binance.vision,1
2026-10-09 07:08:18.914558,2026-10-07 10:00:00,ALGO,0.1181,0.008911868648177066,0.023479881465784374,0.04501604409853909,0.09627711243589089,720,720,https://data-api.binance.vision,1
2026-10-09 07:08:18.914558,2026-10-07 11:00:00,ALGO,0.118,0.008911868648177066,0.023479881465784374,0.04511308774188971,0.09627711243589089,720,720,https://data-api.binance.vision,1
2026-10-09 07:08:18.914558,2026-10-07 12:00:00,ALGO,0.1164,0.008947781276123995,0.023479881465784374,0.04529961533751665,0.09627711243589089,720,720,https://data-api.binance.vision,1
2026-10-09 07:08:18.914558,2026-10-07 13:00:00,ALGO,0.1166,0.008911868648177066,0.023479881465784374,0.045319850704513116,0.09627711243589089,720,720,https://data-api.binance.vision,1
2026-10-09 07:08:18.914558,2026-10-07 14:00:00,ALGO,0.1163,0.008911868648177066,0.023479881465784374,0.04534157197024942,0.09627711243589089,720,720,https://data-api.binance.vision,1
2026-10-09 07:08:18.914558,2026-10-07 15:00:00,ALGO,0.116,0.008911868648177066,0.023479881465784374,0.045386621111525145,0.09627711243589089,720,720,https://data-api.binance.vision,1
2026-10-09 07:08:18.914558,2026-10-07 16:00:00,ALGO,0.1164,0.008911868648177066,0.023479881465784374,0.04590197033067681,0.09627711243589089,720,720,https://data-api.binance.vision,1
2026-10-09 07:08:18.914558,2026-10-07 17:00:00,ALGO,0.1163,0.008911868648177066,0.023479881465784374,0.04594961551138661,0.09627711243589089,720,720,https://data-api.binance.vision,1
2026-10-09 07:08:18.914558,2026-10-07 18:00:00,ALGO,0.1168,0.008911868648177066,0.023479881465784374,0.04638198508603646,0.09627711243589089,720,720,https://data-api.binance.vision,1
2026-10-09 07:08:18.914558,2026-10-07 19:00:00,ALGO,0.1176,0.008911868648177066,0.023479881465784374,0.046445703810042926,0.09627711243589089,720,720,https://data-api.binance.vision,1
2026-10-09 07:08:18.914558,2026-10-07 20:00:00,ALGO,0.1181,0.008911868648177066,0.023479881465784374,0.04660100819161665,0.09627711243589089,720,720,https://data-api.binance.vision,1
2026-10-09 07:08:18.914558,2026-10-07 21:00:00,ALGO,0.1185,0.008911868648177066,0.023479881465784374,0.04660100819161665,0.09627711243589089,720,720,https://data-api.binance.vision,1
2026-10-09 07:08:18.914558,2026-10-07 22:00:00,ALGO,0.1177,0.008911868648177066,0.023479881465784374,0.04679928669554394,0.09627711243589089,720,720,https://data-api.binance.vision,1
2026-10-09 07:08:18.914558,2026-10-07 23:00:00,ALGO,0.1184,0.008911868648177066,0.023479881465784374,0.04679928669554394,0.09627711243589089,720,720,https://data-api.binance.vision,1
2026-10-09 07:08:18.914558,2026-10-08 00:00:00,ALGO,0.1188,0.008901080858725435,0.023479881465784374,0.04679928669554394,0.09627711243589089,720,720,https://data-api.binance.vision,1
2026-10-09 07:08:18.914558,2026-10-08 01:00:00,ALGO,0.1194,0.008886085746817311,0.023479881465784374,0.04679928669554394,0.09627711243589089,720,720,https://data-api.binance.vision,1
2026-10-09 07:08:18.914558,2026-10-08 02:00:00,ALGO,0.1184,0.008852038307310474,0.023479881465784374,0.04679928669554394,0.09627711243589089,720,720,https://data-api.binance.vision,1
2026-10-09 07:08:18.914558,2026-10-08 03:00:00,ALGO,0.1192,0.008852038307310474,0.023479881465784374,0.04679928669554394,0.09627711243589089,720,720,https://data-api.binance.vision,1
2026-10-09 07:08:18.914558,2026-10-08 04:00:00,ALGO,0.1183,0.008852038307310474,0.023479881465784374,0.04660100819161665,0.09627711243589089,720,720,https://data-api.binance.vision,1
2026-10-09 07:08:18.914558,2026-10-08 05:00:00,ALGO,0.1173,0.008852038307310474,0.023479881465784374,0.04660100819161665,0.09627711243589089,720,720,https://data-api.binance.vision,1
2026-10-09 07:08:18.914558,2026-10-08 06:00:00,ALGO,0.1172,0.008852038307310474,0.023479881465784374,0.04660100819161665,0.09627711243589089,720,720,https://data-api.binance.vision,1
2026-10-09 07:08:18.914558,2026-10-08 07:00:00,ALGO,0.1181,0.008838239129690085,0.023479881465784374,0.04660100819161665,0.09627711243589089,720,720,https://data-api.binance.vision,1
2026-10-09 07:08:18.914558,2026-10-08 08:00:00,ALGO,0.1253,0.008852038307310474,0.02387885958810196,0.04660100819161665,0.09627711243589089,720,720,https://data-api.binance.vision,1
2026-10-09 07:08:18.914558,2026-10-08 09:00:00,ALGO,0.1292,0.008886085746817311,0.024021709330896087,0.04679928669554394,0.09627711243589089,720,720,https://data-api.binance.vision,1
2026-10-09 07:08:18.914558,2026-10-08 10:00:00,ALGO,0.1378,0.008886085746817311,0.024102410429460704,0.04690577752077778,0.09641641847618976,720,720,https://data-api.binance.vision,1
2026-10-09 07:08:18.914558,2026-10-08 11:00:00,ALGO,0.1341,0.008901080858725435,0.024214763936822828,0.04740914606893189,0.09732519180068504,720,720,https://data-api.binance.vision,1
2026-10-09 07:08:18.914558,2026-10-08 12:00:00,ALGO,0.1328,0.008911868648177066,0.024214763936822828,0.04750323512488377,0.09817793688811967,720,720,https://data-api.binance.vision,1
2026-10-09 07:08:18.914558,2026-10-08 13:00:00,ALGO,0.1295,0.008947781276123995,0.024600294432774603,0.047734690395121265,0.09922573950439877,720,720,https://data-api.binance.vision,1
2026-10-09 07:08:18.914558,2026-10-08 14:00:00,ALGO,0.1216,0.009000264487242175,0.02469793768755974,0.047734690395121265,0.09922573950439877,720,720,https://data-api.binance.vision,1
2026-10-09 07:08:18.914558,2026-10-08 15:00:00,ALGO,0.12,0.009000264487242175,0.02469793768755974,0.047734690395121265,0.09922573950439877,720,720,https://data-api.binance.vision,1
2026-10-09 07:08:18.914558,2026-10-08 16:00:00,ALGO,0.1189,0.009000264487242175,0.02469793768755974,0.04750323512488377,0.09922573950439877,720,720,https://data-api.binance.vision,1
2026-10-09 07:08:18.914558,2026-10-08 17:00:00,ALGO,0.1186,0.009000264487242175,0.02469793768755974,0.04740914606893189,0.09922573950439877,720,720,https://data-api.binance.vision,1
2026-10-09 07:08:18.914558,2026-10-08 18:00:00,ALGO,0.1156,0.009008709394423633,0.02481732660256302,0.04690577752077778,0.09922573950439877,720,720,https://data-api.binance.vision,1
2026-10-09 07:08:18.914558,2026-10-08 19:00:00,ALGO,0.1186,0.009008709394423633,0.02518621462387101,0.04679928669554394,0.09922573950439877,720,720,https://data-api.binance.vision,1
2026-10-09 07:08:18.914558,2026-10-08 20:00:00,ALGO,0.1198,0.009084419560541105,0.02518621462387101,0.04660100819161665,0.09922573950439877,720,720,https://data-api.binance.vision,1
2026-10-09 07:08:18.914558,2026-10-08 21:00:00,ALGO,0.1197,0.009084419560541105,0.02518621462387101,0.046445703810042926,0.09922573950439877,720,720,https://data-api.binance.vision,1
2026-10-09 07:08:18.914558,2026-10-08 22:00:00,ALGO,0.1187,0.009084419560541105,0.02518621462387101,0.046445703810042926,0.09922573950439877,720,720,https://data-api.binance.vision,1
2026-10-09 07:08:18.914558,2026-10-08 23:00:00,ALGO,0.1179,0.009084419560541105,0.02518621462387101,0.046445703810042926,0.09922573950439877,720,720,https://data-api.binance.vision,1
2026-10-09 07:08:18.914558,2026-10-09 00:00:00,ALGO,0.1174,0.009084419560541105,0.02518621462387101,0.046445703810042926,0.09922573950439877,720,720,https://data-api.binance.vision,1
2026-10-09 07:08:18.914558,2026-10-09 01:00:00,ALGO,0.1181,0.009084419560541105,0.02518621462387101,0.046445703810042926,0.09922573950439877,720,720,https://data-api.binance.vision,1
2026-10-09 07:08:18.914558,2026-10-09 02:00:00,ALGO,0.1198,0.009084419560541105,0.02518621462387101,0.046445703810042926,0.09922573950439877,720,720,https://data-api.binance.vision,1
2026-10-09 07:08:18.914558,2026-10-09 03:00:00,ALGO,0.1183,0.009090971701252358,0.02518621462387101,0.046445703810042926,0.09922573950439877,720,720,https://data-api.binance.vision,1
2026-10-09 07:08:18.914558,2026-10-09 04:00:00,ALGO,0.1182,0.009090971701252358,0.02518621462387101,0.046445703810042926,0.09922573950439877,720,720,https://data-api.binance.vision,1
2026-10-09 07:08:18.914558,2026-10-09 05:00:00,ALGO,0.1188,0.009084419560541105,0.02518621462387101,0.046445703810042926,0.09922573950439877,720,720,https://data-api.binance.vision,1
2026-10-09 07:08:18.914558,2026-10-09 06:00:00,ALGO,0.1198,0.009008709394423633,0.02518621462387101,0.046445703810042926,0.09922573950439877,720,720,https://data-api.binance.vision,1
2026-10-09 07:08:18.914558,2026-10-09 07:00:00,ALGO,0.1196,0.009008709394423633,0.02518621462387101,0.046445703810042926,0.09922573950439877,720,720,https://data-api.binance.vision,0
2026-10-09 07:08:18.914558,2026-10-07 07:00:00,RENDER,2.115,0.009090327449637461,0.020071986268387826,0.04181654107241417,0.0885333642731641,720,720,https://data-api.binance.vision,1
2026-10-09 07:08:18.914558,2026-10-07 08:00:00,RENDER,2.096,0.009054547439794822,0.020071986268387826,0.04181654107241417,0.0885333642731641,720,720,https://data-api.binance.vision,1
2026-10-09 07:08:18.914558,2026-10-07 09:00:00,RENDER,2.076,0.009054547439794822,0.020071986268387826,0.04179354779621819,0.0885333642731641,720,720,https://data-api.binance.vision,1
2026-10-09 07:08:18.914558,2026-10-07 10:00:00,RENDER,2.029,0.009090327449637461,0.020088078122349494,0.04181654107241417,0.0885333642731641,720,720,https://data-api.binance.vision,1
2026-10-09 07:08:18.914558,2026-10-07 11:00:00,RENDER,2.007,0.009099623049752594,0.020088078122349494,0.04185628919536082,0.0885333642731641,720,720,https://data-api.binance.vision,1
2026-10-09 07:08:18.914558,2026-10-07 12:00:00,RENDER,1.99,0.009099623049752594,0.020088078122349494,0.04222423793695539,0.0885333642731641,720,720,https://data-api.binance.vision,1
2026-10-09 07:08:18.914558,2026-10-07 13:00:00,RENDER,2.018,0.009099623049752594,0.020088078122349494,0.04236066483607624,0.0885333642731641,720,720,https://data-api.binance.vision,1
2026-10-09 07:08:18.914558,2026-10-07 14:00:00,RENDER,2.025,0.009099623049752594,0.020088078122349494,0.042518802705649804,0.0885333642731641,720,720,https://data-api.binance.vision,1
2026-10-09 07:08:18.914558,2026-10-07 15:00:00,RENDER,2.002,0.009100163912691306,0.020088078122349494,0.042518802705649804,0.0885333642731641,720,720,https://data-api.binance.vision,1
2026-10-09 07:08:18.914558,2026-10-07 16:00:00,RENDER,2.04,0.009100163912691306,0.020071986268387826,0.04264530251224364,0.0885333642731641,720,720,https://data-api.binance.vision,1
2026-10-09 07:08:18.914558,2026-10-07 17:00:00,RENDER,2.021,0.009100163912691306,0.019936586578219,0.04276432475277663,0.0885333642731641,720,720,https://data-api.binance.vision,1
2026-10-09 07:08:18.914558,2026-10-07 18:00:00,RENDER,2.031,0.009100163912691306,0.019936586578219,0.042859908371503046,0.0885333642731641,720,720,https://data-api.binance.vision,1
2026-10-09 07:08:18.914558,2026-10-07 19:00:00,RENDER,2.04,0.009100163912691306,0.019936586578219,0.043165662269442566,0.0885333642731641,720,720,https://data-api.binance.vision,1
2026-10-09 07:08:18.914558,2026-10-07 20:00:00,RENDER,2.038,0.009100163912691306,0.019936586578219,0.04360554952614853,0.0885333642731641,720,720,https://data-api.binance.vision,1
2026-10-09 07:08:18.914558,2026-10-07 21:00:00,RENDER,2.038,0.009100163912691306,0.019936586578219,0.04378289476638744,0.0885333642731641,720,720,https://data-api.binance.vision,1
2026-10-09 07:08:18.914558,2026-10-07 22:00:00,RENDER,2.015,0.009133938386394239,0.019936586578219,0.04402649013936685,0.0885333642731641,720,720,https://data-api.binance.vision,1
2026-10-09 07:08:18.914558,2026-10-07 23:00:00,RENDER,2.013,0.009100163912691306,0.019936586578219,0.044845349740247835,0.0885333642731641,720,720,https://data-api.binance.vision,1
2026-10-09 07:08:18.914558,2026-10-08 00:00:00,RENDER,2.025,0.009100163912691306,0.019936586578219,0.04505600704409305,0.0885333642731641,720,720,https://data-api.binance.vision,1
2026-10-09 07:08:18.914558,2026-10-08 01:00:00,RENDER,2.034,0.009099623049752594,0.019936586578219,0.04511626329016858,0.0885333642731641,720,720,https://data-api.binance.vision,1
2026-10-09 07:08:18.914558,2026-10-08 02:00:00,RENDER,2.014,0.009099623049752594,0.019936586578219,0.0452882129467325,0.0885333642731641,720,720,https://data-api.binance.vision,1
2026-10-09 07:08:18.914558,2026-10-08 03:00:00,RENDER,2.023,0.009090327449637461,0.019936586578219,0.0452882129467325,0.0885333642731641,720,720,https://data-api.binance.vision,1
2026-10-09 07:08:18.914558,2026-10-08 04:00:00,RENDER,2.005,0.009054547439794822,0.019936586578219,0.0452882129467325,0.0885333642731641,720,720,https://data-api.binance.vision,1
2026-10-09 07:08:18.914558,2026-10-08 05:00:00,RENDER,1.985,0.009090327449637461,0.019936586578219,0.0452882129467325,0.0885333642731641,720,720,https://data-api.binance.vision,1
2026-10-09 07:08:18.914558,2026-10-08 06:00:00,RENDER,2.008,0.009099623049752594,0.019936586578219,0.0452882129467325,0.0885333642731641,720,720,https://data-api.binance.vision,1
2026-10-09 07:08:18.914558,2026-10-08 07:00:00,RENDER,2.035,0.009099623049752594,0.019936586578219,0.0452882129467325,0.0885333642731641,720,720,https://data-api.binance.vision,1
2026-10-09 07:08:18.914558,2026-10-08 08:00:00,RENDER,2.036,0.009099623049752594,0.019936586578219,0.0452882129467325,0.0885333642731641,720,720,https://data-api.binance.vision,1
2026-10-09 07:08:18.914558,2026-10-08 09:00:00,RENDER,2.023,0.009099623049752594,0.019936586578219,0.0452882129467325,0.0885333642731641,720,720,https://data-api.binance.vision,1
2026-10-09 07:08:18.914558,2026-10-08 10:00:00,RENDER,2.036,0.009090327449637461,0.019936586578219,0.0452882129467325,0.0885333642731641,720,720,https://data-api.binance.vision,1
2026-10-09 07:08:18.914558,2026-10-08 11:00:00,RENDER,1.994,0.009090327449637461,0.020071986268387826,0.0452882129467325,0.0885333642731641,720,720,https://data-api.binance.vision,1
2026-10-09 07:08:18.914558,2026-10-08 12:00:00,RENDER,1.985,0.009090327449637461,0.020071986268387826,0.0452882129467325,0.0885333642731641,720,720,https://data-api.binance.vision,1
2026-10-09 07:08:18.914558,2026-10-08 13:00:00,RENDER,1.978,0.009090327449637461,0.020071986268387826,0.0452882129467325,0.0885333642731641,720,720,https://data-api.binance.vision,1
2026-10-09 07:08:18.914558,2026-10-08 14:00:00,RENDER,1.978,0.009054547439794822,0.020071986268387826,0.0452882129467325,0.0885333642731641,720,720,https://data-api.binance.vision,1
2026-10-09 07:08:18.914558,2026-10-08 15:00:00,RENDER,1.996,0.009058625687408393,0.020071986268387826,0.0452882129467325,0.0885333642731641,720,720,https://data-api.binance.vision,1
2026-10-09 07:08:18.914558,2026-10-08 16:00:00,RENDER,1.819,0.009058625687408393,0.020088078122349494,0.045325944110405574,0.08889871004386055,720,720,https://data-api.binance.vision,1
2026-10-09 07:08:18.914558,2026-10-08 17:00:00,RENDER,1.819,0.009058625687408393,0.020088078122349494,0.045404907116415635,0.08984264578301257,720,720,https://data-api.binance.vision,1
2026-10-09 07:08:18.914558,2026-10-08 18:00:00,RENDER,1.777,0.009058625687408393,0.020222917983680748,0.0454178871281099,0.0906714393212237,720,720,https://data-api.binance.vision,1
2026-10-09 07:08:18.914558,2026-10-08 19:00:00,RENDER,1.833,0.00909064645098097,0.020248361384877345,0.045562223847590594,0.09083418592426526,720,720,https://data-api.binance.vision,1
2026-10-09 07:08:18.914558,2026-10-08 20:00:00,RENDER,1.86,0.009099623049752594,0.020248361384877345,0.04559948711845717,0.09118357470206138,720,720,https://data-api.binance.vision,1
2026-10-09 07:08:18.914558,2026-10-08 21:00:00,RENDER,1.861,0.009099623049752594,0.020248361384877345,0.04570865913344925,0.09118357470206138,720,720,https://data-api.binance.vision,1
2026-10-09 07:08:18.914558,2026-10-08 22:00:00,RENDER,1.84,0.009100163912691306,0.020248361384877345,0.0464318729669522,0.09118357470206138,720,720,https://data-api.binance.vision,1
2026-10-09 07:08:18.914558,2026-10-08 23:00:00,RENDER,1.851,0.009100163912691306,0.020248361384877345,0.046582263951769766,0.09118357470206138,720,720,https://data-api.binance.vision,1
2026-10-09 07:08:18.914558,2026-10-09 00:00:00,RENDER,1.828,0.009133938386394239,0.020248361384877345,0.04659209103868781,0.09141865029109625,720,720,https://data-api.binance.vision,1
2026-10-09 07:08:18.914558,2026-10-09 01:00:00,RENDER,1.831,0.009133938386394239,0.020248361384877345,0.04671629251949719,0.0919178208607349,720,720,https://data-api.binance.vision,1
2026-10-09 07:08:18.914558,2026-10-09 02:00:00,RENDER,1.842,0.009133938386394239,0.020248361384877345,0.04671629251949719,0.0919178208607349,720,720,https://data-api.binance.vision,1
2026-10-09 07:08:18.914558,2026-10-09 03:00:00,RENDER,1.879,0.00914136918521904,0.020248361384877345,0.04701905214890687,0.0919178208607349,720,720,https://data-api.binance.vision,1
2026-10-09 07:08:18.914558,2026-10-09 04:00:00,RENDER,1.887,0.009133938386394239,0.020248361384877345,0.047292025661617554,0.0919178208607349,720,720,https://data-api.binance.vision,1
2026-10-09 07:08:18.914558,2026-10-09 05:00:00,RENDER,1.878,0.009100163912691306,0.020248361384877345,0.047406323251876985,0.0919178208607349,720,720,https://data-api.binance.vision,1
2026-10-09 07:08:18.914558,2026-10-09 06:00:00,RENDER,1.934,0.009133938386394239,0.020641179222839836,0.047406323251876985,0.0919178208607349,720,720,https://data-api.binance.vision,1
2026-10-09 07:08:18.914558,2026-10-09 07:00:00,RENDER,1.923,0.009100163912691306,0.020641179222839836,0.047699960182567676,0.0919178208607349,720,720,https://data-api.binance.vision,0
2026-10-09 07:08:18.914558,2026-10-07 07:00:00,FIL,1.1103,0.0094715784621909,0.02505206354708641,0.06097586451598034,0.13875674328752874,720,720,https://data-api.binance.vision,1
2026-10-09 07:08:18.914558,2026-10-07 08:00:00,FIL,1.1029,0.0094715784621909,0.02505206354708641,0.061758204987606743,0.13875674328752874,720,720,https://data-api.binance.vision,1
2026-10-09 07:08:18.914558,2026-10-07 09:00:00,FIL,1.0957,0.0094715784621909,0.02505206354708641,0.062029721746596204,0.13875674328752874,720,720,https://data-api.binance.vision,1
2026-10-09 07:08:18.914558,2026-10-07 10:00:00,FIL,1.0625,0.009508170163029772,0.02509818782017295,0.06258658260612197,0.13875674328752874,720,720,https://data-api.binance.vision,1
2026-10-09 07:08:18.914558,2026-10-07 11:00:00,FIL,1.0582,0.009508170163029772,0.02509818782017295,0.06292437038799113,0.13875674328752874,720,720,https://data-api.binance.vision,1
2026-10-09 07:08:18.914558,2026-10-07 12:00:00,FIL,1.052,0.009508170163029772,0.02509818782017295,0.0635456393353949,0.13875674328752874,720,720,https://data-api.binance.vision,1
2026-10-09 07:08:18.914558,2026-10-07 13:00:00,FIL,1.055,0.0094715784621909,0.02505206354708641,0.0635456393353949,0.13875674328752874,720,720,https://data-api.binance.vision,1
2026-10-09 07:08:18.914558,2026-10-07 14:00:00,FIL,1.0577,0.0094715784621909,0.02505206354708641,0.0635456393353949,0.13875674328752874,720,720,https://data-api.binance.vision,1
2026-10-09 07:08:18.914558,2026-10-07 15:00:00,FIL,1.0466,0.009508170163029772,0.02505206354708641,0.0635456393353949,0.13875674328752874,720,720,https://data-api.binance.vision,1
2026-10-09 07:08:18.914558,2026-10-07 16:00:00,FIL,1.0408,0.0094715784621909,0.02505206354708641,0.0635456393353949,0.13875674328752874,720,720,https://data-api.binance.vision,1
2026-10-09 07:08:18.914558,2026-10-07 17:00:00,FIL,1.0342,0.009461816371016948,0.02505206354708641,0.0635456393353949,0.13875674328752874,720,720,https://data-api.binance.vision,1
2026-10-09 07:08:18.914558,2026-10-07 18:00:00,FIL,1.0241,0.0094715784621909,0.02505206354708641,0.0635456393353949,0.13875674328752874,720,720,https://data-api.binance.vision,1
2026-10-09 07:08:18.914558,2026-10-07 19:00:00,FIL,1.0223,0.009461816371016948,0.025039145767811726,0.06377652094806402,0.13875674328752874,720,720,https://data-api.binance.vision,1
2026-10-09 07:08:18.914558,2026-10-07 20:00:00,FIL,1.0286,0.009461816371016948,0.025039145767811726,0.06397691398762344,0.13875674328752874,720,720,https://data-api.binance.vision,1
2026-10-09 07:08:18.914558,2026-10-07 21:00:00,FIL,1.0416,0.0094715784621909,0.025039145767811726,0.06439065177457107,0.13875674328752874,720,720,https://data-api.binance.vision,1
2026-10-09 07:08:18.914558,2026-10-07 22:00:00,FIL,1.0366,0.0094715784621909,0.025039145767811726,0.06468486639716065,0.13875674328752874,720,720,https://data-api.binance.vision,1
2026-10-09 07:08:18.914558,2026-10-07 23:00:00,FIL,1.05,0.009508170163029772,0.025039145767811726,0.06475860523515428,0.13875674328752874,720,720,https://data-api.binance.vision,1
2026-10-09 07:08:18.914558,2026-10-08 00:00:00,FIL,1.0535,0.009508170163029772,0.025039145767811726,0.06502102481964878,0.13875674328752874,720,720,https://data-api.binance.vision,1
2026-10-09 07:08:18.914558,2026-10-08 01:00:00,FIL,1.0615,0.0094715784621909,0.025039145767811726,0.0651050440849071,0.13875674328752874,720,720,https://data-api.binance.vision,1
2026-10-09 07:08:18.914558,2026-10-08 02:00:00,FIL,1.0657,0.0094715784621909,0.025039145767811726,0.0651050440849071,0.13875674328752874,720,720,https://data-api.binance.vision,1
2026-10-09 07:08:18.914558,2026-10-08 03:00:00,FIL,1.0703,0.0094715784621909,0.025039145767811726,0.0651050440849071,0.13875674328752874,720,720,https://data-api.binance.vision,1
2026-10-09 07:08:18.914558,2026-10-08 04:00:00,FIL,1.0579,0.0094715784621909,0.025039145767811726,0.0651050440849071,0.13875674328752874,720,720,https://data-api.binance.vision,1
2026-10-09 07:08:18.914558,2026-10-08 05:00:00,FIL,1.0492,0.009461816371016948,0.025039145767811726,0.0651050440849071,0.13875674328752874,720,720,https://data-api.binance.vision,1
2026-10-09 07:08:18.914558,2026-10-08 06:00:00,FIL,1.0537,0.009427174816236034,0.025039145767811726,0.0651050440849071,0.13875674328752874,720,720,https://data-api.binance.vision,1
2026-10-09 07:08:18.914558,2026-10-08 07:00:00,FIL,1.0622,0.009427174816236034,0.025039145767811726,0.0651050440849071,0.13875674328752874,720,720,https://data-api.binance.vision,1
2026-10-09 07:08:18.914558,2026-10-08 08:00:00,FIL,1.0563,0.00941328368270962,0.025039145767811726,0.0651050440849071,0.13875674328752874,720,720,https://data-api.binance.vision,1
2026-10-09 07:08:18.914558,2026-10-08 09:00:00,FIL,1.0577,0.00941328368270962,0.025039145767811726,0.0651050440849071,0.13875674328752874,720,720,https://data-api.binance.vision,1
2026-10-09 07:08:18.914558,2026-10-08 10:00:00,FIL,1.0815,0.00941328368270962,0.025039145767811726,0.0651050440849071,0.13875674328752874,720,720,https://data-api.binance.vision,1
2026-10-09 07:08:18.914558,2026-10-08 11:00:00,FIL,1.0733,0.00941328368270962,0.025039145767811726,0.0651050440849071,0.13875674328752874,720,720,https://data-api.binance.vision,1
2026-10-09 07:08:18.914558,2026-10-08 12:00:00,FIL,1.0772,0.00941328368270962,0.025039145767811726,0.0651050440849071,0.13875674328752874,720,720,https://data-api.binance.vision,1
2026-10-09 07:08:18.914558,2026-10-08 13:00:00,FIL,1.0748,0.00941328368270962,0.025039145767811726,0.0651050440849071,0.13875674328752874,720,720,https://data-api.binance.vision,1
2026-10-09 07:08:18.914558,2026-10-08 14:00:00,FIL,1.0894,0.009427174816236034,0.025039145767811726,0.0651050440849071,0.13875674328752874,720,720,https://data-api.binance.vision,1
2026-10-09 07:08:18.914558,2026-10-08 15:00:00,FIL,1.0957,0.00941328368270962,0.025039145767811726,0.0651050440849071,0.13875674328752874,720,720,https://data-api.binance.vision,1
2026-10-09 07:08:18.914558,2026-10-08 16:00:00,FIL,1.0032,0.009427174816236034,0.02505206354708641,0.0651050440849071,0.13875674328752874,720,720,https://data-api.binance.vision,1
2026-10-09 07:08:18.914558,2026-10-08 17:00:00,FIL,1.0084,0.00941328368270962,0.02505206354708641,0.0651050440849071,0.13875674328752874,720,720,https://data-api.binance.vision,1
2026-10-09 07:08:18.914558,2026-10-08 18:00:00,FIL,0.9913,0.00941328368270962,0.02505206354708641,0.0651050440849071,0.13875674328752874,720,720,https://data-api.binance.vision,1
2026-10-09 07:08:18.914558,2026-10-08 19:00:00,FIL,1.0274,0.009427174816236034,0.02509818782017295,0.0651050440849071,0.13875674328752874,720,720,https://data-api.binance.vision,1
2026-10-09 07:08:18.914558,2026-10-08 20:00:00,FIL,1.0486,0.009461816371016948,0.02509818782017295,0.0651050440849071,0.13875674328752874,720,720,https://data-api.binance.vision,1
2026-10-09 07:08:18.914558,2026-10-08 21:00:00,FIL,1.072,0.009461816371016948,0.02509818782017295,0.0651050440849071,0.13875674328752874,720,720,https://data-api.binance.vision,1
2026-10-09 07:08:18.914558,2026-10-08 22:00:00,FIL,1.0811,0.009461816371016948,0.02509818782017295,0.0651050440849071,0.13875674328752874,720,720,https://data-api.binance.vision,1
2026-10-09 07:08:18.914558,2026-10-08 23:00:00,FIL,1.0718,0.009461816371016948,0.02509818782017295,0.0651050440849071,0.13875674328752874,720,720,https://data-api.binance.vision,1
2026-10-09 07:08:18.914558,2026-10-09 00:00:00,FIL,1.0691,0.009461816371016948,0.02509818782017295,0.0651050440849071,0.13875674328752874,720,720,https://data-api.binance.vision,1
2026-10-09 07:08:18.914558,2026-10-09 01:00:00,FIL,1.0686,0.009461816371016948,0.02509818782017295,0.0651050440849071,0.13875674328752874,720,720,https://data-api.binance.vision,1
2026-10-09 07:08:18.914558,2026-10-09 02:00:00,FIL,1.0861,0.009461816371016948,0.02509818782017295,0.0651050440849071,0.13875674328752874,720,720,https://data-api.binance.vision,1
2026-10-09 07:08:18.914558,2026-10-09 03:00:00,FIL,1.0869,0.009461816371016948,0.02509818782017295,0.0651050440849071,0.13875674328752874,720,720,https://data-api.binance.vision,1
2026-10-09 07:08:18.914558,2026-10-09 04:00:00,FIL,1.0834,0.009461816371016948,0.02509818782017295,0.0651050440849071,0.13875674328752874,720,720,https://data-api.binance.vision,1
2026-10-09 07:08:18.914558,2026-10-09 05:00:00,FIL,1.0776,0.009427174816236034,0.02509818782017295,0.0651050440849071,0.13875674328752874,720,720,https://data-api.binance.vision,1
2026-10-09 07:08:18.914558,2026-10-09 06:00:00,FIL,1.0779,0.00941328368270962,0.02509818782017295,0.0651050440849071,0.13875674328752874,720,720,https://data-api.binance.vision,1
2026-10-09 07:08:18.914558,2026-10-09 07:00:00,FIL,1.0885,0.009427174816236034,0.02509818782017295,0.0651050440849071,0.13875674328752874,720,720,https://data-api.binance.vision,0
2026-10-09 07:08:18.914558,2026-10-07 07:00:00,VET,0.00828,0.009065094041333844,0.021966211219440535,0.047003890614255056,0.09245765014101094,720,720,https://data-api.binance.vision,1
2026-10-09 07:08:18.914558,2026-10-07 08:00:00,VET,0.008293,0.009065094041333844,0.021966211219440535,0.04708684048299788,0.09245765014101094,720,720,https://data-api.binance.vision,1
2026-10-09 07:08:18.914558,2026-10-07 09:00:00,VET,0.008269,0.009065094041333844,0.021966211219440535,0.04719070335813273,0.09245765014101094,720,720,https://data-api.binance.vision,1
2026-10-09 07:08:18.914558,2026-10-07 10:00:00,VET,0.008176,0.009084225595610711,0.021966211219440535,0.04732168675227777,0.09245765014101094,720,720,https://data-api.binance.vision,1
2026-10-09 07:08:18.914558,2026-10-07 11:00:00,VET,0.00816,0.009084225595610711,0.021966211219440535,0.04745654016941854,0.09245765014101094,720,720,https://data-api.binance.vision,1
2026-10-09 07:08:18.914558,2026-10-07 12:00:00,VET,0.008139,0.009084225595610711,0.021966211219440535,0.04763230839518023,0.09245765014101094,720,720,https://data-api.binance.vision,1
2026-10-09 07:08:18.914558,2026-10-07 13:00:00,VET,0.008161,0.009084225595610711,0.021966211219440535,0.04779791558894865,0.09245765014101094,720,720,https://data-api.binance.vision,1
2026-10-09 07:08:18.914558,2026-10-07 14:00:00,VET,0.00811,0.009084225595610711,0.021966211219440535,0.04790764068582768,0.09245765014101094,720,720,https://data-api.binance.vision,1
2026-10-09 07:08:18.914558,2026-10-07 15:00:00,VET,0.008087,0.009084225595610711,0.021966211219440535,0.047958147151995,0.09245765014101094,720,720,https://data-api.binance.vision,1
2026-10-09 07:08:18.914558,2026-10-07 16:00:00,VET,0.0081,0.009084225595610711,0.021966211219440535,0.048219120394068386,0.09245765014101094,720,720,https://data-api.binance.vision,1
2026-10-09 07:08:18.914558,2026-10-07 17:00:00,VET,0.00805,0.009065094041333844,0.021940251533159524,0.04842657897715731,0.09245765014101094,720,720,https://data-api.binance.vision,1
2026-10-09 07:08:18.914558,2026-10-07 18:00:00,VET,0.008019,0.009065094041333844,0.021940251533159524,0.04861041179947894,0.09245765014101094,720,720,https://data-api.binance.vision,1
2026-10-09 07:08:18.914558,2026-10-07 19:00:00,VET,0.00806,0.009065094041333844,0.021940251533159524,0.0492222979775594,0.09245765014101094,720,720,https://data-api.binance.vision,1
2026-10-09 07:08:18.914558,2026-10-07 20:00:00,VET,0.008066,0.009065094041333844,0.021940251533159524,0.049435997533420574,0.09245765014101094,720,720,https://data-api.binance.vision,1
2026-10-09 07:08:18.914558,2026-10-07 21:00:00,VET,0.008104,0.009065094041333844,0.021940251533159524,0.04945265811442832,0.09245765014101094,720,720,https://data-api.binance.vision,1
2026-10-09 07:08:18.914558,2026-10-07 22:00:00,VET,0.008046,0.009065094041333844,0.021940251533159524,0.04978562715259333,0.09245765014101094,720,720,https://data-api.binance.vision,1
2026-10-09 07:08:18.914558,2026-10-07 23:00:00,VET,0.008049,0.00905414335197861,0.021940251533159524,0.04983275735805901,0.09245765014101094,720,720,https://data-api.binance.vision,1
2026-10-09 07:08:18.914558,2026-10-08 00:00:00,VET,0.008073,0.009044085546868709,0.021940251533159524,0.05017617013253338,0.09245765014101094,720,720,https://data-api.binance.vision,1
2026-10-09 07:08:18.914558,2026-10-08 01:00:00,VET,0.008054,0.008977306973100063,0.021940251533159524,0.0506574746068177,0.09245765014101094,720,720,https://data-api.binance.vision,1
2026-10-09 07:08:18.914558,2026-10-08 02:00:00,VET,0.007986,0.008977306973100063,0.021940251533159524,0.0506574746068177,0.09245765014101094,720,720,https://data-api.binance.vision,1
2026-10-09 07:08:18.914558,2026-10-08 03:00:00,VET,0.007981,0.008967897512686953,0.021940251533159524,0.0506574746068177,0.09245765014101094,720,720,https://data-api.binance.vision,1
2026-10-09 07:08:18.914558,2026-10-08 04:00:00,VET,0.007925,0.008945930666776576,0.021940251533159524,0.0506574746068177,0.09245765014101094,720,720,https://data-api.binance.vision,1
2026-10-09 07:08:18.914558,2026-10-08 05:00:00,VET,0.00787,0.008945930666776576,0.021940251533159524,0.0506574746068177,0.09245765014101094,720,720,https://data-api.binance.vision,1
2026-10-09 07:08:18.914558,2026-10-08 06:00:00,VET,0.007836,0.008945930666776576,0.021940251533159524,0.05094486749986644,0.09245765014101094,720,720,https://data-api.binance.vision,1
2026-10-09 07:08:18.914558,2026-10-08 07:00:00,VET,0.007891,0.008945930666776576,0.021940251533159524,0.05094486749986644,0.09245765014101094,720,720,https://data-api.binance.vision,1
2026-10-09 07:08:18.914558,2026-10-08 08:00:00,VET,0.007931,0.00894310799225412,0.021940251533159524,0.0506574746068177,0.09245765014101094,720,720,https://data-api.binance.vision,1
2026-10-09 07:08:18.914558,2026-10-08 09:00:00,VET,0.007955,0.008934899366623129,0.021940251533159524,0.05017617013253338,0.09245765014101094,720,720,https://data-api.binance.vision,1
2026-10-09 07:08:18.914558,2026-10-08 10:00:00,VET,0.008023,0.008856106167900534,0.021869752426933828,0.04983275735805901,0.09245765014101094,720,720,https://data-api.binance.vision,1
2026-10-09 07:08:18.914558,2026-10-08 11:00:00,VET,0.007929,0.008856106167900534,0.021720156429646923,0.04979650545126822,0.0923308462407906,720,720,https://data-api.binance.vision,1
2026-10-09 07:08:18.914558,2026-10-08 12:00:00,VET,0.007904,0.008837779124202534,0.021720156429646923,0.04957798415429162,0.09230470817912219,720,720,https://data-api.binance.vision,1
2026-10-09 07:08:18.914558,2026-10-08 13:00:00,VET,0.007857,0.008837779124202534,0.021720156429646923,0.04945265811442832,0.09230470817912219,720,720,https://data-api.binance.vision,1
2026-10-09 07:08:18.914558,2026-10-08 14:00:00,VET,0.007897,0.008830154092974638,0.021573069397927684,0.049435997533420574,0.09230470817912219,720,720,https://data-api.binance.vision,1
2026-10-09 07:08:18.914558,2026-10-08 15:00:00,VET,0.007884,0.008809637446399598,0.021573069397927684,0.0492222979775594,0.09230470817912219,720,720,https://data-api.binance.vision,1
2026-10-09 07:08:18.914558,2026-10-08 16:00:00,VET,0.007307,0.008809637446399598,0.021573069397927684,0.0492222979775594,0.09230470817912219,720,720,https://data-api.binance.vision,1
2026-10-09 07:08:18.914558,2026-10-08 17:00:00,VET,0.007337,0.008809637446399598,0.021573069397927684,0.0492222979775594,0.09231107195251345,720,720,https://data-api.binance.vision,1
2026-10-09 07:08:18.914558,2026-10-08 18:00:00,VET,0.007256,0.008830154092974638,0.021573069397927684,0.0492222979775594,0.09231107195251345,720,720,https://data-api.binance.vision,1
2026-10-09 07:08:18.914558,2026-10-08 19:00:00,VET,0.007483,0.008837779124202534,0.021720156429646923,0.0492222979775594,0.09140785106369849,720,720,https://data-api.binance.vision,1
2026-10-09 07:08:18.914558,2026-10-08 20:00:00,VET,0.00756,0.008856106167900534,0.021720156429646923,0.0492222979775594,0.09115278531660857,720,720,https://data-api.binance.vision,1
2026-10-09 07:08:18.914558,2026-10-08 21:00:00,VET,0.00761,0.008856106167900534,0.021720156429646923,0.0492222979775594,0.09027194286584608,720,720,https://data-api.binance.vision,1
2026-10-09 07:08:18.914558,2026-10-08 22:00:00,VET,0.007576,0.008856106167900534,0.021720156429646923,0.0492222979775594,0.08965028895255624,720,720,https://data-api.binance.vision,1
2026-10-09 07:08:18.914558,2026-10-08 23:00:00,VET,0.007592,0.008856106167900534,0.021720156429646923,0.0492222979775594,0.08957028817517007,720,720,https://data-api.binance.vision,1
2026-10-09 07:08:18.914558,2026-10-09 00:00:00,VET,0.007555,0.008837779124202534,0.021720156429646923,0.0492222979775594,0.0890581580478594,720,720,https://data-api.binance.vision,1
2026-10-09 07:08:18.914558,2026-10-09 01:00:00,VET,0.007595,0.008830154092974638,0.021720156429646923,0.0492222979775594,0.0890581580478594,720,720,https://data-api.binance.vision,1
2026-10-09 07:08:18.914558,2026-10-09 02:00:00,VET,0.007747,0.008837779124202534,0.021720156429646923,0.04861041179947894,0.0883861377193937,720,720,https://data-api.binance.vision,1
2026-10-09 07:08:18.914558,2026-10-09 03:00:00,VET,0.007755,0.008837779124202534,0.021720156429646923,0.04842657897715731,0.08811951311608673,720,720,https://data-api.binance.vision,1
2026-10-09 07:08:18.914558,2026-10-09 04:00:00,VET,0.007717,0.008830154092974638,0.021720156429646923,0.048231783599006234,0.08786878376356458,720,720,https://data-api.binance.vision,1
2026-10-09 07:08:18.914558,2026-10-09 05:00:00,VET,0.007733,0.008830154092974638,0.021720156429646923,0.04810743565333233,0.08739661779538563,720,720,https://data-api.binance.vision,1
2026-10-09 07:08:18.914558,2026-10-09 06:00:00,VET,0.007765,0.008830154092974638,0.021720156429646923,0.047958147151995,0.08680077947670375,720,720,https://data-api.binance.vision,1
2026-10-09 07:08:18.914558,2026-10-09 07:00:00,VET,0.007777,0.008809637446399598,0.021720156429646923,0.04790764068582768,0.08680077947670375,720,720,https://data-api.binance.vision,0
2026-10-09 07:08:18.914558,2026-10-07 07:00:00,WLD,0.5263,0.010589966357556975,0.02694289629267501,0.06927696318607961,0.13255938311842397,720,720,https://data-api.binance.vision,1
2026-10-09 07:08:18.914558,2026-10-07 08:00:00,WLD,0.5268,0.01056618391663228,0.02694289629267501,0.06911371995050364,0.13255938311842397,720,720,https://data-api.binance.vision,1
2026-10-09 07:08:18.914558,2026-10-07 09:00:00,WLD,0.523,0.01052873365248341,0.02694289629267501,0.06911371995050364,0.13255938311842397,720,720,https://data-api.binance.vision,1
2026-10-09 07:08:18.914558,2026-10-07 10:00:00,WLD,0.5183,0.01052873365248341,0.02694289629267501,0.06911371995050364,0.13255938311842397,720,720,https://data-api.binance.vision,1
2026-10-09 07:08:18.914558,2026-10-07 11:00:00,WLD,0.518,0.01052873365248341,0.02694289629267501,0.06911371995050364,0.13255938311842397,720,720,https://data-api.binance.vision,1
2026-10-09 07:08:18.914558,2026-10-07 12:00:00,WLD,0.5137,0.010495065113078801,0.02694289629267501,0.06927696318607961,0.13255938311842397,720,720,https://data-api.binance.vision,1
2026-10-09 07:08:18.914558,2026-10-07 13:00:00,WLD,0.514,0.010495065113078801,0.02694289629267501,0.06934382945082333,0.13255938311842397,720,720,https://data-api.binance.vision,1
2026-10-09 07:08:18.914558,2026-10-07 14:00:00,WLD,0.5152,0.010465511200767925,0.02673523300678217,0.06934382945082333,0.13255938311842397,720,720,https://data-api.binance.vision,1
2026-10-09 07:08:18.914558,2026-10-07 15:00:00,WLD,0.5112,0.010465511200767925,0.02673523300678217,0.06934382945082333,0.13134556772374195,720,720,https://data-api.binance.vision,1
2026-10-09 07:08:18.914558,2026-10-07 16:00:00,WLD,0.5176,0.010465511200767925,0.026671053123006775,0.06928555235602638,0.13134556772374195,720,720,https://data-api.binance.vision,1
2026-10-09 07:08:18.914558,2026-10-07 17:00:00,WLD,0.5181,0.010438540667083706,0.026671053123006775,0.06921609470455137,0.13134556772374195,720,720,https://data-api.binance.vision,1
2026-10-09 07:08:18.914558,2026-10-07 18:00:00,WLD,0.5128,0.010438540667083706,0.026671053123006775,0.06921609470455137,0.13134556772374195,720,720,https://data-api.binance.vision,1
2026-10-09 07:08:18.914558,2026-10-07 19:00:00,WLD,0.5126,0.010372466208040457,0.026671053123006775,0.06921609470455137,0.13134556772374195,720,720,https://data-api.binance.vision,1
2026-10-09 07:08:18.914558,2026-10-07 20:00:00,WLD,0.512,0.010328848875178686,0.026671053123006775,0.06921609470455137,0.13134556772374195,720,720,https://data-api.binance.vision,1
2026-10-09 07:08:18.914558,2026-10-07 21:00:00,WLD,0.5173,0.010328848875178686,0.026671053123006775,0.06911371995050364,0.13134556772374195,720,720,https://data-api.binance.vision,1
2026-10-09 07:08:18.914558,2026-10-07 22:00:00,WLD,0.5149,0.010322633276459969,0.026671053123006775,0.06906920178323368,0.13134556772374195,720,720,https://data-api.binance.vision,1
2026-10-09 07:08:18.914558,2026-10-07 23:00:00,WLD,0.5175,0.010322633276459969,0.026671053123006775,0.06902642838856354,0.13134556772374195,720,720,https://data-api.binance.vision,1
2026-10-09 07:08:18.914558,2026-10-08 00:00:00,WLD,0.5209,0.0102970732695072,0.026671053123006775,0.06891681320169807,0.13134556772374195,720,720,https://data-api.binance.vision,1
2026-10-09 07:08:18.914558,2026-10-08 01:00:00,WLD,0.5243,0.010279364753013677,0.02635281383745246,0.06855284597986816,0.13058176429460397,720,720,https://data-api.binance.vision,1
2026-10-09 07:08:18.914558,2026-10-08 02:00:00,WLD,0.5178,0.0102970732695072,0.02635281383745246,0.0684273033249128,0.12882945899160575,720,720,https://data-api.binance.vision,1
2026-10-09 07:08:18.914558,2026-10-08 03:00:00,WLD,0.5204,0.010279364753013677,0.02635281383745246,0.06772018396269144,0.1265385097176259,720,720,https://data-api.binance.vision,1
2026-10-09 07:08:18.914558,2026-10-08 04:00:00,WLD,0.5186,0.010279364753013677,0.02635281383745246,0.06769402077601944,0.1263080701504642,720,720,https://data-api.binance.vision,1
2026-10-09 07:08:18.914558,2026-10-08 05:00:00,WLD,0.5164,0.010244079264072678,0.02635281383745246,0.06760535519385133,0.1263080701504642,720,720,https://data-api.binance.vision,1
2026-10-09 07:08:18.914558,2026-10-08 06:00:00,WLD,0.5225,0.010279364753013677,0.02635281383745246,0.06749538124667631,0.1263080701504642,720,720,https://data-api.binance.vision,1
2026-10-09 07:08:18.914558,2026-10-08 07:00:00,WLD,0.5293,0.010279364753013677,0.02635281383745246,0.06749538124667631,0.1263080701504642,720,720,https://data-api.binance.vision,1
2026-10-09 07:08:18.914558,2026-10-08 08:00:00,WLD,0.5242,0.010244079264072678,0.025524647021467672,0.06749538124667631,0.1263080701504642,720,720,https://data-api.binance.vision,1
2026-10-09 07:08:18.914558,2026-10-08 09:00:00,WLD,0.5257,0.01023028987483088,0.025524647021467672,0.06749538124667631,0.1263080701504642,720,720,https://data-api.binance.vision,1
2026-10-09 07:08:18.914558,2026-10-08 10:00:00,WLD,0.5325,0.01023028987483088,0.025524647021467672,0.06698426086657883,0.1263080701504642,720,720,https://data-api.binance.vision,1
2026-10-09 07:08:18.914558,2026-10-08 11:00:00,WLD,0.52,0.01023028987483088,0.025524647021467672,0.06698426086657883,0.1263080701504642,720,720,https://data-api.binance.vision,1
2026-10-09 07:08:18.914558,2026-10-08 12:00:00,WLD,0.5181,0.010159921960569817,0.025524647021467672,0.06698426086657883,0.1263080701504642,720,720,https://data-api.binance.vision,1
2026-10-09 07:08:18.914558,2026-10-08 13:00:00,WLD,0.5127,0.010159921960569817,0.025524647021467672,0.06698426086657883,0.1263080701504642,720,720,https://data-api.binance.vision,1
2026-10-09 07:08:18.914558,2026-10-08 14:00:00,WLD,0.5132,0.010036232832420793,0.025524647021467672,0.06698426086657883,0.1263080701504642,720,720,https://data-api.binance.vision,1
2026-10-09 07:08:18.914558,2026-10-08 15:00:00,WLD,0.5122,0.009987537914643796,0.025524647021467672,0.06698426086657883,0.1263080701504642,720,720,https://data-api.binance.vision,1
2026-10-09 07:08:18.914558,2026-10-08 16:00:00,WLD,0.4782,0.009987537914643796,0.02635281383745246,0.06698426086657883,0.1263080701504642,720,720,https://data-api.binance.vision,1
2026-10-09 07:08:18.914558,2026-10-08 17:00:00,WLD,0.4696,0.010036232832420793,0.02635281383745246,0.06749538124667631,0.1263080701504642,720,720,https://data-api.binance.vision,1
2026-10-09 07:08:18.914558,2026-10-08 18:00:00,WLD,0.4616,0.010036232832420793,0.02635281383745246,0.06760535519385133,0.1263080701504642,720,720,https://data-api.binance.vision,1
2026-10-09 07:08:18.914558,2026-10-08 19:00:00,WLD,0.473,0.010159921960569817,0.02635281383745246,0.06769402077601944,0.1263080701504642,720,720,https://data-api.binance.vision,1
2026-10-09 07:08:18.914558,2026-10-08 20:00:00,WLD,0.4799,0.010159921960569817,0.02635281383745246,0.06769402077601944,0.1263080701504642,720,720,https://data-api.binance.vision,1
2026-10-09 07:08:18.914558,2026-10-08 21:00:00,WLD,0.4835,0.010159921960569817,0.02635281383745246,0.06769402077601944,0.1263080701504642,720,720,https://data-api.binance.vision,1
2026-10-09 07:08:18.914558,2026-10-08 22:00:00,WLD,0.4814,0.010036232832420793,0.02635281383745246,0.06769402077601944,0.1263080701504642,720,720,https://data-api.binance.vision,1
2026-10-09 07:08:18.914558,2026-10-08 23:00:00,WLD,0.4809,0.010036232832420793,0.02635281383745246,0.06772018396269144,0.1263080701504642,720,720,https://data-api.binance.vision,1
2026-10-09 07:08:18.914558,2026-10-09 00:00:00,WLD,0.4797,0.010036232832420793,0.02635281383745246,0.0684273033249128,0.1263080701504642,720,720,https://data-api.binance.vision,1
2026-10-09 07:08:18.914558,2026-10-09 01:00:00,WLD,0.483,0.010036232832420793,0.02635281383745246,0.0684273033249128,0.1263080701504642,720,720,https://data-api.binance.vision,1
2026-10-09 07:08:18.914558,2026-10-09 02:00:00,WLD,0.4895,0.010159921960569817,0.02635281383745246,0.06772018396269144,0.1263080701504642,720,720,https://data-api.binance.vision,1
2026-10-09 07:08:18.914558,2026-10-09 03:00:00,WLD,0.4882,0.010159921960569817,0.02635281383745246,0.06772018396269144,0.1263080701504642,720,720,https://data-api.binance.vision,1
2026-10-09 07:08:18.914558,2026-10-09 04:00:00,WLD,0.4913,0.010036232832420793,0.02635281383745246,0.06772018396269144,0.1263080701504642,720,720,https://data-api.binance.vision,1
2026-10-09 07:08:18.914558,2026-10-09 05:00:00,WLD,0.4908,0.009987537914643796,0.02635281383745246,0.06772018396269144,0.1263080701504642,720,720,https://data-api.binance.vision,1
2026-10-09 07:08:18.914558,2026-10-09 06:00:00,WLD,0.4962,0.009987537914643796,0.02635281383745246,0.06772018396269144,0.1263080701504642,720,720,https://data-api.binance.vision,1
2026-10-09 07:08:18.914558,2026-10-09 07:00:00,WLD,0.4955,0.009987537914643796,0.02635281383745246,0.06772018396269144,0.1263080701504642,720,720,https://data-api.binance.vision,0
2026-10-09 07:08:18.914558,2026-10-07 07:00:00,OP,0.1215,0.010416141262773682,0.023929615760332496,0.05284070399412281,0.11039330946800884,720,720,https://data-api.binance.vision,1
2026-10-09 07:08:18.914558,2026-10-07 08:00:00,OP,0.1211,0.010408768334445923,0.023929615760332496,0.05297566033229675,0.11039330946800884,720,720,https://data-api.binance.vision,1
2026-10-09 07:08:18.914558,2026-10-07 09:00:00,OP,0.1201,0.010408768334445923,0.023929615760332496,0.05301686056168726,0.11077017529729476,720,720,https://data-api.binance.vision,1
2026-10-09 07:08:18.914558,2026-10-07 10:00:00,OP,0.12,0.010408768334445923,0.023929615760332496,0.0535307632121041,0.11128918033595675,720,720,https://data-api.binance.vision,1
2026-10-09 07:08:18.914558,2026-10-07 11:00:00,OP,0.1201,0.010408768334445923,0.023929615760332496,0.05377124116151653,0.11170309426979652,720,720,https://data-api.binance.vision,1
2026-10-09 07:08:18.914558,2026-10-07 12:00:00,OP,0.1197,0.010408768334445923,0.023929615760332496,0.0541948046798428,0.11192859013229887,720,720,https://data-api.binance.vision,1
2026-10-09 07:08:18.914558,2026-10-07 13:00:00,OP,0.1198,0.010405787909622006,0.023929615760332496,0.05459304783589941,0.11192859013229887,720,720,https://data-api.binance.vision,1
2026-10-09 07:08:18.914558,2026-10-07 14:00:00,OP,0.1203,0.010405787909622006,0.023929615760332496,0.05488498613578814,0.11192859013229887,720,720,https://data-api.binance.vision,1
2026-10-09 07:08:18.914558,2026-10-07 15:00:00,OP,0.1191,0.010402167153535338,0.023929615760332496,0.05499599572917724,0.11362947805310779,720,720,https://data-api.binance.vision,1
2026-10-09 07:08:18.914558,2026-10-07 16:00:00,OP,0.1196,0.010376921854060592,0.02367789859795296,0.0550683902390904,0.11362947805310779,720,720,https://data-api.binance.vision,1
2026-10-09 07:08:18.914558,2026-10-07 17:00:00,OP,0.1199,0.010361928818385557,0.02367789859795296,0.05517742370010416,0.11362947805310779,720,720,https://data-api.binance.vision,1
2026-10-09 07:08:18.914558,2026-10-07 18:00:00,OP,0.1203,0.010361928818385557,0.02367789859795296,0.05533163126534825,0.11362947805310779,720,720,https://data-api.binance.vision,1
2026-10-09 07:08:18.914558,2026-10-07 19:00:00,OP,0.12,0.010361928818385557,0.02367789859795296,0.0556922724981588,0.11362947805310779,720,720,https://data-api.binance.vision,1
2026-10-09 07:08:18.914558,2026-10-07 20:00:00,OP,0.1202,0.010361928818385557,0.02367789859795296,0.05578585362342667,0.11362947805310779,720,720,https://data-api.binance.vision,1
2026-10-09 07:08:18.914558,2026-10-07 21:00:00,OP,0.1225,0.010376921854060592,0.02367789859795296,0.05586534961258724,0.11362947805310779,720,720,https://data-api.binance.vision,1
2026-10-09 07:08:18.914558,2026-10-07 22:00:00,OP,0.1209,0.010402167153535338,0.02367789859795296,0.05597708285841385,0.11362947805310779,720,720,https://data-api.binance.vision,1
2026-10-09 07:08:18.914558,2026-10-07 23:00:00,OP,0.1225,0.010405787909622006,0.02367789859795296,0.0560070816702813,0.11362947805310779,720,720,https://data-api.binance.vision,1
2026-10-09 07:08:18.914558,2026-10-08 00:00:00,OP,0.1231,0.010405787909622006,0.02367789859795296,0.05638957964905037,0.11362947805310779,720,720,https://data-api.binance.vision,1
2026-10-09 07:08:18.914558,2026-10-08 01:00:00,OP,0.1228,0.010402167153535338,0.02367789859795296,0.05656810134876157,0.11362947805310779,720,720,https://data-api.binance.vision,1
2026-10-09 07:08:18.914558,2026-10-08 02:00:00,OP,0.1218,0.010402167153535338,0.02367789859795296,0.05656810134876157,0.11362947805310779,720,720,https://data-api.binance.vision,1
2026-10-09 07:08:18.914558,2026-10-08 03:00:00,OP,0.1232,0.010402167153535338,0.02367789859795296,0.05656810134876157,0.11362947805310779,720,720,https://data-api.binance.vision,1
2026-10-09 07:08:18.914558,2026-10-08 04:00:00,OP,0.122,0.010402167153535338,0.02367789859795296,0.05656810134876157,0.11362947805310779,720,720,https://data-api.binance.vision,1
2026-10-09 07:08:18.914558,2026-10-08 05:00:00,OP,0.1208,0.010402167153535338,0.02367789859795296,0.05656810134876157,0.11362947805310779,720,720,https://data-api.binance.vision,1
2026-10-09 07:08:18.914558,2026-10-08 06:00:00,OP,0.1203,0.010402167153535338,0.02367789859795296,0.05656810134876157,0.11362947805310779,720,720,https://data-api.binance.vision,1
2026-10-09 07:08:18.914558,2026-10-08 07:00:00,OP,0.1214,0.010402167153535338,0.02367789859795296,0.05656810134876157,0.11362947805310779,720,720,https://data-api.binance.vision,1
2026-10-09 07:08:18.914558,2026-10-08 08:00:00,OP,0.1216,0.010402167153535338,0.02367789859795296,0.05656810134876157,0.11362947805310779,720,720,https://data-api.binance.vision,1
2026-10-09 07:08:18.914558,2026-10-08 09:00:00,OP,0.1222,0.010402167153535338,0.02367789859795296,0.05656810134876157,0.11362947805310779,720,720,https://data-api.binance.vision,1
2026-10-09 07:08:18.914558,2026-10-08 10:00:00,OP,0.1247,0.010402167153535338,0.02367789859795296,0.05656810134876157,0.11362947805310779,720,720,https://data-api.binance.vision,1
2026-10-09 07:08:18.914558,2026-10-08 11:00:00,OP,0.1235,0.010376921854060592,0.02367789859795296,0.05656810134876157,0.11362947805310779,720,720,https://data-api.binance.vision,1
2026-10-09 07:08:18.914558,2026-10-08 12:00:00,OP,0.1233,0.010376921854060592,0.02367789859795296,0.05656810134876157,0.11362947805310779,720,720,https://data-api.binance.vision,1
2026-10-09 07:08:18.914558,2026-10-08 13:00:00,OP,0.1226,0.010376921854060592,0.02367789859795296,0.05656810134876157,0.11362947805310779,720,720,https://data-api.binance.vision,1
2026-10-09 07:08:18.914558,2026-10-08 14:00:00,OP,0.1233,0.010361928818385557,0.02367789859795296,0.05656810134876157,0.11362947805310779,720,720,https://data-api.binance.vision,1
2026-10-09 07:08:18.914558,2026-10-08 15:00:00,OP,0.1242,0.010361928818385557,0.02367789859795296,0.05656810134876157,0.11362947805310779,720,720,https://data-api.binance.vision,1
2026-10-09 07:08:18.914558,2026-10-08 16:00:00,OP,0.115,0.010376921854060592,0.023929615760332496,0.05656810134876157,0.11362947805310779,720,720,https://data-api.binance.vision,1
2026-10-09 07:08:18.914558,2026-10-08 17:00:00,OP,0.1136,0.010402167153535338,0.023929615760332496,0.05656810134876157,0.11362947805310779,720,720,https://data-api.binance.vision,1
2026-10-09 07:08:18.914558,2026-10-08 18:00:00,OP,0.1123,0.010402167153535338,0.023929615760332496,0.05664977269293305,0.11362947805310779,720,720,https://data-api.binance.vision,1
2026-10-09 07:08:18.914558,2026-10-08 19:00:00,OP,0.1159,0.010405787909622006,0.02402879818659321,0.05664977269293305,0.11362947805310779,720,720,https://data-api.binance.vision,1
2026-10-09 07:08:18.914558,2026-10-08 20:00:00,OP,0.1183,0.010408768334445923,0.02402879818659321,0.05664977269293305,0.11362947805310779,720,720,https://data-api.binance.vision,1
2026-10-09 07:08:18.914558,2026-10-08 21:00:00,OP,0.1204,0.010416141262773682,0.02402879818659321,0.05664977269293305,0.11362947805310779,720,720,https://data-api.binance.vision,1
2026-10-09 07:08:18.914558,2026-10-08 22:00:00,OP,0.1209,0.010416141262773682,0.02402879818659321,0.05664977269293305,0.11362947805310779,720,720,https://data-api.binance.vision,1
2026-10-09 07:08:18.914558,2026-10-08 23:00:00,OP,0.1207,0.010416141262773682,0.02402879818659321,0.05664977269293305,0.11362947805310779,720,720,https://data-api.binance.vision,1
2026-10-09 07:08:18.914558,2026-10-09 00:00:00,OP,0.119,0.010416760858255679,0.02402879818659321,0.05664977269293305,0.11362947805310779,720,720,https://data-api.binance.vision,1
2026-10-09 07:08:18.914558,2026-10-09 01:00:00,OP,0.1184,0.010416760858255679,0.02402879818659321,0.05656810134876157,0.11362947805310779,720,720,https://data-api.binance.vision,1
2026-10-09 07:08:18.914558,2026-10-09 02:00:00,OP,0.1204,0.010431043412193582,0.02402879818659321,0.05638957964905037,0.11362947805310779,720,720,https://data-api.binance.vision,1
2026-10-09 07:08:18.914558,2026-10-09 03:00:00,OP,0.122,0.010431043412193582,0.02402879818659321,0.05638957964905037,0.11362947805310779,720,720,https://data-api.binance.vision,1
2026-10-09 07:08:18.914558,2026-10-09 04:00:00,OP,0.1226,0.010431043412193582,0.02402879818659321,0.0560070816702813,0.11362947805310779,720,720,https://data-api.binance.vision,1
2026-10-09 07:08:18.914558,2026-10-09 05:00:00,OP,0.1224,0.010416760858255679,0.02402879818659321,0.0560070816702813,0.11362947805310779,720,720,https://data-api.binance.vision,1
2026-10-09 07:08:18.914558,2026-10-09 06:00:00,OP,0.123,0.010416760858255679,0.02402879818659321,0.0560070816702813,0.11362947805310779,720,720,https://data-api.binance.vision,1
2026-10-09 07:08:18.914558,2026-10-09 07:00:00,OP,0.1228,0.010416141262773682,0.02402879818659321,0.0560070816702813,0.11362947805310779,720,720,https://data-api.binance.vision,0
2026-10-09 07:08:18.914558,2026-10-07 07:00:00,INJ,7.544,0.010020015135999661,0.025251761281205532,0.04367265423326268,0.15232599356435353,720,720,https://data-api.binance.vision,1
2026-10-09 07:08:18.914558,2026-10-07 08:00:00,INJ,7.58,0.010020015135999661,0.025251761281205532,0.043609964287644166,0.15232599356435353,720,720,https://data-api.binance.vision,1
2026-10-09 07:08:18.914558,2026-10-07 09:00:00,INJ,7.504,0.010059919460379768,0.025251761281205532,0.04359093825434014,0.15232599356435353,720,720,https://data-api.binance.vision,1
2026-10-09 07:08:18.914558,2026-10-07 10:00:00,INJ,7.295,0.010075893120281272,0.025259911407912738,0.04359093825434014,0.15232599356435353,720,720,https://data-api.binance.vision,1
2026-10-09 07:08:18.914558,2026-10-07 11:00:00,INJ,7.395,0.010088581149554363,0.025259911407912738,0.04359093825434014,0.15232599356435353,720,720,https://data-api.binance.vision,1
2026-10-09 07:08:18.914558,2026-10-07 12:00:00,INJ,7.314,0.0101509062093902,0.025259911407912738,0.04359093825434014,0.15232599356435353,720,720,https://data-api.binance.vision,1
2026-10-09 07:08:18.914558,2026-10-07 13:00:00,INJ,7.304,0.010088581149554363,0.025259911407912738,0.04359093825434014,0.15232599356435353,720,720,https://data-api.binance.vision,1
2026-10-09 07:08:18.914558,2026-10-07 14:00:00,INJ,7.323,0.010088581149554363,0.025259911407912738,0.04359093825434014,0.15232599356435353,720,720,https://data-api.binance.vision,1
2026-10-09 07:08:18.914558,2026-10-07 15:00:00,INJ,7.24,0.0101509062093902,0.025259911407912738,0.04359093825434014,0.15232599356435353,720,720,https://data-api.binance.vision,1
2026-10-09 07:08:18.914558,2026-10-07 16:00:00,INJ,7.313,0.0101509062093902,0.025259911407912738,0.04359093825434014,0.15232599356435353,720,720,https://data-api.binance.vision,1
2026-10-09 07:08:18.914558,2026-10-07 17:00:00,INJ,7.363,0.0101509062093902,0.025259911407912738,0.04359093825434014,0.15232599356435353,720,720,https://data-api.binance.vision,1
2026-10-09 07:08:18.914558,2026-10-07 18:00:00,INJ,7.413,0.010088581149554363,0.025251761281205532,0.04359093825434014,0.15232599356435353,720,720,https://data-api.binance.vision,1
2026-10-09 07:08:18.914558,2026-10-07 19:00:00,INJ,7.466,0.010075893120281272,0.025063729976348228,0.04359093825434014,0.15185919511492188,720,720,https://data-api.binance.vision,1
2026-10-09 07:08:18.914558,2026-10-07 20:00:00,INJ,7.516,0.010060828759754479,0.025006841122001775,0.04359093825434014,0.15178282942239094,720,720,https://data-api.binance.vision,1
2026-10-09 07:08:18.914558,2026-10-07 21:00:00,INJ,7.509,0.01003147059181428,0.024478759410221394,0.04359093825434014,0.1516423314217048,720,720,https://data-api.binance.vision,1
2026-10-09 07:08:18.914558,2026-10-07 22:00:00,INJ,7.378,0.01003147059181428,0.024478759410221394,0.04359093825434014,0.1516203911536523,720,720,https://data-api.binance.vision,1
2026-10-09 07:08:18.914558,2026-10-07 23:00:00,INJ,7.441,0.010020015135999661,0.024478759410221394,0.04359093825434014,0.15156153551174065,720,720,https://data-api.binance.vision,1
2026-10-09 07:08:18.914558,2026-10-08 00:00:00,INJ,7.465,0.01000825653439918,0.024478759410221394,0.04359093825434014,0.14905182766341427,720,720,https://data-api.binance.vision,1
2026-10-09 07:08:18.914558,2026-10-08 01:00:00,INJ,7.485,0.010003699929492599,0.023300249308008548,0.04359093825434014,0.14513747861799928,720,720,https://data-api.binance.vision,1
2026-10-09 07:08:18.914558,2026-10-08 02:00:00,INJ,7.438,0.009983158435699179,0.023226876360315618,0.0434999169828347,0.1442563920258998,720,720,https://data-api.binance.vision,1
2026-10-09 07:08:18.914558,2026-10-08 03:00:00,INJ,7.494,0.009983158435699179,0.023226876360315618,0.04290476542693438,0.1435758598392607,720,720,https://data-api.binance.vision,1
2026-10-09 07:08:18.914558,2026-10-08 04:00:00,INJ,7.428,0.009983158435699179,0.023226876360315618,0.04288120841765308,0.14353902950184533,720,720,https://data-api.binance.vision,1
2026-10-09 07:08:18.914558,2026-10-08 05:00:00,INJ,7.352,0.010003699929492599,0.023226876360315618,0.042747186116375145,0.14343655440148914,720,720,https://data-api.binance.vision,1
2026-10-09 07:08:18.914558,2026-10-08 06:00:00,INJ,7.323,0.010003699929492599,0.023226876360315618,0.042639457739273835,0.14343655440148914,720,720,https://data-api.binance.vision,1
2026-10-09 07:08:18.914558,2026-10-08 07:00:00,INJ,7.377,0.009983158435699179,0.023226876360315618,0.042635155519827765,0.14343655440148914,720,720,https://data-api.binance.vision,1
2026-10-09 07:08:18.914558,2026-10-08 08:00:00,INJ,7.352,0.009983158435699179,0.023226876360315618,0.042585147680271475,0.14343655440148914,720,720,https://data-api.binance.vision,1
2026-10-09 07:08:18.914558,2026-10-08 09:00:00,INJ,7.33,0.009983158435699179,0.023226876360315618,0.042536709474171895,0.14343655440148914,720,720,https://data-api.binance.vision,1
2026-10-09 07:08:18.914558,2026-10-08 10:00:00,INJ,7.454,0.009983158435699179,0.023226876360315618,0.04225994112977439,0.14343655440148914,720,720,https://data-api.binance.vision,1
2026-10-09 07:08:18.914558,2026-10-08 11:00:00,INJ,7.392,0.009928665507234778,0.023226876360315618,0.041368645853749844,0.14343655440148914,720,720,https://data-api.binance.vision,1
2026-10-09 07:08:18.914558,2026-10-08 12:00:00,INJ,7.362,0.009928665507234778,0.023226876360315618,0.0413354464119703,0.14343655440148914,720,720,https://data-api.binance.vision,1
2026-10-09 07:08:18.914558,2026-10-08 13:00:00,INJ,7.272,0.009983158435699179,0.023226876360315618,0.04131748507076116,0.14343655440148914,720,720,https://data-api.binance.vision,1
2026-10-09 07:08:18.914558,2026-10-08 14:00:00,INJ,7.322,0.009983158435699179,0.023226876360315618,0.04121215052248136,0.14343655440148914,720,720,https://data-api.binance.vision,1
2026-10-09 07:08:18.914558,2026-10-08 15:00:00,INJ,7.311,0.009928665507234778,0.023145339698203267,0.04113478610224532,0.14343655440148914,720,720,https://data-api.binance.vision,1
2026-10-09 07:08:18.914558,2026-10-08 16:00:00,INJ,6.628,0.009928665507234778,0.023226876360315618,0.04113478610224532,0.14343655440148914,720,720,https://data-api.binance.vision,1
2026-10-09 07:08:18.914558,2026-10-08 17:00:00,INJ,6.616,0.009928665507234778,0.023226876360315618,0.04113478610224532,0.14343655440148914,720,720,https://data-api.binance.vision,1
2026-10-09 07:08:18.914558,2026-10-08 18:00:00,INJ,6.522,0.009983158435699179,0.023226876360315618,0.04113478610224532,0.14343655440148914,720,720,https://data-api.binance.vision,1
2026-10-09 07:08:18.914558,2026-10-08 19:00:00,INJ,6.622,0.009983158435699179,0.023226876360315618,0.04113478610224532,0.14343655440148914,720,720,https://data-api.binance.vision,1
2026-10-09 07:08:18.914558,2026-10-08 20:00:00,INJ,6.755,0.010003699929492599,0.023226876360315618,0.04121215052248136,0.14343655440148914,720,720,https://data-api.binance.vision,1
2026-10-09 07:08:18.914558,2026-10-08 21:00:00,INJ,6.814,0.010003699929492599,0.023226876360315618,0.04121215052248136,0.14343655440148914,720,720,https://data-api.binance.vision,1
2026-10-09 07:08:18.914558,2026-10-08 22:00:00,INJ,6.793,0.009983158435699179,0.023226876360315618,0.04131748507076116,0.14343655440148914,720,720,https://data-api.binance.vision,1
2026-10-09 07:08:18.914558,2026-10-08 23:00:00,INJ,6.83,0.009983158435699179,0.023226876360315618,0.04131748507076116,0.14343655440148914,720,720,https://data-api.binance.vision,1
2026-10-09 07:08:18.914558,2026-10-09 00:00:00,INJ,6.757,0.010003699929492599,0.023226876360315618,0.0413354464119703,0.14343655440148914,720,720,https://data-api.binance.vision,1
2026-10-09 07:08:18.914558,2026-10-09 01:00:00,INJ,6.792,0.009983158435699179,0.023226876360315618,0.041368645853749844,0.14343655440148914,720,720,https://data-api.binance.vision,1
2026-10-09 07:08:18.914558,2026-10-09 02:00:00,INJ,6.838,0.009983158435699179,0.023226876360315618,0.04225994112977439,0.14343655440148914,720,720,https://data-api.binance.vision,1
2026-10-09 07:08:18.914558,2026-10-09 03:00:00,INJ,6.972,0.009983158435699179,0.023226876360315618,0.042536709474171895,0.14343655440148914,720,720,https://data-api.binance.vision,1
2026-10-09 07:08:18.914558,2026-10-09 04:00:00,INJ,6.969,0.009928665507234778,0.023226876360315618,0.042585147680271475,0.14343655440148914,720,720,https://data-api.binance.vision,1
2026-10-09 07:08:18.914558,2026-10-09 05:00:00,INJ,6.949,0.009928665507234778,0.023226876360315618,0.042635155519827765,0.14343655440148914,720,720,https://data-api.binance.vision,1
2026-10-09 07:08:18.914558,2026-10-09 06:00:00,INJ,7.08,0.009983158435699179,0.023226876360315618,0.042635155519827765,0.14343655440148914,720,720,https://data-api.binance.vision,1
2026-10-09 07:08:18.914558,2026-10-09 07:00:00,INJ,7.099,0.009983158435699179,0.023226876360315618,0.042635155519827765,0.14343655440148914,720,720,https://data-api.binance.vision,0
2026-10-09 07:08:18.914558,2026-10-07 07:00:00,SEI,0.06931,0.008038611778523155,0.020928072068160393,0.04490621167162435,0.13426809425232286,720,720,https://data-api.binance.vision,1
2026-10-09 07:08:18.914558,2026-10-07 08:00:00,SEI,0.06914,0.008017841891877247,0.020928072068160393,0.04506140408066697,0.13426809425232286,720,720,https://data-api.binance.vision,1
2026-10-09 07:08:18.914558,2026-10-07 09:00:00,SEI,0.06887,0.008017505519981967,0.020928072068160393,0.045141899643958795,0.13426809425232286,720,720,https://data-api.binance.vision,1
2026-10-09 07:08:18.914558,2026-10-07 10:00:00,SEI,0.06855,0.008011211141490763,0.020928072068160393,0.04544797088137199,0.13426809425232286,720,720,https://data-api.binance.vision,1
2026-10-09 07:08:18.914558,2026-10-07 11:00:00,SEI,0.0687,0.008011211141490763,0.020928072068160393,0.045550693454860826,0.13426809425232286,720,720,https://data-api.binance.vision,1
2026-10-09 07:08:18.914558,2026-10-07 12:00:00,SEI,0.06819,0.008011211141490763,0.020928072068160393,0.045629823674025134,0.13426809425232286,720,720,https://data-api.binance.vision,1
2026-10-09 07:08:18.914558,2026-10-07 13:00:00,SEI,0.0679,0.007954619687013179,0.020317063475389235,0.0458640405674371,0.13426809425232286,720,720,https://data-api.binance.vision,1
2026-10-09 07:08:18.914558,2026-10-07 14:00:00,SEI,0.06783,0.007947017375535558,0.020317063475389235,0.04593733990479334,0.13426809425232286,720,720,https://data-api.binance.vision,1
2026-10-09 07:08:18.914558,2026-10-07 15:00:00,SEI,0.0679,0.007947017375535558,0.020317063475389235,0.046100321205291145,0.13426809425232286,720,720,https://data-api.binance.vision,1
2026-10-09 07:08:18.914558,2026-10-07 16:00:00,SEI,0.06822,0.007943959861689134,0.020317063475389235,0.046224138238041834,0.13426809425232286,720,720,https://data-api.binance.vision,1
2026-10-09 07:08:18.914558,2026-10-07 17:00:00,SEI,0.06815,0.007914504934817455,0.020317063475389235,0.04634965738180945,0.13426809425232286,720,720,https://data-api.binance.vision,1
2026-10-09 07:08:18.914558,2026-10-07 18:00:00,SEI,0.06842,0.007914504934817455,0.020317063475389235,0.04647127894844796,0.13426809425232286,720,720,https://data-api.binance.vision,1
2026-10-09 07:08:18.914558,2026-10-07 19:00:00,SEI,0.06904,0.007914504934817455,0.020317063475389235,0.04654357901476498,0.13426809425232286,720,720,https://data-api.binance.vision,1
2026-10-09 07:08:18.914558,2026-10-07 20:00:00,SEI,0.06923,0.00791265160972385,0.020317063475389235,0.04654357901476498,0.13426809425232286,720,720,https://data-api.binance.vision,1
2026-10-09 07:08:18.914558,2026-10-07 21:00:00,SEI,0.06943,0.00791265160972385,0.020317063475389235,0.04654357901476498,0.13426809425232286,720,720,https://data-api.binance.vision,1
2026-10-09 07:08:18.914558,2026-10-07 22:00:00,SEI,0.06841,0.007914504934817455,0.020317063475389235,0.046562400642181374,0.13426809425232286,720,720,https://data-api.binance.vision,1
2026-10-09 07:08:18.914558,2026-10-07 23:00:00,SEI,0.06866,0.00791265160972385,0.020317063475389235,0.046576589185277344,0.13426809425232286,720,720,https://data-api.binance.vision,1
2026-10-09 07:08:18.914558,2026-10-08 00:00:00,SEI,0.0689,0.00791265160972385,0.020317063475389235,0.046576589185277344,0.13426809425232286,720,720,https://data-api.binance.vision,1
2026-10-09 07:08:18.914558,2026-10-08 01:00:00,SEI,0.06918,0.007907621297587132,0.020317063475389235,0.046576589185277344,0.13426809425232286,720,720,https://data-api.binance.vision,1
2026-10-09 07:08:18.914558,2026-10-08 02:00:00,SEI,0.06869,0.007907621297587132,0.020317063475389235,0.046576589185277344,0.13426809425232286,720,720,https://data-api.binance.vision,1
2026-10-09 07:08:18.914558,2026-10-08 03:00:00,SEI,0.06923,0.007859584193797904,0.020317063475389235,0.046576589185277344,0.13426809425232286,720,720,https://data-api.binance.vision,1
2026-10-09 07:08:18.914558,2026-10-08 04:00:00,SEI,0.06915,0.007859584193797904,0.020317063475389235,0.046576589185277344,0.13426809425232286,720,720,https://data-api.binance.vision,1
2026-10-09 07:08:18.914558,2026-10-08 05:00:00,SEI,0.06815,0.007859584193797904,0.020317063475389235,0.046576589185277344,0.13426809425232286,720,720,https://data-api.binance.vision,1
2026-10-09 07:08:18.914558,2026-10-08 06:00:00,SEI,0.06769,0.007859584193797904,0.020317063475389235,0.046576589185277344,0.13426809425232286,720,720,https://data-api.binance.vision,1
2026-10-09 07:08:18.914558,2026-10-08 07:00:00,SEI,0.06808,0.007859584193797904,0.020317063475389235,0.046576589185277344,0.13426809425232286,720,720,https://data-api.binance.vision,1
2026-10-09 07:08:18.914558,2026-10-08 08:00:00,SEI,0.06849,0.007859584193797904,0.020317063475389235,0.046576589185277344,0.13426809425232286,720,720,https://data-api.binance.vision,1
2026-10-09 07:08:18.914558,2026-10-08 09:00:00,SEI,0.06869,0.007859584193797904,0.020317063475389235,0.046576589185277344,0.13426809425232286,720,720,https://data-api.binance.vision,1
2026-10-09 07:08:18.914558,2026-10-08 10:00:00,SEI,0.07009,0.007859584193797904,0.020317063475389235,0.046576589185277344,0.13426809425232286,720,720,https://data-api.binance.vision,1
2026-10-09 07:08:18.914558,2026-10-08 11:00:00,SEI,0.06993,0.007859584193797904,0.020317063475389235,0.046576589185277344,0.13426809425232286,720,720,https://data-api.binance.vision,1
2026-10-09 07:08:18.914558,2026-10-08 12:00:00,SEI,0.06961,0.007854491947702762,0.020317063475389235,0.046576589185277344,0.13426809425232286,720,720,https://data-api.binance.vision,1
2026-10-09 07:08:18.914558,2026-10-08 13:00:00,SEI,0.06887,0.007854491947702762,0.020317063475389235,0.046576589185277344,0.13426809425232286,720,720,https://data-api.binance.vision,1
2026-10-09 07:08:18.914558,2026-10-08 14:00:00,SEI,0.06912,0.007848138818280734,0.020317063475389235,0.046576589185277344,0.13426809425232286,720,720,https://data-api.binance.vision,1
2026-10-09 07:08:18.914558,2026-10-08 15:00:00,SEI,0.06945,0.007830337327927631,0.02018196633942008,0.046576589185277344,0.13426809425232286,720,720,https://data-api.binance.vision,1
2026-10-09 07:08:18.914558,2026-10-08 16:00:00,SEI,0.06568,0.007830337327927631,0.020317063475389235,0.046562400642181374,0.13426809425232286,720,720,https://data-api.binance.vision,1
2026-10-09 07:08:18.914558,2026-10-08 17:00:00,SEI,0.06525,0.007815876426082051,0.02018196633942008,0.046562400642181374,0.13426809425232286,720,720,https://data-api.binance.vision,1
2026-10-09 07:08:18.914558,2026-10-08 18:00:00,SEI,0.06419,0.007830337327927631,0.02018196633942008,0.046576589185277344,0.13426809425232286,720,720,https://data-api.binance.vision,1
2026-10-09 07:08:18.914558,2026-10-08 19:00:00,SEI,0.06575,0.007848138818280734,0.020317063475389235,0.04699377901891856,0.13426809425232286,720,720,https://data-api.binance.vision,1
2026-10-09 07:08:18.914558,2026-10-08 20:00:00,SEI,0.06595,0.007848138818280734,0.020317063475389235,0.04715709230101355,0.13426809425232286,720,720,https://data-api.binance.vision,1
2026-10-09 07:08:18.914558,2026-10-08 21:00:00,SEI,0.06706,0.007854491947702762,0.020317063475389235,0.04715709230101355,0.13426809425232286,720,720,https://data-api.binance.vision,1
2026-10-09 07:08:18.914558,2026-10-08 22:00:00,SEI,0.06658,0.007854491947702762,0.020317063475389235,0.04715709230101355,0.13426809425232286,720,720,https://data-api.binance.vision,1
2026-10-09 07:08:18.914558,2026-10-08 23:00:00,SEI,0.06685,0.007854491947702762,0.020317063475389235,0.04715709230101355,0.13426809425232286,720,720,https://data-api.binance.vision,1
2026-10-09 07:08:18.914558,2026-10-09 00:00:00,SEI,0.06611,0.007859584193797904,0.020317063475389235,0.04715709230101355,0.13426809425232286,720,720,https://data-api.binance.vision,1
2026-10-09 07:08:18.914558,2026-10-09 01:00:00,SEI,0.0658,0.007859584193797904,0.020317063475389235,0.04728431997303042,0.13426809425232286,720,720,https://data-api.binance.vision,1
2026-10-09 07:08:18.914558,2026-10-09 02:00:00,SEI,0.06671,0.007859584193797904,0.020317063475389235,0.04728431997303042,0.13426809425232286,720,720,https://data-api.binance.vision,1
2026-10-09 07:08:18.914558,2026-10-09 03:00:00,SEI,0.06689,0.007859584193797904,0.020317063475389235,0.04728431997303042,0.13426809425232286,720,720,https://data-api.binance.vision,1
2026-10-09 07:08:18.914558,2026-10-09 04:00:00,SEI,0.06692,0.007859584193797904,0.020317063475389235,0.04728431997303042,0.13426809425232286,720,720,https://data-api.binance.vision,1
2026-10-09 07:08:18.914558,2026-10-09 05:00:00,SEI,0.06644,0.007854491947702762,0.02018196633942008,0.04715709230101355,0.13426809425232286,720,720,https://data-api.binance.vision,1
2026-10-09 07:08:18.914558,2026-10-09 06:00:00,SEI,0.06718,0.007859584193797904,0.02018196633942008,0.04715709230101355,0.13426809425232286,720,720,https://data-api.binance.vision,1
2026-10-09 07:08:18.914558,2026-10-09 07:00:00,SEI,0.06733,0.007859584193797904,0.02018196633942008,0.04699377901891856,0.13426809425232286,720,720,https://data-api.binance.vision,0
2026-10-09 07:08:18.914558,2026-10-07 07:00:00,FET,0.2329,0.010641049037014093,0.025524807785109144,0.06219485182608629,0.14259482974591609,720,720,https://data-api.binance.vision,1
2026-10-09 07:08:18.914558,2026-10-07 08:00:00,FET,0.2334,0.010641049037014093,0.025524807785109144,0.06223492860413168,0.14259482974591609,720,720,https://data-api.binance.vision,1
2026-10-09 07:08:18.914558,2026-10-07 09:00:00,FET,0.2296,0.010641049037014093,0.025524807785109144,0.06252621571228413,0.14259482974591609,720,720,https://data-api.binance.vision,1
2026-10-09 07:08:18.914558,2026-10-07 10:00:00,FET,0.2279,0.010641049037014093,0.025524807785109144,0.0625514046861349,0.14259482974591609,720,720,https://data-api.binance.vision,1
2026-10-09 07:08:18.914558,2026-10-07 11:00:00,FET,0.2286,0.010641049037014093,0.025524807785109144,0.06276598812224748,0.14259482974591609,720,720,https://data-api.binance.vision,1
2026-10-09 07:08:18.914558,2026-10-07 12:00:00,FET,0.2273,0.010641049037014093,0.025524807785109144,0.0628096385304229,0.14259482974591609,720,720,https://data-api.binance.vision,1
2026-10-09 07:08:18.914558,2026-10-07 13:00:00,FET,0.2275,0.010610333085688924,0.025444536547497506,0.0628096385304229,0.14259482974591609,720,720,https://data-api.binance.vision,1
2026-10-09 07:08:18.914558,2026-10-07 14:00:00,FET,0.2282,0.010586794471256607,0.025444536547497506,0.0628096385304229,0.14259482974591609,720,720,https://data-api.binance.vision,1
2026-10-09 07:08:18.914558,2026-10-07 15:00:00,FET,0.2254,0.010586794471256607,0.025444536547497506,0.0628096385304229,0.14259482974591609,720,720,https://data-api.binance.vision,1
2026-10-09 07:08:18.914558,2026-10-07 16:00:00,FET,0.2267,0.010580554181048142,0.025444536547497506,0.06332498975070443,0.14259482974591609,720,720,https://data-api.binance.vision,1
2026-10-09 07:08:18.914558,2026-10-07 17:00:00,FET,0.2252,0.010562505809022672,0.025444536547497506,0.06340479024950747,0.14259482974591609,720,720,https://data-api.binance.vision,1
2026-10-09 07:08:18.914558,2026-10-07 18:00:00,FET,0.2262,0.010562505809022672,0.025444536547497506,0.06340479024950747,0.14259482974591609,720,720,https://data-api.binance.vision,1
2026-10-09 07:08:18.914558,2026-10-07 19:00:00,FET,0.2282,0.010562505809022672,0.025444536547497506,0.06340479024950747,0.14259482974591609,720,720,https://data-api.binance.vision,1
2026-10-09 07:08:18.914558,2026-10-07 20:00:00,FET,0.2274,0.010550447125274946,0.025444536547497506,0.0628096385304229,0.14259482974591609,720,720,https://data-api.binance.vision,1
2026-10-09 07:08:18.914558,2026-10-07 21:00:00,FET,0.2297,0.010550447125274946,0.025444536547497506,0.0628096385304229,0.14259482974591609,720,720,https://data-api.binance.vision,1
2026-10-09 07:08:18.914558,2026-10-07 22:00:00,FET,0.226,0.010562505809022672,0.025444536547497506,0.0628096385304229,0.14259482974591609,720,720,https://data-api.binance.vision,1
2026-10-09 07:08:18.914558,2026-10-07 23:00:00,FET,0.2273,0.010550447125274946,0.025444536547497506,0.0628096385304229,0.14259482974591609,720,720,https://data-api.binance.vision,1
2026-10-09 07:08:18.914558,2026-10-08 00:00:00,FET,0.2299,0.010562505809022672,0.025444536547497506,0.0628096385304229,0.14259482974591609,720,720,https://data-api.binance.vision,1
2026-10-09 07:08:18.914558,2026-10-08 01:00:00,FET,0.2315,0.010550447125274946,0.025444536547497506,0.0628096385304229,0.14259482974591609,720,720,https://data-api.binance.vision,1
2026-10-09 07:08:18.914558,2026-10-08 02:00:00,FET,0.2305,0.010426334517508079,0.025444536547497506,0.06276598812224748,0.14259482974591609,720,720,https://data-api.binance.vision,1
2026-10-09 07:08:18.914558,2026-10-08 03:00:00,FET,0.2314,0.010343029364418995,0.025444536547497506,0.0625514046861349,0.14259482974591609,720,720,https://data-api.binance.vision,1
2026-10-09 07:08:18.914558,2026-10-08 04:00:00,FET,0.2287,0.010426334517508079,0.025444536547497506,0.06252621571228413,0.14259482974591609,720,720,https://data-api.binance.vision,1
2026-10-09 07:08:18.914558,2026-10-08 05:00:00,FET,0.2273,0.010343029364418995,0.025444536547497506,0.06252621571228413,0.14259482974591609,720,720,https://data-api.binance.vision,1
2026-10-09 07:08:18.914558,2026-10-08 06:00:00,FET,0.2313,0.010426334517508079,0.025444536547497506,0.06252621571228413,0.14259482974591609,720,720,https://data-api.binance.vision,1
2026-10-09 07:08:18.914558,2026-10-08 07:00:00,FET,0.2335,0.010426334517508079,0.025444536547497506,0.062235790699180144,0.14259482974591609,720,720,https://data-api.binance.vision,1
2026-10-09 07:08:18.914558,2026-10-08 08:00:00,FET,0.2301,0.010550447125274946,0.025444536547497506,0.06222628274520221,0.14259482974591609,720,720,https://data-api.binance.vision,1
2026-10-09 07:08:18.914558,2026-10-08 09:00:00,FET,0.2297,0.010426334517508079,0.025444536547497506,0.06222628274520221,0.14259482974591609,720,720,https://data-api.binance.vision,1
2026-10-09 07:08:18.914558,2026-10-08 10:00:00,FET,0.2357,0.010426334517508079,0.025524807785109144,0.06222628274520221,0.14259482974591609,720,720,https://data-api.binance.vision,1
2026-10-09 07:08:18.914558,2026-10-08 11:00:00,FET,0.2315,0.010426334517508079,0.025524807785109144,0.06222628274520221,0.14259482974591609,720,720,https://data-api.binance.vision,1
2026-10-09 07:08:18.914558,2026-10-08 12:00:00,FET,0.2306,0.010426334517508079,0.025524807785109144,0.06222628274520221,0.14259482974591609,720,720,https://data-api.binance.vision,1
2026-10-09 07:08:18.914558,2026-10-08 13:00:00,FET,0.2293,0.010426334517508079,0.025524807785109144,0.06222628274520221,0.14259482974591609,720,720,https://data-api.binance.vision,1
2026-10-09 07:08:18.914558,2026-10-08 14:00:00,FET,0.2315,0.010343029364418995,0.025524807785109144,0.06222628274520221,0.14259482974591609,720,720,https://data-api.binance.vision,1
2026-10-09 07:08:18.914558,2026-10-08 15:00:00,FET,0.2346,0.010343029364418995,0.025524807785109144,0.06222628274520221,0.14259482974591609,720,720,https://data-api.binance.vision,1
2026-10-09 07:08:18.914558,2026-10-08 16:00:00,FET,0.2148,0.010343029364418995,0.025524807785109144,0.06222628274520221,0.14259482974591609,720,720,https://data-api.binance.vision,1
2026-10-09 07:08:18.914558,2026-10-08 17:00:00,FET,0.2138,0.010329731555831811,0.025524807785109144,0.06222628274520221,0.14259482974591609,720,720,https://data-api.binance.vision,1
2026-10-09 07:08:18.914558,2026-10-08 18:00:00,FET,0.2062,0.010329731555831811,0.02559519724568818,0.062235790699180144,0.14259482974591609,720,720,https://data-api.binance.vision,1
2026-10-09 07:08:18.914558,2026-10-08 19:00:00,FET,0.2148,0.010329731555831811,0.02564959409502256,0.062235790699180144,0.14259482974591609,720,720,https://data-api.binance.vision,1
2026-10-09 07:08:18.914558,2026-10-08 20:00:00,FET,0.2174,0.010343029364418995,0.02564959409502256,0.062235790699180144,0.14259482974591609,720,720,https://data-api.binance.vision,1
2026-10-09 07:08:18.914558,2026-10-08 21:00:00,FET,0.2177,0.010343029364418995,0.02564959409502256,0.062235790699180144,0.14259482974591609,720,720,https://data-api.binance.vision,1
2026-10-09 07:08:18.914558,2026-10-08 22:00:00,FET,0.2172,0.010343029364418995,0.02564959409502256,0.062235790699180144,0.14259482974591609,720,720,https://data-api.binance.vision,1
2026-10-09 07:08:18.914558,2026-10-08 23:00:00,FET,0.2181,0.010343029364418995,0.02564959409502256,0.062235790699180144,0.14259482974591609,720,720,https://data-api.binance.vision,1
2026-10-09 07:08:18.914558,2026-10-09 00:00:00,FET,0.2158,0.010426334517508079,0.02564959409502256,0.06252621571228413,0.14259482974591609,720,720,https://data-api.binance.vision,1
2026-10-09 07:08:18.914558,2026-10-09 01:00:00,FET,0.2168,0.010426334517508079,0.02564959409502256,0.0625514046861349,0.14259482974591609,720,720,https://data-api.binance.vision,1
2026-10-09 07:08:18.914558,2026-10-09 02:00:00,FET,0.218,0.010343029364418995,0.02564959409502256,0.0625514046861349,0.14259482974591609,720,720,https://data-api.binance.vision,1
2026-10-09 07:08:18.914558,2026-10-09 03:00:00,FET,0.218,0.010343029364418995,0.02564959409502256,0.0625514046861349,0.14259482974591609,720,720,https://data-api.binance.vision,1
2026-10-09 07:08:18.914558,2026-10-09 04:00:00,FET,0.2205,0.010343029364418995,0.02564959409502256,0.0625514046861349,0.14259482974591609,720,720,https://data-api.binance.vision,1
2026-10-09 07:08:18.914558,2026-10-09 05:00:00,FET,0.2201,0.010329731555831811,0.02564959409502256,0.0625514046861349,0.14259482974591609,720,720,https://data-api.binance.vision,1
2026-10-09 07:08:18.914558,2026-10-09 06:00:00,FET,0.2221,0.010329731555831811,0.02564959409502256,0.0625514046861349,0.14259482974591609,720,720,https://data-api.binance.vision,1
2026-10-09 07:08:18.914558,2026-10-09 07:00:00,FET,0.2217,0.010329731555831811,0.02564959409502256,0.0625514046861349,0.14259482974591609,720,720,https://data-api.binance.vision,0
2026-10-09 07:08:18.914558,2026-10-07 07:00:00,TIA,0.4574,0.009634342562924508,0.02392199583178174,0.04907267642333621,0.12473038299055594,720,720,https://data-api.binance.vision,1
2026-10-09 07:08:18.914558,2026-10-07 08:00:00,TIA,0.4624,0.009646688523693192,0.02392199583178174,0.048940010895984626,0.12473038299055594,720,720,https://data-api.binance.vision,1
2026-10-09 07:08:18.914558,2026-10-07 09:00:00,TIA,0.4549,0.009646688523693192,0.02392199583178174,0.04875551167856586,0.12473038299055594,720,720,https://data-api.binance.vision,1
2026-10-09 07:08:18.914558,2026-10-07 10:00:00,TIA,0.4493,0.009734047052803027,0.02392199583178174,0.048552716111606505,0.12473038299055594,720,720,https://data-api.binance.vision,1
2026-10-09 07:08:18.914558,2026-10-07 11:00:00,TIA,0.451,0.009734047052803027,0.02392199583178174,0.04792362973200354,0.12473038299055594,720,720,https://data-api.binance.vision,1
2026-10-09 07:08:18.914558,2026-10-07 12:00:00,TIA,0.448,0.009646688523693192,0.02392199583178174,0.04792362973200354,0.12473038299055594,720,720,https://data-api.binance.vision,1
2026-10-09 07:08:18.914558,2026-10-07 13:00:00,TIA,0.4476,0.009634342562924508,0.023744381877644757,0.04792362973200354,0.12473038299055594,720,720,https://data-api.binance.vision,1
2026-10-09 07:08:18.914558,2026-10-07 14:00:00,TIA,0.4495,0.009634342562924508,0.023744381877644757,0.04792362973200354,0.12473038299055594,720,720,https://data-api.binance.vision,1
2026-10-09 07:08:18.914558,2026-10-07 15:00:00,TIA,0.4423,0.009634342562924508,0.023744381877644757,0.04792362973200354,0.12473038299055594,720,720,https://data-api.binance.vision,1
2026-10-09 07:08:18.914558,2026-10-07 16:00:00,TIA,0.4439,0.009629162127712441,0.023659299738598052,0.04792362973200354,0.12473038299055594,720,720,https://data-api.binance.vision,1
2026-10-09 07:08:18.914558,2026-10-07 17:00:00,TIA,0.441,0.009622295615773768,0.023659299738598052,0.04792362973200354,0.12473038299055594,720,720,https://data-api.binance.vision,1
2026-10-09 07:08:18.914558,2026-10-07 18:00:00,TIA,0.4389,0.009622295615773768,0.023659299738598052,0.04792362973200354,0.12473038299055594,720,720,https://data-api.binance.vision,1
2026-10-09 07:08:18.914558,2026-10-07 19:00:00,TIA,0.4448,0.009629162127712441,0.023659299738598052,0.04792362973200354,0.12473038299055594,720,720,https://data-api.binance.vision,1
2026-10-09 07:08:18.914558,2026-10-07 20:00:00,TIA,0.4447,0.009629162127712441,0.023659299738598052,0.048552716111606505,0.12473038299055594,720,720,https://data-api.binance.vision,1
2026-10-09 07:08:18.914558,2026-10-07 21:00:00,TIA,0.4488,0.009629162127712441,0.023659299738598052,0.04875551167856586,0.12473038299055594,720,720,https://data-api.binance.vision,1
2026-10-09 07:08:18.914558,2026-10-07 22:00:00,TIA,0.4478,0.009629162127712441,0.023659299738598052,0.048940010895984626,0.12473038299055594,720,720,https://data-api.binance.vision,1
2026-10-09 07:08:18.914558,2026-10-07 23:00:00,TIA,0.4682,0.009629162127712441,0.023744381877644757,0.048940010895984626,0.12473038299055594,720,720,https://data-api.binance.vision,1
2026-10-09 07:08:18.914558,2026-10-08 00:00:00,TIA,0.4718,0.009629162127712441,0.023744381877644757,0.048940010895984626,0.12473038299055594,720,720,https://data-api.binance.vision,1
2026-10-09 07:08:18.914558,2026-10-08 01:00:00,TIA,0.4754,0.009622295615773768,0.023744381877644757,0.048940010895984626,0.12473038299055594,720,720,https://data-api.binance.vision,1
2026-10-09 07:08:18.914558,2026-10-08 02:00:00,TIA,0.4731,0.009591066307852626,0.023744381877644757,0.048940010895984626,0.12473038299055594,720,720,https://data-api.binance.vision,1
2026-10-09 07:08:18.914558,2026-10-08 03:00:00,TIA,0.4828,0.009622295615773768,0.023744381877644757,0.04907267642333621,0.12473038299055594,720,720,https://data-api.binance.vision,1
2026-10-09 07:08:18.914558,2026-10-08 04:00:00,TIA,0.4804,0.009591066307852626,0.023744381877644757,0.0491082934278957,0.12473038299055594,720,720,https://data-api.binance.vision,1
2026-10-09 07:08:18.914558,2026-10-08 05:00:00,TIA,0.4676,0.009622295615773768,0.02392199583178174,0.049230298828433404,0.12473038299055594,720,720,https://data-api.binance.vision,1
2026-10-09 07:08:18.914558,2026-10-08 06:00:00,TIA,0.4702,0.009622295615773768,0.02392199583178174,0.049230298828433404,0.12473038299055594,720,720,https://data-api.binance.vision,1
2026-10-09 07:08:18.914558,2026-10-08 07:00:00,TIA,0.4829,0.009622295615773768,0.024282087282046616,0.049319449250432204,0.12473038299055594,720,720,https://data-api.binance.vision,1
2026-10-09 07:08:18.914558,2026-10-08 08:00:00,TIA,0.4765,0.009629162127712441,0.024282087282046616,0.049319449250432204,0.12473038299055594,720,720,https://data-api.binance.vision,1
2026-10-09 07:08:18.914558,2026-10-08 09:00:00,TIA,0.4789,0.009629162127712441,0.024282087282046616,0.04984035796641036,0.12473038299055594,720,720,https://data-api.binance.vision,1
2026-10-09 07:08:18.914558,2026-10-08 10:00:00,TIA,0.4854,0.009629162127712441,0.024282087282046616,0.05005473498368617,0.12473038299055594,720,720,https://data-api.binance.vision,1
2026-10-09 07:08:18.914558,2026-10-08 11:00:00,TIA,0.4862,0.009622295615773768,0.024282087282046616,0.05034255099460325,0.12473038299055594,720,720,https://data-api.binance.vision,1
2026-10-09 07:08:18.914558,2026-10-08 12:00:00,TIA,0.4852,0.009622295615773768,0.024282087282046616,0.05051764759383199,0.12473038299055594,720,720,https://data-api.binance.vision,1
2026-10-09 07:08:18.914558,2026-10-08 13:00:00,TIA,0.4849,0.009622295615773768,0.024282087282046616,0.05060059007049459,0.12473038299055594,720,720,https://data-api.binance.vision,1
2026-10-09 07:08:18.914558,2026-10-08 14:00:00,TIA,0.4915,0.009622295615773768,0.024282087282046616,0.05060059007049459,0.12473038299055594,720,720,https://data-api.binance.vision,1
2026-10-09 07:08:18.914558,2026-10-08 15:00:00,TIA,0.4891,0.009591066307852626,0.024282087282046616,0.05060059007049459,0.12473038299055594,720,720,https://data-api.binance.vision,1
2026-10-09 07:08:18.914558,2026-10-08 16:00:00,TIA,0.4484,0.009622295615773768,0.024528527500120065,0.05060059007049459,0.12473038299055594,720,720,https://data-api.binance.vision,1
2026-10-09 07:08:18.914558,2026-10-08 17:00:00,TIA,0.4613,0.009629162127712441,0.02515607179038314,0.05060059007049459,0.12473038299055594,720,720,https://data-api.binance.vision,1
2026-10-09 07:08:18.914558,2026-10-08 18:00:00,TIA,0.4526,0.009634342562924508,0.02515607179038314,0.05060059007049459,0.12473038299055594,720,720,https://data-api.binance.vision,1
2026-10-09 07:08:18.914558,2026-10-08 19:00:00,TIA,0.514,0.009634342562924508,0.025164088053429914,0.05073411572644409,0.12562038532153874,720,720,https://data-api.binance.vision,1
2026-10-09 07:08:18.914558,2026-10-08 20:00:00,TIA,0.5212,0.009646688523693192,0.025164088053429914,0.0508376952076224,0.12614959617200133,720,720,https://data-api.binance.vision,1
2026-10-09 07:08:18.914558,2026-10-08 21:00:00,TIA,0.5132,0.009734047052803027,0.025164088053429914,0.05118841824311735,0.12766898945281038,720,720,https://data-api.binance.vision,1
2026-10-09 07:08:18.914558,2026-10-08 22:00:00,TIA,0.5151,0.009734047052803027,0.025164088053429914,0.051398514670332844,0.12812539944276188,720,720,https://data-api.binance.vision,1
2026-10-09 07:08:18.914558,2026-10-08 23:00:00,TIA,0.51,0.009745285855696353,0.025164088053429914,0.05147863376358264,0.12812539944276188,720,720,https://data-api.binance.vision,1
2026-10-09 07:08:18.914558,2026-10-09 00:00:00,TIA,0.5013,0.009933953219355732,0.025164088053429914,0.05187673411442894,0.12812539944276188,720,720,https://data-api.binance.vision,1
2026-10-09 07:08:18.914558,2026-10-09 01:00:00,TIA,0.4971,0.009933953219355732,0.025164088053429914,0.05147863376358264,0.12812539944276188,720,720,https://data-api.binance.vision,1
2026-10-09 07:08:18.914558,2026-10-09 02:00:00,TIA,0.5082,0.01006247203200817,0.025164088053429914,0.05187673411442894,0.12812539944276188,720,720,https://data-api.binance.vision,1
2026-10-09 07:08:18.914558,2026-10-09 03:00:00,TIA,0.5165,0.010094764907817284,0.025164088053429914,0.05221295071304786,0.12812539944276188,720,720,https://data-api.binance.vision,1
2026-10-09 07:08:18.914558,2026-10-09 04:00:00,TIA,0.52,0.010094764907817284,0.025164088053429914,0.05221295071304786,0.12812539944276188,720,720,https://data-api.binance.vision,1
2026-10-09 07:08:18.914558,2026-10-09 05:00:00,TIA,0.5246,0.01006247203200817,0.025164088053429914,0.052392167532720225,0.12812539944276188,720,720,https://data-api.binance.vision,1
2026-10-09 07:08:18.914558,2026-10-09 06:00:00,TIA,0.5094,0.010094764907817284,0.025232844833122502,0.05263065942339097,0.12812539944276188,720,720,https://data-api.binance.vision,1
2026-10-09 07:08:18.914558,2026-10-09 07:00:00,TIA,0.5088,0.01006247203200817,0.025232844833122502,0.05263065942339097,0.12812539944276188,720,720,https://data-api.binance.vision,0
2026-10-09 07:08:18.914558,2026-10-07 07:00:00,STX,0.4054,0.009219960106630589,0.02251644360458207,0.05551490012415847,0.1223973968362696,720,720,https://data-api.binance.vision,1
2026-10-09 07:08:18.914558,2026-10-07 08:00:00,STX,0.4018,0.009219960106630589,0.02251644360458207,0.055557973558282604,0.1223973968362696,720,720,https://data-api.binance.vision,1
2026-10-09 07:08:18.914558,2026-10-07 09:00:00,STX,0.3972,0.009229566354653258,0.02251644360458207,0.055557973558282604,0.1223973968362696,720,720,https://data-api.binance.vision,1
2026-10-09 07:08:18.914558,2026-10-07 10:00:00,STX,0.3985,0.009219960106630589,0.02251644360458207,0.055557973558282604,0.1223973968362696,720,720,https://data-api.binance.vision,1
2026-10-09 07:08:18.914558,2026-10-07 11:00:00,STX,0.3937,0.009219960106630589,0.022362839920834498,0.055557973558282604,0.1223973968362696,720,720,https://data-api.binance.vision,1
2026-10-09 07:08:18.914558,2026-10-07 12:00:00,STX,0.3959,0.009219960106630589,0.022362839920834498,0.055557973558282604,0.1223973968362696,720,720,https://data-api.binance.vision,1
2026-10-09 07:08:18.914558,2026-10-07 13:00:00,STX,0.3969,0.009198456446300109,0.022299748826297656,0.05551490012415847,0.1223973968362696,720,720,https://data-api.binance.vision,1
2026-10-09 07:08:18.914558,2026-10-07 14:00:00,STX,0.3741,0.009198456446300109,0.022362839920834498,0.05548643471517522,0.1223973968362696,720,720,https://data-api.binance.vision,1
2026-10-09 07:08:18.914558,2026-10-07 15:00:00,STX,0.3696,0.009219960106630589,0.022362839920834498,0.05546452563724652,0.1223973968362696,720,720,https://data-api.binance.vision,1
2026-10-09 07:08:18.914558,2026-10-07 16:00:00,STX,0.3751,0.009229566354653258,0.022362839920834498,0.055210780500156986,0.1223973968362696,720,720,https://data-api.binance.vision,1
2026-10-09 07:08:18.914558,2026-10-07 17:00:00,STX,0.3644,0.009229566354653258,0.02251644360458207,0.055096897896587886,0.1223973968362696,720,720,https://data-api.binance.vision,1
2026-10-09 07:08:18.914558,2026-10-07 18:00:00,STX,0.3653,0.009229566354653258,0.02251644360458207,0.05507225966939985,0.1223973968362696,720,720,https://data-api.binance.vision,1
2026-10-09 07:08:18.914558,2026-10-07 19:00:00,STX,0.3636,0.009229566354653258,0.02251644360458207,0.054945415451885714,0.1223973968362696,720,720,https://data-api.binance.vision,1
2026-10-09 07:08:18.914558,2026-10-07 20:00:00,STX,0.3644,0.009229566354653258,0.02251644360458207,0.054945415451885714,0.1223973968362696,720,720,https://data-api.binance.vision,1
2026-10-09 07:08:18.914558,2026-10-07 21:00:00,STX,0.3682,0.009229566354653258,0.02251644360458207,0.054945415451885714,0.1223973968362696,720,720,https://data-api.binance.vision,1
2026-10-09 07:08:18.914558,2026-10-07 22:00:00,STX,0.3666,0.009229566354653258,0.02251644360458207,0.054945415451885714,0.1223973968362696,720,720,https://data-api.binance.vision,1
2026-10-09 07:08:18.914558,2026-10-07 23:00:00,STX,0.3715,0.009229566354653258,0.02251644360458207,0.054945415451885714,0.1223973968362696,720,720,https://data-api.binance.vision,1
2026-10-09 07:08:18.914558,2026-10-08 00:00:00,STX,0.3709,0.009229566354653258,0.02251644360458207,0.054945415451885714,0.1223973968362696,720,720,https://data-api.binance.vision,1
2026-10-09 07:08:18.914558,2026-10-08 01:00:00,STX,0.3705,0.009219960106630589,0.02251644360458207,0.05487031346075907,0.1223973968362696,720,720,https://data-api.binance.vision,1
2026-10-09 07:08:18.914558,2026-10-08 02:00:00,STX,0.366,0.009219960106630589,0.02251644360458207,0.05487031346075907,0.1223973968362696,720,720,https://data-api.binance.vision,1
2026-10-09 07:08:18.914558,2026-10-08 03:00:00,STX,0.3671,0.009198456446300109,0.02251644360458207,0.05487031346075907,0.1223973968362696,720,720,https://data-api.binance.vision,1
2026-10-09 07:08:18.914558,2026-10-08 04:00:00,STX,0.3644,0.009198456446300109,0.02251644360458207,0.054945415451885714,0.1223973968362696,720,720,https://data-api.binance.vision,1
2026-10-09 07:08:18.914558,2026-10-08 05:00:00,STX,0.3623,0.009198456446300109,0.02251644360458207,0.05507225966939985,0.1223973968362696,720,720,https://data-api.binance.vision,1
2026-10-09 07:08:18.914558,2026-10-08 06:00:00,STX,0.3633,0.009198456446300109,0.02251644360458207,0.055096897896587886,0.1223973968362696,720,720,https://data-api.binance.vision,1
2026-10-09 07:08:18.914558,2026-10-08 07:00:00,STX,0.3737,0.009198456446300109,0.02292660991827921,0.055210780500156986,0.1223973968362696,720,720,https://data-api.binance.vision,1
2026-10-09 07:08:18.914558,2026-10-08 08:00:00,STX,0.3731,0.009198456446300109,0.02292660991827921,0.05546452563724652,0.1223973968362696,720,720,https://data-api.binance.vision,1
2026-10-09 07:08:18.914558,2026-10-08 09:00:00,STX,0.3763,0.009198456446300109,0.02292660991827921,0.05546452563724652,0.1223973968362696,720,720,https://data-api.binance.vision,1
2026-10-09 07:08:18.914558,2026-10-08 10:00:00,STX,0.3913,0.009198456446300109,0.02319569911388887,0.05546452563724652,0.1223973968362696,720,720,https://data-api.binance.vision,1
2026-10-09 07:08:18.914558,2026-10-08 11:00:00,STX,0.3843,0.009219960106630589,0.02319569911388887,0.05546452563724652,0.1223973968362696,720,720,https://data-api.binance.vision,1
2026-10-09 07:08:18.914558,2026-10-08 12:00:00,STX,0.3809,0.009219960106630589,0.02319569911388887,0.05546452563724652,0.1223973968362696,720,720,https://data-api.binance.vision,1
2026-10-09 07:08:18.914558,2026-10-08 13:00:00,STX,0.3786,0.009219960106630589,0.02319569911388887,0.055210780500156986,0.1223973968362696,720,720,https://data-api.binance.vision,1
2026-10-09 07:08:18.914558,2026-10-08 14:00:00,STX,0.3818,0.009219960106630589,0.02319569911388887,0.055210780500156986,0.1223973968362696,720,720,https://data-api.binance.vision,1
2026-10-09 07:08:18.914558,2026-10-08 15:00:00,STX,0.3722,0.009229566354653258,0.02341018945674136,0.055210780500156986,0.1223973968362696,720,720,https://data-api.binance.vision,1
2026-10-09 07:08:18.914558,2026-10-08 16:00:00,STX,0.3611,0.009258360882899108,0.024462617147266743,0.055210780500156986,0.1223973968362696,720,720,https://data-api.binance.vision,1
2026-10-09 07:08:18.914558,2026-10-08 17:00:00,STX,0.3615,0.009229566354653258,0.024462617147266743,0.055210780500156986,0.1223973968362696,720,720,https://data-api.binance.vision,1
2026-10-09 07:08:18.914558,2026-10-08 18:00:00,STX,0.3604,0.009229566354653258,0.024462617147266743,0.055210780500156986,0.1223973968362696,720,720,https://data-api.binance.vision,1
2026-10-09 07:08:18.914558,2026-10-08 19:00:00,STX,0.3641,0.009258360882899108,0.024462617147266743,0.055210780500156986,0.1223973968362696,720,720,https://data-api.binance.vision,1
2026-10-09 07:08:18.914558,2026-10-08 20:00:00,STX,0.3672,0.009258360882899108,0.024462617147266743,0.055210780500156986,0.1223973968362696,720,720,https://data-api.binance.vision,1
2026-10-09 07:08:18.914558,2026-10-08 21:00:00,STX,0.3785,0.009292701307879323,0.025465742250766938,0.055210780500156986,0.1223973968362696,720,720,https://data-api.binance.vision,1
2026-10-09 07:08:18.914558,2026-10-08 22:00:00,STX,0.3773,0.009292701307879323,0.025465742250766938,0.055210780500156986,0.1223973968362696,720,720,https://data-api.binance.vision,1
2026-10-09 07:08:18.914558,2026-10-08 23:00:00,STX,0.3821,0.009340745641383959,0.025465742250766938,0.055210780500156986,0.1223973968362696,720,720,https://data-api.binance.vision,1
2026-10-09 07:08:18.914558,2026-10-09 00:00:00,STX,0.382,0.009340745641383959,0.025465742250766938,0.055210780500156986,0.1223973968362696,720,720,https://data-api.binance.vision,1
2026-10-09 07:08:18.914558,2026-10-09 01:00:00,STX,0.3883,0.009358255475229997,0.025465742250766938,0.055210780500156986,0.1223973968362696,720,720,https://data-api.binance.vision,1
2026-10-09 07:08:18.914558,2026-10-09 02:00:00,STX,0.3946,0.009426744047025393,0.025465742250766938,0.05546452563724652,0.1223973968362696,720,720,https://data-api.binance.vision,1
2026-10-09 07:08:18.914558,2026-10-09 03:00:00,STX,0.3984,0.009460823812534774,0.025465742250766938,0.05548643471517522,0.1223973968362696,720,720,https://data-api.binance.vision,1
2026-10-09 07:08:18.914558,2026-10-09 04:00:00,STX,0.3948,0.009460823812534774,0.025465742250766938,0.05551490012415847,0.1223973968362696,720,720,https://data-api.binance.vision,1
2026-10-09 07:08:18.914558,2026-10-09 05:00:00,STX,0.3929,0.009460823812534774,0.025465742250766938,0.055557973558282604,0.1223973968362696,720,720,https://data-api.binance.vision,1
2026-10-09 07:08:18.914558,2026-10-09 06:00:00,STX,0.3892,0.009463158157404745,0.025465742250766938,0.05559575514592409,0.1223973968362696,720,720,https://data-api.binance.vision,1
2026-10-09 07:08:18.914558,2026-10-09 07:00:00,STX,0.3875,0.009463158157404745,0.025465742250766938,0.05559575514592409,0.1223973968362696,720,720,https://data-api.binance.vision,0
2026-10-09 07:08:18.914558,2026-10-07 07:00:00,JUP,0.3335,0.010207457668810331,0.02366701009574605,0.05599241417639866,0.11882857549093913,720,720,https://data-api.binance.vision,1
2026-10-09 07:08:18.914558,2026-10-07 08:00:00,JUP,0.3316,0.010207457668810331,0.02366701009574605,0.05593691693819957,0.11882857549093913,720,720,https://data-api.binance.vision,1
2026-10-09 07:08:18.914558,2026-10-07 09:00:00,JUP,0.327,0.010241485120450724,0.02366701009574605,0.05599241417639866,0.11882857549093913,720,720,https://data-api.binance.vision,1
2026-10-09 07:08:18.914558,2026-10-07 10:00:00,JUP,0.3263,0.010241485120450724,0.02366701009574605,0.05601100986364295,0.11882857549093913,720,720,https://data-api.binance.vision,1
2026-10-09 07:08:18.914558,2026-10-07 11:00:00,JUP,0.3226,0.010241485120450724,0.02366701009574605,0.05643334759131902,0.11882857549093913,720,720,https://data-api.binance.vision,1
2026-10-09 07:08:18.914558,2026-10-07 12:00:00,JUP,0.3218,0.010207457668810331,0.02366701009574605,0.05643334759131902,0.11882857549093913,720,720,https://data-api.binance.vision,1
2026-10-09 07:08:18.914558,2026-10-07 13:00:00,JUP,0.3185,0.010207457668810331,0.02366701009574605,0.05647889685787017,0.11882857549093913,720,720,https://data-api.binance.vision,1
2026-10-09 07:08:18.914558,2026-10-07 14:00:00,JUP,0.3179,0.010207457668810331,0.02366701009574605,0.056777318906191816,0.11882857549093913,720,720,https://data-api.binance.vision,1
2026-10-09 07:08:18.914558,2026-10-07 15:00:00,JUP,0.3154,0.010156796535207537,0.02366701009574605,0.05683751549489717,0.11882857549093913,720,720,https://data-api.binance.vision,1
2026-10-09 07:08:18.914558,2026-10-07 16:00:00,JUP,0.3164,0.010037740853452312,0.02366701009574605,0.05683751549489717,0.11882857549093913,720,720,https://data-api.binance.vision,1
2026-10-09 07:08:18.914558,2026-10-07 17:00:00,JUP,0.3167,0.010037740853452312,0.02366701009574605,0.05683751549489717,0.11909456250787595,720,720,https://data-api.binance.vision,1
2026-10-09 07:08:18.914558,2026-10-07 18:00:00,JUP,0.3187,0.010037740853452312,0.02366701009574605,0.05683751549489717,0.11909456250787595,720,720,https://data-api.binance.vision,1
2026-10-09 07:08:18.914558,2026-10-07 19:00:00,JUP,0.3217,0.010037740853452312,0.02366701009574605,0.05683751549489717,0.11909456250787595,720,720,https://data-api.binance.vision,1
2026-10-09 07:08:18.914558,2026-10-07 20:00:00,JUP,0.3262,0.010037740853452312,0.023509103429874095,0.056902721638630555,0.11909456250787595,720,720,https://data-api.binance.vision,1
2026-10-09 07:08:18.914558,2026-10-07 21:00:00,JUP,0.3322,0.010156796535207537,0.023509103429874095,0.056994472659536034,0.11909456250787595,720,720,https://data-api.binance.vision,1
2026-10-09 07:08:18.914558,2026-10-07 22:00:00,JUP,0.3384,0.010207457668810331,0.023509103429874095,0.056902721638630555,0.11909456250787595,720,720,https://data-api.binance.vision,1
2026-10-09 07:08:18.914558,2026-10-07 23:00:00,JUP,0.3574,0.010241485120450724,0.02366701009574605,0.05683751549489717,0.11909456250787595,720,720,https://data-api.binance.vision,1
2026-10-09 07:08:18.914558,2026-10-08 00:00:00,JUP,0.359,0.010207457668810331,0.02366701009574605,0.056777318906191816,0.11909456250787595,720,720,https://data-api.binance.vision,1
2026-10-09 07:08:18.914558,2026-10-08 01:00:00,JUP,0.3675,0.010241485120450724,0.02366701009574605,0.056777318906191816,0.11909456250787595,720,720,https://data-api.binance.vision,1
2026-10-09 07:08:18.914558,2026-10-08 02:00:00,JUP,0.3687,0.010241485120450724,0.02366701009574605,0.05683751549489717,0.11909456250787595,720,720,https://data-api.binance.vision,1
2026-10-09 07:08:18.914558,2026-10-08 03:00:00,JUP,0.3726,0.010241485120450724,0.023509103429874095,0.05683751549489717,0.11983826951588591,720,720,https://data-api.binance.vision,1
2026-10-09 07:08:18.914558,2026-10-08 04:00:00,JUP,0.3725,0.010241485120450724,0.023509103429874095,0.056902721638630555,0.11998148430368312,720,720,https://data-api.binance.vision,1
2026-10-09 07:08:18.914558,2026-10-08 05:00:00,JUP,0.3711,0.010241485120450724,0.023509103429874095,0.056994472659536034,0.12156756027847261,720,720,https://data-api.binance.vision,1
2026-10-09 07:08:18.914558,2026-10-08 06:00:00,JUP,0.3732,0.010241485120450724,0.023509103429874095,0.05750675424854715,0.12156756027847261,720,720,https://data-api.binance.vision,1
2026-10-09 07:08:18.914558,2026-10-08 07:00:00,JUP,0.3792,0.010241485120450724,0.023509103429874095,0.05763683323028736,0.12188668049546403,720,720,https://data-api.binance.vision,1
2026-10-09 07:08:18.914558,2026-10-08 08:00:00,JUP,0.3797,0.010241485120450724,0.023509103429874095,0.057706257160948876,0.12255483282716789,720,720,https://data-api.binance.vision,1
2026-10-09 07:08:18.914558,2026-10-08 09:00:00,JUP,0.3753,0.010274907257466319,0.023509103429874095,0.057716442916193024,0.123298798186679,720,720,https://data-api.binance.vision,1
2026-10-09 07:08:18.914558,2026-10-08 10:00:00,JUP,0.3797,0.010301078350482306,0.023509103429874095,0.05815175546253331,0.1233910181105836,720,720,https://data-api.binance.vision,1
2026-10-09 07:08:18.914558,2026-10-08 11:00:00,JUP,0.379,0.010301078350482306,0.023509103429874095,0.058491364140184014,0.12372547807372572,720,720,https://data-api.binance.vision,1
2026-10-09 07:08:18.914558,2026-10-08 12:00:00,JUP,0.37,0.010307388498016384,0.023665473387273015,0.05854853350374304,0.12432253468713303,720,720,https://data-api.binance.vision,1
2026-10-09 07:08:18.914558,2026-10-08 13:00:00,JUP,0.3613,0.010363876734346187,0.02380630908264958,0.05854853350374304,0.1245697656629302,720,720,https://data-api.binance.vision,1
2026-10-09 07:08:18.914558,2026-10-08 14:00:00,JUP,0.3662,0.010363876734346187,0.02380630908264958,0.05854853350374304,0.1246669587732909,720,720,https://data-api.binance.vision,1
2026-10-09 07:08:18.914558,2026-10-08 15:00:00,JUP,0.3596,0.010363876734346187,0.02380630908264958,0.05863352329348753,0.12504269921374966,720,720,https://data-api.binance.vision,1
2026-10-09 07:08:18.914558,2026-10-08 16:00:00,JUP,0.3476,0.010418469781195237,0.02403473615262919,0.058933161185401844,0.12504269921374966,720,720,https://data-api.binance.vision,1
2026-10-09 07:08:18.914558,2026-10-08 17:00:00,JUP,0.3422,0.01048546682370561,0.02403473615262919,0.05901995588473453,0.12504269921374966,720,720,https://data-api.binance.vision,1
2026-10-09 07:08:18.914558,2026-10-08 18:00:00,JUP,0.3322,0.010519654033164873,0.024078136738907272,0.05901995588473453,0.12504269921374966,720,720,https://data-api.binance.vision,1
2026-10-09 07:08:18.914558,2026-10-08 19:00:00,JUP,0.3452,0.010596668132055625,0.024394280132647553,0.05902529167087701,0.12504269921374966,720,720,https://data-api.binance.vision,1
2026-10-09 07:08:18.914558,2026-10-08 20:00:00,JUP,0.3363,0.010626908980100672,0.02527484989534887,0.05901995588473453,0.12504269921374966,720,720,https://data-api.binance.vision,1
2026-10-09 07:08:18.914558,2026-10-08 21:00:00,JUP,0.3427,0.010636237504842194,0.02527484989534887,0.05901995588473453,0.12504269921374966,720,720,https://data-api.binance.vision,1
2026-10-09 07:08:18.914558,2026-10-08 22:00:00,JUP,0.3406,0.010626908980100672,0.02527484989534887,0.05901995588473453,0.12504269921374966,720,720,https://data-api.binance.vision,1
2026-10-09 07:08:18.914558,2026-10-08 23:00:00,JUP,0.3383,0.010596668132055625,0.02527484989534887,0.05901995588473453,0.12504269921374966,720,720,https://data-api.binance.vision,1
2026-10-09 07:08:18.914558,2026-10-09 00:00:00,JUP,0.3361,0.010596668132055625,0.02527484989534887,0.05902529167087701,0.12504269921374966,720,720,https://data-api.binance.vision,1
2026-10-09 07:08:18.914558,2026-10-09 01:00:00,JUP,0.3368,0.010519654033164873,0.02527484989534887,0.05909438054432382,0.12504269921374966,720,720,https://data-api.binance.vision,1
2026-10-09 07:08:18.914558,2026-10-09 02:00:00,JUP,0.3427,0.010596668132055625,0.02527484989534887,0.05915792174804714,0.12504269921374966,720,720,https://data-api.binance.vision,1
2026-10-09 07:08:18.914558,2026-10-09 03:00:00,JUP,0.3498,0.010626908980100672,0.02527484989534887,0.05920272128603445,0.12504269921374966,720,720,https://data-api.binance.vision,1
2026-10-09 07:08:18.914558,2026-10-09 04:00:00,JUP,0.3499,0.010626908980100672,0.02527484989534887,0.059218305436157505,0.12504269921374966,720,720,https://data-api.binance.vision,1
2026-10-09 07:08:18.914558,2026-10-09 05:00:00,JUP,0.3522,0.010596668132055625,0.02527484989534887,0.059218305436157505,0.12504269921374966,720,720,https://data-api.binance.vision,1
2026-10-09 07:08:18.914558,2026-10-09 06:00:00,JUP,0.3592,0.010626908980100672,0.02527484989534887,0.059218305436157505,0.12504269921374966,720,720,https://data-api.binance.vision,1
2026-10-09 07:08:18.914558,2026-10-09 07:00:00,JUP,0.3621,0.010596668132055625,0.024394280132647553,0.059218305436157505,0.12504269921374966,720,720,https://data-api.binance.vision,0
2026-10-09 07:08:18.914558,2026-10-07 07:00:00,BONK,3.52e-06,0.008579836392066583,0.023301189018246755,0.05666276969139168,0.10640208359493367,720,720,https://data-api.binance.vision,1
2026-10-09 07:08:18.914558,2026-10-07 08:00:00,BONK,3.54e-06,0.008579836392066583,0.023301189018246755,0.056712722054417346,0.10640208359493367,720,720,https://data-api.binance.vision,1
2026-10-09 07:08:18.914558,2026-10-07 09:00:00,BONK,3.5e-06,0.008606404068984616,0.023301189018246755,0.05677169289326363,0.10640208359493367,720,720,https://data-api.binance.vision,1
2026-10-09 07:08:18.914558,2026-10-07 10:00:00,BONK,3.48e-06,0.008606404068984616,0.023301189018246755,0.05677169289326363,0.10640208359493367,720,720,https://data-api.binance.vision,1
2026-10-09 07:08:18.914558,2026-10-07 11:00:00,BONK,3.45e-06,0.008654087686593287,0.023301189018246755,0.0571278619969192,0.10640208359493367,720,720,https://data-api.binance.vision,1
2026-10-09 07:08:18.914558,2026-10-07 12:00:00,BONK,3.44e-06,0.008654087686593287,0.023301189018246755,0.057158413839948616,0.10640208359493367,720,720,https://data-api.binance.vision,1
2026-10-09 07:08:18.914558,2026-10-07 13:00:00,BONK,3.44e-06,0.008606404068984616,0.023301189018246755,0.05730197317549778,0.10640208359493367,720,720,https://data-api.binance.vision,1
2026-10-09 07:08:18.914558,2026-10-07 14:00:00,BONK,3.41e-06,0.008654087686593287,0.023301189018246755,0.05730197317549778,0.10640208359493367,720,720,https://data-api.binance.vision,1
2026-10-09 07:08:18.914558,2026-10-07 15:00:00,BONK,3.41e-06,0.008654087686593287,0.023301189018246755,0.05730197317549778,0.10640208359493367,720,720,https://data-api.binance.vision,1
2026-10-09 07:08:18.914558,2026-10-07 16:00:00,BONK,3.45e-06,0.008654087686593287,0.023301189018246755,0.05730197317549778,0.10640208359493367,720,720,https://data-api.binance.vision,1
2026-10-09 07:08:18.914558,2026-10-07 17:00:00,BONK,3.44e-06,0.008606404068984616,0.023301189018246755,0.05730197317549778,0.10625184624211109,720,720,https://data-api.binance.vision,1
2026-10-09 07:08:18.914558,2026-10-07 18:00:00,BONK,3.42e-06,0.008606404068984616,0.023301189018246755,0.05730197317549778,0.10625184624211109,720,720,https://data-api.binance.vision,1
2026-10-09 07:08:18.914558,2026-10-07 19:00:00,BONK,3.45e-06,0.008654087686593287,0.023301189018246755,0.05730197317549778,0.10625184624211109,720,720,https://data-api.binance.vision,1
2026-10-09 07:08:18.914558,2026-10-07 20:00:00,BONK,3.45e-06,0.008654087686593287,0.023301189018246755,0.05730197317549778,0.10625184624211109,720,720,https://data-api.binance.vision,1
2026-10-09 07:08:18.914558,2026-10-07 21:00:00,BONK,3.51e-06,0.008658062743114314,0.023301189018246755,0.057158413839948616,0.10625184624211109,720,720,https://data-api.binance.vision,1
2026-10-09 07:08:18.914558,2026-10-07 22:00:00,BONK,3.47e-06,0.008704306679889912,0.023301189018246755,0.057158413839948616,0.10625184624211109,720,720,https://data-api.binance.vision,1
2026-10-09 07:08:18.914558,2026-10-07 23:00:00,BONK,3.49e-06,0.008658062743114314,0.023301189018246755,0.0571278619969192,0.10625184624211109,720,720,https://data-api.binance.vision,1
2026-10-09 07:08:18.914558,2026-10-08 00:00:00,BONK,3.52e-06,0.008654087686593287,0.023301189018246755,0.05677169289326363,0.10625184624211109,720,720,https://data-api.binance.vision,1
2026-10-09 07:08:18.914558,2026-10-08 01:00:00,BONK,3.51e-06,0.008654087686593287,0.023301189018246755,0.056712722054417346,0.10625184624211109,720,720,https://data-api.binance.vision,1
2026-10-09 07:08:18.914558,2026-10-08 02:00:00,BONK,3.49e-06,0.008654087686593287,0.023301189018246755,0.056712722054417346,0.10625184624211109,720,720,https://data-api.binance.vision,1
2026-10-09 07:08:18.914558,2026-10-08 03:00:00,BONK,3.49e-06,0.008606404068984616,0.023301189018246755,0.056712722054417346,0.10625184624211109,720,720,https://data-api.binance.vision,1
2026-10-09 07:08:18.914558,2026-10-08 04:00:00,BONK,3.48e-06,0.008606404068984616,0.023301189018246755,0.056712722054417346,0.10625184624211109,720,720,https://data-api.binance.vision,1
2026-10-09 07:08:18.914558,2026-10-08 05:00:00,BONK,3.42e-06,0.008654087686593287,0.023301189018246755,0.056712722054417346,0.10625184624211109,720,720,https://data-api.binance.vision,1
2026-10-09 07:08:18.914558,2026-10-08 06:00:00,BONK,3.41e-06,0.008654087686593287,0.023301189018246755,0.056712722054417346,0.10625184624211109,720,720,https://data-api.binance.vision,1
2026-10-09 07:08:18.914558,2026-10-08 07:00:00,BONK,3.44e-06,0.008658062743114314,0.023301189018246755,0.056712722054417346,0.10625184624211109,720,720,https://data-api.binance.vision,1
2026-10-09 07:08:18.914558,2026-10-08 08:00:00,BONK,3.44e-06,0.008658062743114314,0.023301189018246755,0.056712722054417346,0.10625184624211109,720,720,https://data-api.binance.vision,1
2026-10-09 07:08:18.914558,2026-10-08 09:00:00,BONK,3.44e-06,0.008658062743114314,0.023301189018246755,0.056712722054417346,0.10625184624211109,720,720,https://data-api.binance.vision,1
2026-10-09 07:08:18.914558,2026-10-08 10:00:00,BONK,3.49e-06,0.008704306679889912,0.023301189018246755,0.056712722054417346,0.10625184624211109,720,720,https://data-api.binance.vision,1
2026-10-09 07:08:18.914558,2026-10-08 11:00:00,BONK,3.45e-06,0.00873165180259683,0.023301189018246755,0.056712722054417346,0.10625184624211109,720,720,https://data-api.binance.vision,1
2026-10-09 07:08:18.914558,2026-10-08 12:00:00,BONK,3.43e-06,0.008704306679889912,0.023301189018246755,0.056712722054417346,0.10625184624211109,720,720,https://data-api.binance.vision,1
2026-10-09 07:08:18.914558,2026-10-08 13:00:00,BONK,3.39e-06,0.00873165180259683,0.023301189018246755,0.056712722054417346,0.10625184624211109,720,720,https://data-api.binance.vision,1
2026-10-09 07:08:18.914558,2026-10-08 14:00:00,BONK,3.4e-06,0.008704306679889912,0.023301189018246755,0.056712722054417346,0.10625184624211109,720,720,https://data-api.binance.vision,1
2026-10-09 07:08:18.914558,2026-10-08 15:00:00,BONK,3.41e-06,0.008658062743114314,0.023301189018246755,0.056712722054417346,0.10625184624211109,720,720,https://data-api.binance.vision,1
2026-10-09 07:08:18.914558,2026-10-08 16:00:00,BONK,3.2e-06,0.008704306679889912,0.023410760687065223,0.05677169289326363,0.10625184624211109,720,720,https://data-api.binance.vision,1
2026-10-09 07:08:18.914558,2026-10-08 17:00:00,BONK,3.18e-06,0.008658062743114314,0.023410760687065223,0.0571278619969192,0.10625184624211109,720,720,https://data-api.binance.vision,1
2026-10-09 07:08:18.914558,2026-10-08 18:00:00,BONK,3.15e-06,0.008704306679889912,0.023410760687065223,0.057158413839948616,0.10625184624211109,720,720,https://data-api.binance.vision,1
2026-10-09 07:08:18.914558,2026-10-08 19:00:00,BONK,3.21e-06,0.00873165180259683,0.023410760687065223,0.05730197317549778,0.10625184624211109,720,720,https://data-api.binance.vision,1
2026-10-09 07:08:18.914558,2026-10-08 20:00:00,BONK,3.25e-06,0.008757140080191874,0.023410760687065223,0.0574732801719455,0.10625184624211109,720,720,https://data-api.binance.vision,1
2026-10-09 07:08:18.914558,2026-10-08 21:00:00,BONK,3.29e-06,0.00875918008988208,0.023410760687065223,0.057588659714084146,0.10625184624211109,720,720,https://data-api.binance.vision,1
2026-10-09 07:08:18.914558,2026-10-08 22:00:00,BONK,3.26e-06,0.008902868972506186,0.023410760687065223,0.057597491783336556,0.10625184624211109,720,720,https://data-api.binance.vision,1
2026-10-09 07:08:18.914558,2026-10-08 23:00:00,BONK,3.28e-06,0.008902868972506186,0.023410760687065223,0.05762658315237243,0.10625184624211109,720,720,https://data-api.binance.vision,1
2026-10-09 07:08:18.914558,2026-10-09 00:00:00,BONK,3.26e-06,0.008902868972506186,0.023410760687065223,0.05777505026966731,0.10625184624211109,720,720,https://data-api.binance.vision,1
2026-10-09 07:08:18.914558,2026-10-09 01:00:00,BONK,3.25e-06,0.008902868972506186,0.023410760687065223,0.058022919316420764,0.10625184624211109,720,720,https://data-api.binance.vision,1
2026-10-09 07:08:18.914558,2026-10-09 02:00:00,BONK,3.29e-06,0.008902868972506186,0.023410760687065223,0.05806216645037344,0.10625184624211109,720,720,https://data-api.binance.vision,1
2026-10-09 07:08:18.914558,2026-10-09 03:00:00,BONK,3.3e-06,0.008902868972506186,0.023410760687065223,0.05806216645037344,0.10625184624211109,720,720,https://data-api.binance.vision,1
2026-10-09 07:08:18.914558,2026-10-09 04:00:00,BONK,3.33e-06,0.009039077770960094,0.023410760687065223,0.05806216645037344,0.10625184624211109,720,720,https://data-api.binance.vision,1
2026-10-09 07:08:18.914558,2026-10-09 05:00:00,BONK,3.34e-06,0.008902868972506186,0.023410760687065223,0.05806216645037344,0.10625184624211109,720,720,https://data-api.binance.vision,1
2026-10-09 07:08:18.914558,2026-10-09 06:00:00,BONK,3.36e-06,0.008902868972506186,0.023410760687065223,0.05806216645037344,0.10625184624211109,720,720,https://data-api.binance.vision,1
2026-10-09 07:08:18.914558,2026-10-09 07:00:00,BONK,3.39e-06,0.00891325035869528,0.023410760687065223,0.05806216645037344,0.10625184624211109,720,720,https://data-api.binance.vision,0
2026-10-09 07:08:18.914558,2026-10-07 07:00:00,IMX,0.1779,0.008597427073899261,0.02111852071286686,0.044379653900652426,0.08576630701393986,720,720,https://data-api.binance.vision,1
2026-10-09 07:08:18.914558,2026-10-07 08:00:00,IMX,0.176,0.008662800040228147,0.02111852071286686,0.04438252727465229,0.08576630701393986,720,720,https://data-api.binance.vision,1
2026-10-09 07:08:18.914558,2026-10-07 09:00:00,IMX,0.1748,0.008597427073899261,0.02111852071286686,0.044446223747139274,0.08576630701393986,720,720,https://data-api.binance.vision,1
2026-10-09 07:08:18.914558,2026-10-07 10:00:00,IMX,0.1712,0.008662800040228147,0.02111852071286686,0.04470409389441231,0.08576630701393986,720,720,https://data-api.binance.vision,1
2026-10-09 07:08:18.914558,2026-10-07 11:00:00,IMX,0.1719,0.008662800040228147,0.02111852071286686,0.044748262994616206,0.08576630701393986,720,720,https://data-api.binance.vision,1
2026-10-09 07:08:18.914558,2026-10-07 12:00:00,IMX,0.173,0.008662800040228147,0.02111852071286686,0.04486498459437877,0.08576630701393986,720,720,https://data-api.binance.vision,1
2026-10-09 07:08:18.914558,2026-10-07 13:00:00,IMX,0.1714,0.008662800040228147,0.020883359533227775,0.04489724489639096,0.08576630701393986,720,720,https://data-api.binance.vision,1
2026-10-09 07:08:18.914558,2026-10-07 14:00:00,IMX,0.1715,0.008597427073899261,0.020883359533227775,0.04498043969803574,0.08576630701393986,720,720,https://data-api.binance.vision,1
2026-10-09 07:08:18.914558,2026-10-07 15:00:00,IMX,0.1717,0.008597427073899261,0.020883359533227775,0.045058440531645,0.08576630701393986,720,720,https://data-api.binance.vision,1
2026-10-09 07:08:18.914558,2026-10-07 16:00:00,IMX,0.1753,0.008597427073899261,0.02081307826235793,0.045058440531645,0.08576630701393986,720,720,https://data-api.binance.vision,1
2026-10-09 07:08:18.914558,2026-10-07 17:00:00,IMX,0.1733,0.008662800040228147,0.02081307826235793,0.045058440531645,0.08576630701393986,720,720,https://data-api.binance.vision,1
2026-10-09 07:08:18.914558,2026-10-07 18:00:00,IMX,0.1736,0.008662800040228147,0.02081307826235793,0.045058440531645,0.08576630701393986,720,720,https://data-api.binance.vision,1
2026-10-09 07:08:18.914558,2026-10-07 19:00:00,IMX,0.1729,0.008662800040228147,0.02081307826235793,0.045175121464591225,0.08576630701393986,720,720,https://data-api.binance.vision,1
2026-10-09 07:08:18.914558,2026-10-07 20:00:00,IMX,0.172,0.008662800040228147,0.02081307826235793,0.04540497360611156,0.08576630701393986,720,720,https://data-api.binance.vision,1
2026-10-09 07:08:18.914558,2026-10-07 21:00:00,IMX,0.1734,0.008662800040228147,0.02081307826235793,0.04547490856950067,0.08576630701393986,720,720,https://data-api.binance.vision,1
2026-10-09 07:08:18.914558,2026-10-07 22:00:00,IMX,0.1717,0.00869082121265791,0.02081307826235793,0.0455156620364223,0.0859410234648393,720,720,https://data-api.binance.vision,1
2026-10-09 07:08:18.914558,2026-10-07 23:00:00,IMX,0.1736,0.00869082121265791,0.02081307826235793,0.04574558047412401,0.08608932645170239,720,720,https://data-api.binance.vision,1
2026-10-09 07:08:18.914558,2026-10-08 00:00:00,IMX,0.1758,0.00869082121265791,0.02081307826235793,0.04578761486892929,0.08608932645170239,720,720,https://data-api.binance.vision,1
2026-10-09 07:08:18.914558,2026-10-08 01:00:00,IMX,0.1775,0.00869082121265791,0.02081307826235793,0.04586932753032101,0.08608932645170239,720,720,https://data-api.binance.vision,1
2026-10-09 07:08:18.914558,2026-10-08 02:00:00,IMX,0.1752,0.008698150912396682,0.02081307826235793,0.046073919763143255,0.08608932645170239,720,720,https://data-api.binance.vision,1
2026-10-09 07:08:18.914558,2026-10-08 03:00:00,IMX,0.176,0.008698150912396682,0.02081307826235793,0.046073919763143255,0.08608932645170239,720,720,https://data-api.binance.vision,1
2026-10-09 07:08:18.914558,2026-10-08 04:00:00,IMX,0.1746,0.008698150912396682,0.02081307826235793,0.046073919763143255,0.08608932645170239,720,720,https://data-api.binance.vision,1
2026-10-09 07:08:18.914558,2026-10-08 05:00:00,IMX,0.1738,0.008698150912396682,0.02081307826235793,0.046073919763143255,0.08608932645170239,720,720,https://data-api.binance.vision,1
2026-10-09 07:08:18.914558,2026-10-08 06:00:00,IMX,0.1716,0.008700289981984976,0.02081307826235793,0.046073919763143255,0.08608932645170239,720,720,https://data-api.binance.vision,1
2026-10-09 07:08:18.914558,2026-10-08 07:00:00,IMX,0.1731,0.008703047960016023,0.02081307826235793,0.046073919763143255,0.08608932645170239,720,720,https://data-api.binance.vision,1
2026-10-09 07:08:18.914558,2026-10-08 08:00:00,IMX,0.1737,0.008703047960016023,0.02081307826235793,0.046073919763143255,0.08608932645170239,720,720,https://data-api.binance.vision,1
2026-10-09 07:08:18.914558,2026-10-08 09:00:00,IMX,0.175,0.008703047960016023,0.02081307826235793,0.046073919763143255,0.08608932645170239,720,720,https://data-api.binance.vision,1
2026-10-09 07:08:18.914558,2026-10-08 10:00:00,IMX,0.1771,0.008740029098334521,0.02081307826235793,0.046073919763143255,0.08608932645170239,720,720,https://data-api.binance.vision,1
2026-10-09 07:08:18.914558,2026-10-08 11:00:00,IMX,0.1754,0.00876526309570937,0.02081307826235793,0.046073919763143255,0.08608932645170239,720,720,https://data-api.binance.vision,1
2026-10-09 07:08:18.914558,2026-10-08 12:00:00,IMX,0.1736,0.008792895292083705,0.02081307826235793,0.046073919763143255,0.08608932645170239,720,720,https://data-api.binance.vision,1
2026-10-09 07:08:18.914558,2026-10-08 13:00:00,IMX,0.1745,0.008792895292083705,0.02081307826235793,0.046073919763143255,0.08608932645170239,720,720,https://data-api.binance.vision,1
2026-10-09 07:08:18.914558,2026-10-08 14:00:00,IMX,0.1793,0.008792895292083705,0.020883359533227775,0.04586932753032101,0.08608932645170239,720,720,https://data-api.binance.vision,1
2026-10-09 07:08:18.914558,2026-10-08 15:00:00,IMX,0.1786,0.00876526309570937,0.020883359533227775,0.04586932753032101,0.08608932645170239,720,720,https://data-api.binance.vision,1
2026-10-09 07:08:18.914558,2026-10-08 16:00:00,IMX,0.1665,0.00876526309570937,0.02111852071286686,0.046073919763143255,0.08608932645170239,720,720,https://data-api.binance.vision,1
2026-10-09 07:08:18.914558,2026-10-08 17:00:00,IMX,0.1694,0.008792895292083705,0.02111852071286686,0.046073919763143255,0.08608932645170239,720,720,https://data-api.binance.vision,1
2026-10-09 07:08:18.914558,2026-10-08 18:00:00,IMX,0.1662,0.008792895292083705,0.02111852071286686,0.046073919763143255,0.08608932645170239,720,720,https://data-api.binance.vision,1
2026-10-09 07:08:18.914558,2026-10-08 19:00:00,IMX,0.1758,0.008792895292083705,0.021333812833922203,0.046073919763143255,0.08608932645170239,720,720,https://data-api.binance.vision,1
2026-10-09 07:08:18.914558,2026-10-08 20:00:00,IMX,0.1778,0.008815887526658824,0.021333812833922203,0.046073919763143255,0.08608932645170239,720,720,https://data-api.binance.vision,1
2026-10-09 07:08:18.914558,2026-10-08 21:00:00,IMX,0.1779,0.008815887526658824,0.021333812833922203,0.046073919763143255,0.08608932645170239,720,720,https://data-api.binance.vision,1
2026-10-09 07:08:18.914558,2026-10-08 22:00:00,IMX,0.1827,0.008821410055027323,0.021366295488976304,0.046238224814716504,0.08608932645170239,720,720,https://data-api.binance.vision,1
2026-10-09 07:08:18.914558,2026-10-08 23:00:00,IMX,0.1844,0.008830607487132386,0.021366295488976304,0.046442475092841315,0.08608932645170239,720,720,https://data-api.binance.vision,1
2026-10-09 07:08:18.914558,2026-10-09 00:00:00,IMX,0.1832,0.008830607487132386,0.021366295488976304,0.046442475092841315,0.08608932645170239,720,720,https://data-api.binance.vision,1
2026-10-09 07:08:18.914558,2026-10-09 01:00:00,IMX,0.1839,0.008830607487132386,0.021366295488976304,0.046442475092841315,0.08608932645170239,720,720,https://data-api.binance.vision,1
2026-10-09 07:08:18.914558,2026-10-09 02:00:00,IMX,0.1888,0.008839159975852945,0.02141061031718365,0.04651514426938658,0.08608932645170239,720,720,https://data-api.binance.vision,1
2026-10-09 07:08:18.914558,2026-10-09 03:00:00,IMX,0.188,0.008839159975852945,0.02141061031718365,0.04657781365595805,0.08608932645170239,720,720,https://data-api.binance.vision,1
2026-10-09 07:08:18.914558,2026-10-09 04:00:00,IMX,0.188,0.008839159975852945,0.02141061031718365,0.04670222017332959,0.08608932645170239,720,720,https://data-api.binance.vision,1
2026-10-09 07:08:18.914558,2026-10-09 05:00:00,IMX,0.1861,0.008839159975852945,0.02141061031718365,0.04678579667384109,0.08608932645170239,720,720,https://data-api.binance.vision,1
2026-10-09 07:08:18.914558,2026-10-09 06:00:00,IMX,0.1867,0.008839159975852945,0.02141061031718365,0.04679935811496632,0.08608932645170239,720,720,https://data-api.binance.vision,1
2026-10-09 07:08:18.914558,2026-10-09 07:00:00,IMX,0.1874,0.008839159975852945,0.02141061031718365,0.04684321414560449,0.08608932645170239,720,720,https://data-api.binance.vision,0
2026-10-09 07:08:18.914558,2026-10-07 07:00:00,GRT,0.02776,0.008942788539727716,0.02304626685619353,0.04820389211405457,0.11951891706727087,720,720,https://data-api.binance.vision,1
2026-10-09 07:08:18.914558,2026-10-07 08:00:00,GRT,0.02772,0.008942788539727716,0.02304626685619353,0.0482697976467699,0.11951891706727087,720,720,https://data-api.binance.vision,1
2026-10-09 07:08:18.914558,2026-10-07 09:00:00,GRT,0.02745,0.008984113857100944,0.02304626685619353,0.0482697976467699,0.11951891706727087,720,720,https://data-api.binance.vision,1
2026-10-09 07:08:18.914558,2026-10-07 10:00:00,GRT,0.02705,0.009021739953954847,0.02304626685619353,0.0482697976467699,0.11951891706727087,720,720,https://data-api.binance.vision,1
2026-10-09 07:08:18.914558,2026-10-07 11:00:00,GRT,0.0271,0.009021739953954847,0.02304626685619353,0.048297821087555835,0.11951891706727087,720,720,https://data-api.binance.vision,1
2026-10-09 07:08:18.914558,2026-10-07 12:00:00,GRT,0.02691,0.009021739953954847,0.02304626685619353,0.04836315667111962,0.11951891706727087,720,720,https://data-api.binance.vision,1
2026-10-09 07:08:18.914558,2026-10-07 13:00:00,GRT,0.02697,0.008984113857100944,0.02304626685619353,0.04875644446398015,0.11951891706727087,720,720,https://data-api.binance.vision,1
2026-10-09 07:08:18.914558,2026-10-07 14:00:00,GRT,0.02693,0.008984113857100944,0.02304626685619353,0.048815649286956,0.11951891706727087,720,720,https://data-api.binance.vision,1
2026-10-09 07:08:18.914558,2026-10-07 15:00:00,GRT,0.0271,0.008984113857100944,0.02304626685619353,0.04927951594912467,0.11951891706727087,720,720,https://data-api.binance.vision,1
2026-10-09 07:08:18.914558,2026-10-07 16:00:00,GRT,0.02747,0.008984113857100944,0.023024342055448965,0.049445040461098065,0.11951891706727087,720,720,https://data-api.binance.vision,1
2026-10-09 07:08:18.914558,2026-10-07 17:00:00,GRT,0.0275,0.008942788539727716,0.023024342055448965,0.049478128134733,0.11951891706727087,720,720,https://data-api.binance.vision,1
2026-10-09 07:08:18.914558,2026-10-07 18:00:00,GRT,0.02733,0.008942788539727716,0.023024342055448965,0.049888376726578386,0.11951891706727087,720,720,https://data-api.binance.vision,1
2026-10-09 07:08:18.914558,2026-10-07 19:00:00,GRT,0.02752,0.008942788539727716,0.023024342055448965,0.04999533786861935,0.11951891706727087,720,720,https://data-api.binance.vision,1
2026-10-09 07:08:18.914558,2026-10-07 20:00:00,GRT,0.02734,0.008942788539727716,0.023024342055448965,0.05008830321214778,0.11951891706727087,720,720,https://data-api.binance.vision,1
2026-10-09 07:08:18.914558,2026-10-07 21:00:00,GRT,0.02732,0.008942788539727716,0.023024342055448965,0.05026423279927851,0.11951891706727087,720,720,https://data-api.binance.vision,1
2026-10-09 07:08:18.914558,2026-10-07 22:00:00,GRT,0.02707,0.008984113857100944,0.023024342055448965,0.050293921214873166,0.11951891706727087,720,720,https://data-api.binance.vision,1
2026-10-09 07:08:18.914558,2026-10-07 23:00:00,GRT,0.02739,0.009021739953954847,0.023024342055448965,0.050531715195928834,0.11951891706727087,720,720,https://data-api.binance.vision,1
2026-10-09 07:08:18.914558,2026-10-08 00:00:00,GRT,0.02759,0.009021739953954847,0.023024342055448965,0.05080749484946245,0.11951891706727087,720,720,https://data-api.binance.vision,1
2026-10-09 07:08:18.914558,2026-10-08 01:00:00,GRT,0.02758,0.009021739953954847,0.023024342055448965,0.0508388776384858,0.11951891706727087,720,720,https://data-api.binance.vision,1
2026-10-09 07:08:18.914558,2026-10-08 02:00:00,GRT,0.02739,0.008984113857100944,0.023024342055448965,0.0508388776384858,0.11951891706727087,720,720,https://data-api.binance.vision,1
2026-10-09 07:08:18.914558,2026-10-08 03:00:00,GRT,0.02748,0.008984113857100944,0.023024342055448965,0.0508388776384858,0.11951891706727087,720,720,https://data-api.binance.vision,1
2026-10-09 07:08:18.914558,2026-10-08 04:00:00,GRT,0.02718,0.009021739953954847,0.023024342055448965,0.0508388776384858,0.11951891706727087,720,720,https://data-api.binance.vision,1
2026-10-09 07:08:18.914558,2026-10-08 05:00:00,GRT,0.02716,0.008984113857100944,0.023024342055448965,0.0508388776384858,0.11951891706727087,720,720,https://data-api.binance.vision,1
2026-10-09 07:08:18.914558,2026-10-08 06:00:00,GRT,0.02715,0.008984113857100944,0.023024342055448965,0.0508388776384858,0.11951891706727087,720,720,https://data-api.binance.vision,1
2026-10-09 07:08:18.914558,2026-10-08 07:00:00,GRT,0.02754,0.009021739953954847,0.023024342055448965,0.0508388776384858,0.11951891706727087,720,720,https://data-api.binance.vision,1
2026-10-09 07:08:18.914558,2026-10-08 08:00:00,GRT,0.02741,0.009021739953954847,0.023024342055448965,0.0508388776384858,0.11951891706727087,720,720,https://data-api.binance.vision,1
2026-10-09 07:08:18.914558,2026-10-08 09:00:00,GRT,0.0277,0.00902903061959602,0.023024342055448965,0.0508388776384858,0.11951891706727087,720,720,https://data-api.binance.vision,1
2026-10-09 07:08:18.914558,2026-10-08 10:00:00,GRT,0.02824,0.00902903061959602,0.023024342055448965,0.0508388776384858,0.11951891706727087,720,720,https://data-api.binance.vision,1
2026-10-09 07:08:18.914558,2026-10-08 11:00:00,GRT,0.02804,0.009021739953954847,0.023024342055448965,0.0508388776384858,0.11951891706727087,720,720,https://data-api.binance.vision,1
2026-10-09 07:08:18.914558,2026-10-08 12:00:00,GRT,0.028,0.009021739953954847,0.023024342055448965,0.0508388776384858,0.11951891706727087,720,720,https://data-api.binance.vision,1
2026-10-09 07:08:18.914558,2026-10-08 13:00:00,GRT,0.02785,0.009021739953954847,0.023024342055448965,0.0508388776384858,0.11951891706727087,720,720,https://data-api.binance.vision,1
2026-10-09 07:08:18.914558,2026-10-08 14:00:00,GRT,0.02806,0.008984113857100944,0.023024342055448965,0.0508388776384858,0.11951891706727087,720,720,https://data-api.binance.vision,1
2026-10-09 07:08:18.914558,2026-10-08 15:00:00,GRT,0.02804,0.008942788539727716,0.023024342055448965,0.0508388776384858,0.11951891706727087,720,720,https://data-api.binance.vision,1
2026-10-09 07:08:18.914558,2026-10-08 16:00:00,GRT,0.02594,0.008942788539727716,0.02304626685619353,0.05085274264129475,0.11951891706727087,720,720,https://data-api.binance.vision,1
2026-10-09 07:08:18.914558,2026-10-08 17:00:00,GRT,0.02574,0.00893107671492448,0.02304626685619353,0.05094838603058072,0.11951891706727087,720,720,https://data-api.binance.vision,1
2026-10-09 07:08:18.914558,2026-10-08 18:00:00,GRT,0.0255,0.008942788539727716,0.02304626685619353,0.05096873690101024,0.11951891706727087,720,720,https://data-api.binance.vision,1
2026-10-09 07:08:18.914558,2026-10-08 19:00:00,GRT,0.02591,0.008942788539727716,0.02304626685619353,0.05119187742843136,0.11951891706727087,720,720,https://data-api.binance.vision,1
2026-10-09 07:08:18.914558,2026-10-08 20:00:00,GRT,0.02598,0.008942788539727716,0.02304626685619353,0.051196199678179184,0.11951891706727087,720,720,https://data-api.binance.vision,1
2026-10-09 07:08:18.914558,2026-10-08 21:00:00,GRT,0.02635,0.008984113857100944,0.02304626685619353,0.051196199678179184,0.11951891706727087,720,720,https://data-api.binance.vision,1
2026-10-09 07:08:18.914558,2026-10-08 22:00:00,GRT,0.02593,0.009021739953954847,0.02304626685619353,0.051196199678179184,0.11951891706727087,720,720,https://data-api.binance.vision,1
2026-10-09 07:08:18.914558,2026-10-08 23:00:00,GRT,0.02614,0.009021739953954847,0.02304626685619353,0.051196199678179184,0.11951891706727087,720,720,https://data-api.binance.vision,1
2026-10-09 07:08:18.914558,2026-10-09 00:00:00,GRT,0.02599,0.009021739953954847,0.02304626685619353,0.05128672597340828,0.11951891706727087,720,720,https://data-api.binance.vision,1
2026-10-09 07:08:18.914558,2026-10-09 01:00:00,GRT,0.02602,0.009021739953954847,0.02304626685619353,0.051407309985171734,0.11951891706727087,720,720,https://data-api.binance.vision,1
2026-10-09 07:08:18.914558,2026-10-09 02:00:00,GRT,0.02627,0.00902903061959602,0.02304626685619353,0.051407309985171734,0.11951891706727087,720,720,https://data-api.binance.vision,1
2026-10-09 07:08:18.914558,2026-10-09 03:00:00,GRT,0.02631,0.00902903061959602,0.02304626685619353,0.051407309985171734,0.11951891706727087,720,720,https://data-api.binance.vision,1
2026-10-09 07:08:18.914558,2026-10-09 04:00:00,GRT,0.02658,0.009092387525675552,0.02304626685619353,0.051407309985171734,0.11951891706727087,720,720,https://data-api.binance.vision,1
2026-10-09 07:08:18.914558,2026-10-09 05:00:00,GRT,0.02656,0.00902903061959602,0.02304626685619353,0.051407309985171734,0.11951891706727087,720,720,https://data-api.binance.vision,1
2026-10-09 07:08:18.914558,2026-10-09 06:00:00,GRT,0.02692,0.009092387525675552,0.02304626685619353,0.051407309985171734,0.11951891706727087,720,720,https://data-api.binance.vision,1
2026-10-09 07:08:18.914558,2026-10-09 07:00:00,GRT,0.02689,0.009092387525675552,0.02304626685619353,0.051407309985171734,0.11951891706727087,720,720,https://data-api.binance.vision,0
2026-10-09 07:08:18.914558,2026-10-07 07:00:00,LDO,0.4364,0.008652340817313392,0.021236452868047297,0.04998330829384556,0.10809798407589205,720,720,https://data-api.binance.vision,1
2026-10-09 07:08:18.914558,2026-10-07 08:00:00,LDO,0.4388,0.008652340817313392,0.021236452868047297,0.05021019299411514,0.10809798407589205,720,720,https://data-api.binance.vision,1
2026-10-09 07:08:18.914558,2026-10-07 09:00:00,LDO,0.4342,0.008652340817313392,0.021236452868047297,0.050479480975780394,0.10809798407589205,720,720,https://data-api.binance.vision,1
2026-10-09 07:08:18.914558,2026-10-07 10:00:00,LDO,0.4323,0.008652340817313392,0.021236452868047297,0.05091959158501392,0.10809798407589205,720,720,https://data-api.binance.vision,1
2026-10-09 07:08:18.914558,2026-10-07 11:00:00,LDO,0.4306,0.008628121570049472,0.021236452868047297,0.0510415862345635,0.10809798407589205,720,720,https://data-api.binance.vision,1
2026-10-09 07:08:18.914558,2026-10-07 12:00:00,LDO,0.4287,0.008628121570049472,0.021236452868047297,0.05116451201695252,0.10809798407589205,720,720,https://data-api.binance.vision,1
2026-10-09 07:08:18.914558,2026-10-07 13:00:00,LDO,0.4287,0.00862292941211995,0.021236452868047297,0.05125910345349198,0.10809798407589205,720,720,https://data-api.binance.vision,1
2026-10-09 07:08:18.914558,2026-10-07 14:00:00,LDO,0.4309,0.008620096969053175,0.021236452868047297,0.051321055770662885,0.10809798407589205,720,720,https://data-api.binance.vision,1
2026-10-09 07:08:18.914558,2026-10-07 15:00:00,LDO,0.4266,0.00862292941211995,0.021236452868047297,0.05152560537854503,0.10809798407589205,720,720,https://data-api.binance.vision,1
2026-10-09 07:08:18.914558,2026-10-07 16:00:00,LDO,0.4277,0.008620096969053175,0.021131620362183006,0.05152560537854503,0.10809798407589205,720,720,https://data-api.binance.vision,1
2026-10-09 07:08:18.914558,2026-10-07 17:00:00,LDO,0.4315,0.00862292941211995,0.021131620362183006,0.05152560537854503,0.10809798407589205,720,720,https://data-api.binance.vision,1
2026-10-09 07:08:18.914558,2026-10-07 18:00:00,LDO,0.4329,0.00862292941211995,0.021131620362183006,0.05163497780168379,0.10809798407589205,720,720,https://data-api.binance.vision,1
2026-10-09 07:08:18.914558,2026-10-07 19:00:00,LDO,0.4329,0.00862292941211995,0.021131620362183006,0.051701617707597174,0.10809798407589205,720,720,https://data-api.binance.vision,1
2026-10-09 07:08:18.914558,2026-10-07 20:00:00,LDO,0.441,0.008628121570049472,0.021131620362183006,0.05214387584204533,0.10809798407589205,720,720,https://data-api.binance.vision,1
2026-10-09 07:08:18.914558,2026-10-07 21:00:00,LDO,0.449,0.008652340817313392,0.021131620362183006,0.05214387584204533,0.10809798407589205,720,720,https://data-api.binance.vision,1
2026-10-09 07:08:18.914558,2026-10-07 22:00:00,LDO,0.4406,0.008695882856065667,0.021131620362183006,0.05229542382600564,0.10809798407589205,720,720,https://data-api.binance.vision,1
2026-10-09 07:08:18.914558,2026-10-07 23:00:00,LDO,0.4497,0.008695882856065667,0.021131620362183006,0.05239467757583605,0.10809798407589205,720,720,https://data-api.binance.vision,1
2026-10-09 07:08:18.914558,2026-10-08 00:00:00,LDO,0.4593,0.00873972624022477,0.021131620362183006,0.05229542382600564,0.10809798407589205,720,720,https://data-api.binance.vision,1
2026-10-09 07:08:18.914558,2026-10-08 01:00:00,LDO,0.463,0.00873972624022477,0.021131620362183006,0.05229542382600564,0.10809798407589205,720,720,https://data-api.binance.vision,1
2026-10-09 07:08:18.914558,2026-10-08 02:00:00,LDO,0.465,0.00873972624022477,0.021131620362183006,0.05229542382600564,0.10809798407589205,720,720,https://data-api.binance.vision,1
2026-10-09 07:08:18.914558,2026-10-08 03:00:00,LDO,0.4702,0.00873972624022477,0.021131620362183006,0.05229542382600564,0.10809798407589205,720,720,https://data-api.binance.vision,1
2026-10-09 07:08:18.914558,2026-10-08 04:00:00,LDO,0.4602,0.008754285529541793,0.021236452868047297,0.05229542382600564,0.10809798407589205,720,720,https://data-api.binance.vision,1
2026-10-09 07:08:18.914558,2026-10-08 05:00:00,LDO,0.4566,0.008754285529541793,0.021236452868047297,0.05229542382600564,0.10809798407589205,720,720,https://data-api.binance.vision,1
2026-10-09 07:08:18.914558,2026-10-08 06:00:00,LDO,0.4507,0.00881269679494436,0.021236452868047297,0.05229542382600564,0.10809798407589205,720,720,https://data-api.binance.vision,1
2026-10-09 07:08:18.914558,2026-10-08 07:00:00,LDO,0.4526,0.00881269679494436,0.021236452868047297,0.05229542382600564,0.10809798407589205,720,720,https://data-api.binance.vision,1
2026-10-09 07:08:18.914558,2026-10-08 08:00:00,LDO,0.4449,0.008823817411070394,0.021236452868047297,0.05229542382600564,0.10809798407589205,720,720,https://data-api.binance.vision,1
2026-10-09 07:08:18.914558,2026-10-08 09:00:00,LDO,0.448,0.008823817411070394,0.021236452868047297,0.05229542382600564,0.10809798407589205,720,720,https://data-api.binance.vision,1
2026-10-09 07:08:18.914558,2026-10-08 10:00:00,LDO,0.4521,0.008823817411070394,0.021236452868047297,0.05229542382600564,0.10809798407589205,720,720,https://data-api.binance.vision,1
2026-10-09 07:08:18.914558,2026-10-08 11:00:00,LDO,0.4419,0.00884380366900995,0.021419227353789524,0.05229542382600564,0.10809798407589205,720,720,https://data-api.binance.vision,1
2026-10-09 07:08:18.914558,2026-10-08 12:00:00,LDO,0.4382,0.008823817411070394,0.021419227353789524,0.05229542382600564,0.10809798407589205,720,720,https://data-api.binance.vision,1
2026-10-09 07:08:18.914558,2026-10-08 13:00:00,LDO,0.4399,0.008823817411070394,0.021419227353789524,0.05214387584204533,0.10809798407589205,720,720,https://data-api.binance.vision,1
2026-10-09 07:08:18.914558,2026-10-08 14:00:00,LDO,0.4425,0.008823817411070394,0.021419227353789524,0.051701617707597174,0.10809798407589205,720,720,https://data-api.binance.vision,1
2026-10-09 07:08:18.914558,2026-10-08 15:00:00,LDO,0.4428,0.00881269679494436,0.021419227353789524,0.051701617707597174,0.10809798407589205,720,720,https://data-api.binance.vision,1
2026-10-09 07:08:18.914558,2026-10-08 16:00:00,LDO,0.4043,0.008823817411070394,0.021451819269772892,0.05214387584204533,0.10809798407589205,720,720,https://data-api.binance.vision,1
2026-10-09 07:08:18.914558,2026-10-08 17:00:00,LDO,0.4007,0.008823817411070394,0.021451819269772892,0.05229542382600564,0.10809798407589205,720,720,https://data-api.binance.vision,1
2026-10-09 07:08:18.914558,2026-10-08 18:00:00,LDO,0.3945,0.008823817411070394,0.021451819269772892,0.05239467757583605,0.10809798407589205,720,720,https://data-api.binance.vision,1
2026-10-09 07:08:18.914558,2026-10-08 19:00:00,LDO,0.4025,0.00884380366900995,0.021451819269772892,0.05256807516647976,0.10809798407589205,720,720,https://data-api.binance.vision,1
2026-10-09 07:08:18.914558,2026-10-08 20:00:00,LDO,0.4113,0.00884380366900995,0.021492020609563754,0.05286043313570239,0.10809798407589205,720,720,https://data-api.binance.vision,1
2026-10-09 07:08:18.914558,2026-10-08 21:00:00,LDO,0.4097,0.00884380366900995,0.021492020609563754,0.05303179776080793,0.10809798407589205,720,720,https://data-api.binance.vision,1
2026-10-09 07:08:18.914558,2026-10-08 22:00:00,LDO,0.4081,0.008843271059581595,0.021492020609563754,0.05331410816374313,0.10809798407589205,720,720,https://data-api.binance.vision,1
2026-10-09 07:08:18.914558,2026-10-08 23:00:00,LDO,0.409,0.00881269679494436,0.021492020609563754,0.0534252758584251,0.10809798407589205,720,720,https://data-api.binance.vision,1
2026-10-09 07:08:18.914558,2026-10-09 00:00:00,LDO,0.4056,0.00881269679494436,0.021492020609563754,0.05387414667307508,0.1082183237301763,720,720,https://data-api.binance.vision,1
2026-10-09 07:08:18.914558,2026-10-09 01:00:00,LDO,0.4069,0.00881269679494436,0.021492020609563754,0.05394403481458054,0.11001418334959708,720,720,https://data-api.binance.vision,1
2026-10-09 07:08:18.914558,2026-10-09 02:00:00,LDO,0.4158,0.008843271059581595,0.021503499498356504,0.054144865935283074,0.11091575440669846,720,720,https://data-api.binance.vision,1
2026-10-09 07:08:18.914558,2026-10-09 03:00:00,LDO,0.4174,0.008843271059581595,0.021503499498356504,0.054253941080716316,0.1111632635733598,720,720,https://data-api.binance.vision,1
2026-10-09 07:08:18.914558,2026-10-09 04:00:00,LDO,0.4325,0.008928096400597264,0.021628235479685707,0.05508362257232017,0.1111632635733598,720,720,https://data-api.binance.vision,1
2026-10-09 07:08:18.914558,2026-10-09 05:00:00,LDO,0.419,0.008928096400597264,0.021643211083513393,0.05528073428441643,0.1111632635733598,720,720,https://data-api.binance.vision,1
2026-10-09 07:08:18.914558,2026-10-09 06:00:00,LDO,0.4258,0.008928096400597264,0.021643211083513393,0.05529879232188198,0.1111632635733598,720,720,https://data-api.binance.vision,1
2026-10-09 07:08:18.914558,2026-10-09 07:00:00,LDO,0.4394,0.008943448612721117,0.021764756536710547,0.05529879232188198,0.1111632635733598,720,720,https://data-api.binance.vision,0
2026-10-09 07:08:18.914558,2026-10-07 07:00:00,CRV,0.353,0.009329708624084275,0.021355318765374824,0.03939350475323029,0.09521882701106152,720,720,https://data-api.binance.vision,1
2026-10-09 07:08:18.914558,2026-10-07 08:00:00,CRV,0.3548,0.00929120754236822,0.021355318765374824,0.03939350475323029,0.09521882701106152,720,720,https://data-api.binance.vision,1
2026-10-09 07:08:18.914558,2026-10-07 09:00:00,CRV,0.3508,0.00929120754236822,0.021355318765374824,0.03955310321413907,0.09521882701106152,720,720,https://data-api.binance.vision,1
2026-10-09 07:08:18.914558,2026-10-07 10:00:00,CRV,0.3494,0.00929120754236822,0.021355318765374824,0.039582734181359054,0.09521882701106152,720,720,https://data-api.binance.vision,1
2026-10-09 07:08:18.914558,2026-10-07 11:00:00,CRV,0.3508,0.00929120754236822,0.021355318765374824,0.039664760520691664,0.09521882701106152,720,720,https://data-api.binance.vision,1
2026-10-09 07:08:18.914558,2026-10-07 12:00:00,CRV,0.3481,0.00929120754236822,0.021355318765374824,0.04004011004817148,0.09521882701106152,720,720,https://data-api.binance.vision,1
2026-10-09 07:08:18.914558,2026-10-07 13:00:00,CRV,0.3509,0.009268677199422974,0.021355318765374824,0.04020491080996191,0.09521882701106152,720,720,https://data-api.binance.vision,1
2026-10-09 07:08:18.914558,2026-10-07 14:00:00,CRV,0.3517,0.009268677199422974,0.021355318765374824,0.04020491080996191,0.09521882701106152,720,720,https://data-api.binance.vision,1
2026-10-09 07:08:18.914558,2026-10-07 15:00:00,CRV,0.3481,0.00929120754236822,0.021355318765374824,0.04022789365735244,0.09521882701106152,720,720,https://data-api.binance.vision,1
2026-10-09 07:08:18.914558,2026-10-07 16:00:00,CRV,0.3539,0.00929120754236822,0.021355318765374824,0.04022789365735244,0.09521882701106152,720,720,https://data-api.binance.vision,1
2026-10-09 07:08:18.914558,2026-10-07 17:00:00,CRV,0.3499,0.009329708624084275,0.021355318765374824,0.04022789365735244,0.09521882701106152,720,720,https://data-api.binance.vision,1
2026-10-09 07:08:18.914558,2026-10-07 18:00:00,CRV,0.3505,0.009329708624084275,0.021355318765374824,0.04022789365735244,0.09521882701106152,720,720,https://data-api.binance.vision,1
2026-10-09 07:08:18.914558,2026-10-07 19:00:00,CRV,0.3546,0.009423667492559271,0.021355318765374824,0.04022789365735244,0.09521882701106152,720,720,https://data-api.binance.vision,1
2026-10-09 07:08:18.914558,2026-10-07 20:00:00,CRV,0.3551,0.009423667492559271,0.021355318765374824,0.04022789365735244,0.09521882701106152,720,720,https://data-api.binance.vision,1
2026-10-09 07:08:18.914558,2026-10-07 21:00:00,CRV,0.3592,0.009441517689304062,0.021355318765374824,0.04022789365735244,0.09521882701106152,720,720,https://data-api.binance.vision,1
2026-10-09 07:08:18.914558,2026-10-07 22:00:00,CRV,0.3572,0.009441517689304062,0.021355318765374824,0.04022789365735244,0.09521882701106152,720,720,https://data-api.binance.vision,1
2026-10-09 07:08:18.914558,2026-10-07 23:00:00,CRV,0.3727,0.009441517689304062,0.021513713368811603,0.04022789365735244,0.09521882701106152,720,720,https://data-api.binance.vision,1
2026-10-09 07:08:18.914558,2026-10-08 00:00:00,CRV,0.3815,0.009483841768937157,0.021780361018752095,0.04025948671281935,0.09521882701106152,720,720,https://data-api.binance.vision,1
2026-10-09 07:08:18.914558,2026-10-08 01:00:00,CRV,0.3912,0.009541279810361153,0.021948750403497055,0.04035500353072376,0.09521882701106152,720,720,https://data-api.binance.vision,1
2026-10-09 07:08:18.914558,2026-10-08 02:00:00,CRV,0.3863,0.009557953862031288,0.021948750403497055,0.04035500353072376,0.09521882701106152,720,720,https://data-api.binance.vision,1
2026-10-09 07:08:18.914558,2026-10-08 03:00:00,CRV,0.396,0.009557953862031288,0.022131081824583232,0.04035500353072376,0.09521882701106152,720,720,https://data-api.binance.vision,1
2026-10-09 07:08:18.914558,2026-10-08 04:00:00,CRV,0.3932,0.009557953862031288,0.022131081824583232,0.04035500353072376,0.09549345922806428,720,720,https://data-api.binance.vision,1
2026-10-09 07:08:18.914558,2026-10-08 05:00:00,CRV,0.3905,0.009557953862031288,0.022131081824583232,0.04035500353072376,0.0955887014740119,720,720,https://data-api.binance.vision,1
2026-10-09 07:08:18.914558,2026-10-08 06:00:00,CRV,0.3839,0.009618453509236364,0.022131081824583232,0.04035500353072376,0.0955887014740119,720,720,https://data-api.binance.vision,1
2026-10-09 07:08:18.914558,2026-10-08 07:00:00,CRV,0.392,0.00962409357348438,0.022131081824583232,0.04035500353072376,0.09599057014260125,720,720,https://data-api.binance.vision,1
2026-10-09 07:08:18.914558,2026-10-08 08:00:00,CRV,0.3898,0.00962409357348438,0.022131081824583232,0.040372707634704096,0.09599057014260125,720,720,https://data-api.binance.vision,1
2026-10-09 07:08:18.914558,2026-10-08 09:00:00,CRV,0.3894,0.00962409357348438,0.022131081824583232,0.040372707634704096,0.09740710791628254,720,720,https://data-api.binance.vision,1
2026-10-09 07:08:18.914558,2026-10-08 10:00:00,CRV,0.3888,0.00962409357348438,0.022131081824583232,0.040372707634704096,0.09758851280030315,720,720,https://data-api.binance.vision,1
2026-10-09 07:08:18.914558,2026-10-08 11:00:00,CRV,0.3855,0.00962409357348438,0.022131081824583232,0.040372707634704096,0.09758851280030315,720,720,https://data-api.binance.vision,1
2026-10-09 07:08:18.914558,2026-10-08 12:00:00,CRV,0.3852,0.009618453509236364,0.022131081824583232,0.040372707634704096,0.09944896819767639,720,720,https://data-api.binance.vision,1
2026-10-09 07:08:18.914558,2026-10-08 13:00:00,CRV,0.373,0.00962409357348438,0.0223714125300108,0.040372707634704096,0.09944896819767639,720,720,https://data-api.binance.vision,1
2026-10-09 07:08:18.914558,2026-10-08 14:00:00,CRV,0.3761,0.00962409357348438,0.0223714125300108,0.040372707634704096,0.09944896819767639,720,720,https://data-api.binance.vision,1
2026-10-09 07:08:18.914558,2026-10-08 15:00:00,CRV,0.3709,0.00962409357348438,0.0223714125300108,0.04049311415837358,0.09944896819767639,720,720,https://data-api.binance.vision,1
2026-10-09 07:08:18.914558,2026-10-08 16:00:00,CRV,0.3399,0.00962409357348438,0.022486378566099252,0.04049311415837358,0.09944896819767639,720,720,https://data-api.binance.vision,1
2026-10-09 07:08:18.914558,2026-10-08 17:00:00,CRV,0.3334,0.00962409357348438,0.022486378566099252,0.04057443751188132,0.09944896819767639,720,720,https://data-api.binance.vision,1
2026-10-09 07:08:18.914558,2026-10-08 18:00:00,CRV,0.3302,0.00962409357348438,0.022486378566099252,0.040648952887350785,0.09944896819767639,720,720,https://data-api.binance.vision,1
2026-10-09 07:08:18.914558,2026-10-08 19:00:00,CRV,0.3372,0.009642814479024082,0.022486378566099252,0.040648952887350785,0.09944896819767639,720,720,https://data-api.binance.vision,1
2026-10-09 07:08:18.914558,2026-10-08 20:00:00,CRV,0.3385,0.00962409357348438,0.022486378566099252,0.04065791815916313,0.09944896819767639,720,720,https://data-api.binance.vision,1
2026-10-09 07:08:18.914558,2026-10-08 21:00:00,CRV,0.3391,0.00962409357348438,0.022486378566099252,0.04070769230096423,0.09944896819767639,720,720,https://data-api.binance.vision,1
2026-10-09 07:08:18.914558,2026-10-08 22:00:00,CRV,0.3362,0.00962409357348438,0.022486378566099252,0.04076075668354844,0.09944896819767639,720,720,https://data-api.binance.vision,1
2026-10-09 07:08:18.914558,2026-10-08 23:00:00,CRV,0.337,0.00962409357348438,0.022486378566099252,0.0408776618478498,0.0998067023206835,720,720,https://data-api.binance.vision,1
2026-10-09 07:08:18.914558,2026-10-09 00:00:00,CRV,0.3358,0.00962409357348438,0.022486378566099252,0.04094809562723324,0.10071997658153721,720,720,https://data-api.binance.vision,1
2026-10-09 07:08:18.914558,2026-10-09 01:00:00,CRV,0.335,0.00962409357348438,0.022486378566099252,0.040972417744886684,0.10137067951213008,720,720,https://data-api.binance.vision,1
2026-10-09 07:08:18.914558,2026-10-09 02:00:00,CRV,0.3379,0.00962409357348438,0.022486378566099252,0.0410006616650747,0.10328687617875669,720,720,https://data-api.binance.vision,1
2026-10-09 07:08:18.914558,2026-10-09 03:00:00,CRV,0.3385,0.00962409357348438,0.022486378566099252,0.04119450277233005,0.10439644108025269,720,720,https://data-api.binance.vision,1
2026-10-09 07:08:18.914558,2026-10-09 04:00:00,CRV,0.3446,0.009642814479024082,0.022486378566099252,0.04127903073944369,0.10451754412437053,720,720,https://data-api.binance.vision,1
2026-10-09 07:08:18.914558,2026-10-09 05:00:00,CRV,0.3438,0.00962409357348438,0.022486378566099252,0.04130848347413681,0.10481929376038719,720,720,https://data-api.binance.vision,1
2026-10-09 07:08:18.914558,2026-10-09 06:00:00,CRV,0.344,0.00962409357348438,0.022486378566099252,0.04138263080342533,0.10538118461983034,720,720,https://data-api.binance.vision,1
2026-10-09 07:08:18.914558,2026-10-09 07:00:00,CRV,0.3448,0.00962409357348438,0.022486378566099252,0.04164999271412721,0.10693439902464008,720,720,https://data-api.binance.vision,0
2026-10-09 07:08:18.914558,2026-10-07 07:00:00,WIF,0.233,0.009078306766689234,0.022973603077098215,0.0449186898637262,0.11908756296611903,720,720,https://data-api.binance.vision,1
2026-10-09 07:08:18.914558,2026-10-07 08:00:00,WIF,0.2343,0.009078306766689234,0.022973603077098215,0.045033122891070844,0.11908756296611903,720,720,https://data-api.binance.vision,1
2026-10-09 07:08:18.914558,2026-10-07 09:00:00,WIF,0.2315,0.009078306766689234,0.022973603077098215,0.045062880001219115,0.11908756296611903,720,720,https://data-api.binance.vision,1
2026-10-09 07:08:18.914558,2026-10-07 10:00:00,WIF,0.2304,0.009078306766689234,0.022973603077098215,0.0450809182039289,0.11908756296611903,720,720,https://data-api.binance.vision,1
2026-10-09 07:08:18.914558,2026-10-07 11:00:00,WIF,0.2309,0.009016004941496646,0.022973603077098215,0.04536534724387424,0.11908756296611903,720,720,https://data-api.binance.vision,1
2026-10-09 07:08:18.914558,2026-10-07 12:00:00,WIF,0.229,0.009016004941496646,0.022973603077098215,0.04561998412946709,0.11908756296611903,720,720,https://data-api.binance.vision,1
2026-10-09 07:08:18.914558,2026-10-07 13:00:00,WIF,0.2289,0.009008978862555184,0.022973603077098215,0.04561998412946709,0.11908756296611903,720,720,https://data-api.binance.vision,1
2026-10-09 07:08:18.914558,2026-10-07 14:00:00,WIF,0.229,0.00898510455938638,0.022926589028097986,0.04588812411966173,0.11908756296611903,720,720,https://data-api.binance.vision,1
2026-10-09 07:08:18.914558,2026-10-07 15:00:00,WIF,0.2279,0.00898510455938638,0.022926589028097986,0.04616956762358739,0.11908756296611903,720,720,https://data-api.binance.vision,1
2026-10-09 07:08:18.914558,2026-10-07 16:00:00,WIF,0.2295,0.008955930988996066,0.022311860061632986,0.04622874189509811,0.11908756296611903,720,720,https://data-api.binance.vision,1
2026-10-09 07:08:18.914558,2026-10-07 17:00:00,WIF,0.2285,0.008952861713466103,0.022311860061632986,0.046280828163659755,0.11908756296611903,720,720,https://data-api.binance.vision,1
2026-10-09 07:08:18.914558,2026-10-07 18:00:00,WIF,0.2286,0.008952861713466103,0.022311860061632986,0.04634036762851394,0.11908756296611903,720,720,https://data-api.binance.vision,1
2026-10-09 07:08:18.914558,2026-10-07 19:00:00,WIF,0.2293,0.008952861713466103,0.022311860061632986,0.04652291083588833,0.11908756296611903,720,720,https://data-api.binance.vision,1
2026-10-09 07:08:18.914558,2026-10-07 20:00:00,WIF,0.2287,0.008923614082228503,0.022311860061632986,0.04683703846939125,0.11908756296611903,720,720,https://data-api.binance.vision,1
2026-10-09 07:08:18.914558,2026-10-07 21:00:00,WIF,0.2303,0.008923614082228503,0.022311860061632986,0.0469699347776404,0.11908756296611903,720,720,https://data-api.binance.vision,1
2026-10-09 07:08:18.914558,2026-10-07 22:00:00,WIF,0.229,0.008923614082228503,0.022311860061632986,0.04711619356767912,0.11908756296611903,720,720,https://data-api.binance.vision,1
2026-10-09 07:08:18.914558,2026-10-07 23:00:00,WIF,0.2303,0.008923614082228503,0.022311860061632986,0.047167582003901226,0.11908756296611903,720,720,https://data-api.binance.vision,1
2026-10-09 07:08:18.914558,2026-10-08 00:00:00,WIF,0.2318,0.008923614082228503,0.022311860061632986,0.047216835313956165,0.11908756296611903,720,720,https://data-api.binance.vision,1
2026-10-09 07:08:18.914558,2026-10-08 01:00:00,WIF,0.2325,0.008923614082228503,0.022311860061632986,0.04743372052906559,0.11908756296611903,720,720,https://data-api.binance.vision,1
2026-10-09 07:08:18.914558,2026-10-08 02:00:00,WIF,0.2309,0.008923614082228503,0.022311860061632986,0.04743372052906559,0.11908756296611903,720,720,https://data-api.binance.vision,1
2026-10-09 07:08:18.914558,2026-10-08 03:00:00,WIF,0.2294,0.008904653733183788,0.022311860061632986,0.04743372052906559,0.11908756296611903,720,720,https://data-api.binance.vision,1
2026-10-09 07:08:18.914558,2026-10-08 04:00:00,WIF,0.228,0.008904653733183788,0.022311860061632986,0.04743372052906559,0.11908756296611903,720,720,https://data-api.binance.vision,1
2026-10-09 07:08:18.914558,2026-10-08 05:00:00,WIF,0.2253,0.008904653733183788,0.022311860061632986,0.04743372052906559,0.11908756296611903,720,720,https://data-api.binance.vision,1
2026-10-09 07:08:18.914558,2026-10-08 06:00:00,WIF,0.2242,0.008904653733183788,0.022311860061632986,0.04743372052906559,0.11908756296611903,720,720,https://data-api.binance.vision,1
2026-10-09 07:08:18.914558,2026-10-08 07:00:00,WIF,0.2256,0.008904653733183788,0.022311860061632986,0.04743372052906559,0.11908756296611903,720,720,https://data-api.binance.vision,1
2026-10-09 07:08:18.914558,2026-10-08 08:00:00,WIF,0.2248,0.008904653733183788,0.022311860061632986,0.04743372052906559,0.11908756296611903,720,720,https://data-api.binance.vision,1
2026-10-09 07:08:18.914558,2026-10-08 09:00:00,WIF,0.225,0.008870975420732998,0.022311860061632986,0.04743372052906559,0.11908756296611903,720,720,https://data-api.binance.vision,1
2026-10-09 07:08:18.914558,2026-10-08 10:00:00,WIF,0.2264,0.008870975420732998,0.022311860061632986,0.04743372052906559,0.11908756296611903,720,720,https://data-api.binance.vision,1
2026-10-09 07:08:18.914558,2026-10-08 11:00:00,WIF,0.2242,0.008904653733183788,0.022311860061632986,0.04743372052906559,0.11908756296611903,720,720,https://data-api.binance.vision,1
2026-10-09 07:08:18.914558,2026-10-08 12:00:00,WIF,0.2228,0.008870975420732998,0.022311860061632986,0.04743372052906559,0.11908756296611903,720,720,https://data-api.binance.vision,1
2026-10-09 07:08:18.914558,2026-10-08 13:00:00,WIF,0.2211,0.008870975420732998,0.022311860061632986,0.04743372052906559,0.11908756296611903,720,720,https://data-api.binance.vision,1
2026-10-09 07:08:18.914558,2026-10-08 14:00:00,WIF,0.2215,0.008870975420732998,0.022311860061632986,0.04743372052906559,0.11908756296611903,720,720,https://data-api.binance.vision,1
2026-10-09 07:08:18.914558,2026-10-08 15:00:00,WIF,0.2213,0.008870159159386245,0.022311860061632986,0.04743372052906559,0.11908756296611903,720,720,https://data-api.binance.vision,1
2026-10-09 07:08:18.914558,2026-10-08 16:00:00,WIF,0.208,0.008870159159386245,0.022926589028097986,0.047509864250523726,0.11908756296611903,720,720,https://data-api.binance.vision,1
2026-10-09 07:08:18.914558,2026-10-08 17:00:00,WIF,0.2052,0.008870975420732998,0.022926589028097986,0.04755646396639606,0.11908756296611903,720,720,https://data-api.binance.vision,1
2026-10-09 07:08:18.914558,2026-10-08 18:00:00,WIF,0.2025,0.008870975420732998,0.022926589028097986,0.0476885279047185,0.11943647024796256,720,720,https://data-api.binance.vision,1
2026-10-09 07:08:18.914558,2026-10-08 19:00:00,WIF,0.2064,0.008870975420732998,0.022926589028097986,0.047742014022753666,0.11943647024796256,720,720,https://data-api.binance.vision,1
2026-10-09 07:08:18.914558,2026-10-08 20:00:00,WIF,0.2086,0.008904653733183788,0.022926589028097986,0.047963772421360816,0.11943647024796256,720,720,https://data-api.binance.vision,1
2026-10-09 07:08:18.914558,2026-10-08 21:00:00,WIF,0.2102,0.008870975420732998,0.022926589028097986,0.048049988624449785,0.11943647024796256,720,720,https://data-api.binance.vision,1
2026-10-09 07:08:18.914558,2026-10-08 22:00:00,WIF,0.2086,0.008870975420732998,0.022926589028097986,0.04808375867002358,0.11943647024796256,720,720,https://data-api.binance.vision,1
2026-10-09 07:08:18.914558,2026-10-08 23:00:00,WIF,0.2086,0.008870975420732998,0.022926589028097986,0.04813248962791659,0.11943647024796256,720,720,https://data-api.binance.vision,1
2026-10-09 07:08:18.914558,2026-10-09 00:00:00,WIF,0.2073,0.008870975420732998,0.022926589028097986,0.048148317663559204,0.11943647024796256,720,720,https://data-api.binance.vision,1
2026-10-09 07:08:18.914558,2026-10-09 01:00:00,WIF,0.2087,0.008870975420732998,0.022926589028097986,0.04818697580031339,0.11943647024796256,720,720,https://data-api.binance.vision,1
2026-10-09 07:08:18.914558,2026-10-09 02:00:00,WIF,0.2105,0.008870975420732998,0.022926589028097986,0.04823936466092805,0.11943647024796256,720,720,https://data-api.binance.vision,1
2026-10-09 07:08:18.914558,2026-10-09 03:00:00,WIF,0.2112,0.008870159159386245,0.022926589028097986,0.04826893005017958,0.11943647024796256,720,720,https://data-api.binance.vision,1
2026-10-09 07:08:18.914558,2026-10-09 04:00:00,WIF,0.2122,0.008870159159386245,0.022926589028097986,0.04903618633208364,0.11943647024796256,720,720,https://data-api.binance.vision,1
2026-10-09 07:08:18.914558,2026-10-09 05:00:00,WIF,0.2123,0.008867164465290936,0.022926589028097986,0.04963600720226755,0.11943647024796256,720,720,https://data-api.binance.vision,1
2026-10-09 07:08:18.914558,2026-10-09 06:00:00,WIF,0.2148,0.008870159159386245,0.022926589028097986,0.04963600720226755,0.11943647024796256,720,720,https://data-api.binance.vision,1
2026-10-09 07:08:18.914558,2026-10-09 07:00:00,WIF,0.2152,0.008870159159386245,0.022926589028097986,0.04963600720226755,0.11943647024796256,720,720,https://data-api.binance.vision,0
2026-10-09 07:08:18.914558,2026-10-07 07:00:00,ZEC,1322.39,0.009371115969835132,0.023728090120261624,0.057613667182674605,0.11510953009746916,720,720,https://data-api.binance.vision,1
2026-10-09 07:08:18.914558,2026-10-07 08:00:00,ZEC,1324.36,0.009297591877965986,0.023728090120261624,0.057613667182674605,0.11510953009746916,720,720,https://data-api.binance.vision,1
2026-10-09 07:08:18.914558,2026-10-07 09:00:00,ZEC,1317.99,0.009297591877965986,0.023728090120261624,0.057613667182674605,0.11510953009746916,720,720,https://data-api.binance.vision,1
2026-10-09 07:08:18.914558,2026-10-07 10:00:00,ZEC,1319.89,0.009297591877965986,0.023728090120261624,0.057613667182674605,0.11510953009746916,720,720,https://data-api.binance.vision,1
2026-10-09 07:08:18.914558,2026-10-07 11:00:00,ZEC,1305.93,0.009297591877965986,0.023728090120261624,0.057613667182674605,0.11510953009746916,720,720,https://data-api.binance.vision,1
2026-10-09 07:08:18.914558,2026-10-07 12:00:00,ZEC,1302.03,0.009231511118963667,0.023728090120261624,0.057613667182674605,0.11510953009746916,720,720,https://data-api.binance.vision,1
2026-10-09 07:08:18.914558,2026-10-07 13:00:00,ZEC,1318.25,0.009297591877965986,0.023728090120261624,0.057613667182674605,0.11510953009746916,720,720,https://data-api.binance.vision,1
2026-10-09 07:08:18.914558,2026-10-07 14:00:00,ZEC,1326.92,0.009231511118963667,0.023728090120261624,0.057613667182674605,0.11510953009746916,720,720,https://data-api.binance.vision,1
2026-10-09 07:08:18.914558,2026-10-07 15:00:00,ZEC,1319.2,0.009231511118963667,0.023728090120261624,0.057613667182674605,0.11510953009746916,720,720,https://data-api.binance.vision,1
2026-10-09 07:08:18.914558,2026-10-07 16:00:00,ZEC,1327.35,0.009207169926502275,0.023609971026662794,0.057613667182674605,0.11510953009746916,720,720,https://data-api.binance.vision,1
2026-10-09 07:08:18.914558,2026-10-07 17:00:00,ZEC,1317.16,0.009191173988912915,0.023609971026662794,0.057613667182674605,0.11510953009746916,720,720,https://data-api.binance.vision,1
2026-10-09 07:08:18.914558,2026-10-07 18:00:00,ZEC,1307.91,0.009191173988912915,0.023609971026662794,0.057613667182674605,0.11510953009746916,720,720,https://data-api.binance.vision,1
2026-10-09 07:08:18.914558,2026-10-07 19:00:00,ZEC,1324.31,0.009191173988912915,0.023609971026662794,0.05750196600708836,0.11510953009746916,720,720,https://data-api.binance.vision,1
2026-10-09 07:08:18.914558,2026-10-07 20:00:00,ZEC,1328.53,0.009191173988912915,0.023609971026662794,0.05750196600708836,0.11510953009746916,720,720,https://data-api.binance.vision,1
2026-10-09 07:08:18.914558,2026-10-07 21:00:00,ZEC,1323.68,0.009191173988912915,0.023609971026662794,0.057257093194563756,0.11510953009746916,720,720,https://data-api.binance.vision,1
2026-10-09 07:08:18.914558,2026-10-07 22:00:00,ZEC,1315.1,0.009191173988912915,0.023609971026662794,0.05649350773882751,0.11510953009746916,720,720,https://data-api.binance.vision,1
2026-10-09 07:08:18.914558,2026-10-07 23:00:00,ZEC,1329.15,0.009191173988912915,0.023609971026662794,0.05644555178938511,0.11510953009746916,720,720,https://data-api.binance.vision,1
2026-10-09 07:08:18.914558,2026-10-08 00:00:00,ZEC,1327.98,0.009191173988912915,0.023609971026662794,0.056279962116539996,0.11510953009746916,720,720,https://data-api.binance.vision,1
2026-10-09 07:08:18.914558,2026-10-08 01:00:00,ZEC,1325.49,0.009191173988912915,0.023609971026662794,0.056279962116539996,0.11510953009746916,720,720,https://data-api.binance.vision,1
2026-10-09 07:08:18.914558,2026-10-08 02:00:00,ZEC,1322.39,0.009167408360454168,0.023609971026662794,0.056279962116539996,0.11510953009746916,720,720,https://data-api.binance.vision,1
2026-10-09 07:08:18.914558,2026-10-08 03:00:00,ZEC,1317.82,0.009144751133088427,0.023609971026662794,0.056279962116539996,0.11510953009746916,720,720,https://data-api.binance.vision,1
2026-10-09 07:08:18.914558,2026-10-08 04:00:00,ZEC,1297.59,0.009167408360454168,0.023609971026662794,0.056279962116539996,0.11510953009746916,720,720,https://data-api.binance.vision,1
2026-10-09 07:08:18.914558,2026-10-08 05:00:00,ZEC,1241.83,0.009167408360454168,0.023787629246708495,0.056279962116539996,0.11510953009746916,720,720,https://data-api.binance.vision,1
2026-10-09 07:08:18.914558,2026-10-08 06:00:00,ZEC,1238.64,0.009167408360454168,0.023787629246708495,0.056279962116539996,0.11510953009746916,720,720,https://data-api.binance.vision,1
2026-10-09 07:08:18.914558,2026-10-08 07:00:00,ZEC,1242.59,0.009167408360454168,0.023787629246708495,0.056279962116539996,0.11510953009746916,720,720,https://data-api.binance.vision,1
2026-10-09 07:08:18.914558,2026-10-08 08:00:00,ZEC,1239.43,0.009167408360454168,0.023787629246708495,0.05644555178938511,0.11510953009746916,720,720,https://data-api.binance.vision,1
2026-10-09 07:08:18.914558,2026-10-08 09:00:00,ZEC,1235.36,0.009167408360454168,0.023787629246708495,0.05649350773882751,0.11510953009746916,720,720,https://data-api.binance.vision,1
2026-10-09 07:08:18.914558,2026-10-08 10:00:00,ZEC,1226.99,0.009144751133088427,0.023787629246708495,0.05691734992385591,0.11510953009746916,720,720,https://data-api.binance.vision,1
2026-10-09 07:08:18.914558,2026-10-08 11:00:00,ZEC,1208.65,0.009167408360454168,0.023787629246708495,0.057293688829260565,0.11510953009746916,720,720,https://data-api.binance.vision,1
2026-10-09 07:08:18.914558,2026-10-08 12:00:00,ZEC,1208.77,0.009144751133088427,0.023787629246708495,0.05750196600708836,0.11510953009746916,720,720,https://data-api.binance.vision,1
2026-10-09 07:08:18.914558,2026-10-08 13:00:00,ZEC,1206.49,0.009144751133088427,0.023787629246708495,0.057613667182674605,0.11510953009746916,720,720,https://data-api.binance.vision,1
2026-10-09 07:08:18.914558,2026-10-08 14:00:00,ZEC,1213.0,0.009144751133088427,0.023787629246708495,0.058233347003346654,0.11510953009746916,720,720,https://data-api.binance.vision,1
2026-10-09 07:08:18.914558,2026-10-08 15:00:00,ZEC,1207.91,0.009132758643308422,0.023787629246708495,0.058440458772232216,0.11510953009746916,720,720,https://data-api.binance.vision,1
2026-10-09 07:08:18.914558,2026-10-08 16:00:00,ZEC,1115.45,0.009144751133088427,0.024312849204225228,0.058517006470394914,0.11564409199964841,720,720,https://data-api.binance.vision,1
2026-10-09 07:08:18.914558,2026-10-08 17:00:00,ZEC,1127.78,0.009167408360454168,0.024312849204225228,0.058715330853071276,0.11574052493999722,720,720,https://data-api.binance.vision,1
2026-10-09 07:08:18.914558,2026-10-08 18:00:00,ZEC,1138.08,0.009144751133088427,0.024312849204225228,0.058816825927731436,0.11629650242499509,720,720,https://data-api.binance.vision,1
2026-10-09 07:08:18.914558,2026-10-08 19:00:00,ZEC,1146.84,0.009133017713540213,0.024312849204225228,0.05907381220322607,0.11754124250923431,720,720,https://data-api.binance.vision,1
2026-10-09 07:08:18.914558,2026-10-08 20:00:00,ZEC,1168.62,0.009133017713540213,0.024312849204225228,0.05941385289508593,0.11777259385285578,720,720,https://data-api.binance.vision,1
2026-10-09 07:08:18.914558,2026-10-08 21:00:00,ZEC,1181.85,0.009144751133088427,0.024312849204225228,0.05957463116128568,0.11777259385285578,720,720,https://data-api.binance.vision,1
2026-10-09 07:08:18.914558,2026-10-08 22:00:00,ZEC,1191.72,0.009144751133088427,0.024312849204225228,0.05996527737935059,0.11777259385285578,720,720,https://data-api.binance.vision,1
2026-10-09 07:08:18.914558,2026-10-08 23:00:00,ZEC,1189.45,0.009133017713540213,0.024312849204225228,0.06006890175616086,0.11777259385285578,720,720,https://data-api.binance.vision,1
2026-10-09 07:08:18.914558,2026-10-09 00:00:00,ZEC,1187.02,0.009133017713540213,0.024312849204225228,0.0600948903183275,0.11777259385285578,720,720,https://data-api.binance.vision,1
2026-10-09 07:08:18.914558,2026-10-09 01:00:00,ZEC,1185.93,0.009133017713540213,0.024312849204225228,0.06058772782314878,0.11777259385285578,720,720,https://data-api.binance.vision,1
2026-10-09 07:08:18.914558,2026-10-09 02:00:00,ZEC,1194.88,0.009133017713540213,0.024312849204225228,0.060648731203982474,0.11777259385285578,720,720,https://data-api.binance.vision,1
2026-10-09 07:08:18.914558,2026-10-09 03:00:00,ZEC,1212.05,0.009144751133088427,0.024312849204225228,0.0607376414067072,0.11777259385285578,720,720,https://data-api.binance.vision,1
2026-10-09 07:08:18.914558,2026-10-09 04:00:00,ZEC,1216.79,0.009144751133088427,0.024312849204225228,0.060956951249990905,0.11777259385285578,720,720,https://data-api.binance.vision,1
2026-10-09 07:08:18.914558,2026-10-09 05:00:00,ZEC,1219.12,0.009133017713540213,0.023787629246708495,0.0607376414067072,0.11777259385285578,720,720,https://data-api.binance.vision,1
2026-10-09 07:08:18.914558,2026-10-09 06:00:00,ZEC,1218.81,0.009091274339850273,0.023609971026662794,0.060648731203982474,0.11777259385285578,720,720,https://data-api.binance.vision,1
2026-10-09 07:08:18.914558,2026-10-09 07:00:00,ZEC,1225.6,0.009084052971969037,0.023609971026662794,0.06058772782314878,0.11777259385285578,720,720,https://data-api.binance.vision,0
2026-10-09 07:11:17.552972,2026-10-07 07:00:00,QNT,253.59,0.010958938433182368,0.05064165239611288,0.05905295295070668,0.35109230850237516,720,720,https://data-api.binance.vision,1
2026-10-09 07:11:17.552972,2026-10-07 08:00:00,QNT,254.21,0.010958938433182368,0.05064165239611288,0.05905295295070668,0.35109230850237516,720,720,https://data-api.binance.vision,1
2026-10-09 07:11:17.552972,2026-10-07 09:00:00,QNT,252.89,0.010958938433182368,0.05064165239611288,0.05905295295070668,0.35109230850237516,720,720,https://data-api.binance.vision,1
2026-10-09 07:11:17.552972,2026-10-07 10:00:00,QNT,244.03,0.010988314892117153,0.05064165239611288,0.05905295295070668,0.35109230850237516,720,720,https://data-api.binance.vision,1
2026-10-09 07:11:17.552972,2026-10-07 11:00:00,QNT,244.27,0.010988314892117153,0.05064165239611288,0.05905295295070668,0.35109230850237516,720,720,https://data-api.binance.vision,1
2026-10-09 07:11:17.552972,2026-10-07 12:00:00,QNT,242.37,0.010988314892117153,0.05064165239611288,0.05905295295070668,0.35109230850237516,720,720,https://data-api.binance.vision,1
2026-10-09 07:11:17.552972,2026-10-07 13:00:00,QNT,243.03,0.010958938433182368,0.05064165239611288,0.05905295295070668,0.35109230850237516,720,720,https://data-api.binance.vision,1
2026-10-09 07:11:17.552972,2026-10-07 14:00:00,QNT,240.21,0.010988314892117153,0.05064165239611288,0.059426420171639426,0.35109230850237516,720,720,https://data-api.binance.vision,1
2026-10-09 07:11:17.552972,2026-10-07 15:00:00,QNT,239.88,0.010988314892117153,0.05064165239611288,0.05955139682518032,0.35109230850237516,720,720,https://data-api.binance.vision,1
2026-10-09 07:11:17.552972,2026-10-07 16:00:00,QNT,243.26,0.011036293548611305,0.05064165239611288,0.059763553267865685,0.35109230850237516,720,720,https://data-api.binance.vision,1
2026-10-09 07:11:17.552972,2026-10-07 17:00:00,QNT,249.83,0.011045814405152683,0.05064165239611288,0.059763553267865685,0.35109230850237516,720,720,https://data-api.binance.vision,1
2026-10-09 07:11:17.552972,2026-10-07 18:00:00,QNT,251.04,0.011045814405152683,0.05064165239611288,0.059763553267865685,0.35109230850237516,720,720,https://data-api.binance.vision,1
2026-10-09 07:11:17.552972,2026-10-07 19:00:00,QNT,252.07,0.011045814405152683,0.05064165239611288,0.059763553267865685,0.35109230850237516,720,720,https://data-api.binance.vision,1
2026-10-09 07:11:17.552972,2026-10-07 20:00:00,QNT,252.07,0.011036293548611305,0.05064165239611288,0.059763553267865685,0.35109230850237516,720,720,https://data-api.binance.vision,1
2026-10-09 07:11:17.552972,2026-10-07 21:00:00,QNT,255.31,0.011045814405152683,0.05064165239611288,0.059763553267865685,0.35109230850237516,720,720,https://data-api.binance.vision,1
2026-10-09 07:11:17.552972,2026-10-07 22:00:00,QNT,250.64,0.011073340815719845,0.05064165239611288,0.059763553267865685,0.35109230850237516,720,720,https://data-api.binance.vision,1
2026-10-09 07:11:17.552972,2026-10-07 23:00:00,QNT,251.57,0.011073340815719845,0.05064165239611288,0.059763553267865685,0.35109230850237516,720,720,https://data-api.binance.vision,1
2026-10-09 07:11:17.552972,2026-10-08 00:00:00,QNT,253.4,0.011073340815719845,0.05064165239611288,0.059763553267865685,0.35109230850237516,720,720,https://data-api.binance.vision,1
2026-10-09 07:11:17.552972,2026-10-08 01:00:00,QNT,253.22,0.011073340815719845,0.05064165239611288,0.059763553267865685,0.35109230850237516,720,720,https://data-api.binance.vision,1
2026-10-09 07:11:17.552972,2026-10-08 02:00:00,QNT,251.46,0.011073340815719845,0.05064165239611288,0.059763553267865685,0.35109230850237516,720,720,https://data-api.binance.vision,1
2026-10-09 07:11:17.552972,2026-10-08 03:00:00,QNT,251.05,0.011045814405152683,0.05064165239611288,0.059763553267865685,0.35109230850237516,720,720,https://data-api.binance.vision,1
2026-10-09 07:11:17.552972,2026-10-08 04:00:00,QNT,251.23,0.011045814405152683,0.05064165239611288,0.059763553267865685,0.35109230850237516,720,720,https://data-api.binance.vision,1
2026-10-09 07:11:17.552972,2026-10-08 05:00:00,QNT,241.05,0.011073340815719845,0.05064165239611288,0.059763553267865685,0.35109230850237516,720,720,https://data-api.binance.vision,1
2026-10-09 07:11:17.552972,2026-10-08 06:00:00,QNT,240.77,0.011073340815719845,0.05064165239611288,0.059763553267865685,0.35109230850237516,720,720,https://data-api.binance.vision,1
2026-10-09 07:11:17.552972,2026-10-08 07:00:00,QNT,241.43,0.011073340815719845,0.05064165239611288,0.059763553267865685,0.35109230850237516,720,720,https://data-api.binance.vision,1
2026-10-09 07:11:17.552972,2026-10-08 08:00:00,QNT,241.86,0.011073340815719845,0.05064165239611288,0.059763553267865685,0.35109230850237516,720,720,https://data-api.binance.vision,1
2026-10-09 07:11:17.552972,2026-10-08 09:00:00,QNT,241.73,0.011073340815719845,0.05064165239611288,0.059763553267865685,0.35109230850237516,720,720,https://data-api.binance.vision,1
2026-10-09 07:11:17.552972,2026-10-08 10:00:00,QNT,242.46,0.011073340815719845,0.05064165239611288,0.059763553267865685,0.35109230850237516,720,720,https://data-api.binance.vision,1
2026-10-09 07:11:17.552972,2026-10-08 11:00:00,QNT,237.82,0.011099832257168565,0.05064165239611288,0.059763553267865685,0.35109230850237516,720,720,https://data-api.binance.vision,1
2026-10-09 07:11:17.552972,2026-10-08 12:00:00,QNT,236.35,0.011099832257168565,0.05064165239611288,0.059763553267865685,0.35109230850237516,720,720,https://data-api.binance.vision,1
2026-10-09 07:11:17.552972,2026-10-08 13:00:00,QNT,241.0,0.011124889454687406,0.05064165239611288,0.059763553267865685,0.35109230850237516,720,720,https://data-api.binance.vision,1
2026-10-09 07:11:17.552972,2026-10-08 14:00:00,QNT,240.17,0.011124889454687406,0.05064165239611288,0.059763553267865685,0.35109230850237516,720,720,https://data-api.binance.vision,1
2026-10-09 07:11:17.552972,2026-10-08 15:00:00,QNT,243.81,0.011128026291421235,0.05064165239611288,0.059763553267865685,0.35109230850237516,720,720,https://data-api.binance.vision,1
2026-10-09 07:11:17.552972,2026-10-08 16:00:00,QNT,229.12,0.011134744334425335,0.05079190378508906,0.05987665472399703,0.35109230850237516,720,720,https://data-api.binance.vision,1
2026-10-09 07:11:17.552972,2026-10-08 17:00:00,QNT,227.52,0.011134744334425335,0.05079190378508906,0.06001435918381822,0.35109230850237516,720,720,https://data-api.binance.vision,1
2026-10-09 07:11:17.552972,2026-10-08 18:00:00,QNT,223.01,0.011166934047349352,0.05079190378508906,0.06059374583885717,0.35109230850237516,720,720,https://data-api.binance.vision,1
2026-10-09 07:11:17.552972,2026-10-08 19:00:00,QNT,235.36,0.011190711846068489,0.05091565377962948,0.060821025509657886,0.35109230850237516,720,720,https://data-api.binance.vision,1
2026-10-09 07:11:17.552972,2026-10-08 20:00:00,QNT,233.7,0.011190711846068489,0.05091565377962948,0.06093830043912033,0.35109230850237516,720,720,https://data-api.binance.vision,1
2026-10-09 07:11:17.552972,2026-10-08 21:00:00,QNT,237.24,0.011223064674603302,0.05091565377962948,0.06127914894416107,0.35109230850237516,720,720,https://data-api.binance.vision,1
2026-10-09 07:11:17.552972,2026-10-08 22:00:00,QNT,237.54,0.011223064674603302,0.05091565377962948,0.06127914894416107,0.35109230850237516,720,720,https://data-api.binance.vision,1
2026-10-09 07:11:17.552972,2026-10-08 23:00:00,QNT,237.65,0.011223064674603302,0.05091565377962948,0.06127914894416107,0.35109230850237516,720,720,https://data-api.binance.vision,1
2026-10-09 07:11:17.552972,2026-10-09 00:00:00,QNT,236.73,0.011223064674603302,0.05091565377962948,0.061854239017207206,0.35109230850237516,720,720,https://data-api.binance.vision,1
2026-10-09 07:11:17.552972,2026-10-09 01:00:00,QNT,242.4,0.011231401644702821,0.05091565377962948,0.061854239017207206,0.35109230850237516,720,720,https://data-api.binance.vision,1
2026-10-09 07:11:17.552972,2026-10-09 02:00:00,QNT,240.34,0.011231401644702821,0.05091565377962948,0.061854239017207206,0.35109230850237516,720,720,https://data-api.binance.vision,1
2026-10-09 07:11:17.552972,2026-10-09 03:00:00,QNT,237.99,0.011231401644702821,0.05091565377962948,0.061854239017207206,0.35109230850237516,720,720,https://data-api.binance.vision,1
2026-10-09 07:11:17.552972,2026-10-09 04:00:00,QNT,237.83,0.011231401644702821,0.05091565377962948,0.061854239017207206,0.35109230850237516,720,720,https://data-api.binance.vision,1
2026-10-09 07:11:17.552972,2026-10-09 05:00:00,QNT,235.18,0.011224057787087922,0.05091565377962948,0.061854239017207206,0.35109230850237516,720,720,https://data-api.binance.vision,1
2026-10-09 07:11:17.552972,2026-10-09 06:00:00,QNT,240.09,0.011224057787087922,0.05091565377962948,0.061854239017207206,0.35109230850237516,720,720,https://data-api.binance.vision,1
2026-10-09 07:11:17.552972,2026-10-09 07:00:00,QNT,246.18,0.011224057787087922,0.05091565377962948,0.061854239017207206,0.35109230850237516,720,720,https://data-api.binance.vision,0
