date,value
2013-01-01,68201.82575169
2013-01-02,67311.0423651
2013-01-03,67469.41579628
2013-01-04,68577.85323165
2013-01-05,72379.75301466
2013-01-06,67264.05878924
2013-01-07,70416.38050837
2013-01-08,67741.39907127
2013-01-09,66849.7251845
2013-01-10,69319.21396284
2013-01-11,70302.63418516
2013-01-12,70913.66450571
2013-01-13,72159.77996738
2013-01-14,69306.05012845
2013-01-15,69853.59418515
2013-01-16,64169.44356591
2013-01-17,69219.92611181
2013-01-18,77529.74671845
2013-01-19,76458.37531451
2013-01-20,77729.41850024
2013-01-21,76376.49124816
2013-01-22,79130.32355125
2013-01-23,79920.51914405
2013-01-24,81240.75712733
2013-01-25,80774.29384654
2013-01-26,76767.56165887
2013-01-27,77054.89164866
2013-01-28,78544.59249594
2013-01-29,81132.34586057
2013-01-30,83111.36380323
2013-01-31,89120.34142047
2013-02-01,89559.05163702
2013-02-02,91209.45711543
2013-02-03,87239.99286102
2013-02-04,85311.27267118
2013-02-05,84854.87120134
2013-02-06,76161.22825224
2013-02-07,77531.36133345
2013-02-08,76133.23575182
2013-02-09,80624.7664623
2013-02-10,80548.894185
2013-02-11,75596.45546481
2013-02-12,81127.99122597
2013-02-13,84455.93590735
2013-02-14,80402.96670546
2013-02-15,79584.76191095
2013-02-16,80650.46684452
2013-02-17,85144.59093563
2013-02-18,88505.50142597
2013-02-19,88673.50374867
2013-02-20,86939.83314856
2013-02-21,86961.3125111
2013-02-22,81247.49098023
2013-02-23,82957.12221728
2013-02-24,82607.4371987
2013-02-25,81347.06553669
2013-02-26,81946.16271505
2013-02-27,80022.69066676
2013-02-28,86869.48378468
2013-03-01,91942.37297124
2013-03-02,94345.69080899
2013-03-03,94541.79289855
2013-03-04,93860.32777497
2013-03-05,95396.25167842
2013-03-06,109844.39156512
2013-03-07,111254.19014956
2013-03-08,105421.33801425
2013-03-09,106926.97519737
2013-03-10,105814.13809489
2013-03-11,102366.11918692
2013-03-12,107331.85296592
2013-03-13,105153.26473624
2013-03-14,106707.06935862
2013-03-15,106198.74422403
2013-03-16,106593.15817896
2013-03-17,107066.01582928
2013-03-18,105422.09114376
2013-03-19,106043.92879973
2013-03-20,110175.24799422
2013-03-21,114308.79894224
2013-03-22,118234.68271439
2013-03-23,122697.89135535
2013-03-24,123327.20977177
2013-03-25,121316.99809707
2013-03-26,126374.79394658
2013-03-27,120947.3350218
2013-03-28,128053.97517148
2013-03-29,130843.86226682
2013-03-30,129254.73226152
2013-03-31,128604.29439457
2013-04-01,132880.06729281
2013-04-02,127183.26546246
2013-04-03,124464.4264335
2013-04-04,119976.70122557
2013-04-05,128959.32697311
2013-04-06,121722.18814653
2013-04-07,120595.43601106
2013-04-08,124824.49077211
2013-04-09,131200.17463517
2013-04-10,137180.94185751
2013-04-11,148765.59524485
2013-04-12,142111.16946612
2013-04-13,144730.45842478
2013-04-14,150190.49902048
2013-04-15,170302.98556134
2013-04-16,169647.43312549
2013-04-17,161250.29129635
2013-04-18,165811.0757761
2013-04-19,167425.00702483
2013-04-20,162166.08262546
2013-04-21,159037.57545619
2013-04-22,155306.36884166
2013-04-23,156208.10236919
2013-04-24,158873.43088162
2013-04-25,157772.78443498
2013-04-26,156638.32161581
2013-04-27,156678.87038284
2013-04-28,161602.07368306
2013-04-29,160278.21433936
2013-04-30,164305.1289655
2013-05-01,173200.93673537
2013-05-02,175309.49014065
2013-05-03,181549.73133494
2013-05-04,179905.17165227
2013-05-05,177886.69890727
2013-05-06,174700.15884015
2013-05-07,177269.94637196
2013-05-08,178730.64299064
2013-05-09,177796.5556848
2013-05-10,177066.56701589
2013-05-11,178310.3090878
2013-05-12,176750.3132838
2013-05-13,177039.61827906
2013-05-14,179550.38880628
2013-05-15,183947.57893133
2013-05-16,190098.23310187
2013-05-17,192782.76500362
2013-05-18,193489.39308354
2013-05-19,194316.60265413
2013-05-20,196409.14993296
2013-05-21,199149.96417763
2013-05-22,200292.52740431
2013-05-23,200296.94484172
2013-05-24,197684.92225281
2013-05-25,197819.99599477
2013-05-26,198379.66928416
2013-05-27,199517.11873093
2013-05-28,199318.6959521
2013-05-29,202418.57841323
2013-05-30,202329.24709863
2013-05-31,197785.25858978
2013-06-01,199878.86918098
2013-06-02,201133.9122313
2013-06-03,200357.01446721
2013-06-04,198928.71399216
2013-06-05,199967.07034792
2013-06-06,194882.66449227
2013-06-07,201695.69158876
2013-06-08,204397.64374757
2013-06-09,206641.48983518
2013-06-10,205617.91567002
2013-06-11,204730.39717298
2013-06-12,203691.8681995
2013-06-13,204449.95873145
2013-06-14,205986.02987572
2013-06-15,203914.26035147
2013-06-16,206958.79041156
2013-06-17,204339.33662089
2013-06-18,206113.18594836
2013-06-19,206345.5540316
2013-06-20,213037.33439753
2013-06-21,216462.86419927
2013-06-22,209696.9000201
2013-06-23,209284.46546579
2013-06-24,209464.4582036
2013-06-25,209517.33869433
2013-06-26,209650.84334703
2013-06-27,217486.53238362
2013-06-28,218202.21225763
2013-06-29,219883.79428837
2013-06-30,217079.27491822
2013-07-01,225473.35920816
2013-07-02,227010.40520843
2013-07-03,232283.36973776
2013-07-04,234191.69255319
2013-07-05,253470.23019665
2013-07-06,243216.86761152
2013-07-07,247044.17466409
2013-07-08,246900.94929038
2013-07-09,242428.97957427
2013-07-10,249294.29156316
2013-07-11,250824.99538658
2013-07-12,252426.99289508
2013-07-13,255425.02052575
2013-07-14,252672.28719432
2013-07-15,259058.66215325
2013-07-16,261590.11869484
2013-07-17,264727.35726889
2013-07-18,292404.26700533
2013-07-19,296174.89233648
2013-07-20,296145.84223778
2013-07-21,293990.65827973
2013-07-22,290200.81420507
2013-07-23,294248.86800733
2013-07-24,293835.62244887
2013-07-25,293654.47741601
2013-07-26,292527.78307245
2013-07-27,291573.93598312
2013-07-28,290529.53782414
2013-07-29,289251.95995045
2013-07-30,290922.1719532
2013-07-31,298593.17364075
2013-08-01,301415.23903926
2013-08-02,303107.37717494
2013-08-03,298589.06405873
2013-08-04,298496.70770115
2013-08-05,298914.44220009
2013-08-06,299512.34362813
2013-08-07,300881.80144261
2013-08-08,308261.4735186
2013-08-09,306304.18216742
2013-08-10,299937.91988972
2013-08-11,298875.61162505
2013-08-12,300572.6905056
2013-08-13,303627.65767125
2013-08-14,310249.18096681
2013-08-15,319169.93827927
2013-08-16,318318.24346502
2013-08-17,315319.12470237
2013-08-18,315887.6428774
2013-08-19,315261.13325435
2013-08-20,324463.39170005
2013-08-21,320089.29338694
2013-08-22,324127.93122126
2013-08-23,316918.40058009
2013-08-24,318291.08780613
2013-08-25,321267.29349703
2013-08-26,326523.44115009
2013-08-27,330188.40340657
2013-08-28,331826.27587867
2013-08-29,328895.69039767
2013-08-30,331194.31026844
2013-08-31,334853.85213018
2013-09-01,337783.48597718
2013-09-02,342688.70168547
2013-09-03,343017.21491562
2013-09-04,342663.68293586
2013-09-05,355166.61822278
2013-09-06,363186.47659207
2013-09-07,364753.16653333
2013-09-08,367220.76915485
2013-09-09,370677.71299637
2013-09-10,364887.28534522
2013-09-11,356558.29873063
2013-09-12,359551.87380674
2013-09-13,358947.42002967
2013-09-14,363753.92998112
2013-09-15,361961.46206071
2013-09-16,361594.39835732
2013-09-17,364378.32773328
2013-09-18,376444.19018175
2013-09-19,379723.15069209
2013-09-20,379373.58815102
2013-09-21,378849.35237583
2013-09-22,377913.19350297
2013-09-23,380138.91055933
2013-09-24,383286.58952136
2013-09-25,381016.21760854
2013-09-26,383200.21372366
2013-09-27,376978.59819354
2013-09-28,378220.91097441
2013-09-29,378382.86965543
2013-09-30,373681.94837649
2013-10-01,379842.59300789
2013-10-02,398029.05950268
2013-10-03,397874.68331982
2013-10-04,401129.76640222
2013-10-05,401085.61738279
2013-10-06,399122.89856581
2013-10-07,401805.71047283
2013-10-08,400211.49080289
2013-10-09,403273.91359375
2013-10-10,403217.08993889
2013-10-11,403289.09028066
2013-10-12,403157.94580549
2013-10-13,405610.69700075
2013-10-14,409157.02554829
2013-10-15,417063.2583257
2013-10-16,418237.92276345
2013-10-17,418527.09980521
2013-10-18,429942.16657672
2013-10-19,440768.54100768
2013-10-20,448610.86293939
2013-10-21,451217.44347216
2013-10-22,458280.26637846
2013-10-23,456962.31878665
2013-10-24,451445.79145231
2013-10-25,464756.54335712
2013-10-26,473176.52323088
2013-10-27,473602.04487031
2013-10-28,473247.85692191
2013-10-29,467442.34358343
2013-10-30,474362.74881056
2013-10-31,473821.34498692
2013-11-01,481445.207209
2013-11-02,484053.01101381
2013-11-03,485358.61162855
2013-11-04,476307.89352155
2013-11-05,481920.6343933
2013-11-06,483182.04304005
2013-11-07,496357.26682869
2013-11-08,503749.87184402
2013-11-09,510025.34915023
2013-11-10,514695.47585863
2013-11-11,508393.29741136
2013-11-12,503593.14506224
2013-11-13,497322.39698261
2013-11-14,503659.20153737
2013-11-15,513426.22399689
2013-11-16,510079.80005185
2013-11-17,516239.2881394
2013-11-18,515906.61851227
2013-11-19,527565.60132077
2013-11-20,518576.6182242
2013-11-21,518081.82101305
2013-11-22,514000.86367147
2013-11-23,519348.25988747
2013-11-24,518046.17935676
2013-11-25,525459.42563515
2013-11-26,541682.75867145
2013-11-27,546403.7877168
2013-11-28,552523.17808189
2013-11-29,562574.37671309
2013-11-30,558897.08245146
2013-12-01,573899.51802665
2013-12-02,577535.52546197
2013-12-03,577955.57839977
2013-12-04,585045.65382966
2013-12-05,591122.46549198
2013-12-06,593241.06620405
2013-12-07,601168.76943664
2013-12-08,609325.95259089
2013-12-09,613236.98721081
2013-12-10,636902.81348088
2013-12-11,636502.242976
2013-12-12,642972.66497471
2013-12-13,648687.31363947
2013-12-14,644024.18660506
2013-12-15,645349.87302233
2013-12-16,652701.2647001
2013-12-17,662019.31098154
2013-12-18,679472.44727209
2013-12-19,680353.24641588
2013-12-20,692701.36315033
2013-12-21,682418.32278198
2013-12-22,676055.44113771
2013-12-23,665686.99019349
2013-12-24,657181.54733777
2013-12-25,649694.37067392
2013-12-26,652838.67702801
2013-12-27,651306.64600285
2013-12-28,650710.78248158
2013-12-29,652325.27976916
2013-12-30,658068.46919075
2013-12-31,658200.23142605
2014-01-01,660265.85432863
2014-01-02,679348.43420365
2014-01-03,716670.90113274
2014-01-04,718161.02798519
2014-01-05,702145.64391718
2014-01-06,710824.51521796
2014-01-07,718476.41215911
2014-01-08,709772.20094237
2014-01-09,713235.85913982
2014-01-10,706835.70680984
2014-01-11,706543.03479116
2014-01-12,711913.67494934
2014-01-13,707167.74169112
2014-01-14,700154.47506634
2014-01-15,705148.5468897
2014-01-16,702807.54246567
2014-01-17,697108.95757268
2014-01-18,702856.08282527
2014-01-19,706564.24304335
2014-01-20,700805.56568428
2014-01-21,707802.52067071
2014-01-22,711856.36826887
2014-01-23,713018.44050674
2014-01-24,725392.8049716
2014-01-25,717263.10920575
2014-01-26,723744.63799224
2014-01-27,715700.80564967
2014-01-28,715290.96091725
2014-01-29,721041.03341774
2014-01-30,703142.91413141
2014-01-31,707610.66714974
2014-02-01,701880.31069313
2014-02-02,705445.58834453
2014-02-03,695889.60570644
2014-02-04,671249.62620229
2014-02-05,673602.16945518
2014-02-06,673915.66302767
2014-02-07,694710.72508061
2014-02-08,697042.17004229
2014-02-09,693544.42888789
2014-02-10,700286.44151976
2014-02-11,700598.81025782
2014-02-12,708836.23670492
2014-02-13,713686.85446333
2014-02-14,721359.66647311
2014-02-15,713894.18947184
2014-02-16,727128.12495674
2014-02-17,720584.56590009
2014-02-18,727859.42562004
2014-02-19,725631.67542481
2014-02-20,732459.28290157
2014-02-21,728872.76896688
2014-02-22,729405.8420549
2014-02-23,730316.17644282
2014-02-24,756993.84705736
2014-02-25,763365.74739982
2014-02-26,761599.08497664
2014-02-27,758842.02919194
2014-02-28,755949.42282451
2014-03-01,754040.99786665
2014-03-02,755958.77491188
2014-03-03,755521.17333511
2014-03-04,760781.93434885
2014-03-05,763465.40707388
2014-03-06,750164.37602008
2014-03-07,749805.12635524
2014-03-08,751017.84171114
2014-03-09,750400.81199135
2014-03-10,757007.01367688
2014-03-11,753287.73139915
2014-03-12,751881.94955506
2014-03-13,750479.38614617
2014-03-14,754973.38186488
2014-03-15,755385.22111465
2014-03-16,758760.50298126
2014-03-17,759343.72421632
2014-03-18,754698.94400289
2014-03-19,758189.95311776
2014-03-20,769434.78209895
2014-03-21,772021.23876714
2014-03-22,775642.0529922
2014-03-23,773259.96793043
2014-03-24,772817.17370042
2014-03-25,771713.38323271
2014-03-26,772752.3809123
2014-03-27,789590.67701976
2014-03-28,803086.82760078
2014-03-29,803122.8321161
2014-03-30,814937.49064787
2014-03-31,809314.60611645
2014-04-01,817189.44294314
2014-04-02,819880.07314512
2014-04-03,825782.30055575
2014-04-04,821413.29426988
2014-04-05,812976.62863188
2014-04-06,813232.49445163
2014-04-07,815951.70225233
2014-04-08,815202.31768157
2014-04-09,818739.3174242
2014-04-10,828898.86978434
2014-04-11,817312.84171123
2014-04-12,817420.88275766
2014-04-13,822322.42188811
2014-04-14,825475.43028916
2014-04-15,824961.02886279
2014-04-16,828691.88721438
2014-04-17,821405.0650401
2014-04-18,824720.35775387
2014-04-19,824339.17559547
2014-04-20,823769.49096691
2014-04-21,822577.21377875
2014-04-22,817393.49563925
2014-04-23,812636.32189581
2014-04-24,813045.19453589
2014-04-25,822313.9632883
2014-04-26,824982.4702459
2014-04-27,827569.58965224
2014-04-28,831326.99473297
2014-04-29,828727.6935617
2014-04-30,833791.99801528
2014-05-01,835374.56424491
2014-05-02,825117.84805791
2014-05-03,825309.93090787
2014-05-04,826826.8981262
2014-05-05,835228.07950667
2014-05-06,839892.17124923
2014-05-07,834548.20530086
2014-05-08,831537.08868418
2014-05-09,836386.86087579
2014-05-10,835561.14086936
2014-05-11,836604.1571347
2014-05-12,838003.4264446
2014-05-13,837290.08254141
2014-05-14,833042.57209452
2014-05-15,839006.84601622
2014-05-16,839512.56167245
2014-05-17,840764.89554339
2014-05-18,840367.73445077
2014-05-19,843413.5777189
2014-05-20,842438.66887322
2014-05-21,848116.36872956
2014-05-22,851382.40706501
2014-05-23,852511.88550766
2014-05-24,851319.65598717
2014-05-25,855825.23798365
2014-05-26,856979.01235354
2014-05-27,863812.51396254
2014-05-28,865918.12603161
2014-05-29,868153.81675265
2014-05-30,873550.14643084
2014-05-31,870132.06766681
2014-06-01,876666.808689
2014-06-02,875164.99482389
2014-06-03,880408.68699292
2014-06-04,879359.45674696
2014-06-05,882424.99105468
2014-06-06,879014.13482349
2014-06-07,881388.59033422
2014-06-08,883033.91963633
2014-06-09,884126.60611727
2014-06-10,886813.74776389
2014-06-11,884715.66159355
2014-06-12,893644.56679968
2014-06-13,891980.34714402
2014-06-14,891591.78015583
2014-06-15,887962.25924786
2014-06-16,895880.3675298
2014-06-17,894381.56671688
2014-06-18,897062.73389881
2014-06-19,901540.21983144
2014-06-20,899044.21120968
2014-06-21,894448.78071078
2014-06-22,895494.08944724
2014-06-23,891432.68259551
2014-06-24,896972.69464298
2014-06-25,903854.05496398
2014-06-26,904259.00442763
2014-06-27,908676.87495219
2014-06-28,906619.65735149
2014-06-29,905208.7860297
2014-06-30,915669.07168169
2014-07-01,926984.99084074
2014-07-02,924263.73133656
2014-07-03,926819.4450397
2014-07-04,929156.46197884
2014-07-05,933430.23853922
2014-07-06,930146.09574948
2014-07-07,933480.15123813
2014-07-08,933049.36859107
2014-07-09,935526.22021301
2014-07-10,940993.65141369
2014-07-11,935655.92915296
2014-07-12,942020.62696367
2014-07-13,945355.08988003
2014-07-14,944593.77865584
2014-07-15,948577.52786768
2014-07-16,950799.32213022
2014-07-17,953669.22491557
2014-07-18,962654.91883864
2014-07-19,947656.02671279
2014-07-20,949617.83941915
2014-07-21,953470.53292475
2014-07-22,956849.24314672
2014-07-23,953127.80391197
2014-07-24,956843.57094866
2014-07-25,953402.71364459
2014-07-26,956718.26777547
2014-07-27,959294.51744035
2014-07-28,957548.33957011
2014-07-29,960480.32273263
2014-07-30,965818.36426831
2014-07-31,964027.65566258
2014-08-01,966621.29114814
2014-08-02,965694.56328321
2014-08-03,964766.96779026
2014-08-04,964578.17685166
2014-08-05,964758.00803586
2014-08-06,969053.69190343
2014-08-07,965492.51342971
2014-08-08,967915.03919008
2014-08-09,969202.98784942
2014-08-10,972445.26875458
2014-08-11,967544.4743851
2014-08-12,968200.75547422
2014-08-13,970898.03233165
2014-08-14,969030.42951545
2014-08-15,978049.24062924
2014-08-16,970041.38591678
2014-08-17,979634.06239443
2014-08-18,984136.86313941
2014-08-19,987224.6145126
2014-08-20,981479.37425068
2014-08-21,982754.21457085
2014-08-22,981727.77920786
2014-08-23,985973.77729471
2014-08-24,989647.15447308
2014-08-25,1011619.25195149
2014-08-26,1025183.99837783
2014-08-27,1026698.01965421
2014-08-28,1034294.18720983
2014-08-29,1041143.81581916
2014-08-30,1053722.767826
2014-08-31,1059420.26543592
2014-09-01,1061156.78585159
2014-09-02,1060794.77358463
2014-09-03,1053149.6039989
2014-09-04,1058473.52961177
2014-09-05,1061871.34703687
2014-09-06,1067166.94701897
2014-09-07,1067071.82891864
2014-09-08,1069447.97830569
2014-09-09,1080342.86847175
2014-09-10,1082556.82585655
2014-09-11,1089339.30430147
2014-09-12,1089375.40809891
2014-09-13,1092225.24787731
2014-09-14,1090986.09724169
2014-09-15,1093756.4120493
2014-09-16,1095200.99255362
2014-09-17,1098783.69429497
2014-09-18,1108040.11584364
2014-09-19,1112328.34560151
2014-09-20,1116367.70478047
2014-09-21,1117462.22312062
2014-09-22,1120854.70147844
2014-09-23,1133515.92968275
2014-09-24,1130218.98767033
2014-09-25,1126877.09013976
2014-09-26,1134638.38710217
2014-09-27,1125854.81557004
2014-09-28,1129198.87624059
2014-09-29,1131387.73581539
2014-09-30,1132173.28352604
2014-10-01,1134179.54558363
2014-10-02,1135465.61670377
2014-10-03,1144351.17323217
2014-10-04,1156423.05100239
2014-10-05,1228317.47919292
2014-10-06,1230004.51354409
2014-10-07,1228313.60912509
2014-10-08,1227318.67574054
2014-10-09,1235156.72319925
2014-10-10,1229965.96117606
2014-10-11,1240302.47583008
2014-10-12,1241462.87490557
2014-10-13,1236903.25779368
2014-10-14,1240158.21482643
2014-10-15,1243373.6207225
2014-10-16,1244063.8372579
2014-10-17,1244533.9820374
2014-10-18,1240880.80928366
2014-10-19,1246258.40521114
2014-10-20,1247217.58551408
2014-10-21,1252606.48969837
2014-10-22,1276235.6083297
2014-10-23,1278447.61235036
2014-10-24,1277375.01004264
2014-10-25,1277045.21297752
2014-10-26,1274215.08934643
2014-10-27,1271513.71437404
2014-10-28,1278504.8633355
2014-10-29,1277520.68768118
2014-10-30,1286772.4057093
2014-10-31,1286723.98462692
2014-11-01,1280351.95211064
2014-11-02,1280746.70233521
2014-11-03,1284276.17290283
2014-11-04,1298730.58429071
2014-11-05,1296719.35073916
2014-11-06,1302335.88056353
2014-11-07,1310904.26708646
2014-11-08,1316167.91924902
2014-11-09,1325758.73174812
2014-11-10,1332858.40408096
2014-11-11,1335281.25401765
2014-11-12,1332452.38791556
2014-11-13,1353062.03917768
2014-11-14,1363720.31780462
2014-11-15,1358348.066213
2014-11-16,1374466.63493024
2014-11-17,1374384.4921163
2014-11-18,1379696.87222618
2014-11-19,1390093.62105247
2014-11-20,1387049.69709277
2014-11-21,1388338.27774585
2014-11-22,1388895.78139473
2014-11-23,1391131.28514021
2014-11-24,1397859.93533898
2014-11-25,1396405.45295255
2014-11-26,1400653.8189933
2014-11-27,1393740.52470234
2014-11-28,1398858.9309249
2014-11-29,1405480.10715757
2014-11-30,1409193.12879261
2014-12-01,1410074.9369894
2014-12-02,1420406.49703526
2014-12-03,1415610.06788358
2014-12-04,1446356.15003859
2014-12-05,1454451.52441109
2014-12-06,1455363.41110227
2014-12-07,1461454.52909926
2014-12-08,1466724.05819805
2014-12-09,1464047.62754314
2014-12-10,1461186.02723298
2014-12-11,1459002.87374702
2014-12-12,1455063.76032973
2014-12-13,1453251.67057355
2014-12-14,1455110.02213412
2014-12-15,1459566.84159576
2014-12-16,1464428.60718805
2014-12-17,1473228.27309081
2014-12-18,1473319.18774721
2014-12-19,1472124.59702341
2014-12-20,1469430.2577546
2014-12-21,1476620.34630372
2014-12-22,1471700.071324
2014-12-23,1411520.01999246
2014-12-24,1420922.02398049
2014-12-25,1430670.43408453
2014-12-26,1428355.60184322
2014-12-27,1429162.16109577
2014-12-28,1427093.52189643
2014-12-29,1428237.72859266
2014-12-30,1429046.13322931
2014-12-31,1432191.05873775
2015-01-01,1435045.81241764
2015-01-02,1430256.16103562
2015-01-03,1428634.15011852
2015-01-04,1423021.29224988
2015-01-05,1416767.73626458
2015-01-06,1407770.43484376
2015-01-07,1401674.10051831
2015-01-08,1399252.63422604
2015-01-09,1383601.93493534
2015-01-10,1374777.7830488
2015-01-11,1377618.79126026
2015-01-12,1384531.33492079
2015-01-13,1392244.70744845
2015-01-14,1396472.71944739
2015-01-15,1398544.01336195
2015-01-16,1380053.31350121
2015-01-17,1378293.37325944
2015-01-18,1385115.38810823
2015-01-19,1386913.80638879
2015-01-20,1387362.56662136
2015-01-21,1376088.17664071
2015-01-22,1386273.33112837
2015-01-23,1375438.44371956
2015-01-24,1372115.33621824
2015-01-25,1365414.85523474
2015-01-26,1379304.30512922
2015-01-27,1373099.73097788
2015-01-28,1366178.65704915
2015-01-29,1372070.51074491
2015-01-30,1362594.72391481
2015-01-31,1356948.60026018
2015-02-01,1356957.14201538
2015-02-02,1362250.67996622
2015-02-03,1357728.09567455
2015-02-04,1361451.15732546
2015-02-05,1360886.8888293
2015-02-06,1359741.2702092
2015-02-07,1364162.75843462
2015-02-08,1367214.89523491
2015-02-09,1358576.99357032
2015-02-10,1354809.01699561
2015-02-11,1364033.49499261
2015-02-12,1361666.80648266
2015-02-13,1381589.69797862
2015-02-14,1384923.66991317
2015-02-15,1377623.42530671
2015-02-16,1371747.5451053
2015-02-17,1372434.80498724
2015-02-18,1365890.47399098
2015-02-19,1366169.93518057
2015-02-20,1370701.31330946
2015-02-21,1371455.17674343
2015-02-22,1372183.86634545
2015-02-23,1356342.88965889
2015-02-24,1356351.4500252
2015-02-25,1354926.92384424
2015-02-26,1359783.96223505
2015-02-27,1378018.27545895
2015-02-28,1381615.66111298
2015-03-01,1383860.8034193
2015-03-02,1389088.95851474
2015-03-03,1401221.77345879
2015-03-04,1394522.32681303
2015-03-05,1390989.42905564
2015-03-06,1393203.34011303
2015-03-07,1377208.24946454
2015-03-08,1354830.58157106
2015-03-09,1360945.61771412
2015-03-10,1373994.84019049
2015-03-11,1381147.9228838
2015-03-12,1365728.82890731
2015-03-13,1361262.31587999
2015-03-14,1356680.49720413
2015-03-15,1358228.1477972
2015-03-16,1360510.60476107
2015-03-17,1361160.66624609
2015-03-18,1361275.60868925
2015-03-19,1364524.8510293
2015-03-20,1368932.46319492
2015-03-21,1367263.97487271
2015-03-22,1372597.07532383
2015-03-23,1382637.73558839
2015-03-24,1380862.05558781
2015-03-25,1380690.52798997
2015-03-26,1383764.60628882
2015-03-27,1384380.05944748
2015-03-28,1389942.8236888
2015-03-29,1389549.31285362
2015-03-30,1389845.61430504
2015-03-31,1383964.26865391
2015-04-01,1378202.72310498
2015-04-02,1379261.74106713
2015-04-03,1380520.37816533
2015-04-04,1382006.33132594
2015-04-05,1389800.72088363
2015-04-06,1391249.28985664
2015-04-07,1391125.39427176
2015-04-08,1396954.21530277
2015-04-09,1394241.19156949
2015-04-10,1394557.92027274
2015-04-11,1390645.03522394
2015-04-12,1393668.45087664
2015-04-13,1403414.82838779
2015-04-14,1409222.28696077
2015-04-15,1395538.63816525
2015-04-16,1407791.48854778
2015-04-17,1411603.34109576
2015-04-18,1406741.30817489
2015-04-19,1408000.42522197
2015-04-20,1401143.81597553
2015-04-21,1395884.33101385
2015-04-22,1399325.06423455
2015-04-23,1400672.57183412
2015-04-24,1400813.72527558
2015-04-25,1404620.895417
2015-04-26,1409026.89136759
2015-04-27,1402200.42947404
2015-04-28,1398214.86206129
2015-04-29,1385554.09998039
2015-04-30,1387766.41201056
2015-05-01,1390133.55147186
2015-05-02,1388455.07037591
2015-05-03,1401421.25538309
2015-05-04,1409437.69237433
2015-05-05,1408962.29262104
2015-05-06,1403469.95079838
2015-05-07,1402583.21308045
2015-05-08,1413575.36651846
2015-05-09,1417606.71490165
2015-05-10,1419387.79062974
2015-05-11,1431046.56410924
2015-05-12,1427267.19159314
2015-05-13,1433680.95114415
2015-05-14,1434425.55641209
2015-05-15,1432349.95272281
2015-05-16,1437665.54148935
2015-05-17,1438964.68178716
2015-05-18,1438339.23346452
2015-05-19,1436970.73849206
2015-05-20,1439229.06018801
2015-05-21,1438207.70623489
2015-05-22,1432615.68389951
2015-05-23,1428933.16121297
2015-05-24,1433395.31046611
2015-05-25,1438242.33085474
2015-05-26,1437883.71230599
2015-05-27,1442461.48788506
2015-05-28,1436078.40053012
2015-05-29,1428350.64280625
2015-05-30,1429517.2812734
2015-05-31,1427633.22266987
2015-06-01,1428809.63640394
2015-06-02,1426588.59833913
2015-06-03,1427966.61017242
2015-06-04,1424579.33812307
2015-06-05,1424281.12095917
2015-06-06,1422450.7867434
2015-06-07,1427506.41524469
2015-06-08,1434547.2929612
2015-06-09,1437350.56294911
2015-06-10,1440792.01612425
2015-06-11,1444728.69460622
2015-06-12,1443252.58638963
2015-06-13,1441653.76213489
2015-06-14,1448450.81395627
2015-06-15,1461850.21126527
2015-06-16,1458703.17136264
2015-06-17,1472280.33830064
2015-06-18,1464348.39119016
2015-06-19,1481514.57704103
2015-06-20,1491021.00362372
2015-06-21,1492534.76146038
2015-06-22,1488530.90109895
2015-06-23,1485641.46962493
2015-06-24,1484797.876913
2015-06-25,1488009.17594263
2015-06-26,1491336.83005736
2015-06-27,1501574.78810413
2015-06-28,1502736.40369085
2015-06-29,1500441.64126505
2015-06-30,1501739.77389871
2015-07-01,1504762.62541998
2015-07-02,1506532.751055
2015-07-03,1500868.99713535
2015-07-04,1503634.47548901
2015-07-05,1517742.58860176
2015-07-06,1524909.25002081
2015-07-07,1528814.03880215
2015-07-08,1501227.82000102
2015-07-09,1502395.65019714
2015-07-10,1519710.79458649
2015-07-11,1522956.91015716
2015-07-12,1526735.20374647
2015-07-13,1529131.64144598
2015-07-14,1532729.79360261
2015-07-15,1546462.01030491
2015-07-16,1551882.39670913
2015-07-17,1549751.98016626
2015-07-18,1549592.82433853
2015-07-19,1554448.4603539
2015-07-20,1552961.28808435
2015-07-21,1546689.21287506
2015-07-22,1544031.93120842
2015-07-23,1548324.58415222
2015-07-24,1555918.39920322
2015-07-25,1558077.36710584
2015-07-26,1555754.27891256
2015-07-27,1565080.86747279
2015-07-28,1570481.18258107
2015-07-29,1564056.03441683
2015-07-30,1567793.63321019
2015-07-31,1567001.3034085
2015-08-01,1572955.78830347
2015-08-02,1568883.5141022
2015-08-03,1567601.76879275
2015-08-04,1562115.49626891
2015-08-05,1555779.01424558
2015-08-06,1539220.89865937
2015-08-07,1544274.53659993
2015-08-08,1539672.0370853
2015-08-09,1538133.00610666
2015-08-10,1540239.20382964
2015-08-11,1528112.2480118
2015-08-12,1521074.13499256
2015-08-13,1494739.10080542
2015-08-14,1528024.4397712
2015-08-15,1503110.66672168
2015-08-16,1506355.64346286
2015-08-17,1506283.01520076
2015-08-18,1544943.45808507
2015-08-19,1538645.54042167
2015-08-20,1540181.29384962
2015-08-21,1536728.04208595
2015-08-22,1531823.59678863
2015-08-23,1536026.94667526
2015-08-24,1520729.85033766
2015-08-25,1505763.36939793
2015-08-26,1508017.4769316
2015-08-27,1503772.36510298
2015-08-28,1480628.99665366
2015-08-29,1476944.10794436
2015-08-30,1477027.27628092
2015-08-31,1470395.15180672
2015-09-01,1458105.80689516
2015-09-02,1432754.8737276
2015-09-03,1457288.31826842
2015-09-04,1458359.81583883
2015-09-05,1464396.40590817
2015-09-06,1472409.16231617
2015-09-07,1466619.39605345
2015-09-08,1457788.158558
2015-09-09,1452918.93580907
2015-09-10,1462960.52105442
2015-09-11,1470636.4874407
2015-09-12,1471993.06996305
2015-09-13,1469121.44611912
2015-09-14,1449181.11165108
2015-09-15,1463653.60840998
2015-09-16,1456013.50537396
2015-09-17,1452415.72342967
2015-09-18,1449248.93733307
2015-09-19,1445582.20488187
2015-09-20,1446654.61597272
2015-09-21,1442410.84994782
2015-09-22,1430989.89887356
2015-09-23,1434471.84895777
2015-09-24,1434464.21599444
2015-09-25,1428089.5396107
2015-09-26,1428667.38535224
2015-09-27,1430381.71982352
2015-09-28,1445171.48075508
2015-09-29,1447086.88672298
2015-09-30,1434979.26367014
2015-10-01,1424226.61246747
2015-10-02,1431987.96835765
2015-10-03,1442179.04250262
2015-10-04,1436784.36464049
2015-10-05,1439500.85865566
2015-10-06,1431792.02555997
2015-10-07,1425497.59026396
2015-10-08,1422523.42037062
2015-10-09,1418598.35211679
2015-10-10,1416251.15652247
2015-10-11,1412979.13709622
2015-10-12,1412454.21573492
2015-10-13,1416624.2874481
2015-10-14,1432084.87592077
2015-10-15,1428492.90693827
2015-10-16,1432275.96635762
2015-10-17,1440202.65014392
2015-10-18,1436638.18569923
2015-10-19,1432177.97655986
2015-10-20,1433253.65438436
2015-10-21,1416512.14507358
2015-10-22,1423930.11956504
2015-10-23,1429590.8523324
2015-10-24,1439605.2889014
2015-10-25,1452575.28253907
2015-10-26,1466440.89151635
2015-10-27,1482739.86050457
2015-10-28,1471707.03537919
2015-10-29,1488618.83510953
2015-10-30,1486817.08224139
2015-10-31,1459011.18948034
2015-11-01,1460885.16968534
2015-11-02,1477239.2437233
2015-11-03,1489286.37493464
2015-11-04,1523365.30134281
2015-11-05,1528720.64485554
2015-11-06,1546204.4359482
2015-11-07,1563639.03971162
2015-11-08,1571374.42415992
2015-11-09,1586532.02096417
2015-11-10,1549891.95174069
2015-11-11,1518587.16913917
2015-11-12,1536490.67043336
2015-11-13,1556337.68546323
2015-11-14,1554560.97567626
2015-11-15,1570737.20363228
2015-11-16,1540904.65488211
2015-11-17,1507746.62081272
2015-11-18,1516124.20788507
2015-11-19,1528608.55271097
2015-11-20,1531713.9160208
2015-11-21,1541041.80886288
2015-11-22,1544560.47609673
2015-11-23,1553159.57360731
2015-11-24,1560425.42733395
2015-11-25,1581166.32623185
2015-11-26,1618031.90741939
2015-11-27,1450880.77715258
2015-11-28,1459548.35785956
2015-11-29,1471795.50502688
2015-11-30,1493394.18074538
2015-12-01,1583960.6201496
2015-12-02,1562492.10719514
2015-12-03,1541173.45828787
2015-12-04,1540921.4634094
2015-12-05,1544541.19372411
2015-12-06,1544375.92933504
2015-12-07,1550864.00887808
2015-12-08,1532082.16805454
2015-12-09,1538751.02239818
2015-12-10,1550213.70734772
2015-12-11,1551349.68856795
2015-12-12,1555939.12844898
2015-12-13,1558812.98782901
2015-12-14,1572101.75716958
2015-12-15,1550183.45218435
2015-12-16,1532807.14291711
2015-12-17,1514022.12880607
2015-12-18,1519626.98522184
2015-12-19,1507506.70115233
2015-12-20,1514056.0706648
2015-12-21,1509360.18879417
2015-12-22,1472852.94891073
2015-12-23,1482107.90168109
2015-12-24,1480630.50858729
2015-12-25,1478971.83062219
2015-12-26,1491135.78173768
2015-12-27,1482863.41638484
2015-12-28,1458854.87918898
2015-12-29,1455649.0329528
2015-12-30,1456020.85514824
2015-12-31,1472557.43644792
2016-01-01,1471426.76522194
2016-01-02,1471926.00150068
2016-01-03,1480200.64208517
2016-01-04,1480114.58435329
2016-01-05,1462754.56900544
2016-01-06,1453260.83799185
2016-01-07,1462970.92712068
2016-01-08,1468503.73089784
2016-01-09,1472448.94905996
2016-01-10,1472829.33530398
2016-01-11,1478393.49009627
2016-01-12,1482580.37138012
2016-01-13,1485270.28890412
2016-01-14,1479211.215404
2016-01-15,1501432.06337962
2016-01-16,1501002.51947392
2016-01-17,1502222.00411318
2016-01-18,1497451.60478098
2016-01-19,1503624.03878354
2016-01-20,1521646.37362807
2016-01-21,1528145.49305213
2016-01-22,1529837.87297406
2016-01-23,1530239.42406488
2016-01-24,1538960.82262777
2016-01-25,1556312.84824736
2016-01-26,1571336.42577692
2016-01-27,1581426.2657433
2016-01-28,1562029.65759449
2016-01-29,1576298.39884423
2016-01-30,1571963.70502075
2016-01-31,1564734.94509345
2016-02-01,1573480.86297381
2016-02-02,1571716.0036772
2016-02-03,1568532.95738604
2016-02-04,1580899.47753224
2016-02-05,1574952.31527477
2016-02-06,1540356.08140189
2016-02-07,1541573.70672028
2016-02-08,1551898.17401109
2016-02-09,1556140.66304494
2016-02-10,1576278.67733542
2016-02-11,1588363.7703595
2016-02-12,1590845.36341095
2016-02-13,1593808.81058416
2016-02-14,1595636.36898862
2016-02-15,1612011.77944912
2016-02-16,1603996.52608933
2016-02-17,1610124.41001577
2016-02-18,1606839.09201735
2016-02-19,1611552.12999631
2016-02-20,1623871.41074622
2016-02-21,1625704.25310854
2016-02-22,1635093.47029051
2016-02-23,1643564.39424961
2016-02-24,1640984.01427725
2016-02-25,1646143.87526539
2016-02-26,1648686.95343032
2016-02-27,1654386.18955789
2016-02-28,1663432.26340744
2016-02-29,1682388.17257099
2016-03-01,1704203.25884843
2016-03-02,1698493.27992334
2016-03-03,1716872.94781082
2016-03-04,1697686.24923176
2016-03-05,1715638.2944134
2016-03-06,1706141.13512469
2016-03-07,1703136.6252834
2016-03-08,1707454.85599175
2016-03-09,1709758.70499868
2016-03-10,1689991.52985029
2016-03-11,1656229.60026347
2016-03-12,1657505.17746753
2016-03-13,1660846.46278015
2016-03-14,1666921.96089864
2016-03-15,1660127.96271452
2016-03-16,1659733.3878461
2016-03-17,1662547.04259193
2016-03-18,1657344.47925618
2016-03-19,1655847.6586168
2016-03-20,1660399.07202446
2016-03-21,1659693.18129501
2016-03-22,1655533.28971021
2016-03-23,1654161.63550313
2016-03-24,1654619.11181868
2016-03-25,1656562.82474486
2016-03-26,1655585.86666654
2016-03-27,1665037.63516936
2016-03-28,1669027.2707412
2016-03-29,1670978.95203004
2016-03-30,1670243.94926815
2016-03-31,1671393.53971753
2016-04-01,1658197.88831419
2016-04-02,1667024.35759146
2016-04-03,1666731.15028864
2016-04-04,1658119.09815839
2016-04-05,1655355.23795624
2016-04-06,1641154.81393409
2016-04-07,1639282.98269984
2016-04-08,1642538.87028458
2016-04-09,1639901.52997261
2016-04-10,1638817.26002998
2016-04-11,1639575.27800969
2016-04-12,1641314.81762383
2016-04-13,1641714.26871346
2016-04-14,1638794.30925727
2016-04-15,1640828.67773182
2016-04-16,1621631.94633658
2016-04-17,1621269.78872574
2016-04-18,1633692.85993799
2016-04-19,1629686.52119288
2016-04-20,1648522.6673136
2016-04-21,1643582.59680942
2016-04-22,1646383.75486588
2016-04-23,1648457.97381367
2016-04-24,1653309.27693231
2016-04-25,1638840.43554282
2016-04-26,1647662.78710703
2016-04-27,1644016.00388838
2016-04-28,1641045.14939568
2016-04-29,1637688.73371281
2016-04-30,1638352.01050223
2016-05-01,1630816.3109546
2016-05-02,1628863.68189927
2016-05-03,1626315.93286868
2016-05-04,1668600.20609291
2016-05-05,1668653.12946519
2016-05-06,1620089.33953387
2016-05-07,1615746.77568887
2016-05-08,1614968.17280308
2016-05-09,1621568.52498835
2016-05-10,1632413.05944309
2016-05-11,1631549.9719795
2016-05-12,1628568.57659375
2016-05-13,1636330.82201324
2016-05-14,1634746.08999201
2016-05-15,1636055.70555732
2016-05-16,1630920.43600755
2016-05-17,1625187.74495206
2016-05-18,1627025.22466815
2016-05-19,1634982.47500718
2016-05-20,1625027.43311701
2016-05-21,1625223.56533491
2016-05-22,1627719.14009705
2016-05-23,1629816.63885766
2016-05-24,1630294.80020071
2016-05-25,1629676.67089602
2016-05-26,1623131.30043622
2016-05-27,1652155.96430325
2016-05-28,1683855.72484295
2016-05-29,1686105.03856858
2016-05-30,1674594.99797431
2016-05-31,1679011.29821904
2016-06-01,1676275.96888148
2016-06-02,1687108.01002982
2016-06-03,1689937.59594772
2016-06-04,1696337.96477806
2016-06-05,1707615.28195033
2016-06-06,1712687.96874166
2016-06-07,1726101.56474395
2016-06-08,1744301.61156395
2016-06-09,1748947.78403041
2016-06-10,1744930.3314127
2016-06-11,1781037.18472215
2016-06-12,1799219.20259856
2016-06-13,1798004.95447116
2016-06-14,1789741.72124592
2016-06-15,1804226.69065203
2016-06-16,1784097.82284516
2016-06-17,1796327.57058372
2016-06-18,1797200.33417276
2016-06-19,1795547.48809185
2016-06-20,1793635.4571005
2016-06-21,1814966.67267094
2016-06-22,1820072.31085756
2016-06-23,1811699.88092364
2016-06-24,1810298.74962058
2016-06-25,1813356.23023138
2016-06-26,1816847.16941417
2016-06-27,1811012.60077399
2016-06-28,1835153.14079236
2016-06-29,1813205.45738359
2016-06-30,1813551.37618473
2016-07-01,1820923.55640419
2016-07-02,1821343.6752784
2016-07-03,1833504.07273219
2016-07-04,1844300.99237981
2016-07-05,1839017.08098424
2016-07-06,1826011.42553329
2016-07-07,1817262.75050084
2016-07-08,1836785.89601939
2016-07-09,1833428.74097273
2016-07-10,1844205.40223115
2016-07-11,1847406.6020325
2016-07-12,1850997.06924465
2016-07-13,1859417.00119709
2016-07-14,1868782.28990535
2016-07-15,1867353.75056159
2016-07-16,1862411.17069625
2016-07-17,1873559.20790603
2016-07-18,1872229.63248131
2016-07-19,1867466.74429653
2016-07-20,1870862.43965179
2016-07-21,1867513.57956832
2016-07-22,1874200.28871368
2016-07-23,1869183.38646532
2016-07-24,1866064.66507451
2016-07-25,1867628.99239157
2016-07-26,1874293.30287422
2016-07-27,1877742.48768797
2016-07-28,1863309.58451643
2016-07-29,1867578.02452985
2016-07-30,1869344.65653448
2016-07-31,1885856.3707876
2016-08-01,1905291.26200355
2016-08-02,1810225.18293934
2016-08-03,1793498.51899366
2016-08-04,1755447.62125172
2016-08-05,1749358.65975345
2016-08-06,1741912.89946819
2016-08-07,1752414.08293505
2016-08-08,1748426.7865763
2016-08-09,1734851.81307402
2016-08-10,1697909.08818157
2016-08-11,1682182.05495918
2016-08-12,1681111.88862853
2016-08-13,1674451.41267691
2016-08-14,1667650.25968151
2016-08-15,1664820.83849015
2016-08-16,1643495.06108919
2016-08-17,1623562.81119966
2016-08-18,1615692.11982158
2016-08-19,1611164.11043933
2016-08-20,1600511.88158041
2016-08-21,1598541.14488713
2016-08-22,1599331.2067064
2016-08-23,1600093.10310472
2016-08-24,1595572.18574459
2016-08-25,1588466.1542752
2016-08-26,1586623.27278684
2016-08-27,1577602.67479912
2016-08-28,1580562.135803
2016-08-29,1576966.66732444
2016-08-30,1564902.90217204
2016-08-31,1585688.49029935
2016-09-01,1578605.15188538
2016-09-02,1573065.1011159
2016-09-03,1573673.92611976
2016-09-04,1579788.6592349
2016-09-05,1586404.59842336
2016-09-06,1588837.51185933
2016-09-07,1589485.74438248
2016-09-08,1590344.90157057
2016-09-09,1585211.89153668
2016-09-10,1585643.39148411
2016-09-11,1589215.74521101
2016-09-12,1577808.34877243
2016-09-13,1584822.90719859
2016-09-14,1577178.16390182
2016-09-15,1570676.82799987
2016-09-16,1561572.63742754
2016-09-17,1561953.78779838
2016-09-18,1565130.53057239
2016-09-19,1579339.92134712
2016-09-20,1572590.72284806
2016-09-21,1574237.48110255
2016-09-22,1581827.23874183
2016-09-23,1572675.50692057
2016-09-24,1569148.42075603
2016-09-25,1572394.73058509
2016-09-26,1567826.3276442
2016-09-27,1554101.89801654
2016-09-28,1559157.1578178
2016-09-29,1556665.40844352
2016-09-30,1561010.86393138
2016-10-01,1565283.29273564
2016-10-02,1561687.71897338
2016-10-03,1560963.91904317
2016-10-04,1561709.5228599
2016-10-05,1556171.94237359
2016-10-06,1561215.66587462
2016-10-07,1561394.30043634
2016-10-08,1554616.99887879
2016-10-09,1555331.90276909
2016-10-10,1551309.08768065
2016-10-11,1561264.19292498
2016-10-12,1572746.46113827
2016-10-13,1563087.62321946
2016-10-14,1561391.49497692
2016-10-15,1572745.79385385
2016-10-16,1574871.29540949
2016-10-17,1576639.47688952
2016-10-18,1580977.67050304
2016-10-19,1575603.0691249
2016-10-20,1569948.23246865
2016-10-21,1558838.09239818
2016-10-22,1562647.5473072
2016-10-23,1568728.23130304
2016-10-24,1580826.80919335
2016-10-25,1572169.23129026
2016-10-26,1559461.22639981
2016-10-27,1570167.73008929
2016-10-28,1558017.35769068
2016-10-29,1569214.03844886
2016-10-30,1566446.08720601
2016-10-31,1567577.71272809
2016-11-01,1580275.79280138
2016-11-02,1586416.78611548
2016-11-03,1594847.82696014
2016-11-04,1585793.07361732
2016-11-05,1576274.54523518
2016-11-06,1577398.58835477
2016-11-07,1578902.98723449
2016-11-08,1586209.33867578
2016-11-09,1594682.23352939
2016-11-10,1591051.89981262
2016-11-11,1579533.15922192
2016-11-12,1578463.61172136
2016-11-13,1577477.38466327
2016-11-14,1580320.09512861
2016-11-15,1577211.94204126
2016-11-16,1592958.87862239
2016-11-17,1605320.48291625
2016-11-18,1601397.21128956
2016-11-19,1592698.38231212
2016-11-20,1581487.67176288
2016-11-21,1577022.0827503
2016-11-22,1581308.3617955
2016-11-23,1584372.54809634
2016-11-24,1599376.35501317
2016-11-25,1587706.44623075
2016-11-26,1587273.76258761
2016-11-27,1583265.32518486
2016-11-28,1571544.56766341
2016-11-29,1571923.67956939
2016-11-30,1570938.62224797
2016-12-01,1577325.09753237
2016-12-02,1580087.59706811
2016-12-03,1573002.06683464
2016-12-04,1571726.71627647
2016-12-05,1571662.03638302
2016-12-06,1572338.2461693
2016-12-07,1577435.68299303
2016-12-08,1571976.12305591
2016-12-09,1562285.23150314
2016-12-10,1564117.66153421
2016-12-11,1564320.75666702
2016-12-12,1558271.07368646
2016-12-13,1554246.86852852
2016-12-14,1552909.45292613
2016-12-15,1547920.24936579
2016-12-16,1544305.94692358
2016-12-17,1549416.13540159
2016-12-18,1545099.68586581
2016-12-19,1541331.68446592
2016-12-20,1535301.26663346
2016-12-21,1523992.93890108
2016-12-22,1513322.96043423
2016-12-23,1510502.88617893
2016-12-24,1513706.2143213
2016-12-25,1512967.82004159
2016-12-26,1508948.75627666
2016-12-27,1506100.59448769
2016-12-28,1507014.5777758
2016-12-29,1513102.01092606
2016-12-30,1514417.46608277
2016-12-31,1518445.09449256
2017-01-01,1525133.29195215
2017-01-02,1532706.76207694
2017-01-03,1545782.13170811
2017-01-04,1570309.32515832
2017-01-05,1570377.29049538
2017-01-06,1541172.93034775
2017-01-07,1542260.21293849
2017-01-08,1542070.74614233
2017-01-09,1541372.14996229
2017-01-10,1532572.22170509
2017-01-11,1546275.87716724
2017-01-12,1537617.68792446
2017-01-13,1515519.52146864
2017-01-14,1508175.44686885
2017-01-15,1509547.52435313
2017-01-16,1502956.43452712
2017-01-17,1503933.52481077
2017-01-18,1495198.93289904
2017-01-19,1487596.38002249
2017-01-20,1480219.13475609
2017-01-21,1478621.92545521
2017-01-22,1472421.29167726
2017-01-23,1472927.44106361
2017-01-24,1470053.06910995
2017-01-25,1453722.19885466
2017-01-26,1450171.74530722
2017-01-27,1448104.64606171
2017-01-28,1450242.90544292
2017-01-29,1447427.15653825
2017-01-30,1446555.657112
2017-01-31,1449652.34093525
2017-02-01,1449767.43619391
2017-02-02,1447886.58868868
2017-02-03,1448543.46162913
2017-02-04,1441661.49104033
2017-02-05,1436441.97510138
2017-02-06,1437013.80216372
2017-02-07,1436585.79612829
2017-02-08,1428469.58194955
2017-02-09,1447567.5230674
2017-02-10,1437263.06950778
2017-02-11,1441846.15399941
2017-02-12,1435244.16724355
2017-02-13,1435206.57039051
2017-02-14,1434194.02065977
2017-02-15,1431755.44678795
2017-02-16,1436732.13667411
2017-02-17,1443181.6130633
2017-02-18,1440199.41611977
2017-02-19,1419417.19772652
2017-02-20,1420917.43783028
2017-02-21,1429184.69100263
2017-02-22,1432309.80887604
2017-02-23,1443219.70070627
2017-02-24,1441457.66629509
2017-02-25,1443156.92972945
2017-02-26,1439194.88882579
2017-02-27,1441898.86865601
2017-02-28,1447185.83527651
2017-03-01,1449763.96389999
2017-03-02,1461850.2278751
2017-03-03,1473513.41790501
2017-03-04,1499610.21724014
2017-03-05,1498298.62135638
2017-03-06,1504835.8110595
2017-03-07,1507466.74680296
2017-03-08,1515878.67781736
2017-03-09,1521815.08291597
2017-03-10,1527509.08265407
2017-03-11,1518659.29214499
2017-03-12,1523532.51472589
2017-03-13,1515505.15061724
2017-03-14,1515227.33485307
2017-03-15,1522187.84689034
2017-03-16,1538571.37884045
2017-03-17,1561851.29549911
2017-03-18,1599471.50123929
2017-03-19,1606000.19224302
2017-03-20,1598689.88950314
2017-03-21,1597075.79862276
2017-03-22,1591513.31396428
2017-03-23,1588829.3560537
2017-03-24,1603117.39611829
2017-03-25,1597772.08933866
2017-03-26,1600045.17905507
2017-03-27,1596149.28949024
2017-03-28,1597348.45935799
2017-03-29,1583646.75769378
2017-03-30,1579230.99155852
2017-03-31,1587771.22515479
2017-04-01,1576751.93369205
2017-04-02,1576900.20682588
2017-04-03,1577880.47073551
2017-04-04,1558462.13832356
2017-04-05,1552723.20490959
2017-04-06,1551013.61865738
2017-04-07,1559492.65202815
2017-04-08,1554152.99268669
2017-04-09,1557424.53485415
2017-04-10,1549621.33073754
2017-04-11,1555639.42555291
2017-04-12,1548330.02233974
2017-04-13,1546218.60269207
2017-04-14,1553866.10574106
2017-04-15,1562963.18743286
2017-04-16,1560618.7223682
2017-04-17,1552132.72591932
2017-04-18,1542814.61796443
2017-04-19,1529009.77235559
2017-04-20,1516672.23086072
2017-04-21,1510837.66894321
2017-04-22,1511233.88544073
2017-04-23,1512227.75492127
2017-04-24,1502289.80328
2017-04-25,1506711.52845325
2017-04-26,1503833.00381916
2017-04-27,1510500.87970205
2017-04-28,1524546.75914839
2017-04-29,1523133.53910632
2017-04-30,1532287.74344925
2017-05-01,1545809.05515151
2017-05-02,1553972.74067361
2017-05-03,1545741.32601257
2017-05-04,1560966.39509837
2017-05-05,1557023.0122616
2017-05-06,1557040.60531919
2017-05-07,1561218.49327092
2017-05-08,1577854.8605001
2017-05-09,1576288.38046832
2017-05-10,1561685.3044058
2017-05-11,1566947.17329334
2017-05-12,1550440.81141173
2017-05-13,1549506.00327878
2017-05-14,1548777.54238119
2017-05-15,1547436.89549465
2017-05-16,1539610.11433466
2017-05-17,1535351.67108769
2017-05-18,1551212.96241603
2017-05-19,1542270.49681368
2017-05-20,1547910.44483239
2017-05-21,1568842.11418757
2017-05-22,1575053.32822375
2017-05-23,1575083.35905851
2017-05-24,1590666.73905748
2017-05-25,1628217.8253315
2017-05-26,1631138.05804971
2017-05-27,1647577.2081426
2017-05-28,1645140.20886568
2017-05-29,1630366.78934227
2017-05-30,1628191.56894893
2017-05-31,1607452.78119058
2017-06-01,1594384.95067632
2017-06-02,1596044.62665012
2017-06-03,1585704.60137497
2017-06-04,1588510.06906784
2017-06-05,1594394.30449212
2017-06-06,1604584.86651236
2017-06-07,1595661.05176936
2017-06-08,1587721.35822104
2017-06-09,1585404.97171781
2017-06-10,1601115.21136326
2017-06-11,1610382.18253825
2017-06-12,1626022.71514605
2017-06-13,1623955.37267611
2017-06-14,1635703.7677211
2017-06-15,1622846.93227759
2017-06-16,1629257.66932804
2017-06-17,1635805.73543984
2017-06-18,1624498.46775011
2017-06-19,1626902.72999836
2017-06-20,1651013.20035691
2017-06-21,1648768.69085971
2017-06-22,1639476.40059571
2017-06-23,1634035.25301563
2017-06-24,1639042.60437254
2017-06-25,1646675.91394229
2017-06-26,1652641.21165788
2017-06-27,1654235.67232529
2017-06-28,1636973.62992719
2017-06-29,1640275.31968905
2017-06-30,1622444.3584925
2017-07-01,1617179.39980713
2017-07-02,1618325.92867197
2017-07-03,1603539.79338021
2017-07-04,1610373.56806658
2017-07-05,1608134.76131021
2017-07-06,1599065.43812926
2017-07-07,1594553.25566262
2017-07-08,1585202.68271829
2017-07-09,1599718.47000288
2017-07-10,1608676.88463514
2017-07-11,1616767.65624336
2017-07-12,1610955.24203114
2017-07-13,1593504.7430147
2017-07-14,1612188.68981358
2017-07-15,1626168.31720028
2017-07-16,1642111.56524479
2017-07-17,1639738.76347504
2017-07-18,1644269.92167954
2017-07-19,1630644.10839472
2017-07-20,1653583.58020247
2017-07-21,1647981.31645577
2017-07-22,1647357.26336352
2017-07-23,1626464.2760705
2017-07-24,1628808.28204554
2017-07-25,1616434.39156327
2017-07-26,1584722.50930128
2017-07-27,1569350.68823144
2017-07-28,1576637.66073985
2017-07-29,1582461.70502552
2017-07-30,1497627.74989951
2017-07-31,1486327.10720124
2017-08-01,1479713.24527098
2017-08-02,1496318.32647308
2017-08-03,1503080.23506941
2017-08-04,1509382.41034059
2017-08-05,1512556.88123457
2017-08-06,1503255.24821762
2017-08-07,1466650.51925634
2017-08-08,1525860.91324442
2017-08-09,1536636.37411795
2017-08-10,1551564.00605868
2017-08-11,1540101.59242645
2017-08-12,1547930.50731707
2017-08-13,1563838.43253781
2017-08-14,1580245.13687542
2017-08-15,1580146.54467822
2017-08-16,1588374.33465219
2017-08-17,1585279.36867318
2017-08-18,1603930.8956856
2017-08-19,1593833.88100384
2017-08-20,1603735.45123652
2017-08-21,1604763.34210899
2017-08-22,1605210.16400023
2017-08-23,1625068.0942521
2017-08-24,1597875.35080767
2017-08-25,1597614.37768724
2017-08-26,1608809.15633519
2017-08-27,1601931.75972669
2017-08-28,1581620.91688928
2017-08-29,1601948.43072745
2017-08-30,1606621.17377082
2017-08-31,1599256.16211161
2017-09-01,1607090.84117819
2017-09-02,1608281.82084393
2017-09-03,1602404.52714182
2017-09-04,1608075.80726962
2017-09-05,1598356.97147703
2017-09-06,1598063.34990408
2017-09-07,1593324.0060058
2017-09-08,1606116.7619819
2017-09-09,1602126.23954373
2017-09-10,1618156.80477646
2017-09-11,1617280.07623719
2017-09-12,1615896.75946639
2017-09-13,1614426.0447713
2017-09-14,1630127.77391581
2017-09-15,1641444.44160327
2017-09-16,1626268.90554096
2017-09-17,1615184.95386196
2017-09-18,1610883.54999254
2017-09-19,1602461.16462661
2017-09-20,1602069.93363569
2017-09-21,1597793.661123
2017-09-22,1598603.42685765
2017-09-23,1593975.53144672
2017-09-24,1599436.97623841
2017-09-25,1601217.7424222
2017-09-26,1587841.3184635
2017-09-27,1579600.51375116
2017-09-28,1587996.91065043
2017-09-29,1591817.55333212
2017-09-30,1587954.23896377
2017-10-01,1589364.99168849
2017-10-02,1586265.71227676
2017-10-03,1596251.22940932
2017-10-04,1591194.96951614
2017-10-05,1591651.85949511
2017-10-06,1595754.02083593
2017-10-07,1592437.30956488
2017-10-08,1595919.75700232
2017-10-09,1616170.97159674
2017-10-10,1620349.90518752
2017-10-11,1626838.20658765
2017-10-12,1642234.74960679
2017-10-13,1654224.39783886
2017-10-14,1656351.11379373
2017-10-15,1657068.71055487
2017-10-16,1657721.54547407
2017-10-17,1651496.46602565
2017-10-18,1647292.81173458
2017-10-19,1648777.633185
2017-10-20,1656105.26248485
2017-10-21,1658708.62720723
2017-10-22,1659309.72409394
2017-10-23,1640898.15032844
2017-10-24,1628315.74719551
2017-10-25,1618631.86837437
2017-10-26,1621186.77648826
2017-10-27,1605767.83163564
2017-10-28,1603588.39661488
2017-10-29,1615093.8326896
2017-10-30,1617806.09938071
2017-10-31,1621846.78576769
2017-11-01,1623512.75088729
2017-11-02,1627168.40621393
2017-11-03,1626708.7570262
2017-11-04,1637005.17363204
2017-11-05,1644194.20253856
2017-11-06,1642236.18473359
2017-11-07,1633699.0241469
2017-11-08,1655084.2276388
2017-11-09,1651008.55273563
2017-11-10,1660180.74297176
2017-11-11,1671895.09062335
2017-11-12,1750115.81437265
2017-11-13,1750502.90536467
2017-11-14,1748431.03642674
2017-11-15,1743640.76402304
2017-11-16,1755729.5214522
2017-11-17,1751432.51397087
2017-11-18,1753239.87280748
2017-11-19,1751017.55120463
2017-11-20,1749803.58652913
2017-11-21,1733709.36029874
2017-11-22,1727617.79764106
2017-11-23,1727536.5021053
2017-11-24,1730372.23863897
2017-11-25,1731066.99073488
2017-11-26,1726775.34616469
2017-11-27,1731851.92516428
2017-11-28,1737170.04418686
2017-11-29,1744522.52885778
2017-11-30,1742083.87595246
2017-12-01,1747449.53343331
2017-12-02,1755179.21453546
2017-12-03,1758014.78231484
2017-12-04,1770435.89362467
2017-12-05,1769558.55102455
2017-12-06,1764762.20200061
2017-12-07,1771899.08574731
2017-12-08,1796550.96029643
2017-12-09,1803703.08413258
2017-12-10,1814583.63224748
2017-12-11,1821173.89385643
2017-12-12,1835014.61024692
2017-12-13,1845422.21609088
2017-12-14,1840579.55032357
2017-12-15,1843496.72552184
2017-12-16,1859750.50950325
2017-12-17,1868967.60629332
2017-12-18,1868767.26850305
2017-12-19,1869069.82696319
2017-12-20,1874802.86004677
2017-12-21,1877256.5426684
2017-12-22,1908167.10920173
2017-12-23,1912984.49746446
2017-12-24,1924604.85014645
2017-12-25,1928666.42503286
2017-12-26,1938238.75508207
2017-12-27,1938511.57093298
2017-12-28,1935766.63794927
2017-12-29,1948979.36234302
2017-12-30,1953010.77818943
2017-12-31,1959468.2117152
2018-01-01,1949335.64074516
2018-01-02,1965195.52845494
2018-01-03,1970012.7575979
2018-01-04,1967158.22672411
2018-01-05,1968463.62149608
2018-01-06,1968936.04239055
2018-01-07,1978889.083674
2018-01-08,1979819.50319202
2018-01-09,1979088.74042836
2018-01-10,1985996.63500165
2018-01-11,1983511.68703424
2018-01-12,1986982.59721478
2018-01-13,1995265.39107367
2018-01-14,1989046.28772413
2018-01-15,1996860.93175236
2018-01-16,2011180.26061215
2018-01-17,2024786.8918313
2018-01-18,2035551.61303777
2018-01-19,2028182.47819349
2018-01-20,2045222.21981686
2018-01-21,2040298.82354845
2018-01-22,2042101.08249064
2018-01-23,2041428.50490797
2018-01-24,2037628.79867641
2018-01-25,2045610.73061743
2018-01-26,2043834.995799
2018-01-27,2042485.64804899
2018-01-28,2044708.13784159
2018-01-29,2043529.47484051
2018-01-30,2043949.81998918
2018-01-31,2039051.09800226
2018-02-01,2068179.14927697
2018-02-02,2096205.25514198
2018-02-03,2093625.30720189
2018-02-04,2117520.37167813
2018-02-05,2129135.19683557
2018-02-06,2153799.1184588
2018-02-07,2144604.9070964
2018-02-08,2157714.06472963
2018-02-09,2138450.85896694
2018-02-10,2139841.71836423
2018-02-11,2111383.37124087
2018-02-12,2106796.92677326
2018-02-13,2109592.66239439
2018-02-14,2102155.86742237
2018-02-15,2101420.8354425
2018-02-16,2097941.47439473
2018-02-17,2100175.59436515
2018-02-18,2101544.60922886
2018-02-19,2094781.48290138
2018-02-20,2100714.57650725
2018-02-21,2110204.59651743
2018-02-22,2118527.87562107
2018-02-23,2123915.69474637
2018-02-24,2128403.77623045
2018-02-25,2132885.54838876
2018-02-26,2138119.41553063
2018-02-27,2136745.50070019
2018-02-28,2136538.78449298
2018-03-01,2149674.11331294
2018-03-02,2154621.88822724
2018-03-03,2151385.71546813
2018-03-04,2152300.52886035
2018-03-05,2153685.03103765
2018-03-06,2155971.80185395
2018-03-07,2158437.32885489
2018-03-08,2144019.13299874
2018-03-09,2144206.8029638
2018-03-10,2140333.61532965
2018-03-11,2143703.3514208
2018-03-12,2141558.71089683
2018-03-13,2142134.88286758
2018-03-14,2147217.97686857
2018-03-15,2153531.11397377
2018-03-16,2151915.52829136
2018-03-17,2150975.49924097
2018-03-18,2170441.82784122
2018-03-19,2181654.17687759
2018-03-20,2181927.00425168
2018-03-21,2184653.6580295
2018-03-22,2180976.58130942
2018-03-23,2180546.8689292
2018-03-24,2181182.34926666
2018-03-25,2179513.63175256
2018-03-26,2179751.11857862
2018-03-27,2179630.67761181
2018-03-28,2180608.64154487
2018-03-29,2193642.16960087
2018-03-30,2202882.00066164
2018-03-31,2198778.96869922
2018-04-01,2200732.22361035
2018-04-02,2204091.87329425
2018-04-03,2212922.00774547
2018-04-04,2214874.11548281
2018-04-05,2217417.74269992
2018-04-06,2201546.05689811
2018-04-07,2200258.55148309
2018-04-08,2202621.26244633
2018-04-09,2195405.28106456
2018-04-10,2193390.52132481
2018-04-11,2199593.8332584
2018-04-12,2215459.15726976
2018-04-13,2207217.01029034
2018-04-14,2214810.93447664
2018-04-15,2217153.42566017
2018-04-16,2213027.86812127
2018-04-17,2202097.73931331
2018-04-18,2206347.41377884
2018-04-19,2203022.91939247
2018-04-20,2202146.3498133
2018-04-21,2192422.29347128
2018-04-22,2190768.97637164
2018-04-23,2191281.48302297
2018-04-24,2191828.17437866
2018-04-25,2177272.59113503
2018-04-26,2179827.24962912
2018-04-27,2185282.24297695
2018-04-28,2183874.98044356
2018-04-29,2187808.89218969
2018-04-30,2185847.05160914
2018-05-01,2183053.89759101
2018-05-02,2181997.03008409
2018-05-03,2193777.73766352
2018-05-04,2198184.62478931
2018-05-05,2203993.40427193
2018-05-06,2201296.81780453
2018-05-07,2204024.30258835
2018-05-08,2204284.05588779
2018-05-09,2202724.69428651
2018-05-10,2195937.39262864
2018-05-11,2200504.75580935
2018-05-12,2207980.85390112
2018-05-13,2206330.0708345
2018-05-14,2202885.86229634
2018-05-15,2199009.93319161
2018-05-16,2191408.49378256
2018-05-17,2189669.97918537
2018-05-18,2190442.8408984
2018-05-19,2188888.06433587
2018-05-20,2188844.66191753
2018-05-21,2191982.66491511
2018-05-22,2191388.59696806
2018-05-23,2203696.38127889
2018-05-24,2206117.4199606
2018-05-25,2199233.43063348
2018-05-26,2197492.29080395
2018-05-27,2192022.70481588
2018-05-28,2190526.22983082
2018-05-29,2188319.49742083
2018-05-30,2187862.10992812
2018-05-31,2181269.30367816
2018-06-01,2180253.95247264
2018-06-02,2186435.60014297
2018-06-03,2186899.47173673
2018-06-04,2192273.80921573
2018-06-05,2191511.51067966
2018-06-06,2191982.37445456
2018-06-07,2188287.6977402
2018-06-08,2185854.82811927
2018-06-09,2189379.54880882
2018-06-10,2197573.59408469
2018-06-11,2192021.47544846
2018-06-12,2192405.31463078
2018-06-13,2197534.98551657
2018-06-14,2197374.62479326
2018-06-15,2197274.67184142
2018-06-16,2195061.80721211
2018-06-17,2197765.63412843
2018-06-18,2198767.68797745
2018-06-19,2195582.60669345
2018-06-20,2193072.0762077
2018-06-21,2191841.85756621
2018-06-22,2193890.92740538
2018-06-23,2192337.44356887
2018-06-24,2196068.61559082
2018-06-25,2197303.2551915
2018-06-26,2197956.79192267
2018-06-27,2201790.32967876
2018-06-28,2209478.77931223
2018-06-29,2214128.89136669
2018-06-30,2215821.71618246
2018-07-01,2215204.03402229
2018-07-02,2214826.17527425
2018-07-03,2197757.29950244
2018-07-04,2196383.40791458
2018-07-05,2198893.18914373
2018-07-06,2193792.94852111
2018-07-07,2194384.81651826
2018-07-08,2189153.82031605
2018-07-09,2184046.21876312
2018-07-10,2187675.05059771
2018-07-11,2182691.96055661
2018-07-12,2181250.23163367
2018-07-13,2174776.4286217
2018-07-14,2171053.88118168
2018-07-15,2170876.68560513
2018-07-16,2180564.93072661
2018-07-17,2189053.59077812
2018-07-18,2192687.24786144
2018-07-19,2191581.07731072
2018-07-20,2199260.59828772
2018-07-21,2200727.23064343
2018-07-22,2200292.8531981
2018-07-23,2209444.06083797
2018-07-24,2217153.86030057
2018-07-25,2218184.54262138
2018-07-26,2217433.70629097
2018-07-27,2215008.00297825
2018-07-28,2215746.61472301
2018-07-29,2215561.52439786
2018-07-30,2218429.03803054
2018-07-31,2224702.7946094
2018-08-01,2218738.0865232
2018-08-02,2222289.24768865
2018-08-03,2230986.70043735
2018-08-04,2229658.67665474
2018-08-05,2232269.23514522
2018-08-06,2227083.87029746
2018-08-07,2231537.47500439
2018-08-08,2237419.82733786
2018-08-09,2241746.84442679
2018-08-10,2236401.09265404
2018-08-11,2237009.07710718
2018-08-12,2237153.19783052
2018-08-13,2238393.0198442
2018-08-14,2241337.86196735
2018-08-15,2231441.18272314
2018-08-16,2231914.78255043
2018-08-17,2241283.38311583
2018-08-18,2242930.75068042
2018-08-19,2242056.79380588
2018-08-20,2241767.71761487
2018-08-21,2248015.78310153
2018-08-22,2252224.21880329
2018-08-23,2247320.62448987
2018-08-24,2250473.74756108
2018-08-25,2253868.32515224
2018-08-26,2257567.20640079
2018-08-27,2259761.83667176
2018-08-28,2271005.1590581
2018-08-29,2277020.00541485
2018-08-30,2283512.90033709
2018-08-31,2285490.13522179
2018-09-01,2291321.30476005
2018-09-02,2293062.95706573
2018-09-03,2297183.06218838
2018-09-04,2304995.65649907
2018-09-05,2314074.18815937
2018-09-06,2328777.59348009
2018-09-07,2324349.24168336
2018-09-08,2326081.83664363
2018-09-09,2326061.19652495
2018-09-10,2325385.38103181
2018-09-11,2324499.50721547
2018-09-12,2325430.39322831
2018-09-13,2326315.26446778
2018-09-14,2329737.57180806
2018-09-15,2332935.15973291
2018-09-16,2331293.45149867
2018-09-17,2333838.94695692
2018-09-18,2336532.75351482
2018-09-19,2338824.68807637
2018-09-20,2340606.879072
2018-09-21,2345313.2803768
2018-09-22,2338810.96999796
2018-09-23,2339740.07775779
2018-09-24,2342750.44732834
2018-09-25,2337697.41106902
2018-09-26,2340677.23384399
2018-09-27,2341017.28997226
2018-09-28,2339305.02488017
2018-09-29,2335657.23671058
2018-09-30,2337816.62263201
2018-10-01,2336708.93132621
2018-10-02,2335352.21405751
2018-10-03,2337332.51602258
2018-10-04,2333717.26585652
2018-10-05,2330904.5793605
2018-10-06,2328774.3881093
2018-10-07,2325905.76736734
2018-10-08,2327241.20580595
2018-10-09,2328379.91118291
2018-10-10,2332923.81412845
2018-10-11,2329905.26303252
2018-10-12,2329720.41145735
2018-10-13,2326355.41985013
2018-10-14,2326582.19402268
2018-10-15,2302251.62284312
2018-10-16,2298835.13128191
2018-10-17,2296461.79507378
2018-10-18,2298410.9948022
2018-10-19,2311320.39936537
2018-10-20,2312874.19287763
2018-10-21,2312432.05372497
2018-10-22,2301512.71737899
2018-10-23,2303164.01309738
2018-10-24,2304160.30437969
2018-10-25,2304446.48887218
2018-10-26,2304729.52589802
2018-10-27,2306026.75546361
2018-10-28,2307060.8695517
2018-10-29,2314027.79351134
2018-10-30,2316325.09544719
2018-10-31,2320534.42544379
2018-11-01,2318250.60414951
2018-11-02,2341109.16081171
2018-11-03,2333194.24545516
2018-11-04,2334390.75891881
2018-11-05,2333462.14769167
2018-11-06,2341678.45095864
2018-11-07,2345437.70738324
2018-11-08,2350025.24435795
2018-11-09,2351324.71118685
2018-11-10,2352181.05524213
2018-11-11,2354171.90728427
2018-11-12,2359527.08749726
2018-11-13,2367454.64989393
2018-11-14,2382456.7530422
2018-11-15,2384857.28585001
2018-11-16,2383604.08779325
2018-11-17,2380731.04192795
2018-11-18,2378149.80025128
2018-11-19,2411760.01910136
2018-11-20,2430536.90624127
2018-11-21,2428017.02666597
2018-11-22,2423825.41426592
2018-11-23,2430632.69748548
2018-11-24,2444311.99201232
2018-11-25,2470961.00392481
2018-11-26,2483917.67731311
2018-11-27,2488404.1717645
2018-11-28,2487206.15824512
2018-11-29,2486813.17659079
2018-11-30,2505187.8591792
2018-12-01,2510615.51721302
2018-12-02,2507726.59473666
2018-12-03,2515112.98649642
2018-12-04,2511342.17122249
2018-12-05,2520125.69260059
2018-12-06,2523126.48236592
2018-12-07,2539206.67504325
2018-12-08,2542161.51606762
2018-12-09,2540849.86215215
2018-12-10,2539560.59809617
2018-12-11,2545428.38927079
2018-12-12,2549700.34803819
2018-12-13,2555735.7805462
2018-12-14,2551429.67345233
2018-12-15,2551951.97920644
2018-12-16,2554763.53262558
2018-12-17,2561910.36645557
2018-12-18,2566162.71377589
2018-12-19,2565961.00860204
2018-12-20,2572509.21454386
2018-12-21,2581140.6157381
2018-12-22,2580997.94092474
2018-12-23,2585693.88290675
2018-12-24,2591084.6687124
2018-12-25,2593092.60102117
2018-12-26,2597886.6954503
2018-12-27,2600205.96527498
2018-12-28,2598669.15907873
2018-12-29,2592705.27392206
2018-12-30,2591280.97855026
2018-12-31,2582557.35744416
2019-01-01,2580820.37692118
2019-01-02,2578975.24357157
2019-01-03,2572106.4612001
2019-01-04,2569148.07219336
2019-01-05,2574181.62623007
2019-01-06,2577904.6617815
2019-01-07,2583910.50438408
2019-01-08,2587976.15335642
2019-01-09,2585700.62941157
2019-01-10,2587489.75049104
2019-01-11,2582662.14063044
2019-01-12,2581511.01007277
2019-01-13,2582156.13177543
2019-01-14,2586846.51755806
2019-01-15,2586873.62830617
2019-01-16,2591863.37926147
2019-01-17,2591268.30971135
2019-01-18,2590062.07725049
2019-01-19,2590543.37601364
2019-01-20,2591805.77076848
2019-01-21,2587179.82769664
2019-01-22,2586110.56671146
2019-01-23,2587593.60203174
2019-01-24,2585382.45473133
2019-01-25,2583780.61377715
2019-01-26,2582603.38160893
2019-01-27,2583838.02131017
2019-01-28,2580645.63479506
2019-01-29,2578761.6523386
2019-01-30,2581774.79861351
2019-01-31,2579000.04116174
2019-02-01,2569619.13513718
2019-02-02,2564491.10806787
2019-02-03,2566040.00750732
2019-02-04,2566112.93754661
2019-02-05,2566873.19261678
2019-02-06,2567397.4993693
2019-02-07,2575539.04122359
2019-02-08,2581752.35842152
2019-02-09,2583954.22279588
2019-02-10,2584880.68981768
2019-02-11,2579613.66378515
2019-02-12,2583255.59539156
2019-02-13,2586617.46020177
2019-02-14,2587886.22354454
2019-02-15,2580284.0430842
2019-02-16,2583885.67661146
2019-02-17,2581950.24986776
2019-02-18,2584828.55049447
2019-02-19,2589775.08611177
2019-02-20,2584492.86348564
2019-02-21,2584864.71088026
2019-02-22,2586043.06938776
2019-02-23,2585844.19635257
2019-02-24,2588401.79060493
2019-02-25,2588695.011033
2019-02-26,2584055.61255817
2019-02-27,2585682.80286844
2019-02-28,2590131.16313825
2019-03-01,2582538.15847659
2019-03-02,2585153.40628332
2019-03-03,2588363.46898866
2019-03-04,2592405.79175565
2019-03-05,2588711.7420594
2019-03-06,2581136.14833187
2019-03-07,2584741.17632039
2019-03-08,2576413.78893703
2019-03-09,2574490.62671764
2019-03-10,2574323.35890777
2019-03-11,2575202.2535422
2019-03-12,2578712.40774427
2019-03-13,2584526.2065153
2019-03-14,2572896.39242161
2019-03-15,2571419.94761476
2019-03-16,2573382.16130898
2019-03-17,2571745.74309801
2019-03-18,2574341.68664728
2019-03-19,2579763.27138873
2019-03-20,2578937.89157287
2019-03-21,2577908.10042532
2019-03-22,2576920.7464174
2019-03-23,2577024.483735
2019-03-24,2576150.66400758
2019-03-25,2572006.33762634
2019-03-26,2577704.61760007
2019-03-27,2575207.26652629
2019-03-28,2575412.87016317
2019-03-29,2573691.66888393
2019-03-30,2571488.57506152
2019-03-31,2574491.66979539
2019-04-01,2569920.20113796
2019-04-02,2595159.03556865
2019-04-03,2597758.43932982
2019-04-04,2595705.56044597
2019-04-05,2598079.50559963
2019-04-06,2598459.124769
2019-04-07,2598054.12107682
2019-04-08,2600939.37486524
2019-04-09,2597399.56360287
2019-04-10,2585742.68670964
2019-04-11,2595457.71227664
2019-04-12,2590961.29444884
2019-04-13,2586196.07737276
2019-04-14,2585160.14766146
2019-04-15,2594111.04913679
2019-04-16,2584831.44334706
2019-04-17,2596123.45316484
2019-04-18,2596966.06724948
2019-04-19,2598183.45056702
2019-04-20,2597352.27128945
2019-04-21,2598014.27352044
2019-04-22,2601041.08855152
2019-04-23,2599978.65037767
2019-04-24,2601617.45112093
2019-04-25,2600774.00948817
2019-04-26,2590327.55261095
2019-04-27,2585436.92225768
2019-04-28,2580358.8233382
2019-04-29,2571256.54275088
2019-04-30,2575323.45314863
2019-05-01,2575202.27885182
2019-05-02,2574169.51672144
2019-05-03,2580518.54564233
2019-05-04,2582177.59705037
2019-05-05,2577921.15121546
2019-05-06,2572320.12018384
2019-05-07,2561553.75259323
2019-05-08,2555130.45440372
2019-05-09,2558979.41031729
2019-05-10,2561579.34348564
2019-05-11,2560239.34232771
2019-05-12,2566000.03093243
2019-05-13,2578502.13789875
2019-05-14,2583673.41906122
2019-05-15,2599532.56990568
2019-05-16,2601011.71839162
2019-05-17,2598510.94166832
2019-05-18,2595414.67557797
2019-05-19,2603786.21298493
2019-05-20,2605800.47015905
2019-05-21,2609708.85708152
2019-05-22,2600032.79148723
2019-05-23,2604198.04784063
2019-05-24,2603129.77842426
2019-05-25,2603298.45058953
2019-05-26,2610267.13433335
2019-05-27,2619393.90368649
2019-05-28,2626584.84814797
2019-05-29,2629757.34162677
2019-05-30,2635695.40230936
2019-05-31,2628511.06154493
2019-06-01,2632494.05972527
2019-06-02,2634976.08541987
2019-06-03,2637376.07271845
2019-06-04,2635039.73003356
2019-06-05,2633377.95773275
2019-06-06,2631285.74376584
2019-06-07,2627768.47170563
2019-06-08,2628659.3010696
2019-06-09,2627020.23894719
2019-06-10,2629400.2981702
2019-06-11,2628898.92787678
2019-06-12,2632587.93371533
2019-06-13,2637050.84583086
2019-06-14,2630774.10179266
2019-06-15,2634372.56409179
2019-06-16,2644707.39434757
2019-06-17,2653486.75959691
2019-06-18,2662165.33943508
2019-06-19,2684466.26160931
2019-06-20,2688211.10855467
2019-06-21,2686782.28982911
2019-06-22,2701370.81007705
2019-06-23,2706300.00967477
2019-06-24,2708546.82170547
2019-06-25,2706552.60684718
2019-06-26,2734345.98916968
2019-06-27,2744473.36653959
2019-06-28,2740291.15530206
2019-06-29,2745294.45739623
2019-06-30,2764950.8180381
2019-07-01,2771630.20728322
2019-07-02,2776433.36932493
2019-07-03,2770921.58335797
2019-07-04,2783262.12907705
2019-07-05,2771324.77951469
2019-07-06,2771698.13406743
2019-07-07,2772567.02270903
2019-07-08,2788064.84459457
2019-07-09,2795498.67352227
2019-07-10,2807734.62578809
2019-07-11,2815209.00620182
2019-07-12,2803310.93720437
2019-07-13,2800144.2299202
2019-07-14,2803948.80544786
2019-07-15,2797974.7384148
2019-07-16,2800253.63895213
2019-07-17,2802418.50261907
2019-07-18,2813708.92982182
2019-07-19,2811134.53538479
2019-07-20,2812486.25488731
2019-07-21,2810827.32224857
2019-07-22,2813307.03621431
2019-07-23,2806903.99163017
2019-07-24,2805028.80324238
2019-07-25,2799958.82150288
2019-07-26,2789443.5418201
2019-07-27,2788482.62260139
2019-07-28,2788153.04029704
2019-07-29,2791583.46048316
2019-07-30,2787908.41803573
2019-07-31,2790051.05984603
2019-08-01,2791663.70473113
2019-08-02,2795358.73699846
2019-08-03,2798707.88342859
2019-08-04,2801796.25784262
2019-08-05,2809549.11366018
2019-08-06,2786498.54001882
2019-08-07,2770129.61181008
2019-08-08,2772905.38996123
2019-08-09,2776302.55417438
2019-08-10,2775623.65421367
2019-08-11,2776204.36677006
2019-08-12,2778705.58073016
2019-08-13,2777561.63123385
2019-08-14,2774473.3756207
2019-08-15,2769584.18653228
2019-08-16,2779422.37611689
2019-08-17,2781517.791556
2019-08-18,2785270.11491212
2019-08-19,2781341.19330091
2019-08-20,2777628.12942542
2019-08-21,2773710.29632503
2019-08-22,2775839.41149157
2019-08-23,2775753.91913065
2019-08-24,2772818.6003804
2019-08-25,2774669.8683833
2019-08-26,2782403.71706842
2019-08-27,2783122.2768481
2019-08-28,2780244.92212871
2019-08-29,2772846.3750059
2019-08-30,2762816.30933127
2019-08-31,2763825.39800076
2019-09-01,2763747.65143026
2019-09-02,2769924.08633459
2019-09-03,2780026.05415699
2019-09-04,2782080.63665295
2019-09-05,2792218.35100482
2019-09-06,2793362.1502712
2019-09-07,2795221.96541159
2019-09-08,2796612.45294374
2019-09-09,2811990.80456921
2019-09-10,2808542.33556314
2019-09-11,2808441.34735622
2019-09-12,2814251.5335484
2019-09-13,2812776.77074275
2019-09-14,2813675.66894374
2019-09-15,2814787.20080912
2019-09-16,2817739.02296253
2019-09-17,2822803.26307052
2019-09-18,2822992.83120756
2019-09-19,2817915.41815061
2019-09-20,2819365.92435927
2019-09-21,2822967.82532981
2019-09-22,2822697.15904081
2019-09-23,2822138.44503182
2019-09-24,2853736.62243218
2019-09-25,2863795.00496481
2019-09-26,2867409.47426875
2019-09-27,2863464.56261391
2019-09-28,2862118.22095044
2019-09-29,2859432.06839629
2019-09-30,2862134.83882234
2019-10-01,2856078.3825042
2019-10-02,2853080.75353184
2019-10-03,2851661.64211406
2019-10-04,2849828.58538524
2019-10-05,2850322.39132298
2019-10-06,2852300.86068069
2019-10-07,2852272.21724649
2019-10-08,2856938.40698218
2019-10-09,2861632.44636836
2019-10-10,2863336.69807294
2019-10-11,2856780.98278062
2019-10-12,2856422.54964439
2019-10-13,2859462.5742585
2019-10-14,2860879.62541426
2019-10-15,2866282.92856341
2019-10-16,2866742.75564872
2019-10-17,2881281.98947332
2019-10-18,2874454.37043673
2019-10-19,2874748.56901804
2019-10-20,2875163.48391796
2019-10-21,2898537.06547714
2019-10-22,2892852.77754321
2019-10-23,2892310.55693624
2019-10-24,2892385.8528557
2019-10-25,2901266.38943084
2019-10-26,2918125.1004545
2019-10-27,2922978.54666822
2019-10-28,2924412.04313208
2019-10-29,2925664.86632848
2019-10-30,2923969.02693991
2019-10-31,2926167.72822998
2019-11-01,2923415.30926056
2019-11-02,2923777.19020358
2019-11-03,2923855.51802209
2019-11-04,2925130.70072022
2019-11-05,2930691.66679932
2019-11-06,2935806.04711595
2019-11-07,2939072.98603072
2019-11-08,2925938.88703379
2019-11-09,2923861.75949554
2019-11-10,2923603.17964722
2019-11-11,2924349.04888073
2019-11-12,2930591.24132046
2019-11-13,2936027.49616976
2019-11-14,2935636.18862774
2019-11-15,2934108.54632589
2019-11-16,2934202.94433578
2019-11-17,2934651.69275605
2019-11-18,2941523.36836732
2019-11-19,2941439.26014108
2019-11-20,2939493.29738557
2019-11-21,2940214.23539769
2019-11-22,2934821.62878657
2019-11-23,2934558.86986457
2019-11-24,2935536.5562259
2019-11-25,2942385.19105656
2019-11-26,2944971.0567595
2019-11-27,2943315.18308248
2019-11-28,2941746.24508694
2019-11-29,2935090.88503032
2019-11-30,2930897.52320229
2019-12-01,2926423.28971293
2019-12-02,2947666.18159012
2019-12-03,2944257.47469492
2019-12-04,2939753.47043048
2019-12-05,2938594.1721419
2019-12-06,2936510.32721784
2019-12-07,2938602.76673886
2019-12-08,2938317.28999599
2019-12-09,2941194.85084317
2019-12-10,2947089.84090751
2019-12-11,2943412.5925657
2019-12-12,2943168.13330044
2019-12-13,2943273.50146876
2019-12-14,2942703.87883722
2019-12-15,2941296.56210766
2019-12-16,2945225.17628376
2019-12-17,2949708.42237015
2019-12-18,2956783.99873063
2019-12-19,2960221.2160018
2019-12-20,2960938.21600139
2019-12-21,2961464.36429162
2019-12-22,2963304.14869511
2019-12-23,2969708.30661592
2019-12-24,2961079.09867823
2019-12-25,2962781.17400694
2019-12-26,2965168.88039809
2019-12-27,2964881.84172082
2019-12-28,2968125.30742899
2019-12-29,2969937.28908023
2019-12-30,2969282.24058481
2019-12-31,2962866.20908524
2020-01-01,2965687.71271696
2020-01-02,2982363.73436602
2020-01-03,2983864.23707746
2020-01-04,2990187.19322354
2020-01-05,2990214.02559153
2020-01-06,2991762.88130738
2020-01-07,2997740.34106252
2020-01-08,3001992.93006136
2020-01-09,3005142.47615928
2020-01-10,3001806.58328249
2020-01-11,2999934.88713519
2020-01-12,2998188.0708904
2020-01-13,3000516.48374942
2020-01-14,3017380.94452714
2020-01-15,3023308.66699865
2020-01-16,3019712.33968965
2020-01-17,3017846.78351589
2020-01-18,3019788.06225351
2020-01-19,3019341.32460923
2020-01-20,3017506.50039862
2020-01-21,3017046.57427088
2020-01-22,3011328.66349101
2020-01-23,3011054.32238857
2020-01-24,3009645.62437399
2020-01-25,3008865.46322991
2020-01-26,3013730.65088423
2020-01-27,3015881.39800499
2020-01-28,3034572.87952282
2020-01-29,3043958.07451348
2020-01-30,3042202.48979856
2020-01-31,3034407.71640766
2020-02-01,3035965.43485294
2020-02-02,3036094.39813301
2020-02-03,3040436.93878739
2020-02-04,3044518.02653026
2020-02-05,3052320.24138892
2020-02-06,3056670.32375092
2020-02-07,3056910.47576329
2020-02-08,3049892.11247399
2020-02-09,3054945.23135448
2020-02-10,3059724.2720196
2020-02-11,3070115.2724175
2020-02-12,3078120.83527654
2020-02-13,3082663.14320474
2020-02-14,3083515.29501219
2020-02-15,3082757.80804377
2020-02-16,3083919.43415218
2020-02-17,3089833.95064326
2020-02-18,3087305.4419387
2020-02-19,3084076.74981334
2020-02-20,3077764.18194165
2020-02-21,3067335.7570604
2020-02-22,3067668.16273699
2020-02-23,3068419.68505749
2020-02-24,3067861.67896145
2020-02-25,3064176.42785678
2020-02-26,3067613.236422
2020-02-27,3062808.43367938
2020-02-28,3057804.92747364
2020-02-29,3055538.05426091
2020-03-01,3055649.80659446
2020-03-02,3057154.37909801
2020-03-03,3055756.74982334
2020-03-04,3046459.63854007
2020-03-05,3043232.45002248
2020-03-06,3027765.39477177
2020-03-07,3029476.59526602
2020-03-08,3029971.88418761
2020-03-09,3041797.02223116
2020-03-10,3046561.92487811
2020-03-11,3051024.22563003
2020-03-12,3094560.97164212
2020-03-13,3121129.6429258
2020-03-14,3133407.72198371
2020-03-15,3137524.64943664
2020-03-16,3125928.72553028
2020-03-17,3125292.13147575
2020-03-18,3105024.69496828
2020-03-19,3092495.74983521
2020-03-20,3101614.71184399
2020-03-21,3093084.45040436
2020-03-22,3095586.06215903
2020-03-23,3091039.57583681
2020-03-24,3078365.74588207
2020-03-25,3067745.21816142
2020-03-26,3072088.59944728
2020-03-27,3067749.99500379
2020-03-28,3061986.31311378
2020-03-29,3067911.73617742
2020-03-30,3068965.80009604
2020-03-31,3061626.74707624
2020-04-01,3057405.41576162
2020-04-02,3060720.67317427
2020-04-03,3056919.58277751
2020-04-04,3053962.80143253
2020-04-05,3050409.13912069
2020-04-06,3051625.77245217
2020-04-07,3052280.0312797
2020-04-08,3049712.17442733
2020-04-09,3032789.33913739
2020-04-10,3027088.75555562
2020-04-11,3021434.07523836
2020-04-12,3022448.08461801
2020-04-13,3012830.20998438
2020-04-14,3011352.83442192
2020-04-15,3015135.414387
2020-04-16,3026017.85801764
2020-04-17,3009341.11079577
2020-04-18,3010866.92367103
2020-04-19,3012675.58505761
2020-04-20,3007153.73214093
2020-04-21,3005643.35191236
2020-04-22,2999385.15673099
2020-04-23,3012056.42645625
2020-04-24,3002896.36601014
2020-04-25,3004317.42615785
2020-04-26,3004501.59852889
2020-04-27,3006312.02213263
2020-04-28,3002622.43400663
2020-04-29,3004024.87546742
2020-04-30,3004449.30260884
2020-05-01,3008832.29564266
2020-05-02,3011261.87011093
2020-05-03,3016117.07201089
2020-05-04,3009155.0005257
2020-05-05,3014232.77105489
2020-05-06,3014745.57513312
2020-05-07,3027268.68805118
2020-05-08,3030782.64585663
2020-05-09,3031985.58996074
2020-05-10,3029167.73357931
2020-05-11,3020100.47950348
2020-05-12,3005741.79432255
2020-05-13,3001387.01867753
2020-05-14,3007616.89551243
2020-05-15,2989296.59528705
2020-05-16,2994742.35049039
2020-05-17,2997261.26934314
2020-05-18,2998828.09853648
2020-05-19,2994521.07981988
2020-05-20,2989238.51698353
2020-05-21,2994826.20130327
2020-05-22,2992509.2669112
2020-05-23,2994336.56510119
2020-05-24,2993172.58550129
2020-05-25,2980204.64119778
2020-05-26,2978844.6312312
2020-05-27,2979479.22679459
2020-05-28,2984783.08055035
2020-05-29,2988554.68591057
2020-05-30,2993212.06225897
2020-05-31,2998176.76405334
2020-06-01,2986238.28409078
2020-06-02,2995918.48123044
2020-06-03,2993831.17986183
2020-06-04,2998355.15283212
2020-06-05,2984839.7548732
2020-06-06,2982752.75197971
2020-06-07,2983283.54742424
2020-06-08,2980456.48038211
2020-06-09,2976270.82180579
2020-06-10,2979678.09810765
2020-06-11,2974524.92960502
2020-06-12,2974844.81375063
2020-06-13,2973392.13835586
2020-06-14,2972469.72331342
2020-06-15,2972383.93943616
2020-06-16,2971090.54714646
2020-06-17,2970691.76929033
2020-06-18,2955541.59986067
2020-06-19,2958039.43349782
2020-06-20,2958591.74546985
2020-06-21,2959707.32608972
2020-06-22,2961474.7625223
2020-06-23,2952259.15224089
2020-06-24,2952218.07673491
2020-06-25,2954963.00310082
2020-06-26,2952953.20313932
2020-06-27,2953789.84597927
2020-06-28,2955647.16847358
2020-06-29,2955938.35610353
2020-06-30,2952750.82380764
2020-07-01,2959755.55982983
2020-07-02,2961035.38214567
2020-07-03,2951092.68220277
2020-07-04,2952863.86857607
2020-07-05,2954452.7992065
2020-07-06,2960424.74118
2020-07-07,2957003.75072714
2020-07-08,2965069.38071227
2020-07-09,2969916.76077078
2020-07-10,2969813.05012566
2020-07-11,2972656.44155844
2020-07-12,2972158.93879558
2020-07-13,2964828.88935198
2020-07-14,2966752.02636788
2020-07-15,2965273.45642311
2020-07-16,2965502.39510483
2020-07-17,2963440.18870033
2020-07-18,2965517.88997149
2020-07-19,2962737.7252144
2020-07-20,2967981.59044264
2020-07-21,2968576.16177811
2020-07-22,2978542.70559171
2020-07-23,2976911.13007407
2020-07-24,2976760.24815091
2020-07-25,2978843.81389779
2020-07-26,2986017.66108016
2020-07-27,3005615.48796713
2020-07-28,3016072.87075821
2020-07-29,3017715.08955377
2020-07-30,3015249.20972228
2020-07-31,3008964.72077382
2020-08-01,3014959.20731242
2020-08-02,3019683.03911843
2020-08-03,3016500.04432797
2020-08-04,3007184.48167104
2020-08-05,3006325.547507
2020-08-06,3009908.88171868
2020-08-07,2999154.76801851
2020-08-08,3004464.23801903
2020-08-09,3000238.56141629
2020-08-10,2994992.00730189
2020-08-11,2993493.58045031
2020-08-12,2989912.91895914
2020-08-13,2977527.06888256
2020-08-14,2973132.87901137
2020-08-15,2963771.4682525
2020-08-16,2958566.6193071
2020-08-17,2956355.37182735
2020-08-18,2956199.0538381
2020-08-19,2945561.66752693
2020-08-20,2948569.25527676
2020-08-21,2941980.49135696
2020-08-22,2942026.86918746
2020-08-23,2940858.25186336
2020-08-24,2938388.67332278
2020-08-25,2928705.47975215
2020-08-26,2927045.14686524
2020-08-27,2930851.92714838
2020-08-28,2915250.3649238
2020-08-29,2912831.54076131
2020-08-30,2917824.28403115
2020-08-31,2883244.68380929
2020-09-01,2888622.72892429
2020-09-02,2880595.90504577
2020-09-03,2884016.20772527
2020-09-04,2884157.72979498
2020-09-05,2890774.90235791
2020-09-06,2890832.26921654
2020-09-07,2891089.46204088
2020-09-08,2885341.38507252
2020-09-09,2882209.39784053
2020-09-10,2871547.88280281
2020-09-11,2872138.84230467
2020-09-12,2870760.34276699
2020-09-13,2870120.76455009
2020-09-14,2869603.87360191
2020-09-15,2865429.01885615
2020-09-16,2863522.12579868
2020-09-17,2857063.53981732
2020-09-18,2850350.46009689
2020-09-19,2831177.70905545
2020-09-20,2833309.37984981
2020-09-21,2833568.22691995
2020-09-22,2833984.87289164
2020-09-23,2825340.70924285
2020-09-24,2827906.72242035
2020-09-25,2818368.98542624
2020-09-26,2814890.89290373
2020-09-27,2811266.2972933
2020-09-28,2817414.7712524
2020-09-29,2814904.35079394
2020-09-30,2818447.26245299
2020-10-01,2811341.80623969
2020-10-02,2791441.52190288
2020-10-03,2794165.89961724
2020-10-04,2794178.73367719
2020-10-05,2789573.30522788
2020-10-06,2793164.97913731
2020-10-07,2772886.89208604
2020-10-08,2781283.44774901
2020-10-09,2780460.65065917
2020-10-10,2784377.94863994
2020-10-11,2785558.77590065
2020-10-12,2789945.31846143
2020-10-13,2788038.39232359
2020-10-14,2783750.37746511
2020-10-15,2768889.2469802
2020-10-16,2750398.14078191
2020-10-17,2739715.2246113
2020-10-18,2738407.51488775
2020-10-19,2734767.47194916
2020-10-20,2734612.01928957
2020-10-21,2741333.16058112
2020-10-22,2738913.27289958
2020-10-23,2732104.84683455
2020-10-24,2733388.38214583
2020-10-25,2732334.51258205
2020-10-26,2728297.5130933
2020-10-27,2719115.37422966
2020-10-28,2723232.2835252
2020-10-29,2725958.04498797
2020-10-30,2716519.44155289
2020-10-31,2719294.82683884
2020-11-01,2720923.0249383
2020-11-02,2697688.35415859
2020-11-03,2685992.7784324
2020-11-04,2680441.22608621
2020-11-05,2685284.88669694
2020-11-06,2686001.13801515
2020-11-07,2692029.99254707
2020-11-08,2689431.73132315
2020-11-09,2678045.27983869
2020-11-10,2674851.28797177
2020-11-11,2673389.57335856
2020-11-12,2665042.51234649
2020-11-13,2668977.83026742
2020-11-14,2676266.64541546
2020-11-15,2668685.78286864
2020-11-16,2661362.88261628
2020-11-17,2673315.30499248
2020-11-18,2671681.68960979
2020-11-19,2672742.45713014
2020-11-20,2681664.6642896
2020-11-21,2689713.4357829
2020-11-22,2688509.39782469
2020-11-23,2695695.03766961
2020-11-24,2696989.53468108
2020-11-25,2703799.89870515
2020-11-26,2722581.76709234
2020-11-27,2729870.92368916
2020-11-28,2725131.09267925
2020-11-29,2721441.64301268
2020-11-30,2730780.86058719
2020-12-01,2737077.78928667
2020-12-02,2740011.59833082
2020-12-03,2739085.64403147
2020-12-04,2726960.47375097
2020-12-05,2728248.28101266
2020-12-06,2725286.33220406
2020-12-07,2726943.61401754
2020-12-08,2720691.10970819
2020-12-09,2716628.55669603
2020-12-10,2710964.56105491
2020-12-11,2717855.64249386
2020-12-12,2726143.47239147
2020-12-13,2729348.46223615
2020-12-14,2735906.6452007
2020-12-15,2740424.72141645
2020-12-16,2747653.32309474
2020-12-17,2768492.22355738
2020-12-18,2784621.58115368
2020-12-19,2796113.48303255
2020-12-20,2791289.41724653
2020-12-21,2799640.31256903
2020-12-22,2781207.20203596
2020-12-23,2752454.28718898
2020-12-24,2767050.37161112
2020-12-25,2773613.07387825
2020-12-26,2778110.76213471
2020-12-27,2799370.82115769
2020-12-28,2799047.85171985
2020-12-29,2786794.26975926
2020-12-30,2776131.16483314
2020-12-31,2766918.27484654
2021-01-01,2755252.0978801
2021-01-02,2731025.28587716
2021-01-03,2754752.59659444
2021-01-04,2757467.56590142
2021-01-05,2759369.56521872
2021-01-06,2750899.39533025
2021-01-07,2755493.81425771
2021-01-08,2762171.00033294
2021-01-09,2763720.96903646
2021-01-10,2775234.74575557
2021-01-11,2786825.59215565
2021-01-12,2782104.9432945
2021-01-13,2781874.9009533
2021-01-14,2774574.54641369
2021-01-15,2802017.53273546
2021-01-16,2803072.03240088
2021-01-17,2801561.18056707
2021-01-18,2806363.84094264
2021-01-19,2827177.44995409
2021-01-20,2837088.62110882
2021-01-21,2832146.33775604
2021-01-22,2835393.34328803
2021-01-23,2839464.42766462
2021-01-24,2837739.2121802
2021-01-25,2842955.3007471
2021-01-26,2842974.56833244
2021-01-27,2839917.91101708
2021-01-28,2846030.11370276
2021-01-29,2862202.29869904
2021-01-30,2855096.74538155
2021-01-31,2844063.28035762
2021-02-01,2838895.58207271
2021-02-02,2844698.14578664
2021-02-03,2844542.96219697
2021-02-04,2830078.08802977
2021-02-05,2831530.44786893
2021-02-06,2842466.14859213
2021-02-07,2832931.61768048
2021-02-08,2848128.60459024
2021-02-09,2847175.49611078
2021-02-10,2856352.74530223
2021-02-11,2855433.93223921
2021-02-12,2855275.0730724
2021-02-13,2852384.63350728
2021-02-14,2854932.2115646
2021-02-15,2851321.23694732
2021-02-16,2859562.33944547
2021-02-17,2866930.35270979
2021-02-18,2857253.88346304
2021-02-19,2866074.39138041
2021-02-20,2863231.56529382
2021-02-21,2898878.32981794
2021-02-22,2909530.93372292
2021-02-23,2923703.80972433
2021-02-24,2910071.40047397
2021-02-25,2918514.53670517
2021-02-26,2919674.78200695
2021-02-27,2922944.22310157
2021-02-28,2928835.74935336
2021-03-01,2920122.79316343
2021-03-02,2913949.14476789
2021-03-03,2909202.10574824
2021-03-04,2913987.84101196
2021-03-05,2928101.22245931
2021-03-06,2933821.04704261
2021-03-07,2933766.41779968
2021-03-08,2930914.60142582
2021-03-09,2931838.05785896
2021-03-10,2931793.45912268
2021-03-11,2931206.84100104
2021-03-12,2928077.48893229
2021-03-13,2932082.11198761
2021-03-14,2961130.79159203
2021-03-15,2956616.94308215
2021-03-16,2956040.19573237
2021-03-17,2952517.73787587
2021-03-18,2958019.5393201
2021-03-19,2959182.38160059
2021-03-20,2961318.61567004
2021-03-21,2935173.11120337
2021-03-22,2922753.68643905
2021-03-23,2923013.20199288
2021-03-24,2922250.25854681
2021-03-25,2922745.20974719
2021-03-26,2919421.45371743
2021-03-27,2919612.2247675
2021-03-28,2919449.57995149
2021-03-29,2919502.27456017
2021-03-30,2925872.6325567
2021-03-31,2924150.13095019
2021-04-01,2923793.55741628
2021-04-02,2924679.86767384
2021-04-03,2925495.49688975
2021-04-04,2920878.87085902
2021-04-05,2918877.0644202
2021-04-06,2910409.96038432
2021-04-07,2906383.59123418
2021-04-08,2900553.32145786
2021-04-09,2903707.45179102
2021-04-10,2903247.53176779
2021-04-11,2912502.89554113
2021-04-12,2914307.80351888
2021-04-13,2922236.68594258
2021-04-14,2930925.5352505
2021-04-15,2926922.50487213
2021-04-16,2925485.90380708
2021-04-17,2903457.64414998
2021-04-18,2889580.65134922
2021-04-19,2889181.63867572
2021-04-20,2889144.09512941
2021-04-21,2895644.49856084
2021-04-22,2913779.56766728
2021-04-23,2924228.71087172
2021-04-24,2924716.20123878
2021-04-25,2930532.44091104
2021-04-26,2927242.65902774
2021-04-27,2936181.74355996
2021-04-28,2941706.32662815
2021-04-29,2942389.96925871
2021-04-30,2949155.51650783
2021-05-01,2950979.78465094
2021-05-02,2951947.1829517
2021-05-03,2945972.45718037
2021-05-04,2956497.06160341
2021-05-05,2960387.37638362
2021-05-06,2947621.19023093
2021-05-07,2957451.30485112
2021-05-08,2963126.88394563
2021-05-09,2966216.65132728
2021-05-10,2966878.08178441
2021-05-11,2961148.19624721
2021-05-12,2989873.16482432
2021-05-13,3008156.8770663
2021-05-14,3004808.78406386
2021-05-15,3014397.84228222
2021-05-16,3022138.86154572
2021-05-17,3058428.01599972
2021-05-18,3048336.38471167
2021-05-19,3079243.32640937
2021-05-20,3081062.55419797
2021-05-21,3069402.39447325
2021-05-22,3082733.58687519
2021-05-23,3082293.36269308
2021-05-24,3080150.37370469
2021-05-25,3087304.05348622
2021-05-26,3087884.69315845
2021-05-27,3090066.85737542
2021-05-28,3098136.55434702
2021-05-29,3106090.25367564
2021-05-30,3102722.46778944
2021-05-31,3106919.48413939
2021-06-01,3106388.96138037
2021-06-02,3105669.87253545
2021-06-03,3104801.24854411
2021-06-04,3103621.02517834
2021-06-05,3107818.03834918
2021-06-06,3104221.38689223
2021-06-07,3069483.17635159
2021-06-08,3082727.7744152
2021-06-09,3084274.81462449
2021-06-10,3092904.68219201
2021-06-11,3105697.49796388
2021-06-12,3108929.39124321
2021-06-13,3115444.87434183
2021-06-14,3126055.76873237
2021-06-15,3095977.2363923
2021-06-16,3108851.59910168
2021-06-17,3107176.88092528
2021-06-18,3124005.46259946
2021-06-19,3122537.38520505
2021-06-20,3124666.30658375
2021-06-21,3125966.60252649
2021-06-22,3133272.98237579
2021-06-23,3131098.80227318
2021-06-24,3134299.74511235
2021-06-25,3129657.46173062
2021-06-26,3134154.16152015
2021-06-27,3135974.14555568
2021-06-28,3137080.7079392
2021-06-29,3134138.16734121
2021-06-30,3126922.07708427
2021-07-01,3116360.38920235
2021-07-02,3116918.29135161
2021-07-03,3122921.19875657
2021-07-04,3119551.88268472
2021-07-05,3124864.28774042
2021-07-06,3123851.02932114
2021-07-07,3115876.3909991
2021-07-08,3103782.53711613
2021-07-09,3106985.86903401
2021-07-10,3107294.14439381
2021-07-11,3106245.08492859
2021-07-12,3108059.65427505
2021-07-13,3107226.68191896
2021-07-14,3110155.16840459
2021-07-15,3108440.5974418
2021-07-16,3106736.19203226
2021-07-17,3136062.88096241
2021-07-18,3153509.44525676
2021-07-19,3161670.44487893
2021-07-20,3158415.46499883
2021-07-21,3155662.60005241
2021-07-22,3159943.88975498
2021-07-23,3160564.27876893
2021-07-24,3164177.15760406
2021-07-25,3159269.41710176
2021-07-26,3170240.48539741
2021-07-27,3175542.25554085
2021-07-28,3143722.22947591
2021-07-29,3117728.01228139
2021-07-30,3116779.61515922
2021-07-31,3116336.59420856
2021-08-01,3121666.4625675
2021-08-02,3125816.45975124
2021-08-03,3128839.81034228
2021-08-04,3113659.93122259
2021-08-05,3120543.42846188
2021-08-06,3129594.65063533
2021-08-07,3131587.83985892
2021-08-08,3136482.82193298
2021-08-09,3130223.90682764
2021-08-10,3137575.84557394
2021-08-11,3126657.90296672
2021-08-12,3134261.7422901
2021-08-13,3137084.64273158
2021-08-14,3140941.85962459
2021-08-15,3142697.40164458
2021-08-16,3144809.67870015
2021-08-17,3144652.13584535
2021-08-18,3149134.2687441
2021-08-19,3147693.68945922
2021-08-20,3140078.87251685
2021-08-21,3147383.80212965
2021-08-22,3146849.9295917
2021-08-23,3163021.8754082
2021-08-24,3162980.55582549
2021-08-25,3136362.80455784
2021-08-26,3162451.19480999
2021-08-27,3161493.42693802
2021-08-28,3162637.88088136
2021-08-29,3163582.17556155
2021-08-30,3167501.48346627
2021-08-31,3165061.00572396
2021-09-01,3165528.49024043
2021-09-02,3153532.14320352
2021-09-03,3138429.53680802
2021-09-04,3131875.59968269
2021-09-05,3133861.01947293
2021-09-06,3126278.92273751
2021-09-07,3122396.46973934
2021-09-08,3117719.92289537
2021-09-09,3117537.45138279
2021-09-10,3070118.01600816
2021-09-11,3068553.86069352
2021-09-12,3067825.84133437
2021-09-13,3065608.26042091
2021-09-14,3064736.14373581
2021-09-15,3050202.30424815
2021-09-16,3045317.17846116
2021-09-17,3042894.98083206
2021-09-18,3042836.83945677
2021-09-19,3041965.1411867
2021-09-20,3048021.73803644
2021-09-21,3053703.45482383
2021-09-22,3053786.27142008
2021-09-23,3052583.8273967
2021-09-24,3052315.99767465
2021-09-25,3050470.18934115
2021-09-26,3057625.08814399
2021-09-27,3053635.19083112
2021-09-28,3050345.48667045
2021-09-29,3052314.28941621
2021-09-30,3054533.32578438
2021-10-01,3053469.78901579
2021-10-02,3054033.7566624
2021-10-03,3053485.43462229
2021-10-04,3053534.54517979
2021-10-05,3052607.43612411
2021-10-06,3055650.04999499
2021-10-07,3056649.05583282
2021-10-08,3060248.93066607
2021-10-09,3060276.16577582
2021-10-10,3059547.49318162
2021-10-11,3060236.89764874
2021-10-12,3068659.16703475
2021-10-13,3066124.16178067
2021-10-14,3064764.98776524
2021-10-15,3062748.6274372
2021-10-16,3070405.23591113
2021-10-17,3068189.2204758
2021-10-18,3070621.95981556
2021-10-19,3067260.33151439
2021-10-20,3067266.88598387
2021-10-21,3067486.58522494
2021-10-22,3063909.9103181
2021-10-23,3065529.44475314
2021-10-24,3055524.5040885
2021-10-25,3041080.61395593
2021-10-26,3038951.45862668
2021-10-27,3039129.84128806
2021-10-28,3046881.69588867
2021-10-29,3047387.36775884
2021-10-30,3046158.86400932
2021-10-31,3025016.97671039
2021-11-01,3029439.32153057
2021-11-02,3027709.29203654
2021-11-03,3027162.44406756
2021-11-04,3023764.6136495
2021-11-05,3022862.86259224
2021-11-06,3017221.19275138
2021-11-07,3017935.21728747
2021-11-08,3024410.67011776
2021-11-09,3020010.7500365
2021-11-10,3020477.2830226
2021-11-11,3016147.2331335
2021-11-12,3017187.66212921
2021-11-13,3017230.05578821
2021-11-14,3019847.57155807
2021-11-15,3023972.80776003
2021-11-16,3018496.39186008
2021-11-17,3014008.80176425
2021-11-18,3027749.61294898
2021-11-19,3029964.83519757
2021-11-20,3031897.44741337
2021-11-21,3031533.85421164
2021-11-22,3037143.03248701
2021-11-23,3038261.49895701
2021-11-24,3042357.96210436
2021-11-25,3034780.48008873
2021-11-26,3055262.57759734
2021-11-27,3054165.76445435
2021-11-28,3055416.28016173
2021-11-29,3052917.88243769
2021-11-30,3058663.62161555
2021-12-01,3059541.83081627
2021-12-02,3058371.73412158
2021-12-03,3059331.64206937
2021-12-04,3056500.97423138
2021-12-05,3052683.3899764
2021-12-06,3060625.17869229
2021-12-07,3043573.83435995
2021-12-08,3045200.62528579
2021-12-09,3046397.91480441
2021-12-10,3055959.96004631
2021-12-11,3054022.16223782
2021-12-12,3051759.17866486
2021-12-13,3051612.45355877
2021-12-14,3051460.9433553
2021-12-15,3049247.11782817
2021-12-16,3048208.02132201
2021-12-17,3042740.90666654
2021-12-18,3047943.40807103
2021-12-19,3045622.83127495
2021-12-20,3049911.72809502
2021-12-21,3051133.42980299
2021-12-22,3049696.40363942
2021-12-23,3057516.70616221
2021-12-24,3062691.5166338
2021-12-25,3077011.29048052
2021-12-26,3077748.60176021
2021-12-27,3088494.90507094
2021-12-28,3090843.91156171
2021-12-29,3085193.14545258
2021-12-30,3074785.28955516
2021-12-31,3065835.60703887
2022-01-01,3064059.43632734
2022-01-02,3065538.60032715
2022-01-03,3072136.97959599
2022-01-04,3071432.46177594
2022-01-05,3069790.37849614
2022-01-06,3072994.47786536
2022-01-07,3078733.59844417
2022-01-08,3079730.97744842
2022-01-09,3081810.44441902
2022-01-10,3081501.10840921
2022-01-11,3068994.51551466
2022-01-12,3072165.79577923
2022-01-13,3076201.94771285
2022-01-14,3080569.44944134
2022-01-15,3081340.16591131
2022-01-16,3078809.56859446
2022-01-17,3071151.37076769
2022-01-18,3067269.87106323
2022-01-19,3061560.79321125
2022-01-20,3068624.44280092
2022-01-21,3082405.43594137
2022-01-22,3082067.76793134
2022-01-23,3085255.54997391
2022-01-24,3091268.74792421
2022-01-25,3091591.22004754
2022-01-26,3085369.75038176
2022-01-27,3073595.35056975
2022-01-28,3076024.20163096
2022-01-29,3062233.00902083
2022-01-30,3069202.22403825
2022-01-31,3067294.77589625
2022-02-01,3070456.72544723
2022-02-02,3069165.21253861
2022-02-03,3071627.00009987
2022-02-04,3072438.64179588
2022-02-05,3070462.51920842
2022-02-06,3075545.28767531
2022-02-07,3070478.9825543
2022-02-08,3068645.78252179
2022-02-09,3065746.01215849
2022-02-10,3055853.33581745
2022-02-11,3056526.71399338
2022-02-12,3058727.70954249
2022-02-13,3059681.26809178
2022-02-14,3056750.65449795
2022-02-15,3055995.79859666
2022-02-16,3055177.19894264
2022-02-17,3051528.61931651
2022-02-18,3048526.56732047
2022-02-19,3049572.65401236
2022-02-20,3049795.1495826
2022-02-21,3051640.37899733
2022-02-22,3051662.61158553
2022-02-23,3049648.05392359
2022-02-24,3056044.98537251
2022-02-25,3056105.86388903
2022-02-26,3057629.44733449
2022-02-27,3055492.0885876
2022-02-28,3054216.72188247
2022-03-01,3055551.65187323
2022-03-02,3052739.15304095
2022-03-03,3056455.33313023
2022-03-04,3054826.84096028
2022-03-05,3054924.73649113
2022-03-06,3054043.39426209
2022-03-07,3056381.10741975
2022-03-08,3054721.05505805
2022-03-09,3050951.02165197
2022-03-10,3021309.59594441
2022-03-11,3023435.54883341
2022-03-12,3022297.44486178
2022-03-13,3022255.42867557
2022-03-14,3027285.16786226
2022-03-15,3018224.95482595
2022-03-16,3011245.87607599
2022-03-17,3016428.57012578
2022-03-18,3018724.831021
2022-03-19,3023034.00660693
2022-03-20,3022416.72720658
2022-03-21,3011460.00578007
2022-03-22,3008570.43911999
2022-03-23,3006307.94611548
2022-03-24,3004741.05190531
2022-03-25,3010598.56029122
2022-03-26,3008984.03847988
2022-03-27,3006848.88997829
2022-03-28,3009792.84945118
2022-03-29,2997324.32033187
2022-03-30,3000870.9795694
2022-03-31,3001259.01184208
2022-04-01,2999823.97420632
2022-04-02,3000888.4886639
2022-04-03,2998746.24566485
2022-04-04,3001832.9826424
2022-04-05,3007106.62004148
2022-04-06,3000424.14036222
2022-04-07,3004390.99218029
2022-04-08,3004128.0765222
2022-04-09,3003589.52137885
2022-04-10,2999693.93589734
2022-04-11,3001197.01036727
2022-04-12,3000127.85050987
2022-04-13,3000054.54268216
2022-04-14,2987298.17417329
2022-04-15,2977546.30535381
2022-04-16,2978232.77661019
2022-04-17,2979162.92513041
2022-04-18,2978332.00342563
2022-04-19,2979545.19875108
2022-04-20,2980811.05586265
2022-04-21,2979914.81231475
2022-04-22,2986257.0706343
2022-04-23,2987406.55552054
2022-04-24,2985328.03382806
2022-04-25,2997465.8121083
2022-04-26,2997786.25281955
2022-04-27,2997546.75633357
2022-04-28,2994361.49913011
2022-04-29,2998348.86960136
2022-04-30,3000545.87389594
2022-05-01,3003475.73018351
2022-05-02,2999558.77202222
2022-05-03,2995858.12150838
2022-05-04,3008669.11947164
2022-05-05,3015881.79230487
2022-05-06,3031964.21073596
2022-05-07,3033294.49714489
2022-05-08,3040953.23853224
2022-05-09,3125256.4928306
2022-05-10,3127921.64605388
2022-05-11,3118617.35833703
2022-05-12,3109088.62153079
2022-05-13,3116065.10864081
2022-05-14,3096992.68372274
2022-05-15,3097683.43418563
2022-05-16,3091646.46014787
2022-05-17,3093703.53359103
2022-05-18,3095884.04775135
2022-05-19,3111354.22332884
2022-05-20,3112340.02873421
2022-05-21,3114590.39212729
2022-05-22,3114946.7995401
2022-05-23,3114746.90823048
2022-05-24,3118580.51990111
2022-05-25,3119660.94680609
2022-05-26,3112683.30516217
2022-05-27,3119766.60510248
2022-05-28,3112813.95369099
2022-05-29,3113474.7091034
2022-05-30,3111047.72124192
2022-05-31,3115495.89015418
2022-06-01,3131913.58793113
2022-06-02,3126462.01793594
2022-06-03,3114574.63461565
2022-06-04,3106923.92149268
2022-06-05,3104386.08270325
2022-06-06,3098214.6086985
2022-06-07,3101142.90075264
2022-06-08,3103728.44062872
2022-06-09,3104052.20079527
2022-06-10,3105717.39123225
2022-06-11,3109080.14012776
2022-06-12,3101146.30918689
2022-06-13,3125786.60546873
2022-06-14,3151971.96512025
2022-06-15,3138995.54632487
2022-06-16,3143251.26577015
2022-06-17,3105470.98041621
2022-06-18,3111808.84135514
2022-06-19,3111620.64653173
2022-06-20,3098943.64066268
2022-06-21,3103310.27637568
2022-06-22,3085249.44197814
2022-06-23,3083900.77136643
2022-06-24,3089214.50241295
2022-06-25,3086331.06243264
2022-06-26,3084561.60460921
2022-06-27,3101376.77991764
2022-06-28,3099807.57504992
2022-06-29,3083159.58266375
2022-06-30,3076370.64501976
2022-07-01,3073706.16867804
2022-07-02,3071623.09242489
2022-07-03,3071599.12172437
2022-07-04,3070847.5467728
2022-07-05,3069262.5508613
2022-07-06,3057321.47488499
2022-07-07,3056299.02908279
2022-07-08,3053682.2702699
2022-07-09,3054757.22906951
2022-07-10,3054821.93445082
2022-07-11,3056213.78803173
2022-07-12,3052637.46320687
2022-07-13,3057953.83428792
2022-07-14,3052870.0560628
2022-07-15,3064332.01451625
2022-07-16,3066642.93554808
2022-07-17,3082598.90301499
2022-07-18,3083409.44966522
2022-07-19,3079765.42179452
2022-07-20,3075065.81789877
2022-07-21,3071824.74077404
2022-07-22,3080231.30541602
2022-07-23,3080553.2089887
2022-07-24,3074760.54814892
2022-07-25,3069655.25608309
2022-07-26,3069868.14192353
2022-07-27,3068368.35786285
2022-07-28,3075007.27175514
2022-07-29,3071687.5341377
2022-07-30,3072755.60895274
2022-07-31,3070773.3009171
2022-08-01,3071176.12587685
2022-08-02,3067525.16897929
2022-08-03,3063643.18268075
2022-08-04,3067476.90167538
2022-08-05,3047012.21035853
2022-08-06,3048616.83240998
2022-08-07,3049413.59062946
2022-08-08,3053006.16583414
2022-08-09,3053703.14578629
2022-08-10,3059219.82898371
2022-08-11,3058342.48607477
2022-08-12,3055864.15840657
2022-08-13,3055251.08588463
2022-08-14,3049655.21486389
2022-08-15,3047840.72410028
2022-08-16,3048093.63795701
2022-08-17,3045573.99274384
2022-08-18,3042386.1062279
2022-08-19,3046457.66828316
2022-08-20,3046431.65579446
2022-08-21,3044098.17045491
2022-08-22,3044414.33533139
2022-08-23,3045917.40117978
2022-08-24,3040246.92542681
2022-08-25,3033734.47532239
2022-08-26,3037596.75678179
2022-08-27,3036180.08357477
2022-08-28,3044167.61665315
2022-08-29,3038365.20063226
2022-08-30,3036413.50705988
2022-08-31,3051158.97220549
2022-09-01,3051637.12297689
2022-09-02,3065530.21213968
2022-09-03,3066867.36230208
2022-09-04,3067118.15158685
2022-09-05,3070668.91474295
2022-09-06,3070020.17890758
2022-09-07,3067188.51003758
2022-09-08,3068835.66309318
2022-09-09,3074414.16696866
2022-09-10,3077542.94110247
2022-09-11,3077138.66623131
2022-09-12,3082503.16927328
2022-09-13,3113554.39562966
2022-09-14,3104542.51165023
2022-09-15,3135186.66667756
2022-09-16,3131671.80997077
2022-09-17,3135302.39350262
2022-09-18,3137198.12734942
2022-09-19,3138010.87159567
2022-09-20,3138466.45747954
2022-09-21,3141347.00798986
2022-09-22,3148291.31578605
2022-09-23,3151646.49437391
2022-09-24,3153113.32636206
2022-09-25,3159501.64501984
2022-09-26,3154073.12001296
2022-09-27,3155032.91185587
2022-09-28,3160039.56392975
2022-09-29,3139990.41813394
2022-09-30,3108267.74728201
2022-10-01,3102915.7055802
2022-10-02,3108557.66335202
2022-10-03,3108585.01649161
2022-10-04,3104994.5656858
2022-10-05,3089568.17272507
2022-10-06,3069597.52102626
2022-10-07,3053644.99123759
2022-10-08,3054979.49909197
2022-10-09,3054227.30697271
2022-10-10,3055546.88754279
2022-10-11,3078190.58484615
2022-10-12,3088877.42404081
2022-10-13,3083499.47320955
2022-10-14,3078721.07393332
2022-10-15,3080493.4412325
2022-10-16,3076243.57790384
2022-10-17,3077216.2977541
2022-10-18,3040121.16162518
2022-10-19,3040243.92811921
2022-10-20,3044514.62479245
2022-10-21,3040618.26184438
2022-10-22,3042806.26833573
2022-10-23,3039919.55402233
2022-10-24,3043936.38247957
2022-10-25,3041586.92715171
2022-10-26,3023964.59020797
2022-10-27,3026293.25278787
2022-10-28,3025765.87365828
2022-10-29,3026848.03251232
2022-10-30,3026740.2378055
2022-10-31,3035462.02789124
2022-11-01,3036808.51614991
2022-11-02,2990385.15757781
2022-11-03,2994405.38177915
2022-11-04,3069673.69081554
2022-11-05,3070987.04621278
2022-11-06,3070976.69608084
2022-11-07,3062639.46297577
2022-11-08,3049763.00127166
2022-11-09,3028461.75941887
2022-11-10,2993636.05227192
2022-11-11,2945964.99221826
2022-11-12,2916327.69623019
2022-11-13,2907605.72358464
2022-11-14,2905010.41576703
2022-11-15,2900155.96024578
2022-11-16,2871036.97899373
2022-11-17,2818718.76736851
2022-11-18,2906754.95872522
2022-11-19,2908802.50172534
2022-11-20,2904823.29332708
2022-11-21,2897455.96885011
2022-11-22,2900888.5192725
2022-11-23,2857103.47516922
2022-11-24,2857474.59711919
2022-11-25,2863274.3518184
2022-11-26,2864918.94777552
2022-11-27,2865613.74968572
2022-11-28,2860931.1061586
2022-11-29,2866348.02039781
2022-11-30,2866175.39166533
2022-12-01,2867774.12773712
2022-12-02,2868087.96102364
2022-12-03,2864314.60886834
2022-12-04,2862864.3824266
2022-12-05,2863433.0002422
2022-12-06,2865563.19062374
2022-12-07,2863399.40874085
2022-12-08,2863773.85813573
2022-12-09,2853455.04204699
2022-12-10,2849465.89321309
2022-12-11,2848853.30540056
2022-12-12,2843346.0210464
2022-12-13,2811704.37873994
2022-12-14,2802065.96408306
2022-12-15,2803431.04742432
2022-12-16,2789951.69731974
2022-12-17,2783614.79417294
2022-12-18,2783301.59897232
2022-12-19,2783099.82285083
2022-12-20,2784234.61992338
2022-12-21,2785971.57378445
2022-12-22,2791594.64656089
2022-12-23,2796178.56844824
2022-12-24,2794163.48746158
2022-12-25,2795742.17062715
2022-12-26,2794358.30926387
2022-12-27,2796842.14489412
2022-12-28,2801453.16959577
2022-12-29,2797790.39928301
2022-12-30,2795297.30591053
2022-12-31,2800316.67319006
2023-01-01,2806883.15359059
2023-01-02,2808096.11479521
2023-01-03,2805886.56010753
2023-01-04,2810696.66620477
2023-01-05,2807863.86650143
2023-01-06,2804838.61702842
2023-01-07,2806337.67330593
2023-01-08,2807927.50429736
2023-01-09,2805377.64777547
2023-01-10,2803361.52086308
2023-01-11,2799876.51087824
2023-01-12,2801472.74083654
2023-01-13,2800879.48110414
2023-01-14,2805603.73958609
2023-01-15,2806470.1874584
2023-01-16,2802683.92409352
2023-01-17,2798331.44281535
2023-01-18,2796759.35455648
2023-01-19,2807795.37996895
2023-01-20,2790670.53656947
2023-01-21,2795379.01018931
2023-01-22,2797959.42451737
2023-01-23,2801833.66211684
2023-01-24,2797496.10567511
2023-01-25,2798142.60097237
2023-01-26,2794509.06970627
2023-01-27,2796742.92383206
2023-01-28,2795605.78959293
2023-01-29,2796546.8330462
2023-01-30,2799221.84645818
2023-01-31,2801503.21430524
2023-02-01,2802762.3799801
2023-02-02,2800345.29189902
2023-02-03,2797421.978673
2023-02-04,2795874.13641814
2023-02-05,2798198.69355083
2023-02-06,2797908.34551178
2023-02-07,2798682.12798858
2023-02-08,2800715.15207323
2023-02-09,2802221.17967274
2023-02-10,2808655.22957111
2023-02-11,2810964.18291591
2023-02-12,2810610.73873893
2023-02-13,2808398.27291377
2023-02-14,2807759.99151682
2023-02-15,2815005.75132991
2023-02-16,2820176.14071803
2023-02-17,2821593.46012696
2023-02-18,2818732.14334727
2023-02-19,2817243.11830204
2023-02-20,2824880.33111006
2023-02-21,2823468.78984662
2023-02-22,2821472.27391409
2023-02-23,2821023.64235874
2023-02-24,2823215.90197239
2023-02-25,2824489.99333694
2023-02-26,2825971.23320203
2023-02-27,2827746.61671069
2023-02-28,2827595.09294018
2023-03-01,2841133.58574769
2023-03-02,2842459.58179462
2023-03-03,2839556.92037171
2023-03-04,2839047.33122194
2023-03-05,2841519.92516359
2023-03-06,2848954.20907636
2023-03-07,2845233.71667957
2023-03-08,2834588.7885523
2023-03-09,2839477.39032763
2023-03-10,2831204.87159374
2023-03-11,2820306.36361591
2023-03-12,2821597.11726707
2023-03-13,2845844.97237142
2023-03-14,2860919.30626428
2023-03-15,2865235.8460191
2023-03-16,2864728.91990152
2023-03-17,2879531.50442727
2023-03-18,2883080.69160016
2023-03-19,2893805.91861387
2023-03-20,2896656.37643467
2023-03-21,2895480.38297739
2023-03-22,2891667.33377126
2023-03-23,2894683.3379732
2023-03-24,2889747.70377096
2023-03-25,2889889.91776138
2023-03-26,2890211.40852629
2023-03-27,2885734.07946459
2023-03-28,2884100.15920048
2023-03-29,2880287.90887327
2023-03-30,2866731.22833753
2023-03-31,2866187.653114
2023-04-01,2867544.37553891
2023-04-02,2868212.96407082
2023-04-03,2869504.51472823
2023-04-04,2868576.70547697
2023-04-05,2872646.16549068
2023-04-06,2875177.356287
2023-04-07,2874889.13408077
2023-04-08,2874065.14875064
2023-04-09,2875503.12865126
2023-04-10,2878216.46350987
2023-04-11,2878984.68771393
2023-04-12,2890062.78847999
2023-04-13,2890160.66336885
2023-04-14,2888208.39805142
2023-04-15,2887265.70031082
2023-04-16,2889180.04045791
2023-04-17,2893619.81615725
2023-04-18,2893915.394788
2023-04-19,2894505.97590594
2023-04-20,2899095.73149888
2023-04-21,2908190.69280285
2023-04-22,2910042.73618382
2023-04-23,2908486.96619685
2023-04-24,2908750.64231385
2023-04-25,2909896.65627691
2023-04-26,2911462.09052096
2023-04-27,2913939.92338742
2023-04-28,2910259.94392003
2023-04-29,2907679.30703973
2023-04-30,2909699.80130474
2023-05-01,2912102.76274836
2023-05-02,2906534.03111792
2023-05-03,2909358.66631628
2023-05-04,2908683.91250984
2023-05-05,2902793.01797633
2023-05-06,2902857.92973318
2023-05-07,2901097.94399904
2023-05-08,2901159.6333078
2023-05-09,2903563.38753959
2023-05-10,2903329.16836755
2023-05-11,2909573.21879304
2023-05-12,2906851.32682298
2023-05-13,2907502.1452821
2023-05-14,2909964.87920248
2023-05-15,2894376.96873656
2023-05-16,2900404.94188109
2023-05-17,2902333.56510636
2023-05-18,2905002.93234322
2023-05-19,2905403.01364565
2023-05-20,2906826.49308036
2023-05-21,2908554.34051247
2023-05-22,2910617.85411385
2023-05-23,2911124.93270438
2023-05-24,2911040.45393858
2023-05-25,2914938.10814647
2023-05-26,2910613.21639536
2023-05-27,2911772.5717163
2023-05-28,2912821.03569564
2023-05-29,2910114.10309563
2023-05-30,2915570.51404658
2023-05-31,2920749.86327385
2023-06-01,2927111.81646067
2023-06-02,2923476.17638518
2023-06-03,2926804.04082201
2023-06-04,2926431.5392688
2023-06-05,2915082.92217986
2023-06-06,2912715.49568494
2023-06-07,2902453.41057614
2023-06-08,2901842.77441234
2023-06-09,2901871.86914558
2023-06-10,2900046.19807966
2023-06-11,2893427.16777868
2023-06-12,2894549.26215845
2023-06-13,2895847.80593515
2023-06-14,2901959.66068118
2023-06-15,2897550.7470488
2023-06-16,2895161.84199663
2023-06-17,2896039.57730727
2023-06-18,2898053.96640066
2023-06-19,2896536.03626798
2023-06-20,2893082.11022188
2023-06-21,2892141.63931813
2023-06-22,2885316.16882542
2023-06-23,2886106.50435502
2023-06-24,2887327.80197669
2023-06-25,2889138.35835509
2023-06-26,2891853.5376745
2023-06-27,2891137.94221563
2023-06-28,2890120.75316231
2023-06-29,2888309.80935505
2023-06-30,2890451.89879312
2023-07-01,2874096.39570498
2023-07-02,2876339.89294103
2023-07-03,2874827.87704321
2023-07-04,2875097.05115799
2023-07-05,2879791.33954098
2023-07-06,2880076.44401368
2023-07-07,2876429.68339347
2023-07-08,2879826.85361265
2023-07-09,2880606.91387301
2023-07-10,2879240.7702454
2023-07-11,2876675.12511406
2023-07-12,2887834.2909188
2023-07-13,2891906.37942763
2023-07-14,2894121.54802737
2023-07-15,2892809.74228098
2023-07-16,2893121.65337376
2023-07-17,2893430.50153191
2023-07-18,2893493.63143553
2023-07-19,2894048.46627159
2023-07-20,2894191.1405059
2023-07-21,2894456.88757027
2023-07-22,2893517.18528252
2023-07-23,2893893.71132723
2023-07-24,2892731.12504366
2023-07-25,2895367.09844476
2023-07-26,2892770.50924204
2023-07-27,2899698.84755333
2023-07-28,2901448.668435
2023-07-29,2901482.96116247
2023-07-30,2902216.13533817
2023-07-31,2900707.85781124
2023-08-01,2905704.26560947
2023-08-02,2899066.48879145
2023-08-03,2897287.86982439
2023-08-04,2896654.56698989
2023-08-05,2899275.96443603
2023-08-06,2899908.00746823
2023-08-07,2906082.04654848
2023-08-08,2895039.52400158
2023-08-09,2896035.81796236
2023-08-10,2894376.67792873
2023-08-11,2896323.02003715
2023-08-12,2899224.06816569
2023-08-13,2900495.70883791
2023-08-14,2889029.20512216
2023-08-15,2887808.48403381
2023-08-16,2888954.03327173
2023-08-17,2892228.19404953
2023-08-18,2889831.4771881
2023-08-19,2887407.71601382
2023-08-20,2886603.66543829
2023-08-21,2880955.75579914
2023-08-22,2881975.40937688
2023-08-23,2878435.51712123
2023-08-24,2877217.54758105
2023-08-25,2873023.66609232
2023-08-26,2876133.61912609
2023-08-27,2875052.83151191
2023-08-28,2875429.4255082
2023-08-29,2868964.18098941
2023-08-30,2867967.23215908
2023-08-31,2872062.51688721
2023-09-01,2883424.0646701
2023-09-02,2883348.73229907
2023-09-03,2882614.05535713
2023-09-04,2886515.10761684
2023-09-05,2884782.74825593
2023-09-06,2887670.98965213
2023-09-07,2886677.26729607
2023-09-08,2880229.97015558
2023-09-09,2881401.29345652
2023-09-10,2882016.66787793
2023-09-11,2877969.28754037
2023-09-12,2878348.11474022
2023-09-13,2876062.0373461
2023-09-14,2878506.85054003
2023-09-15,2875786.11916109
2023-09-16,2873740.05851281
2023-09-17,2873409.63535156
2023-09-18,2873713.32333524
2023-09-19,2873261.30064888
2023-09-20,2869575.0976732
2023-09-21,2868135.18618218
2023-09-22,2872397.07174813
2023-09-23,2870776.73471275
2023-09-24,2871587.02438139
2023-09-25,2870701.23681103
2023-09-26,2873894.55693527
2023-09-27,2875360.09309293
2023-09-28,2876374.65666226
2023-09-29,2874755.00558647
2023-09-30,2874853.45942851
2023-10-01,2878263.36661194
2023-10-02,2882522.75380045
2023-10-03,2882573.23750555
2023-10-04,2885775.27049614
2023-10-05,2885079.64308211
2023-10-06,2880856.85715423
2023-10-07,2879847.60049284
2023-10-08,2879951.78914476
2023-10-09,2880559.17456487
2023-10-10,2879592.659987
2023-10-11,2886479.29389125
2023-10-12,2890375.72561743
2023-10-13,2890965.35081992
2023-10-14,2889745.52709998
2023-10-15,2889622.72151132
2023-10-16,2885575.6061208
2023-10-17,2880991.68704034
2023-10-18,2878397.99761603
2023-10-19,2872146.39035911
2023-10-20,2871054.85609104
2023-10-21,2873710.88591851
2023-10-22,2873810.96708371
2023-10-23,2875951.89091055
2023-10-24,2881590.87684565
2023-10-25,2884678.10274295
2023-10-26,2883857.83989951
2023-10-27,2883883.39382022
2023-10-28,2883015.1995963
2023-10-29,2885762.896846
2023-10-30,2884877.19732852
2023-10-31,2883826.45145507
2023-11-01,2880495.66618542
2023-11-02,2890626.03502217
2023-11-03,2885338.36597172
2023-11-04,2885779.82353712
2023-11-05,2886806.75310854
2023-11-06,2889741.81753226
2023-11-07,2894010.85746165
2023-11-08,2886459.85026673
2023-11-09,2882022.650639
2023-11-10,2912119.11447681
2023-11-11,2911880.55562664
2023-11-12,2912067.83300059
2023-11-13,2911472.67674295
2023-11-14,2916144.50753063
2023-11-15,2922546.79078222
2023-11-16,2921423.52067619
2023-11-17,2917605.62523321
2023-11-18,2918983.2938959
2023-11-19,2919505.91871153
2023-11-20,2914898.45356662
2023-11-21,2908024.34294885
2023-11-22,2896239.29677598
2023-11-23,2890310.12723599
2023-11-24,2884978.45553363
2023-11-25,2884474.12305543
2023-11-26,2880721.5999896
2023-11-27,2880671.41526941
2023-11-28,2870588.61969571
2023-11-29,2872054.69940402
2023-11-30,2871060.65486572
2023-12-01,2871373.9516384
2023-12-02,2869225.21994785
2023-12-03,2869721.89103137
2023-12-04,2877271.33786241
2023-12-05,2870254.59813682
2023-12-06,2884599.0345997
2023-12-07,2898359.89588255
2023-12-08,2900321.34638634
2023-12-09,2904923.92083105
2023-12-10,2907677.88871154
2023-12-11,2914670.43070079
2023-12-12,2921236.84316028
2023-12-13,2920695.42423141
2023-12-14,2917685.74126722
2023-12-15,2920343.08317933
2023-12-16,2914106.97404082
2023-12-17,2919160.87535881
2023-12-18,2919492.89640263
2023-12-19,2928947.00065555
2023-12-20,2924032.70149927
2023-12-21,2919175.79229364
2023-12-22,2921123.33933705
2023-12-23,2918366.3418093
2023-12-24,2906375.21482609
2023-12-25,2914688.29465078
2023-12-26,2911666.32009421
2023-12-27,2890919.76128467
2023-12-28,2889517.90485038
2023-12-29,2886525.28684677
2023-12-30,2902302.18491503
2023-12-31,2898709.35558493
2024-01-01,2899689.44540699
2024-01-02,2899106.39051973
2024-01-03,2904678.29309199
2024-01-04,2905348.1998476
2024-01-05,2903761.68703786
2024-01-06,2903021.31306914
2024-01-07,2898792.67444375
2024-01-08,2908179.97426091
2024-01-09,2921506.02354902
2024-01-10,2935193.7655363
2024-01-11,2940861.5303362
2024-01-12,2945157.48092675
2024-01-13,2943005.48368236
2024-01-14,2942174.89624692
2024-01-15,2945877.23050519
2024-01-16,2943683.04064372
2024-01-17,2949120.11007527
2024-01-18,2952722.17855268
2024-01-19,2952618.55773696
2024-01-20,2953942.55720851
2024-01-21,2952585.96465836
2024-01-22,2954260.22364253
2024-01-23,2958294.46530085
2024-01-24,2962946.82869862
2024-01-25,2963856.89391022
2024-01-26,2970140.82207895
2024-01-27,2968736.59206713
2024-01-28,2969925.74922647
2024-01-29,2971115.82700912
2024-01-30,2957618.90991418
2024-01-31,2955146.67845498
2024-02-01,2956167.62866466
2024-02-02,2952803.82982699
2024-02-03,2951968.47371934
2024-02-04,2953340.94373601
2024-02-05,2955088.15729701
2024-02-06,2956221.66663052
2024-02-07,2951998.37891214
2024-02-08,2951260.87662714
2024-02-09,2949279.61484156
2024-02-10,2947983.75895405
2024-02-11,2952752.64594575
2024-02-12,2956452.65724534
2024-02-13,2950831.55026899
2024-02-14,2949038.00481057
2024-02-15,2948885.21569634
2024-02-16,2944664.86373433
2024-02-17,2944437.10034827
2024-02-18,2946136.61248217
2024-02-19,2941734.04386418
2024-02-20,2941192.99975947
2024-02-21,2945329.04433739
2024-02-22,2945033.53606114
2024-02-23,2942331.03321518
2024-02-24,2942535.50027986
2024-02-25,2944019.04865386
2024-02-26,2936868.18763325
2024-02-27,2940398.4293375
2024-02-28,2948273.97037273
2024-02-29,2954763.63728974
2024-03-01,2949295.29784066
2024-03-02,2951094.13644666
2024-03-03,2951830.11982168
2024-03-04,2955360.64807125
2024-03-05,2967539.48210567
2024-03-06,2963563.04325612
2024-03-07,2971405.84573436
2024-03-08,2967859.36316963
2024-03-09,2966359.92144646
2024-03-10,2970263.47542188
2024-03-11,2979665.2204875
2024-03-12,2983051.79965501
2024-03-13,2980820.19393261
2024-03-14,2968497.50258746
2024-03-15,2966137.4189127
2024-03-16,2972360.72104786
2024-03-17,2961066.92865685
2024-03-18,2961705.96017823
2024-03-19,2970070.52616029
2024-03-20,2972304.52861775
2024-03-21,2971957.20518419
2024-03-22,2961533.49896778
2024-03-23,2960323.21930898
2024-03-24,2959733.43473498
2024-03-25,2956457.79986332
2024-03-26,2955910.20717662
2024-03-27,2958709.90119555
2024-03-28,2943692.89061121
2024-03-29,2945463.45842905
2024-03-30,2947181.4898451
2024-03-31,2939111.39117043
2024-04-01,2930507.25528709
2024-04-02,2932017.03646095
2024-04-03,2929453.01029486
2024-04-04,2923054.60603402
2024-04-05,2927177.96257331
2024-04-06,2926980.2623874
2024-04-07,2929090.55123042
2024-04-08,2929193.21352951
2024-04-09,2933196.59978863
2024-04-10,2929721.04107112
2024-04-11,2927912.33626276
2024-04-12,2931770.03668999
2024-04-13,2930975.69180797
2024-04-14,2932950.17566496
2024-04-15,2933184.85546479
2024-04-16,2927393.52215601
2024-04-17,2929358.58495001
2024-04-18,2943808.69716619
2024-04-19,2945965.20768705
2024-04-20,2945432.79540829
2024-04-21,2947320.50342321
2024-04-22,2943972.17396782
2024-04-23,2947730.88337836
2024-04-24,2957187.39184508
2024-04-25,2955457.04976689
2024-04-26,2952821.54147566
2024-04-27,2953298.7361237
2024-04-28,2957350.88255074
2024-04-29,2962220.73651572
2024-04-30,2969894.00213392
2024-05-01,2973042.08354701
2024-05-02,2974425.61418592
2024-05-03,2974422.09563418
2024-05-04,2973246.13423052
2024-05-05,2976085.49509778
2024-05-06,2971704.28832464
2024-05-07,2971483.99969068
2024-05-08,2974643.20298413
2024-05-09,2971071.70941962
2024-05-10,2973204.85448213
2024-05-11,2973049.84834569
2024-05-12,2973975.66539346
2024-05-13,2975399.97916422
2024-05-14,2974752.99848608
2024-05-15,2966004.8278821
2024-05-16,2965494.37724291
2024-05-17,2962250.92672763
2024-05-18,2960814.67201924
2024-05-19,2960902.22963437
2024-05-20,2959720.46684603
2024-05-21,2970821.12940739
2024-05-22,2972689.51317932
2024-05-23,2973675.20224801
2024-05-24,2978980.70119036
2024-05-25,2979987.85096991
2024-05-26,2980530.9076179
2024-05-27,2982428.16883839
2024-05-28,2979742.95586349
2024-05-29,2982506.86311686
2024-05-30,2972940.65422058
2024-05-31,2980915.38217819
2024-06-01,2981357.91779578
2024-06-02,2982122.95092296
2024-06-03,2978727.22657592
2024-06-04,2975972.41738991
2024-06-05,2984907.37947806
2024-06-06,2983550.45954179
2024-06-07,2979361.80629465
2024-06-08,2986100.3130444
2024-06-09,2986039.88104442
2024-06-10,2987327.05293981
2024-06-11,2982972.91728388
2024-06-12,2981640.22015277
2024-06-13,2977372.45224131
2024-06-14,2981985.49773948
2024-06-15,2984031.45868405
2024-06-16,2982772.33877788
2024-06-17,2985480.36689352
2024-06-18,2985211.872464
2024-06-19,2978682.68097222
2024-06-20,2979223.61643492
2024-06-21,2980996.97487169
2024-06-22,2981054.52379206
2024-06-23,2981393.4341727
2024-06-24,2987881.05377821
2024-06-25,2981809.1856649
2024-06-26,2987845.2047009
2024-06-27,2998995.64444228
2024-06-28,3006221.18357827
2024-06-29,3008858.63309759
2024-06-30,3009282.26709812
2024-07-01,3010236.04590945
2024-07-02,3009312.02618276
2024-07-03,3011052.61231696
2024-07-04,3015526.02167424
2024-07-05,3016071.21349125
2024-07-06,3015895.69228838
2024-07-07,3018135.29518883
2024-07-08,3023347.81835422
2024-07-09,3025498.13059537
2024-07-10,3025934.15999393
2024-07-11,3031198.41971064
2024-07-12,3031948.27581024
2024-07-13,3035498.25858676
2024-07-14,3036064.93779921
2024-07-15,3036088.98940237
2024-07-16,3079998.33803765
2024-07-17,3079631.54059886
2024-07-18,3076331.60550062
2024-07-19,3074019.14845371
2024-07-20,3075044.27526341
2024-07-21,3075158.05831547
2024-07-22,3075733.38386432
2024-07-23,3073357.40299257
2024-07-24,3073104.99291683
2024-07-25,3075503.23792274
2024-07-26,3076148.51257643
2024-07-27,3079659.91178445
2024-07-28,3080843.95744147
2024-07-29,3073515.50338278
2024-07-30,3071801.37637156
2024-07-31,3070887.71924725
2024-08-01,3067780.30783539
2024-08-02,3070626.94815054
2024-08-03,3070613.5443215
2024-08-04,3069734.00131765
2024-08-05,3075635.95813381
2024-08-06,3078040.65508669
2024-08-07,3073218.58936817
2024-08-08,3074800.02586241
2024-08-09,3079245.745347
2024-08-10,3078682.31455988
2024-08-11,3075373.95908461
2024-08-12,3076959.15414424
2024-08-13,3087322.25974412
2024-08-14,3086363.60641714
2024-08-15,3083590.6351933
2024-08-16,3076421.10432942
2024-08-17,3078953.87261797
2024-08-18,3081306.26459926
2024-08-19,3085391.6388573
2024-08-20,3086853.47620981
2024-08-21,3085804.47418953
2024-08-22,3087702.51898509
2024-08-23,3084154.50689746
2024-08-24,3086335.07576977
2024-08-25,3085895.30811495
2024-08-26,3085229.94722096
2024-08-27,3087896.21272336
2024-08-28,3079980.31584968
2024-08-29,3080166.91928541
2024-08-30,3081913.65561081
2024-08-31,3084337.19114973
2024-09-01,3084719.45128499
2024-09-02,3087236.4995699
2024-09-03,3081190.1084057
2024-09-04,3080790.3107543
2024-09-05,3085946.96245204
2024-09-06,3086189.22902152
2024-09-07,3084158.2306611
2024-09-08,3091085.42174774
2024-09-09,3084968.4651567
2024-09-10,3076936.1074812
2024-09-11,3070212.21889006
2024-09-12,3072312.56332576
2024-09-13,3069011.44080445
2024-09-14,3068178.53164734
2024-09-15,3068494.02049332
2024-09-16,3074611.64305882
2024-09-17,3073364.82144799
2024-09-18,3075114.23152432
2024-09-19,3077861.67987122
2024-09-20,3079489.1804488
2024-09-21,3081679.20606682
2024-09-22,3082917.43036737
2024-09-23,3081669.12133751
2024-09-24,3079345.6730123
2024-09-25,3087055.16830689
2024-09-26,3085498.0935144
2024-09-27,3077473.67874744
2024-09-28,3078765.97373618
2024-09-29,3081717.57529091
2024-09-30,3081620.78929122
2024-10-01,3086465.63594825
2024-10-02,3087588.03486237
2024-10-03,3087746.65512023
2024-10-04,3088620.0411895
2024-10-05,3088756.13573749
2024-10-06,3086157.07273029
2024-10-07,3083620.50882962
2024-10-08,3080747.33831662
2024-10-09,3084359.01568371
2024-10-10,3085574.39280551
2024-10-11,3085135.17508178
2024-10-12,3084187.50026572
2024-10-13,3084544.55317917
2024-10-14,3087722.98197309
2024-10-15,3081220.93136323
2024-10-16,3086463.28697057
2024-10-17,3083587.4627272
2024-10-18,3079150.55600749
2024-10-19,3079832.76662486
2024-10-20,3081231.06201954
2024-10-21,3080343.61896136
2024-10-22,3078400.26144899
2024-10-23,3079331.91772953
2024-10-24,3078139.44582086
2024-10-25,3066386.54963848
2024-10-26,3069812.2331648
2024-10-27,3070923.52537009
2024-10-28,3064994.34136836
2024-10-29,3068763.47701309
2024-10-30,3063240.36363573
2024-10-31,3066924.93990868
2024-11-01,3072050.97964295
2024-11-02,3072096.23092066
2024-11-03,3072271.13990405
2024-11-04,3078803.86007576
2024-11-05,3092357.29428974
2024-11-06,3086191.73932183
2024-11-07,3077731.85023482
2024-11-08,3066837.62223649
2024-11-09,3067201.21031485
2024-11-10,3067842.99913008
2024-11-11,3070586.89396033
2024-11-12,3074915.64379517
2024-11-13,3073837.83540926
2024-11-14,3066783.79959368
2024-11-15,3065434.88793066
2024-11-16,3067037.47582135
2024-11-17,3071610.92947372
2024-11-18,3070220.5530932
2024-11-19,3068113.25633852
2024-11-20,3054813.69156436
2024-11-21,3050380.06463713
2024-11-22,3058541.81036019
2024-11-23,3058684.45913145
2024-11-24,3058597.03088899
2024-11-25,3061837.71141772
2024-11-26,3053035.37578109
2024-11-27,3041035.44908577
2024-11-28,3027690.18017712
2024-11-29,3018409.79515316
2024-11-30,3018119.67526221
2024-12-01,3023242.75440428
2024-12-02,3016791.52209222
2024-12-03,3014088.76917073
2024-12-04,3010325.78549168
2024-12-05,3002752.79155169
2024-12-06,3000372.49938414
2024-12-07,3005499.05274489
2024-12-08,3006605.01276478
2024-12-09,3010643.44098916
2024-12-10,3010353.16499332
2024-12-11,3004088.10171708
2024-12-12,3002228.34169749
2024-12-13,2994589.87097388
2024-12-14,2991980.35265521
2024-12-15,2993589.84561805
2024-12-16,2991544.40304095
2024-12-17,2989370.99988287
2024-12-18,2978453.5207126
2024-12-19,2985838.81781753
2024-12-20,2991351.95364094
2024-12-21,2991191.6282761
2024-12-22,2992126.81216186
2024-12-23,2994469.02475739
2024-12-24,3021231.60923729
2024-12-25,3020062.97555293
2024-12-26,3012614.9254198
2024-12-27,3004602.08325627
2024-12-28,3003267.06619422
2024-12-29,2997360.60176274
2024-12-30,2977405.08668782
2024-12-31,2945177.08459324
2025-01-01,2941859.69337532
2025-01-02,2942261.17763398
2025-01-03,2947789.66506759
2025-01-04,2946320.04097753
2025-01-05,2948267.30217263
2025-01-06,2945402.92847207
2025-01-07,2941448.2746932
2025-01-08,2942254.95857881
2025-01-09,2942741.75264564
2025-01-10,2944421.87643676
2025-01-11,2943901.27688266
2025-01-12,2946602.25434836
2025-01-13,2950596.63407251
2025-01-14,2954483.82265824
2025-01-15,2960343.69038519
2025-01-16,2957312.21646796
2025-01-17,2942316.04132088
2025-01-18,2943219.79056235
2025-01-19,2948289.63054504
2025-01-20,2954606.72349834
2025-01-21,2950793.84681528
2025-01-22,2950380.14652387
2025-01-23,2946902.5571083
2025-01-24,2944876.52474269
2025-01-25,2945056.64459026
2025-01-26,2944250.05927572
2025-01-27,2945208.13554726
2025-01-28,2946154.82059173
2025-01-29,2946906.12801736
2025-01-30,2946206.91503586
2025-01-31,2942510.50971569
2025-02-01,2941380.74364419
2025-02-02,2944900.09090972
2025-02-03,2946383.76572642
2025-02-04,2934556.7189155
2025-02-05,2916489.87343065
2025-02-06,2917259.95197264
2025-02-07,2916712.4769549
2025-02-08,2915407.52965586
2025-02-09,2918049.82438924
2025-02-10,2917678.32930425
2025-02-11,2919974.02565115
2025-02-12,2920687.4770037
2025-02-13,2925908.77835376
2025-02-14,2923080.86935704
2025-02-15,2923368.31497718
2025-02-16,2922215.79991621
2025-02-17,2923526.17021761
2025-02-18,2927161.81030451
2025-02-19,2930890.63663943
2025-02-20,2925126.79398712
2025-02-21,2931970.50491126
2025-02-22,2920587.07088879
2025-02-23,2919834.57370548
2025-02-24,2922672.76067744
2025-02-25,2935770.69231499
2025-02-26,2939700.92134009
2025-02-27,2938897.15780618
2025-02-28,2943483.53651558
2025-03-01,2943418.11032821
2025-03-02,2938872.65443394
2025-03-03,2939355.97060087
2025-03-04,2940879.07937758
2025-03-05,2941342.91164277
2025-03-06,2942554.47826929
2025-03-07,2946408.11442864
2025-03-08,2946528.42597857
2025-03-09,2947643.55820062
2025-03-10,2953138.05175892
2025-03-11,2954819.32653883
2025-03-12,2957120.24933127
2025-03-13,2959002.37497625
2025-03-14,2958446.05707734
2025-03-15,2957498.54712678
2025-03-16,2958015.89264175
2025-03-17,2956731.04184551
2025-03-18,2958792.93636135
2025-03-19,2954534.46858538
2025-03-20,2954180.91223391
2025-03-21,2954966.40196749
2025-03-22,2954201.57969471
2025-03-23,2953993.17473108
2025-03-24,2945245.19670562
2025-03-25,2941234.87043463
2025-03-26,2939004.78919638
2025-03-27,2937112.3432014
2025-03-28,2937356.48872371
2025-03-29,2935409.91776689
2025-03-30,2937233.72196474
2025-03-31,2932714.39608576
2025-04-01,2931188.1910438
2025-04-02,2930472.36516132
2025-04-03,2933875.98126455
2025-04-04,2929236.03103547
2025-04-05,2932406.09488469
2025-04-06,2938907.70191958
2025-04-07,2941581.11307458
2025-04-08,2944806.66073835
2025-04-09,2944990.17900122
2025-04-10,2943269.086335
2025-04-11,2943447.96268558
2025-04-12,2943619.55517405
2025-04-13,2944854.90119986
2025-04-14,2940574.25932393
2025-04-15,2937791.23569359
2025-04-16,2934492.18981275
2025-04-17,2932883.77085172
2025-04-18,2934269.5133867
2025-04-19,2934360.11945821
2025-04-20,2933222.049106
2025-04-21,2930345.41213082
2025-04-22,2931561.07517922
2025-04-23,2926005.27945608
2025-04-24,2922989.07877745
2025-04-25,2907889.01609043
2025-04-26,2906140.40954506
2025-04-27,2908657.34785099
2025-04-28,2908085.42405672
2025-04-29,2906505.34421457
2025-04-30,2905751.51272031
2025-05-01,2905081.14227365
2025-05-02,2896378.77209585
2025-05-03,2897322.77611891
2025-05-04,2897575.30864899
2025-05-05,2896229.02793208
2025-05-06,2889798.57123165
2025-05-07,2885435.52570854
2025-05-08,2887793.79821392
2025-05-09,2883069.65743666
2025-05-10,2880045.95801608
2025-05-11,2879051.74150695
2025-05-12,2877525.21529428
2025-05-13,2876191.97016378
2025-05-14,2874909.97095112
2025-05-15,2870504.69787551
2025-05-16,2865465.14680348
2025-05-17,2864129.44747297
2025-05-18,2863711.37865067
2025-05-19,2861311.25575329
2025-05-20,2860679.01768054
2025-05-21,2856742.11144589
2025-05-22,2860766.02960873
2025-05-23,2859286.18095474
2025-05-24,2856738.33937718
2025-05-25,2855808.15097609
2025-05-26,2856711.94182751
2025-05-27,2856728.12085179
2025-05-28,2855762.02716415
2025-05-29,2854586.4080551
2025-05-30,2849646.93806014
2025-05-31,2850263.82160395
2025-06-01,2850891.11672403
2025-06-02,2846827.05230489
2025-06-03,2833102.47328275
2025-06-04,2823833.63963904
2025-06-05,2822121.22246164
2025-06-06,2822442.68606766
2025-06-07,2823672.12277211
2025-06-08,2826531.42699567
2025-06-09,2821689.59791339
2025-06-10,2820147.96405151
2025-06-11,2818334.3292126
2025-06-12,2815959.73476377
2025-06-13,2818123.92612339
2025-06-14,2818867.57377338
2025-06-15,2817109.66262901
2025-06-16,2816719.7389813
2025-06-17,2815535.86374502
2025-06-18,2816637.0422907
2025-06-19,2816641.56526686
2025-06-20,2817398.26790775
2025-06-21,2817790.60897673
2025-06-22,2821296.19844148
2025-06-23,2816405.92905329
2025-06-24,2817304.99851907
2025-06-25,2815794.41397163
2025-06-26,2814497.65398819
2025-06-27,2807599.92487313
2025-06-28,2805726.48776701
2025-06-29,2804570.18972446
2025-06-30,2797921.16268623
2025-07-01,2796688.60022758
2025-07-02,2793631.36307737
2025-07-03,2793254.1528111
2025-07-04,2794556.96645137
2025-07-05,2793802.14012342
2025-07-06,2793704.62120768
2025-07-07,2790176.0521521
2025-07-08,2785994.91539667
2025-07-09,2782584.92969158
2025-07-10,2781222.9392874
2025-07-11,2785164.5808701
2025-07-12,2786760.34702499
2025-07-13,2788723.45916044
2025-07-14,2794614.72175306
2025-07-15,2817101.60826917
2025-07-16,2817867.83628676
2025-07-17,2813753.94052086
2025-07-18,2813096.00542432
2025-07-19,2805806.67979719
2025-07-20,2806367.53470125
2025-07-21,2806337.23908119
2025-07-22,2808125.42591111
2025-07-23,2808481.37757101
2025-07-24,2814063.94275174
2025-07-25,2836032.53850359
2025-07-26,2835171.34934194
2025-07-27,2834419.18319537
2025-07-28,2824651.27806851
2025-07-29,2817756.1761447
2025-07-30,2812180.26925443
2025-07-31,2810051.4167787
2025-08-01,2815883.76227196
2025-08-02,2817379.18097403
2025-08-03,2816849.97795868
2025-08-04,2819907.40819959
2025-08-05,2821310.64035575
2025-08-06,2822693.86607095
2025-08-07,2819216.79829196
2025-08-08,2816937.31731993
2025-08-09,2818868.56253283
2025-08-10,2819223.64270445
2025-08-11,2823705.73653244
2025-08-12,2822743.80064345
2025-08-13,2816581.69539851
2025-08-14,2814660.97099986
2025-08-15,2816886.19893118
2025-08-16,2816425.9165952
2025-08-17,2816522.27658436
2025-08-18,2810974.26923066
2025-08-19,2816829.72445203
2025-08-20,2820448.0368375
2025-08-21,2818618.10663265
2025-08-22,2821521.04626615
2025-08-23,2821441.45549494
2025-08-24,2828274.70122549
2025-08-25,2829911.26702408
2025-08-26,2830177.20451854
2025-08-27,2829053.10997295
2025-08-28,2829376.78176694
2025-08-29,2822774.41156051
2025-08-30,2822742.80607458
2025-08-31,2826792.53623095
2025-09-01,2828022.70723508
2025-09-02,2824834.84427483
2025-09-03,2822055.24989934
2025-09-04,2814676.85269519
2025-09-05,2813462.31055754
2025-09-06,2813765.06130903
2025-09-07,2813786.3025182
2025-09-08,2818521.43837445
2025-09-09,2813398.15394768
2025-09-10,2814238.42626076
2025-09-11,2809417.16445224
2025-09-12,2808050.11196634
2025-09-13,2806821.3995523
2025-09-14,2804756.08547935
2025-09-15,2799720.50284653
2025-09-16,2799209.33768568
2025-09-17,2795427.91086649
2025-09-18,2794840.69852168
2025-09-19,2786451.13270193
2025-09-20,2780015.29831751
2025-09-21,2780175.14683587
2025-09-22,2779978.14610066
2025-09-23,2774967.72125232
2025-09-24,2769354.54803199
2025-09-25,2770943.07868889
2025-09-26,2755490.35550863
2025-09-27,2753775.73801334
2025-09-28,2754267.55111969
2025-09-29,2754440.90861469
2025-09-30,2738295.88595387
2025-10-01,2733627.48833564
2025-10-02,2728301.30792154
2025-10-03,2725375.05297672
2025-10-04,2726477.79878978
2025-10-05,2732525.77999953
2025-10-06,2731090.20987161
2025-10-07,2726452.80107355
2025-10-08,2724638.15672421
2025-10-09,2719685.36105195
2025-10-10,2719188.54171254
2025-10-11,2722496.85681021
2025-10-12,2720206.69777297
2025-10-13,2718008.65934457
2025-10-14,2716820.58330827
2025-10-15,2698283.87416336
2025-10-16,2697847.96840973
2025-10-17,2701089.62117327
2025-10-18,2702814.15375342
2025-10-19,2702049.07874364
2025-10-20,2701232.42196619
2025-10-21,2701417.35707589
2025-10-22,2699877.18348482
2025-10-23,2700825.4402536
2025-10-24,2701155.26342746
2025-10-25,2701464.24749357
2025-10-26,2701714.00687935
2025-10-27,2696137.09983306
2025-10-28,2691281.04567734
2025-10-29,2688494.78975976
2025-10-30,2694138.08591425
2025-10-31,2695525.1352117
2025-11-01,2695505.04634514
2025-11-02,2694904.97868969
2025-11-03,2690540.07038267
2025-11-04,2700650.77162443
2025-11-05,2699963.49827489
2025-11-06,2698001.99189606
2025-11-07,2695928.15141719
2025-11-08,2695981.86042829
2025-11-09,2694134.68152028
2025-11-10,2701402.54773934
2025-11-11,2700857.89128516
2025-11-12,2699796.20284249
2025-11-13,2702657.65686267
2025-11-14,2704684.07463439
2025-11-15,2708742.27077633
2025-11-16,2714323.7186414
2025-11-17,2721396.48887701
2025-11-18,2698891.25187219
2025-11-19,2694854.0767271
2025-11-20,2699015.05058465
2025-11-21,2707994.06835285
2025-11-22,2708445.23572909
2025-11-23,2707559.02423952
2025-11-24,2710193.48345043
2025-11-25,2707175.47293677
2025-11-26,2706807.174649
2025-11-27,2707268.87184478
2025-11-28,2708383.0888304
2025-11-29,2705205.08033971
2025-11-30,2706721.88388187
2025-12-01,2706106.81348534
2025-12-02,2697509.81540862
2025-12-03,2699678.48525241
2025-12-04,2697366.80370176
2025-12-05,2689643.39176814
2025-12-06,2686988.19318886
2025-12-07,2687992.96444626
2025-12-08,2686170.78802048
2025-12-09,2684445.33675213
2025-12-10,2680389.09947445
2025-12-11,2676803.19282338
2025-12-12,2676590.49961777
2025-12-13,2677738.09642956
2025-12-14,2678522.29732161
2025-12-15,2683043.14131427
2025-12-16,2685346.50897917
2025-12-17,2686357.7435483
2025-12-18,2690819.04928272
2025-12-19,2691003.03894211
2025-12-20,2691304.90674553
2025-12-21,2691096.48119843
2025-12-22,2692520.67071418
2025-12-23,2688412.9996913
2025-12-24,2691113.69436054
2025-12-25,2689458.12348235
2025-12-26,2692314.59403647
2025-12-27,2690919.16905034
2025-12-28,2692712.3964749
2025-12-29,2691160.67902994
2025-12-30,2686050.44099016
2025-12-31,2674746.59753899
2026-01-01,2673699.22034147
2026-01-02,2671079.71531174
2026-01-03,2671678.39863276
2026-01-04,2671681.80325112
2026-01-05,2666481.30461124
2026-01-06,2666349.1526743
2026-01-07,2666251.46927303
2026-01-08,2666173.8438664
2026-01-09,2669276.56039657
2026-01-10,2668785.82334759
2026-01-11,2670338.58872067
2026-01-12,2667829.49738648
2026-01-13,2660572.71698948
2026-01-14,2649665.10414915
2026-01-15,2647833.36363462
2026-01-16,2649511.83842259
2026-01-17,2647774.50308423
2026-01-18,2648010.90972108
2026-01-19,2649225.31218194
2026-01-20,2658447.78616554
2026-01-21,2667727.04022161
2026-01-22,2669684.36015242
2026-01-23,2668513.92032318
2026-01-24,2668298.49218387
2026-01-25,2669597.60706396
2026-01-26,2667273.51198972
2026-01-27,2672255.81517951
2026-01-28,2672046.02945451
2026-01-29,2675544.94694838
2026-01-30,2679701.44421676
2026-01-31,2688743.90890692
2026-02-01,2691476.39385432
2026-02-02,2690170.32812294
2026-02-03,2691556.48373886
2026-02-04,2699134.34049985
2026-02-05,2713785.56774227
2026-02-06,2698712.7636677
2026-02-07,2699213.65853752
2026-02-08,2696504.20874354
2026-02-09,2687446.8037384
2026-02-10,2684940.45283064
2026-02-11,2688801.6832538
2026-02-12,2690412.24716455
2026-02-13,2688857.35144559
2026-02-14,2694111.19270962
2026-02-15,2692055.23166011
2026-02-16,2691691.04009563
2026-02-17,2695568.79467107
2026-02-18,2687744.44869766
2026-02-19,2690625.49865254
2026-02-20,2694949.88766767
2026-02-21,2693646.3899017
2026-02-22,2693045.7097788
2026-02-23,2693866.65666509
2026-02-24,2694145.75408778
2026-02-25,2689202.65671794
2026-02-26,2684801.38393882
2026-02-27,2686567.20055214
2026-02-28,2685611.45012697
2026-03-01,2685170.71628434
2026-03-02,2680142.43662988
2026-03-03,2677391.79586238
2026-03-04,2645354.26224057
2026-03-05,2641226.46931969
2026-03-06,2639895.32820446
2026-03-07,2640015.55563269
2026-03-08,2641141.16489192
2026-03-09,2639702.78055453
2026-03-10,2635329.16573074
2026-03-11,2628740.81453935
2026-03-12,2620408.82763684
2026-03-13,2614795.8039842
2026-03-14,2616826.89765853
2026-03-15,2614132.14061318
2026-03-16,2617044.62462811
2026-03-17,2617029.73968046
2026-03-18,2614096.0403971
2026-03-19,2612535.28533754
2026-03-20,2612319.43607136
2026-03-21,2612988.0648232
2026-03-22,2603945.59613003
2026-03-23,2607875.22937163
2026-03-24,2612113.62285137
2026-03-25,2604285.82264162
2026-03-26,2607885.536909
2026-03-27,2609399.26872276
2026-03-28,2612848.16841511
2026-03-29,2611319.12531663
2026-03-30,2615332.70179403
2026-03-31,2615374.91702308
2026-04-01,2610492.24349421
2026-04-02,2610456.91197229
2026-04-03,2610286.51470209
2026-04-04,2609647.47013182
2026-04-05,2610079.77826334
2026-04-06,2610550.15619245
2026-04-07,2611856.08245294
2026-04-08,2609354.19059818
2026-04-09,2605103.61528124
2026-04-10,2598095.08319066
2026-04-11,2596111.30188396
2026-04-12,2596441.37045871
2026-04-13,2590128.49523226
2026-04-14,2583475.626404
2026-04-15,2575155.93119076
2026-04-16,2572239.96502913
2026-04-17,2574735.14716385
2026-04-18,2574047.50587559
2026-04-19,2577308.0543577
2026-04-20,2572960.23321019
2026-04-21,2571263.28769133
2026-04-22,2567301.58771249
2026-04-23,2564188.78149616
2026-04-24,2569529.6582598
2026-04-25,2561262.9377904
2026-04-26,2561317.22149926
2026-04-27,2572447.82843314
2026-04-28,2574608.5480115
2026-04-29,2576334.12165337
2026-04-30,2579624.7875959
2026-05-01,2576500.34075753
2026-05-02,2578275.32696771
2026-05-03,2576844.11808828
2026-05-04,2570607.98580229
2026-05-05,2571391.13114965
2026-05-06,2594026.05016978
2026-05-07,2591383.05210139
2026-05-08,2591688.93103495
2026-05-09,2591952.23916542
2026-05-10,2590615.97223734
2026-05-11,2593070.12221594
2026-05-12,2595993.45296942
2026-05-13,2597786.60788354
2026-05-14,2596864.7698465
2026-05-15,2596953.91081648
2026-05-16,2595087.82798101
2026-05-17,2594731.44074922
2026-05-18,2600162.87832752
2026-05-19,2604372.8938418
2026-05-20,2609228.09589044
2026-05-21,2609247.73986608
2026-05-22,2611943.84570705
2026-05-23,2612102.51941576
2026-05-24,2614631.59370168
2026-05-25,2614338.9763808
2026-05-26,2617326.95212545
2026-05-27,2621787.97663413
2026-05-28,2630449.18518797
2026-05-29,2629873.0503031
2026-05-30,2630989.31258312
2026-05-31,2631828.55750833
2026-06-01,2639145.10613171
2026-06-02,2649929.56334832
2026-06-03,2650243.91074614
2026-06-04,2654609.24078909
2026-06-05,2652045.60239638
2026-06-06,2649840.44722179
2026-06-07,2649714.34936158
2026-06-08,2646556.6957395
2026-06-09,2649259.26159837
2026-06-10,2650601.13253104
2026-06-11,2651105.57611883
2026-06-12,2647487.736623
2026-06-13,2646751.31599715
2026-06-14,2645870.61349152
2026-06-15,2641738.15128588
2026-06-16,2640846.07032967
2026-06-17,2643606.34600749
2026-06-18,2644652.56166953
2026-06-19,2645617.46734757
2026-06-20,2647450.89792309
2026-06-21,2632467.03835707
2026-06-22,2634607.7455676
2026-06-23,2635474.4823145
2026-06-24,2637809.16100745
2026-06-25,2645000.88627005
2026-06-26,2648137.35934602
2026-06-27,2647425.89253813
2026-06-28,2646431.76286409
2026-06-29,2652065.25189434
2026-06-30,2651910.55851155
2026-07-01,2652736.88621034
2026-07-02,2654793.67924002
2026-07-03,2654381.03002121
2026-07-04,2656147.05634187
2026-07-05,2663007.37528529
2026-07-06,2658697.82978594
2026-07-07,2655441.5992885
2026-07-08,2654811.86159565
2026-07-09,2655465.00499707
2026-07-10,2652603.86839331
2026-07-11,2651439.47654384
2026-07-12,2652154.64989621
2026-07-13,2659494.7591045
2026-07-14,2661194.57716996
2026-07-15,2663776.57484766
2026-07-16,2660187.53363315
2026-07-17,2655104.66210775
2026-07-18,2652536.3452546
2026-07-19,2654180.49949789
2026-07-20,2650004.36044654
2026-07-21,2646860.10430487
2026-07-22,2649847.57187052
2026-07-23,2648456.51409198
2026-07-24,2653687.25439471
2026-07-25,2651341.82770224
2026-07-26,2651640.27580417
2026-07-27,2653084.77323366
2026-07-28,2646553.66161413
2026-07-29,2654863.10966702
2026-07-30,2663166.94552206
2026-07-31,2665034.48305072
2026-08-01,2666330.4000509
2026-08-02,2675995.78317044
2026-08-03,2676998.08518492
2026-08-04,2669254.99125843
2026-08-05,2667057.7263199
2026-08-06,2667540.88862867
2026-08-07,2664078.17821578
2026-08-08,2665762.65381275
2026-08-09,2667827.38391004
2026-08-10,2673653.76977995
2026-08-11,2679179.36977152
2026-08-12,2681208.67598449
2026-08-13,2728162.92002988
2026-08-14,2731026.60617049
2026-08-15,2732483.49805014
2026-08-16,2731860.03454713
2026-08-17,2729656.25419323
2026-08-18,2732030.11516017
2026-08-19,2729211.7598264
2026-08-20,2710644.77318381
2026-08-21,2711043.59131611
2026-08-22,2714042.92514466
2026-08-23,2715632.85824512
2026-08-24,2707426.23654612
2026-08-25,2706882.28848535
2026-08-26,2703241.67631061
2026-08-27,2696997.80183601
2026-08-28,2701665.14420235
2026-08-29,2704815.82854329
2026-08-30,2703796.43438912
2026-08-31,2704339.41957829
2026-09-01,2705334.79296894
2026-09-02,2706447.71377242
2026-09-03,2704499.64852835
2026-09-04,2701495.38596654
2026-09-05,2700752.50580233
2026-09-06,2701286.65768462
2026-09-07,2703303.01551925
2026-09-08,2704208.15172899
2026-09-09,2706262.46121092
2026-09-10,2705198.74891602
2026-09-11,2708701.85278176
2026-09-12,2710330.22505736
2026-09-13,2708335.0580121
2026-09-14,2707442.10625736
2026-09-15,2717458.40780514
2026-09-16,2715643.25254517
2026-09-17,2717241.34934502
2026-09-18,2718781.15287739
2026-09-19,2718047.40416887
2026-09-20,2721135.94115925
2026-09-21,2719494.22011218
2026-09-22,2705076.07472788
2026-09-23,2695208.79361638
2026-09-24,2690688.98252485
2026-09-25,2685118.65968427
2026-09-26,2682220.88703045
2026-09-27,2682330.43661755
2026-09-28,2683692.0886119
2026-09-29,2686232.36691574
2026-09-30,2681920.49781129
2026-10-01,2677736.46307887
2026-10-02,2678292.19556187
2026-10-03,2673623.79086233
2026-10-04,2675688.67236731
2026-10-05,2674314.57815072
2026-10-06,2660207.43036987
2026-10-07,2663366.68332263
2026-10-08,2665392.03622638
2026-10-09,2672865.55765548
