date,value
2013-01-01,53108.8071060735
2013-01-02,94752.69358656342
2013-01-03,96621.50602452505
2013-01-04,90045.97617836749
2013-01-05,100235.1845850704
2013-01-06,122705.31610190582
2013-01-07,124579.77854982505
2013-01-08,185087.13263127816
2013-01-09,105119.78483729137
2013-01-10,108701.92282983434
2013-01-11,123002.91481973932
2013-01-12,66563.8412349883
2013-01-13,93153.1334065879
2013-01-14,157619.72457863102
2013-01-15,161024.11792163725
2013-01-16,219442.1789624019
2013-01-17,171287.36353702017
2013-01-18,226463.95099708642
2013-01-19,96636.30959076347
2013-01-20,125385.35591246265
2013-01-21,353952.4347581461
2013-01-22,211448.63548131273
2013-01-23,226237.60934113755
2013-01-24,341718.4906805511
2013-01-25,225294.22758417338
2013-01-26,155699.02740484357
2013-01-27,114245.81797795405
2013-01-28,164370.81603552995
2013-01-29,287151.76783117047
2013-01-30,178403.48154788106
2013-01-31,208718.1643534702
2013-02-01,276432.8728382056
2013-02-02,181544.92464560442
2013-02-03,206439.0711603546
2013-02-04,232938.71258279218
2013-02-05,165554.47650884208
2013-02-06,404724.0874851785
2013-02-07,180838.0085218552
2013-02-08,273707.2126526943
2013-02-09,117686.21285593491
2013-02-10,138729.2468563096
2013-02-11,416554.8642551397
2013-02-12,289152.9565280487
2013-02-13,258524.6910231104
2013-02-14,489273.6683491928
2013-02-15,310076.01948167314
2013-02-16,217346.32546789697
2013-02-17,198615.70543732823
2013-02-18,234333.5551029582
2013-02-19,392814.81127006916
2013-02-20,296644.68447567587
2013-02-21,423237.5460704227
2013-02-22,570237.7766740622
2013-02-23,267963.80877405044
2013-02-24,293152.9169211974
2013-02-25,298160.5546307279
2013-02-26,339231.91286372836
2013-02-27,378948.0079260217
2013-02-28,456733.94805841136
2013-03-01,239775.14499646277
2013-03-02,203680.47236644337
2013-03-03,150114.9818905481
2013-03-04,574809.7117749157
2013-03-05,769241.7106466893
2013-03-06,551851.4701876452
2013-03-07,919570.1707453007
2013-03-08,673542.0371349705
2013-03-09,351330.5272694709
2013-03-10,459359.1910783331
2013-03-11,814858.8184705399
2013-03-12,606060.7696589816
2013-03-13,948928.9057455722
2013-03-14,733655.4739167559
2013-03-15,550020.0872344924
2013-03-16,369426.9374322548
2013-03-17,308484.85609810526
2013-03-18,770461.1083532682
2013-03-19,1528718.2666845005
2013-03-20,1047708.3801509916
2013-03-21,1700913.7702871398
2013-03-22,920175.2494914803
2013-03-23,926596.9206380523
2013-03-24,630497.0090663922
2013-03-25,1175937.5308522575
2013-03-26,971310.2526512326
2013-03-27,1743209.6666227004
2013-03-28,1521739.7676732126
2013-03-29,1474443.686078559
2013-03-30,1055508.7133075516
2013-03-31,885449.3578251702
2013-04-01,2079182.0218407866
2013-04-02,5576938.475059848
2013-04-03,5917569.242305803
2013-04-04,3418972.6428454546
2013-04-05,2739730.0394502115
2013-04-06,4375564.79651996
2013-04-07,2917206.3672127374
2013-04-08,3436843.6116663837
2013-04-09,5022521.811530199
2013-04-10,6617558.43257434
2013-04-11,4385097.152988135
2013-04-12,5398507.373610399
2013-04-13,2142246.3915669653
2013-04-14,1001699.1996492186
2013-04-15,1888356.622198313
2013-04-16,2568372.0126844966
2013-04-17,2909515.6234717006
2013-04-18,2187614.2988664163
2013-04-19,2409757.871475543
2013-04-20,1986245.5283097806
2013-04-21,2135312.028811731
2013-04-22,2148846.343206098
2013-04-23,1705841.5990001885
2013-04-24,3513156.1095306263
2013-04-25,3139191.248766109
2013-04-26,2030173.3197129432
2013-04-27,1778038.6457831778
2013-04-28,1038709.0380017406
2013-04-29,2306067.040601838
2013-04-30,1933854.1857448057
2013-05-01,2187009.797942961
2013-05-02,2521081.0429203087
2013-05-03,2557467.638809333
2013-05-04,1472943.538111827
2013-05-05,1318605.5487042414
2013-05-06,2446405.295413371
2013-05-07,1372743.9430338945
2013-05-08,1905711.4453965097
2013-05-09,1105393.7373298283
2013-05-10,2339027.941978005
2013-05-11,948433.1125881409
2013-05-12,1067415.3017066575
2013-05-13,1077501.7682161555
2013-05-14,1774821.7723035535
2013-05-15,1684859.1919187745
2013-05-16,2023978.5416242215
2013-05-17,1547368.2054478452
2013-05-18,1457294.4591005356
2013-05-19,1084714.7893321547
2013-05-20,832223.6133832881
2013-05-21,1227070.690453144
2013-05-22,1432980.590467622
2013-05-23,1887766.1954723408
2013-05-24,3068966.654027719
2013-05-25,917710.0683318177
2013-05-26,864848.3309854208
2013-05-27,1260652.7185806131
2013-05-28,1333773.7363588463
2013-05-29,996601.6201322834
2013-05-30,1343587.5233502495
2013-05-31,1663623.269251289
2013-06-01,769839.9964218142
2013-06-02,1703528.2670012703
2013-06-03,2072804.4052579447
2013-06-04,1670987.8560417562
2013-06-05,1173626.263910995
2013-06-06,1783112.4757057948
2013-06-07,1703676.5332895652
2013-06-08,1085863.6390277264
2013-06-09,2157268.7160343225
2013-06-10,1341594.9574887722
2013-06-11,1136281.305922344
2013-06-12,1445205.4653167408
2013-06-13,1437251.9414477379
2013-06-14,1133715.828611658
2013-06-15,906420.4426071179
2013-06-16,803049.4410915248
2013-06-17,976627.0182197939
2013-06-18,1199979.3780920254
2013-06-19,961342.0933728883
2013-06-20,1235780.6924329465
2013-06-21,1927299.6263171325
2013-06-22,1885846.145138634
2013-06-23,1075058.7019078918
2013-06-24,1997795.866007454
2013-06-25,1452054.2964735413
2013-06-26,959463.6911924912
2013-06-27,1060708.5583342186
2013-06-28,1653411.1317300817
2013-06-29,723073.4364555089
2013-06-30,1320110.9303624313
2013-07-01,2425576.140936374
2013-07-02,1423669.1269306731
2013-07-03,1840204.1061303788
2013-07-04,1519628.543514195
2013-07-05,1240365.2400589252
2013-07-06,1778572.2275810097
2013-07-07,456425.0770371419
2013-07-08,1168894.8925511169
2013-07-09,1459116.3533381873
2013-07-10,1944155.156239992
2013-07-11,1411178.9066854415
2013-07-12,2368291.487794068
2013-07-13,1140596.0935201668
2013-07-14,997773.12033843
2013-07-15,1572265.140617575
2013-07-16,1259621.716200817
2013-07-17,1071715.6225723552
2013-07-18,1800047.0989738433
2013-07-19,967252.8597411845
2013-07-20,701480.3632460088
2013-07-21,722777.149418674
2013-07-22,1299643.888331005
2013-07-23,1175042.0137634305
2013-07-24,1345229.832493588
2013-07-25,1073400.5708787648
2013-07-26,1207722.475894096
2013-07-27,726035.4568472767
2013-07-28,988740.0002177403
2013-07-29,1804927.9185581615
2013-07-30,1552541.733681533
2013-07-31,1718863.622043493
2013-08-01,1106522.259268228
2013-08-02,1941182.1668603807
2013-08-03,1411243.3634049422
2013-08-04,470670.6988228625
2013-08-05,1368522.9725962116
2013-08-06,1226081.8142568707
2013-08-07,1420129.4557918597
2013-08-08,1364138.457387372
2013-08-09,1511377.2452064245
2013-08-10,1441914.7665415315
2013-08-11,662002.3772584529
2013-08-12,937895.3807475354
2013-08-13,1658740.797283495
2013-08-14,1576518.2108665872
2013-08-15,1037656.5564801204
2013-08-16,1676534.2458142098
2013-08-17,1189077.8182448025
2013-08-18,1047581.3542852727
2013-08-19,2618705.639849084
2013-08-20,1807256.7914112168
2013-08-21,3082820.0677224393
2013-08-22,1589203.4784300295
2013-08-23,2299586.1733670183
2013-08-24,622555.4430132288
2013-08-25,922812.0673341707
2013-08-26,2003142.8592517066
2013-08-27,2377470.8989578914
2013-08-28,1923499.2165044567
2013-08-29,1862826.0256991845
2013-08-30,2373055.851430146
2013-08-31,1715033.5337416842
2013-09-01,1060085.6592095708
2013-09-02,1324443.9731682462
2013-09-03,2440703.365742988
2013-09-04,2766970.076301731
2013-09-05,2156338.508161026
2013-09-06,2033982.054997954
2013-09-07,1554670.6016469735
2013-09-08,771507.405858508
2013-09-09,1296011.8983939895
2013-09-10,2361294.3777872473
2013-09-11,2634036.2208504365
2013-09-12,1869188.0734880413
2013-09-13,1806284.9820874748
2013-09-14,981146.7372573311
2013-09-15,1025222.4998006247
2013-09-16,1914755.4256070866
2013-09-17,2082207.4704188402
2013-09-18,2047070.1968704902
2013-09-19,1624439.0100830223
2013-09-20,2031452.197800055
2013-09-21,1038154.5348579457
2013-09-22,730657.1706524737
2013-09-23,1728922.573742377
2013-09-24,1885948.230882671
2013-09-25,2480902.657009018
2013-09-26,1571554.8523083185
2013-09-27,3000225.616809988
2013-09-28,2127589.427837266
2013-09-29,1452343.4813512682
2013-09-30,2675982.9128861935
2013-10-01,3250253.220452163
2013-10-02,4170036.799785211
2013-10-03,2823047.8064910537
2013-10-04,2111042.1179752797
2013-10-05,1342459.4666190576
2013-10-06,963012.0059957007
2013-10-07,1780901.8228561592
2013-10-08,2828320.098290805
2013-10-09,2697274.1976654846
2013-10-10,3667659.7172417054
2013-10-11,2308915.3766521974
2013-10-12,2111964.997238928
2013-10-13,2339541.5787493964
2013-10-14,5264720.168595751
2013-10-15,3767872.560475384
2013-10-16,3491337.1122445576
2013-10-17,3556962.704881602
2013-10-18,3715489.926544307
2013-10-19,4928057.59117939
2013-10-20,4174713.3809618964
2013-10-21,8139187.74840715
2013-10-22,9197914.74903168
2013-10-23,6916852.592410081
2013-10-24,7500304.266027372
2013-10-25,3595579.592579556
2013-10-26,1534606.6900603115
2013-10-27,2421729.2189709577
2013-10-28,2764082.612329467
2013-10-29,4499652.930836386
2013-10-30,5048234.407285447
2013-10-31,3580333.50254582
2013-11-01,1988375.9398082006
2013-11-02,1507215.523329357
2013-11-03,3134310.7525593666
2013-11-04,8863456.784786604
2013-11-05,10567067.297863888
2013-11-06,8522861.732467854
2013-11-07,12329775.58408082
2013-11-08,14220602.181996465
2013-11-09,11604692.566998195
2013-11-10,7621396.7006838955
2013-11-11,8470846.856405003
2013-11-12,10898199.207632639
2013-11-13,18561011.68740277
2013-11-14,11193742.733221706
2013-11-15,9649188.148545017
2013-11-16,10804731.74959778
2013-11-17,10637398.122132193
2013-11-18,38084473.986888245
2013-11-19,31819627.152874094
2013-11-20,30573616.01058385
2013-11-21,21608253.435434952
2013-11-22,31245116.552216902
2013-11-23,21387964.016430818
2013-11-24,16944624.916928668
2013-11-25,18507558.790982097
2013-11-26,36867142.43045894
2013-11-27,46485579.04750744
2013-11-28,84468210.8184139
2013-11-29,56135340.79631185
2013-11-30,41441495.49551861
2013-12-01,33180484.88831233
2013-12-02,35401292.95155617
2013-12-03,25113639.377811812
2013-12-04,29361721.294990785
2013-12-05,49646889.80885327
2013-12-06,34283654.64984983
2013-12-07,27580157.839038167
2013-12-08,16993903.064719647
2013-12-09,20978410.022129
2013-12-10,22295883.801389936
2013-12-11,20050934.01088167
2013-12-12,16487271.175834745
2013-12-13,15901030.943226514
2013-12-14,15476359.2799058
2013-12-15,11424127.419399312
2013-12-16,28470903.398589488
2013-12-17,20180525.125691175
2013-12-18,36639797.15990918
2013-12-19,32282531.558039676
2013-12-20,12585935.237615898
2013-12-21,17448325.52706784
2013-12-22,18962062.114636865
2013-12-23,15870457.533866946
2013-12-24,25819605.381286733
2013-12-25,20720656.96464176
2013-12-26,11633635.949540563
2013-12-27,13711980.51143291
2013-12-28,8297846.9013728965
2013-12-29,7145709.159412388
2013-12-30,17800801.75034807
2013-12-31,8406530.05088392
2014-01-01,7086230.09579406
2014-01-02,11332011.716292674
2014-01-03,14450716.093542349
2014-01-04,10613062.990155552
2014-01-05,39245802.43693278
2014-01-06,23286810.387231752
2014-01-07,14204254.516867429
2014-01-08,25166071.830118697
2014-01-09,9927331.309781164
2014-01-10,13857577.136823071
2014-01-11,13692756.607086165
2014-01-12,8404952.077425938
2014-01-13,21489593.676374875
2014-01-14,15298401.760799918
2014-01-15,10313400.679077096
2014-01-16,14672516.686293416
2014-01-17,18102469.000083
2014-01-18,4372402.296343312
2014-01-19,8692416.406062461
2014-01-20,21678291.683315516
2014-01-21,13169438.24631155
2014-01-22,10546455.398776047
2014-01-23,13100296.441430511
2014-01-24,8067275.746991916
2014-01-25,16566600.8704033
2014-01-26,8090736.851744457
2014-01-27,28927158.1508651
2014-01-28,21820263.710456084
2014-01-29,9193998.024925437
2014-01-30,26895730.981534705
2014-01-31,6940679.439962083
2014-02-01,13734299.761480693
2014-02-02,7227667.724656997
2014-02-03,15979406.599099597
2014-02-04,30433352.63337011
2014-02-05,10347324.07537582
2014-02-06,13848230.139281508
2014-02-07,33040519.737713084
2014-02-08,11769774.162809273
2014-02-09,13284949.572656816
2014-02-10,26008603.36830717
2014-02-11,20199865.85150909
2014-02-12,6424199.399361261
2014-02-13,10304330.662999826
2014-02-14,16078645.49249549
2014-02-15,16024730.762859488
2014-02-16,14471779.517766742
2014-02-17,18892958.43117876
2014-02-18,10488057.4216147
2014-02-19,12171215.691509137
2014-02-20,13032561.45064513
2014-02-21,14218637.562108815
2014-02-22,13119074.430190595
2014-02-23,11594070.585652929
2014-02-24,19830220.1007762
2014-02-25,36650376.75088778
2014-02-26,18118096.66152259
2014-02-27,15629922.830477275
2014-02-28,12584360.769356988
2014-03-01,8219341.070403255
2014-03-02,5698301.779593898
2014-03-03,27136720.84991022
2014-03-04,27369166.38352432
2014-03-05,16078465.873870077
2014-03-06,22465552.396697234
2014-03-07,12157058.032442462
2014-03-08,10998244.548214318
2014-03-09,7191955.3564928565
2014-03-10,10142483.098039197
2014-03-11,11600587.617407436
2014-03-12,17421632.79973807
2014-03-13,12662247.301357456
2014-03-14,7080449.226874503
2014-03-15,7393963.934850928
2014-03-16,3900521.3823716124
2014-03-17,11345359.348321924
2014-03-18,14341300.796155844
2014-03-19,10428030.471643282
2014-03-20,10506273.770720417
2014-03-21,12022423.517468126
2014-03-22,7375736.029627509
2014-03-23,5852026.209164056
2014-03-24,12681071.106736232
2014-03-25,11634511.145911021
2014-03-26,11842476.56175563
2014-03-27,19875318.714703694
2014-03-28,16776391.364460243
2014-03-29,7420296.878958939
2014-03-30,10411931.004427876
2014-03-31,15111876.367511733
2014-04-01,10072052.13145169
2014-04-02,12910118.763176665
2014-04-03,10526734.449614013
2014-04-04,12477022.16775422
2014-04-05,11393640.956758369
2014-04-06,7870486.694872502
2014-04-07,6478173.194401251
2014-04-08,6939535.396573993
2014-04-09,7336336.033361443
2014-04-10,17288501.67366848
2014-04-11,18031381.20180946
2014-04-12,5594409.738308856
2014-04-13,4079885.0024046223
2014-04-14,10438923.471818576
2014-04-15,16328620.28423052
2014-04-16,18269164.958426666
2014-04-17,15887910.379491337
2014-04-18,7014316.8090741085
2014-04-19,5797768.989820961
2014-04-20,4927897.006175798
2014-04-21,7594470.757159572
2014-04-22,10845161.127669213
2014-04-23,9603398.903656952
2014-04-24,8013993.652715709
2014-04-25,11144416.157194737
2014-04-26,6431268.217981157
2014-04-27,6347962.437400248
2014-04-28,9749174.724011516
2014-04-29,11679423.206741976
2014-04-30,6137951.836555413
2014-05-01,6934992.551959772
2014-05-02,10098856.779888332
2014-05-03,4315239.481869013
2014-05-04,6226049.435102868
2014-05-05,4510507.990581822
2014-05-06,5358979.898015274
2014-05-07,12681699.538720004
2014-05-08,7938672.110408222
2014-05-09,4867852.94097358
2014-05-10,5585934.814063914
2014-05-11,6466812.467357092
2014-05-12,6236068.520818171
2014-05-13,7247491.306813193
2014-05-14,9936063.493748546
2014-05-15,6303114.6019251
2014-05-16,8048153.945041805
2014-05-17,2788035.233009872
2014-05-18,5175982.354123599
2014-05-19,6686536.458492671
2014-05-20,17210951.41610037
2014-05-21,7218857.627410596
2014-05-22,15262907.033042094
2014-05-23,17880724.05252055
2014-05-24,6552059.635495889
2014-05-25,16707704.473989591
2014-05-26,13653391.102611573
2014-05-27,16402033.49544249
2014-05-28,13632695.599541334
2014-05-29,9060243.361523427
2014-05-30,14468967.99904913
2014-05-31,16868127.335304726
2014-06-01,17517317.904316347
2014-06-02,20908166.23759364
2014-06-03,13608444.00484487
2014-06-04,16523567.949732525
2014-06-05,14798460.579712372
2014-06-06,12222459.584353209
2014-06-07,7245151.393522255
2014-06-08,7084481.154133488
2014-06-09,8573664.293132184
2014-06-10,12001069.253928134
2014-06-11,11174016.553085038
2014-06-12,12787617.081136234
2014-06-13,19360141.12369511
2014-06-14,12758204.14770885
2014-06-15,8239403.047375271
2014-06-16,11420957.184647031
2014-06-17,10424299.36358762
2014-06-18,9630651.080218885
2014-06-19,11328123.56533865
2014-06-20,10358578.782080451
2014-06-21,10081695.77787087
2014-06-22,5481899.422024283
2014-06-23,14673213.770062199
2014-06-24,7442108.441310094
2014-06-25,9864092.059451157
2014-06-26,9914759.87146086
2014-06-27,8089730.894216571
2014-06-28,7735730.596714316
2014-06-29,8203474.610439202
2014-06-30,11494503.557998283
2014-07-01,20219133.17835892
2014-07-02,18864124.398738366
2014-07-03,11621324.475004742
2014-07-04,9767819.28308885
2014-07-05,5422481.346993222
2014-07-06,7600310.047508594
2014-07-07,10438468.614890823
2014-07-08,9937348.214766527
2014-07-09,7206198.049452066
2014-07-10,8674922.034084907
2014-07-11,12092366.441902533
2014-07-12,7810707.034598609
2014-07-13,9935553.996433927
2014-07-14,9993460.636042772
2014-07-15,8142428.130066171
2014-07-16,13512169.894227892
2014-07-17,8318811.343688317
2014-07-18,8527220.079108188
2014-07-19,15365876.297127942
2014-07-20,5742433.4188842
2014-07-21,9853346.601407088
2014-07-22,10516066.482074425
2014-07-23,13682267.89241749
2014-07-24,13664510.314273672
2014-07-25,15244798.146741904
2014-07-26,6585609.725694737
2014-07-27,5848247.153390038
2014-07-28,14284508.937477559
2014-07-29,7674363.277187047
2014-07-30,10484327.701626036
2014-07-31,12604879.950225418
2014-08-01,11144258.514763158
2014-08-02,9559577.093064498
2014-08-03,5667385.525367782
2014-08-04,13139527.908179434
2014-08-05,14815302.744275201
2014-08-06,10074541.172171043
2014-08-07,12119569.232952327
2014-08-08,9133366.46849041
2014-08-09,5525477.532638275
2014-08-10,6844027.117901033
2014-08-11,13563248.588488886
2014-08-12,15075674.20589395
2014-08-13,16228677.961301101
2014-08-14,20886488.404889297
2014-08-15,14078389.292325303
2014-08-16,13993949.501310064
2014-08-17,11942180.274202688
2014-08-18,25182046.73336484
2014-08-19,14407775.50791295
2014-08-20,17155726.343805403
2014-08-21,20061118.715314616
2014-08-22,13552513.319401395
2014-08-23,5456484.326156504
2014-08-24,6146087.629742198
2014-08-25,8907600.987459928
2014-08-26,8827900.253926072
2014-08-27,13888827.48187461
2014-08-28,8691562.400912602
2014-08-29,7875144.849526421
2014-08-30,4992740.988161934
2014-08-31,6587175.9016374815
2014-09-01,9653679.666081823
2014-09-02,13412423.650429314
2014-09-03,13029809.545186505
2014-09-04,10663233.549011884
2014-09-05,8356495.238455334
2014-09-06,5592651.700743966
2014-09-07,6999872.57191621
2014-09-08,9807487.60352266
2014-09-09,12032135.060239421
2014-09-10,13402821.29064365
2014-09-11,7919360.815002938
2014-09-12,9065890.666977528
2014-09-13,5650353.781768945
2014-09-14,8234839.773744413
2014-09-15,9747382.341825182
2014-09-16,9956115.885452785
2014-09-17,10025705.698977282
2014-09-18,14986549.26497457
2014-09-19,19390932.11030608
2014-09-20,9525533.884613758
2014-09-21,11428355.635035697
2014-09-22,9267616.66479458
2014-09-23,13229766.6577906
2014-09-24,15578016.879282633
2014-09-25,12210725.724172922
2014-09-26,10360234.665986903
2014-09-27,10816724.428567955
2014-09-28,9536477.933520656
2014-09-29,12898272.332341123
2014-09-30,11673350.854436133
2014-10-01,10610359.663026154
2014-10-02,10968824.647863781
2014-10-03,16777233.53609258
2014-10-04,13485457.011548517
2014-10-05,22785372.782115497
2014-10-06,18797334.333417375
2014-10-07,12822734.245569408
2014-10-08,18063196.912638675
2014-10-09,19249530.337673616
2014-10-10,18050430.364198714
2014-10-11,8498208.861286638
2014-10-12,7061642.172750262
2014-10-13,17952626.518231273
2014-10-14,15882962.654701049
2014-10-15,10858675.691915816
2014-10-16,11905058.327113908
2014-10-17,10228967.50103996
2014-10-18,9784796.419738503
2014-10-19,6973259.798673467
2014-10-20,10835763.529716618
2014-10-21,8665789.919892091
2014-10-22,12771813.926979411
2014-10-23,11551957.804450471
2014-10-24,12374898.792972244
2014-10-25,7818737.1285888385
2014-10-26,7972930.3789400775
2014-10-27,10742547.409168469
2014-10-28,8648859.936335638
2014-10-29,11063235.020216305
2014-10-30,9337760.280321388
2014-10-31,9193345.590205368
2014-11-01,9762108.737183718
2014-11-02,5748543.94053577
2014-11-03,8640718.761959549
2014-11-04,14956568.584318059
2014-11-05,12766968.591017758
2014-11-06,12589357.569482476
2014-11-07,10890675.547711696
2014-11-08,6403936.865502163
2014-11-09,7289532.5619978905
2014-11-10,14931424.552816473
2014-11-11,10341489.823662324
2014-11-12,34684961.03292125
2014-11-13,26194793.09946762
2014-11-14,18814414.06611954
2014-11-15,17678713.27162518
2014-11-16,7899256.632409719
2014-11-17,24990830.905532293
2014-11-18,19096239.141673088
2014-11-19,12927505.476873836
2014-11-20,15114559.805251189
2014-11-21,11851987.687325396
2014-11-22,7729352.36911479
2014-11-23,7763847.400401721
2014-11-24,14092789.067621147
2014-11-25,17394962.746890124
2014-11-26,11558208.788521655
2014-11-27,11408471.860488545
2014-11-28,12480784.634189334
2014-11-29,10913534.388507776
2014-11-30,7681593.395767965
2014-12-01,11268802.00847408
2014-12-02,12424414.796433013
2014-12-03,16302354.102838792
2014-12-04,12131875.286143307
2014-12-05,15401313.758684222
2014-12-06,10178593.743037757
2014-12-07,7011806.334079198
2014-12-08,17633733.72563997
2014-12-09,14318471.359392831
2014-12-10,13450786.091497838
2014-12-11,15672844.587908743
2014-12-12,11529048.68005094
2014-12-13,10564996.23616489
2014-12-14,6422768.540599722
2014-12-15,9692890.967698915
2014-12-16,14658641.087094855
2014-12-17,15579981.1405489
2014-12-18,20107003.507547226
2014-12-19,13944115.802267214
2014-12-20,12606100.641056905
2014-12-21,5814070.088971881
2014-12-22,17182777.268084574
2014-12-23,37893662.42739077
2014-12-24,7133483.223247125
2014-12-25,7759178.856961256
2014-12-26,10482981.778994309
2014-12-27,10075820.36207282
2014-12-28,6411687.797295033
2014-12-29,9833450.376627933
2014-12-30,8167092.768155712
2014-12-31,9657402.361425087
2015-01-01,4344172.215481561
2015-01-02,8231034.763043542
2015-01-03,14886720.647399569
2015-01-04,18480681.103415098
2015-01-05,15943464.305734348
2015-01-06,13060648.500970894
2015-01-07,15154249.451648343
2015-01-08,12089334.523525462
2015-01-09,22799649.128000107
2015-01-10,17537483.26858477
2015-01-11,15201077.199565895
2015-01-12,17224959.81400283
2015-01-13,23387304.166223925
2015-01-14,26063255.03559678
2015-01-15,19511869.580829058
2015-01-16,18938686.86233481
2015-01-17,9898823.782833612
2015-01-18,8917414.846255623
2015-01-19,9889030.058043137
2015-01-20,11513087.124721924
2015-01-21,20336708.784572203
2015-01-22,12713921.175237458
2015-01-23,16115180.940120872
2015-01-24,11261748.107687442
2015-01-25,11615167.83646418
2015-01-26,24718427.7088624
2015-01-27,15752805.158400828
2015-01-28,15323937.16454167
2015-01-29,14632208.464478284
2015-01-30,14398353.964250421
2015-01-31,11530616.765337655
2015-02-01,7416956.977942133
2015-02-02,10009903.081994193
2015-02-03,13665331.8489943
2015-02-04,9289983.61359268
2015-02-05,10134063.415954739
2015-02-06,10154557.996057065
2015-02-07,7825343.50638452
2015-02-08,7079956.254691983
2015-02-09,11973104.80537828
2015-02-10,11258406.938232169
2015-02-11,9624200.937969264
2015-02-12,7782922.592088931
2015-02-13,12374044.905537775
2015-02-14,11820745.236965472
2015-02-15,12591407.215995263
2015-02-16,9273315.46862072
2015-02-17,9035096.271588892
2015-02-18,10577473.893274376
2015-02-19,7579801.602670011
2015-02-20,8233308.5523173
2015-02-21,5607212.818516107
2015-02-22,5235247.10818099
2015-02-23,14030661.636593966
2015-02-24,8071508.6412764555
2015-02-25,10052896.256827727
2015-02-26,7427878.666418042
2015-02-27,13235243.252988284
2015-02-28,6513497.983144118
2015-03-01,6547598.297475931
2015-03-02,13669563.266132835
2015-03-03,12408538.069673834
2015-03-04,14338176.668874873
2015-03-05,14385735.777622687
2015-03-06,11744722.527333405
2015-03-07,13038546.76859002
2015-03-08,13408635.117023852
2015-03-09,14063336.039299633
2015-03-10,13936336.985304171
2015-03-11,10544243.522205174
2015-03-12,18191512.606848717
2015-03-13,16484004.63414296
2015-03-14,10115167.759781523
2015-03-15,4950173.948641022
2015-03-16,9824554.324920742
2015-03-17,10471668.110353846
2015-03-18,18478503.322557934
2015-03-19,15924615.138055995
2015-03-20,10594103.789666716
2015-03-21,9216543.946899116
2015-03-22,6191358.212167325
2015-03-23,9716252.593315441
2015-03-24,15065217.149501327
2015-03-25,13754026.21750467
2015-03-26,13657329.555356551
2015-03-27,11501182.958634716
2015-03-28,7493252.578566195
2015-03-29,8790756.5939594
2015-03-30,10593388.956481487
2015-03-31,11850114.740992365
2015-04-01,10705719.342229534
2015-04-02,10768896.347707555
2015-04-03,9856924.737359753
2015-04-04,5308751.824662856
2015-04-05,5471596.739339627
2015-04-06,8646686.064526364
2015-04-07,11351901.338263312
2015-04-08,12768102.810400276
2015-04-09,11506312.147139104
2015-04-10,9727242.098600844
2015-04-11,9221102.387430513
2015-04-12,5831577.505233434
2015-04-13,13265357.669534218
2015-04-14,13281651.81728325
2015-04-15,13743853.002437381
2015-04-16,9480917.795251079
2015-04-17,11102920.068369856
2015-04-18,10038822.094928702
2015-04-19,6201508.6431621285
2015-04-20,11956151.087510845
2015-04-21,12037845.513748096
2015-04-22,9237231.735274684
2015-04-23,8714030.572634619
2015-04-24,10521502.420956863
2015-04-25,7449443.765747471
2015-04-26,9974662.27257473
2015-04-27,15404775.579233423
2015-04-28,12247724.164010577
2015-04-29,12287077.871261638
2015-04-30,12510313.691386214
2015-05-01,9488670.905073741
2015-05-02,5847036.570153126
2015-05-03,7196834.259062965
2015-05-04,11052095.695100825
2015-05-05,9602746.586436912
2015-05-06,12097013.127659785
2015-05-07,10287878.7976643
2015-05-08,10899940.911832988
2015-05-09,8230515.096071199
2015-05-10,6294217.5001878925
2015-05-11,10384325.874723176
2015-05-12,11479432.312329827
2015-05-13,12833842.117731139
2015-05-14,11147664.719505059
2015-05-15,9176949.887882033
2015-05-16,5544708.53520842
2015-05-17,4982760.028316513
2015-05-18,11127793.215266632
2015-05-19,11511305.788966086
2015-05-20,10732947.513641829
2015-05-21,11649134.600992696
2015-05-22,15586907.521462737
2015-05-23,9021346.559274148
2015-05-24,6718185.311730209
2015-05-25,8701303.027070576
2015-05-26,11497316.200235514
2015-05-27,12206801.766920298
2015-05-28,12046485.274154786
2015-05-29,13782478.491637262
2015-05-30,9189687.111585189
2015-05-31,8096221.596867497
2015-06-01,13881511.973885423
2015-06-02,13652694.839615032
2015-06-03,11744263.8656124
2015-06-04,11540754.511545721
2015-06-05,11621606.448352013
2015-06-06,8357547.392690159
2015-06-07,6709436.510970337
2015-06-08,13178873.918969508
2015-06-09,11619065.674012022
2015-06-10,10543733.30957777
2015-06-11,10094628.226467151
2015-06-12,12040136.654902292
2015-06-13,9883441.651051795
2015-06-14,8387912.768289677
2015-06-15,12350758.697729124
2015-06-16,25104201.785227437
2015-06-17,18849783.994023375
2015-06-18,18015960.909610853
2015-06-19,22595370.421625804
2015-06-20,7787887.663554024
2015-06-21,7241269.2959434735
2015-06-22,12572428.840437774
2015-06-23,12020592.746608848
2015-06-24,13072003.175319502
2015-06-25,11071561.176386094
2015-06-26,13687131.349933263
2015-06-27,8588430.2925619
2015-06-28,8920425.354802903
2015-06-29,19685832.815864377
2015-06-30,20547528.794632982
2015-07-01,16371187.88213676
2015-07-02,14839358.902158564
2015-07-03,14041105.314645799
2015-07-04,8597016.570973285
2015-07-05,15863860.080565728
2015-07-06,24056190.600693293
2015-07-07,18182095.058717046
2015-07-08,22170622.152546808
2015-07-09,23315424.43997421
2015-07-10,31429284.10061979
2015-07-11,19359967.378610212
2015-07-12,17803774.50644919
2015-07-13,19128801.77495544
2015-07-14,17077929.887568034
2015-07-15,13307311.292234536
2015-07-16,18511350.07612975
2015-07-17,14268957.657021755
2015-07-18,12736525.643203005
2015-07-19,8984199.26206588
2015-07-20,11708850.332075406
2015-07-21,15073572.244709905
2015-07-22,12395703.15120444
2015-07-23,13196950.514595423
2015-07-24,17556738.495536868
2015-07-25,11147550.503677351
2015-07-26,8984013.629528925
2015-07-27,12225612.279431315
2015-07-28,19599518.40355455
2015-07-29,16124731.009162057
2015-07-30,14319507.251234075
2015-07-31,15484006.522402093
2015-08-01,10845361.248094307
2015-08-02,10155716.628544053
2015-08-03,13938163.532070743
2015-08-04,20147389.04408422
2015-08-05,25191625.48560775
2015-08-06,23766518.74761555
2015-08-07,17590786.372921504
2015-08-08,24200651.480935924
2015-08-09,11222570.90948001
2015-08-10,15730059.690535434
2015-08-11,20357189.98989887
2015-08-12,21499677.455066282
2015-08-13,22497828.448264197
2015-08-14,17869302.120658807
2015-08-15,19033587.691171583
2015-08-16,19425690.585098386
2015-08-17,38068317.93445357
2015-08-18,20978371.69173161
2015-08-19,23692570.452656858
2015-08-20,21644814.983361937
2015-08-21,14870969.075170374
2015-08-22,14037331.70303408
2015-08-23,8770870.653928481
2015-08-24,29573941.35833933
2015-08-25,27236034.02765333
2015-08-26,18777628.940607436
2015-08-27,17598646.999970138
2015-08-28,25999927.332448106
2015-08-29,10002847.162612882
2015-08-30,6446781.823159681
2015-08-31,14565462.8623374
2015-09-01,16811192.526934125
2015-09-02,18756394.501067944
2015-09-03,12243861.366148531
2015-09-04,14817899.08169742
2015-09-05,10653788.240103183
2015-09-06,11472095.127536746
2015-09-07,12757203.498380456
2015-09-08,19292104.165443636
2015-09-09,19592111.880305573
2015-09-10,19005658.17066837
2015-09-11,13588613.879732605
2015-09-12,8368800.941043457
2015-09-13,11729836.045373602
2015-09-14,20537934.149419174
2015-09-15,14095987.262400394
2015-09-16,23680675.674097482
2015-09-17,17587523.677207686
2015-09-18,15990757.602849161
2015-09-19,10171507.760106392
2015-09-20,8302060.903554389
2015-09-21,19593174.313987587
2015-09-22,21161152.69565416
2015-09-23,11027146.332818093
2015-09-24,12304388.180370187
2015-09-25,17625269.06379941
2015-09-26,10985282.497042928
2015-09-27,6449131.082587543
2015-09-28,15617063.114658995
2015-09-29,19988672.969001632
2015-09-30,18570301.89752708
2015-10-01,24344791.751099005
2015-10-02,18182710.374539003
2015-10-03,11092718.974142207
2015-10-04,11459660.118725212
2015-10-05,14397299.084882675
2015-10-06,19670593.20402536
2015-10-07,16803822.79879246
2015-10-08,23644598.219061848
2015-10-09,15115700.572623141
2015-10-10,11992785.914307851
2015-10-11,11404981.185330775
2015-10-12,18600619.51677501
2015-10-13,22236484.457457423
2015-10-14,21038804.840851948
2015-10-15,22923964.647856608
2015-10-16,28403258.78511879
2015-10-17,30567505.331110734
2015-10-18,17154818.122566227
2015-10-19,25133924.875696816
2015-10-20,24612570.65748547
2015-10-21,25783066.4692853
2015-10-22,24380894.18654899
2015-10-23,21582116.6872168
2015-10-24,18267186.721506156
2015-10-25,23956569.83363307
2015-10-26,23324841.989431936
2015-10-27,27178070.50699259
2015-10-28,42194530.20667041
2015-10-29,41456367.048520066
2015-10-30,54746843.89973178
2015-10-31,45373623.19676522
2015-11-01,37454074.830409355
2015-11-02,57782096.12633214
2015-11-03,77352592.05724972
2015-11-04,70321753.48678902
2015-11-05,75181664.0740461
2015-11-06,42341312.87105051
2015-11-07,36362197.120654635
2015-11-08,31079576.621884324
2015-11-09,45626356.17772993
2015-11-10,58481627.12741179
2015-11-11,62483780.419210635
2015-11-12,43952949.187351115
2015-11-13,34351967.46952533
2015-11-14,34331822.8308775
2015-11-15,30631188.73117237
2015-11-16,48017130.592670605
2015-11-17,47520539.94232631
2015-11-18,30419932.28732564
2015-11-19,30589981.303148277
2015-11-20,29363819.234170336
2015-11-21,22685857.680986382
2015-11-22,18349942.25343095
2015-11-23,20398417.48121664
2015-11-24,23905718.760232784
2015-11-25,27403099.297893904
2015-11-26,38563784.185874745
2015-11-27,98006636.55445778
2015-11-28,25901285.267589204
2015-11-29,23498702.29780997
2015-11-30,35318307.06418049
2015-12-01,41150091.65344888
2015-12-02,48784847.180405155
2015-12-03,37914705.53575214
2015-12-04,29200673.73826228
2015-12-05,50795385.851232216
2015-12-06,50406048.600555725
2015-12-07,40613873.96400035
2015-12-08,51517020.38594983
2015-12-09,50585690.79977892
2015-12-10,39467893.23098302
2015-12-11,56328259.149121225
2015-12-12,42552973.78074097
2015-12-13,39289766.63323903
2015-12-14,44487089.51717347
2015-12-15,68770321.9005896
2015-12-16,61798249.446139246
2015-12-17,52275695.02021907
2015-12-18,49642932.62527176
2015-12-19,51411088.953926735
2015-12-20,40821906.072608255
2015-12-21,58108749.02560366
2015-12-22,65317303.80289896
2015-12-23,48001934.5826633
2015-12-24,60840442.425519526
2015-12-25,38913978.10049751
2015-12-26,41087522.69997876
2015-12-27,20464141.791399084
2015-12-28,31585053.32345869
2015-12-29,23420682.90257081
2015-12-30,21343980.759255156
2015-12-31,17187315.72127867
2016-01-01,14415463.856241094
2016-01-02,10991880.338562068
2016-01-03,12944718.809349071
2016-01-04,19853547.68936962
2016-01-05,30096873.600163516
2016-01-06,23058594.985315736
2016-01-07,39633588.903388366
2016-01-08,29390212.759839233
2016-01-09,14776508.952386606
2016-01-10,14843502.804160409
2016-01-11,21974915.371117078
2016-01-12,20520649.206307966
2016-01-13,30688082.415147036
2016-01-14,23736011.432482548
2016-01-15,37310056.1294098
2016-01-16,31876664.79301282
2016-01-17,16422111.521150315
2016-01-18,23511756.880350847
2016-01-19,20430208.19431649
2016-01-20,40288124.14429988
2016-01-21,32293428.973282237
2016-01-22,37074161.140559494
2016-01-23,23918350.898522392
2016-01-24,24227312.106215905
2016-01-25,34715664.2206214
2016-01-26,27700690.046606753
2016-01-27,33233409.410384275
2016-01-28,35163860.56129312
2016-01-29,35635958.916555025
2016-01-30,26619530.36479014
2016-01-31,23392849.068196297
2016-02-01,33368857.36361455
2016-02-02,34752520.89974451
2016-02-03,30690654.90346957
2016-02-04,34908886.50771606
2016-02-05,41302997.79482828
2016-02-06,39073619.46113535
2016-02-07,18383524.369925108
2016-02-08,22650425.964162894
2016-02-09,31583011.90097154
2016-02-10,43190844.32402028
2016-02-11,32874517.531621292
2016-02-12,34926898.29523043
2016-02-13,28906199.035164762
2016-02-14,35413582.188418224
2016-02-15,39921282.26024278
2016-02-16,42704662.63609761
2016-02-17,40182909.66707224
2016-02-18,45496865.87238492
2016-02-19,37241665.70353459
2016-02-20,38745980.24578696
2016-02-21,40981543.320655614
2016-02-22,37459966.72829731
2016-02-23,46160752.953547776
2016-02-24,39652731.588513486
2016-02-25,38480697.55977877
2016-02-26,47687518.20013286
2016-02-27,30079945.012536816
2016-02-28,54542687.76807714
2016-02-29,86592225.90749443
2016-03-01,81706866.53247009
2016-03-02,82016357.82793942
2016-03-03,56091332.67536369
2016-03-04,54106664.27297521
2016-03-05,58079250.60632251
2016-03-06,41502305.20448261
2016-03-07,47281767.403108865
2016-03-08,35337494.20832104
2016-03-09,38789771.158150494
2016-03-10,44546264.81543585
2016-03-11,52629397.33001116
2016-03-12,32241535.678886537
2016-03-13,24792655.591624167
2016-03-14,30587292.934344914
2016-03-15,37260624.84203807
2016-03-16,30348816.55036215
2016-03-17,32815103.696672205
2016-03-18,39652669.941096544
2016-03-19,24326320.763803747
2016-03-20,21886295.176155373
2016-03-21,29917534.554298215
2016-03-22,35510095.28599119
2016-03-23,29395817.255506407
2016-03-24,31026682.110144757
2016-03-25,22447184.35878285
2016-03-26,17661747.913883913
2016-03-27,22977318.40635926
2016-03-28,31039182.5784436
2016-03-29,33881243.111061186
2016-03-30,29735988.372799583
2016-03-31,30043821.702488672
2016-04-01,34274117.272075385
2016-04-02,21667079.01383322
2016-04-03,20372847.569564134
2016-04-04,29908548.566623453
2016-04-05,35559542.23431232
2016-04-06,35213882.43840528
2016-04-07,36513685.471372545
2016-04-08,28158982.64254094
2016-04-09,25281161.012996677
2016-04-10,26707230.94694762
2016-04-11,27618102.49877224
2016-04-12,36586868.804703414
2016-04-13,31125403.969156124
2016-04-14,23711919.968313497
2016-04-15,33438878.376139466
2016-04-16,29539678.690319754
2016-04-17,22790875.260690376
2016-04-18,23639905.180885907
2016-04-19,33035775.84769812
2016-04-20,28495315.91949781
2016-04-21,33925439.703195736
2016-04-22,29583751.089049
2016-04-23,24012889.92088185
2016-04-24,26528234.576701555
2016-04-25,44992482.58752423
2016-04-26,40509246.30981877
2016-04-27,42611918.72734878
2016-04-28,40315703.399599686
2016-04-29,29539175.553416282
2016-04-30,22214226.7334855
2016-05-01,20858736.86165054
2016-05-02,31813938.675944887
2016-05-03,31350597.026112538
2016-05-04,29945556.996086907
2016-05-05,31758327.757092707
2016-05-06,57155296.40454221
2016-05-07,23647584.624992836
2016-05-08,17135473.402348068
2016-05-09,31441888.81054195
2016-05-10,33575693.24255949
2016-05-11,29118466.519098222
2016-05-12,32919476.20364929
2016-05-13,30181098.78304289
2016-05-14,25172651.224270143
2016-05-15,24291979.167274788
2016-05-16,34479815.30710081
2016-05-17,42345883.917920575
2016-05-18,39189416.98309365
2016-05-19,41319952.44998381
2016-05-20,44653779.910438195
2016-05-21,22057159.173897244
2016-05-22,19453597.29852144
2016-05-23,36021864.714624204
2016-05-24,39204083.76894254
2016-05-25,46281201.03073149
2016-05-26,48237779.955796815
2016-05-27,71300065.50375515
2016-05-28,61663416.09969219
2016-05-29,61631431.26232838
2016-05-30,59002033.94098128
2016-05-31,58644355.94980311
2016-06-01,52797131.98847136
2016-06-02,31908486.6431884
2016-06-03,40139963.96047861
2016-06-04,31412162.537687425
2016-06-05,23006825.75237237
2016-06-06,36804220.29401993
2016-06-07,41732183.53827402
2016-06-08,38429193.74313761
2016-06-09,46038496.74573418
2016-06-10,38485431.99158339
2016-06-11,23843605.243327565
2016-06-12,65703218.44128606
2016-06-13,120071926.9401112
2016-06-14,71754198.22660664
2016-06-15,55141358.68696978
2016-06-16,102619269.13874343
2016-06-17,70677693.77359389
2016-06-18,53348639.13182802
2016-06-19,36784003.37291892
2016-06-20,56287090.82033988
2016-06-21,95607056.36845532
2016-06-22,79172093.53394595
2016-06-23,79588414.44193451
2016-06-24,59748410.732668705
2016-06-25,41623665.73727064
2016-06-26,37985613.538481265
2016-06-27,51237001.175970726
2016-06-28,41842650.27525979
2016-06-29,52701584.23337564
2016-06-30,48685294.15160332
2016-07-01,41416494.807785
2016-07-02,33749861.44031948
2016-07-03,29735385.482993655
2016-07-04,38459172.67845005
2016-07-05,51425491.40199303
2016-07-06,52743004.76557822
2016-07-07,50631247.754515916
2016-07-08,47029080.762670726
2016-07-09,32589618.051452804
2016-07-10,18909009.482143365
2016-07-11,31358770.65573325
2016-07-12,43672662.425545044
2016-07-13,42932618.43939019
2016-07-14,37400146.92534964
2016-07-15,37669255.94922615
2016-07-16,25941007.464469697
2016-07-17,28693465.932016525
2016-07-18,45766604.2408585
2016-07-19,36405938.538609
2016-07-20,36165048.20474354
2016-07-21,30195902.61793306
2016-07-22,36912457.53420466
2016-07-23,29655541.67961477
2016-07-24,28951594.958130088
2016-07-25,32598025.28753345
2016-07-26,41100058.59374118
2016-07-27,38430138.856377214
2016-07-28,53569693.716422535
2016-07-29,32860978.423874166
2016-07-30,18333575.276838727
2016-07-31,29681695.786224015
2016-08-01,34502304.94796448
2016-08-02,109596011.07840331
2016-08-03,57203131.709835984
2016-08-04,64502981.92832593
2016-08-05,36876516.11325343
2016-08-06,27573784.208035745
2016-08-07,21600280.17858142
2016-08-08,30390672.69921736
2016-08-09,38100644.33457371
2016-08-10,51687453.36744301
2016-08-11,49878493.32586867
2016-08-12,31912417.929975327
2016-08-13,22293077.749125116
2016-08-14,25755176.64460697
2016-08-15,29700700.63782733
2016-08-16,48593825.11589405
2016-08-17,40953726.50632009
2016-08-18,30102026.927796487
2016-08-19,31548765.6678335
2016-08-20,24006819.070505142
2016-08-21,16045708.303945571
2016-08-22,31860238.385680594
2016-08-23,35050088.55510454
2016-08-24,31361453.67782088
2016-08-25,31626821.23455646
2016-08-26,24368894.532944232
2016-08-27,21549533.469143614
2016-08-28,15952484.378817635
2016-08-29,32448671.61911462
2016-08-30,37132246.39343994
2016-08-31,29916872.308791526
2016-09-01,37692928.734336086
2016-09-02,33240527.335782077
2016-09-03,27383197.610727172
2016-09-04,26147502.430185515
2016-09-05,28304146.214477524
2016-09-06,31153537.24565318
2016-09-07,30529067.17759205
2016-09-08,34742062.02999601
2016-09-09,29860852.262822885
2016-09-10,17084365.35058283
2016-09-11,22167331.977194745
2016-09-12,28735461.381359816
2016-09-13,27304869.788050834
2016-09-14,27449082.072767142
2016-09-15,31111302.154929094
2016-09-16,29763933.19126054
2016-09-17,16376906.337941801
2016-09-18,17151406.47368315
2016-09-19,25037424.568510763
2016-09-20,33902928.91512228
2016-09-21,32746876.720238544
2016-09-22,20068773.26734012
2016-09-23,33248202.474930797
2016-09-24,16787956.437768083
2016-09-25,12899617.825360613
2016-09-26,28880060.61367371
2016-09-27,30913172.971368056
2016-09-28,30166685.125793453
2016-09-29,26658652.441867303
2016-09-30,26943256.795479104
2016-10-01,16007232.249470929
2016-10-02,15035010.501753382
2016-10-03,23079890.705281388
2016-10-04,28125972.313828338
2016-10-05,33005533.049973145
2016-10-06,22275396.894483436
2016-10-07,24032562.159807466
2016-10-08,21764473.326919205
2016-10-09,19111940.23290082
2016-10-10,28209165.74173527
2016-10-11,40849972.700931154
2016-10-12,33579553.332128346
2016-10-13,35013733.11541858
2016-10-14,31251793.344275363
2016-10-15,19317909.588553283
2016-10-16,19411028.158221792
2016-10-17,24617151.19815601
2016-10-18,31519520.202845644
2016-10-19,32829802.92245426
2016-10-20,35602087.8621127
2016-10-21,35575602.00076789
2016-10-22,21858424.298225787
2016-10-23,17318364.195310093
2016-10-24,34378835.82650687
2016-10-25,43452284.211203724
2016-10-26,44459593.582573794
2016-10-27,56766621.862101994
2016-10-28,39571654.12415076
2016-10-29,29639194.542610135
2016-10-30,26727034.097357135
2016-10-31,39686895.94978814
2016-11-01,44728914.00039848
2016-11-02,34858605.77626505
2016-11-03,49098073.98699037
2016-11-04,46277527.87990394
2016-11-05,32799134.38095266
2016-11-06,20831501.68437839
2016-11-07,36073574.23174703
2016-11-08,39411658.54353731
2016-11-09,46726390.18399723
2016-11-10,37980501.19179563
2016-11-11,35574773.16917573
2016-11-12,21551299.197554637
2016-11-13,24210564.935414452
2016-11-14,33640995.26413878
2016-11-15,37892057.26392527
2016-11-16,53606136.79715952
2016-11-17,49564363.15773077
2016-11-18,42797137.68558463
2016-11-19,33668091.136331744
2016-11-20,34674081.01800664
2016-11-21,44780128.119030364
2016-11-22,40205491.95730209
2016-11-23,41517959.38958613
2016-11-24,41520734.65472393
2016-11-25,43814287.071487755
2016-11-26,26492743.80777238
2016-11-27,23240919.324488774
2016-11-28,40771315.782537006
2016-11-29,34643547.71877626
2016-11-30,34609205.12644268
2016-12-01,41056975.640572764
2016-12-02,59522860.91935291
2016-12-03,34423410.04636389
2016-12-04,18315373.194678072
2016-12-05,50426018.11287973
2016-12-06,39950301.01459277
2016-12-07,43678783.365494885
2016-12-08,42304334.242180176
2016-12-09,48033313.78646518
2016-12-10,22182177.168206748
2016-12-11,18448360.864927337
2016-12-12,42172956.28298707
2016-12-13,39589467.46466803
2016-12-14,36503525.09776112
2016-12-15,44625705.49424468
2016-12-16,40738472.26893268
2016-12-17,25906605.30361528
2016-12-18,24012482.687093854
2016-12-19,35325975.724836715
2016-12-20,45542818.37401055
2016-12-21,59269537.96931217
2016-12-22,72915844.54039803
2016-12-23,93330098.65280172
2016-12-24,41459046.87466356
2016-12-25,39593264.011179164
2016-12-26,42768018.0236216
2016-12-27,55691299.659457564
2016-12-28,69268324.55497536
2016-12-29,53676842.91798405
2016-12-30,63012454.33402627
2016-12-31,32151178.841594547
2017-01-01,26423301.142006237
2017-01-02,44414426.31929614
2017-01-03,56288047.97345499
2017-01-04,88839505.88100393
2017-01-05,120521999.36987442
2017-01-06,105387331.62757005
2017-01-07,60604807.622810334
2017-01-08,41576374.45415802
2017-01-09,51593499.409621924
2017-01-10,64418364.742033295
2017-01-11,101318392.87251948
2017-01-12,73788951.62407362
2017-01-13,62991964.73636224
2017-01-14,37642312.01772677
2017-01-15,26890210.602123145
2017-01-16,44330564.344494455
2017-01-17,58636521.0529895
2017-01-18,56945587.32158417
2017-01-19,52017049.24994593
2017-01-20,57765126.40936745
2017-01-21,33706611.985196374
2017-01-22,36979673.612809114
2017-01-23,45460621.45692355
2017-01-24,43584147.73239239
2017-01-25,54081817.18257213
2017-01-26,39790790.5110441
2017-01-27,35913438.39645771
2017-01-28,19120891.96303769
2017-01-29,20252545.640006546
2017-01-30,26949102.98010785
2017-01-31,36396026.047241874
2017-02-01,45846043.69927019
2017-02-02,40341113.52519966
2017-02-03,51293275.68645855
2017-02-04,41661496.872170314
2017-02-05,32703010.841575023
2017-02-06,40050100.20737459
2017-02-07,48200954.46584314
2017-02-08,54546689.99405801
2017-02-09,68671205.11999488
2017-02-10,53473500.77747361
2017-02-11,27142407.996751964
2017-02-12,21076375.04532647
2017-02-13,36405240.280190475
2017-02-14,38881016.22757966
2017-02-15,32335054.866864573
2017-02-16,38220357.901574105
2017-02-17,29121042.00955371
2017-02-18,24482643.465475626
2017-02-19,40306953.733297884
2017-02-20,27012631.089076214
2017-02-21,37079267.315431364
2017-02-22,33405798.138835438
2017-02-23,44481431.40453497
2017-02-24,62425566.179795444
2017-02-25,30148567.56309529
2017-02-26,28387869.19242485
2017-02-27,33347555.66053414
2017-02-28,40264021.06155722
2017-03-01,46295902.84481941
2017-03-02,71011416.4375931
2017-03-03,71400270.13720632
2017-03-04,30497328.280500963
2017-03-05,35799807.17737252
2017-03-06,42640758.37148792
2017-03-07,52872701.53933996
2017-03-08,51023355.87975381
2017-03-09,41790276.81753158
2017-03-10,57367526.33537228
2017-03-11,60933271.64529425
2017-03-12,37018418.731291726
2017-03-13,72982662.71640405
2017-03-14,60672841.44272777
2017-03-15,63804792.62998297
2017-03-16,113099358.06036305
2017-03-17,108287801.53208348
2017-03-18,69159661.65009832
2017-03-19,55371669.97182182
2017-03-20,70211929.63111351
2017-03-21,72955672.95221232
2017-03-22,83895269.31279849
2017-03-23,66152128.97875286
2017-03-24,145935189.22105685
2017-03-25,76548072.12283777
2017-03-26,49890271.16635844
2017-03-27,87621974.30360863
2017-03-28,60550153.84812768
2017-03-29,69273591.73399183
2017-03-30,86425896.07469389
2017-03-31,91369794.97855015
2017-04-01,65620631.276581675
2017-04-02,72575442.18332216
2017-04-03,71205450.14004883
2017-04-04,87446216.33079351
2017-04-05,70280041.6888087
2017-04-06,75137221.44666156
2017-04-07,70214762.34249932
2017-04-08,37651960.65771312
2017-04-09,42592044.48574378
2017-04-10,60330411.90503751
2017-04-11,56512259.650516935
2017-04-12,59934906.174111515
2017-04-13,67359181.81653848
2017-04-14,76267508.03476834
2017-04-15,56969728.16569776
2017-04-16,40463405.874424316
2017-04-17,55255456.282129996
2017-04-18,66977622.58140188
2017-04-19,79926759.61862479
2017-04-20,78503354.02129446
2017-04-21,66653440.06372299
2017-04-22,43556523.442656174
2017-04-23,40983996.44788399
2017-04-24,59046590.67098312
2017-04-25,62202739.62648063
2017-04-26,76140805.61773296
2017-04-27,72027734.13063483
2017-04-28,79999948.00978391
2017-04-29,73522484.28522855
2017-04-30,52303285.52911584
2017-05-01,91387541.32845803
2017-05-02,91906380.93594252
2017-05-03,109092724.38925795
2017-05-04,127103297.57315028
2017-05-05,131885625.48134841
2017-05-06,107626193.21201701
2017-05-07,97364532.4464824
2017-05-08,160107213.58792245
2017-05-09,166488391.8229506
2017-05-10,188782264.72532177
2017-05-11,147140266.50274906
2017-05-12,152813413.82293978
2017-05-13,95637014.67836627
2017-05-14,74231682.03649932
2017-05-15,124447011.60223396
2017-05-16,188414764.56409758
2017-05-17,250136198.31581774
2017-05-18,160725965.9852281
2017-05-19,228779342.80057523
2017-05-20,161981074.54891312
2017-05-21,116643084.40568562
2017-05-22,238842006.01637718
2017-05-23,236998627.15752456
2017-05-24,281941390.78839785
2017-05-25,274920727.6756304
2017-05-26,237780674.2512595
2017-05-27,152756385.79007593
2017-05-28,132152540.21693042
2017-05-29,155342176.4801394
2017-05-30,227302518.28868386
2017-05-31,242121917.68024352
2017-06-01,279769412.30468374
2017-06-02,172324510.8024125
2017-06-03,231162880.8355487
2017-06-04,144385415.19381526
2017-06-05,204049583.232455
2017-06-06,202034165.83096296
2017-06-07,224108277.79440632
2017-06-08,214645897.90471542
2017-06-09,173345842.43622738
2017-06-10,148130589.13753906
2017-06-11,173534370.18815747
2017-06-12,191499111.29566708
2017-06-13,232150220.19383496
2017-06-14,184877460.54009265
2017-06-15,244632110.6052185
2017-06-16,173725388.9198403
2017-06-17,137602242.8030024
2017-06-18,174141986.36577374
2017-06-19,154447418.80713704
2017-06-20,161079391.6152817
2017-06-21,212187400.0491319
2017-06-22,171011322.97135252
2017-06-23,141836937.88643494
2017-06-24,107565400.91659115
2017-06-25,124524858.26975073
2017-06-26,185707426.40660244
2017-06-27,188177690.6013664
2017-06-28,208437316.95079908
2017-06-29,131916673.89851394
2017-06-30,198917255.27849284
2017-07-01,134412033.85114577
2017-07-02,108815157.27484253
2017-07-03,179346788.01377904
2017-07-04,138845725.42034322
2017-07-05,152626371.0827753
2017-07-06,146729947.8361245
2017-07-07,167948533.69536668
2017-07-08,147051571.6020424
2017-07-09,111729551.86331485
2017-07-10,147537757.63486525
2017-07-11,164391335.5586806
2017-07-12,149805333.55379406
2017-07-13,152258696.98674294
2017-07-14,125360036.29165289
2017-07-15,103425632.29385018
2017-07-16,113672044.62099653
2017-07-17,169000340.74768546
2017-07-18,176030195.4390297
2017-07-19,184011342.92706934
2017-07-20,211524898.34964222
2017-07-21,192017226.18565825
2017-07-22,145971603.792946
2017-07-23,161286160.66244638
2017-07-24,147271255.2497146
2017-07-25,235334081.74212533
2017-07-26,225090519.79842514
2017-07-27,242309415.13294142
2017-07-28,350093089.9439583
2017-07-29,163735169.3427328
2017-07-30,520121716.2206519
2017-07-31,394311775.09005046
2017-08-01,264317621.3578948
2017-08-02,283347762.75606424
2017-08-03,327796049.5006732
2017-08-04,258982687.5729715
2017-08-05,269857960.9043775
2017-08-06,231102466.90382358
2017-08-07,492192387.69477785
2017-08-08,232449889.54444683
2017-08-09,257646832.3691736
2017-08-10,307303133.7096087
2017-08-11,432804363.576995
2017-08-12,364764441.4579446
2017-08-13,305323850.13848376
2017-08-14,369129167.45122015
2017-08-15,439381878.350161
2017-08-16,459529258.7011621
2017-08-17,310171790.6717652
2017-08-18,415456768.6065471
2017-08-19,430630465.2473773
2017-08-20,315546720.9254726
2017-08-21,412876805.68199784
2017-08-22,435986117.9442571
2017-08-23,326158881.447875
2017-08-24,386534913.9768035
2017-08-25,249104706.74215356
2017-08-26,175828309.74601814
2017-08-27,275179418.4950613
2017-08-28,454148418.5784056
2017-08-29,343003509.2113334
2017-08-30,310107071.6385676
2017-08-31,298489583.1645338
2017-09-01,279675683.3286351
2017-09-02,201921879.1485854
2017-09-03,227040683.0014998
2017-09-04,397126540.4537853
2017-09-05,407751131.24321884
2017-09-06,359443408.8836597
2017-09-07,293342942.8054774
2017-09-08,345834677.9580121
2017-09-09,222869889.6656985
2017-09-10,279476737.22816604
2017-09-11,262999986.8383202
2017-09-12,278457350.38807636
2017-09-13,296145660.8499895
2017-09-14,279080582.8887773
2017-09-15,453914907.9102974
2017-09-16,234270348.05354464
2017-09-17,177987120.03505003
2017-09-18,306213233.5904367
2017-09-19,251133016.80584073
2017-09-20,165838426.80573547
2017-09-21,161311480.88780126
2017-09-22,143934867.93856817
2017-09-23,141950137.00594354
2017-09-24,92270293.7210698
2017-09-25,170822496.50319248
2017-09-26,197471587.51807973
2017-09-27,234611556.99960485
2017-09-28,231453072.31247336
2017-09-29,186035405.6076786
2017-09-30,148233692.2434522
2017-10-01,112949322.57234977
2017-10-02,198222644.4708408
2017-10-03,175910583.75266063
2017-10-04,196392088.57904494
2017-10-05,172220920.29803294
2017-10-06,155184368.96075433
2017-10-07,139137688.85432255
2017-10-08,140875738.0115855
2017-10-09,227613142.96851584
2017-10-10,209976832.22738254
2017-10-11,178278852.14872748
2017-10-12,218497000.13779792
2017-10-13,299239176.5441756
2017-10-14,198484381.36187837
2017-10-15,165230579.2979051
2017-10-16,182608806.85069245
2017-10-17,223659990.57408485
2017-10-18,240128174.65353453
2017-10-19,190884558.18956366
2017-10-20,247976231.97882864
2017-10-21,216483206.3306175
2017-10-22,241537667.92847183
2017-10-23,780288612.1319658
2017-10-24,591892777.6719915
2017-10-25,293427345.0530839
2017-10-26,198692368.53302485
2017-10-27,243220419.75980824
2017-10-28,159637631.9021741
2017-10-29,237679326.3255593
2017-10-30,263358671.44769385
2017-10-31,281301119.8101051
2017-11-01,345905232.9654919
2017-11-02,515024083.0048973
2017-11-03,344766110.68082243
2017-11-04,210481323.84870088
2017-11-05,203001878.0807301
2017-11-06,349758643.44593054
2017-11-07,486237218.108968
2017-11-08,453893722.43248737
2017-11-09,554269311.64908
2017-11-10,462451714.41903627
2017-11-11,370595371.6502654
2017-11-12,461448204.6747216
2017-11-13,1388752726.7563365
2017-11-14,926534619.7510296
2017-11-15,1097752608.8542705
2017-11-16,1113565607.2945957
2017-11-17,1290221957.8578637
2017-11-18,682488559.2636578
2017-11-19,762457901.04476
2017-11-20,767199841.56387
2017-11-21,912158826.656322
2017-11-22,941416243.4332522
2017-11-23,816110521.9248908
2017-11-24,701559958.6687738
2017-11-25,510718612.6942795
2017-11-26,575793259.1302731
2017-11-27,767009273.769047
2017-11-28,805276990.2462958
2017-11-29,891825047.9746916
2017-11-30,894942931.9631066
2017-12-01,678620200.2072723
2017-12-02,393768440.9421473
2017-12-03,495653191.5750173
2017-12-04,623640016.1113137
2017-12-05,776058733.6883024
2017-12-06,1194852075.374947
2017-12-07,1936954915.4563713
2017-12-08,1225694377.4089255
2017-12-09,891296543.7805008
2017-12-10,726366408.5896097
2017-12-11,1101158339.5894241
2017-12-12,1080651667.8284655
2017-12-13,890150352.964136
2017-12-14,1170101220.6087005
2017-12-15,1173709482.8487198
2017-12-16,682992023.4530592
2017-12-17,682028819.2676164
2017-12-18,1128611014.3391352
2017-12-19,1174649451.922827
2017-12-20,1373836387.060537
2017-12-21,1016701070.184071
2017-12-22,1054805399.3005648
2017-12-23,738124318.2504721
2017-12-24,483300018.721153
2017-12-25,528331037.97768724
2017-12-26,683284844.5496211
2017-12-27,1017362224.1393168
2017-12-28,910803801.0520848
2017-12-29,1011410362.4397702
2017-12-30,827361224.648506
2017-12-31,589223187.2109766
2018-01-01,651068817.5894074
2018-01-02,853285196.0312343
2018-01-03,784562950.5189376
2018-01-04,1212149254.4642382
2018-01-05,1322273072.7196736
2018-01-06,1032963011.4113543
2018-01-07,807499093.4349067
2018-01-08,1040191788.6536239
2018-01-09,895353099.6962368
2018-01-10,1002244661.3430992
2018-01-11,813900835.6436706
2018-01-12,792343923.7953416
2018-01-13,558484881.0828563
2018-01-14,595632151.6557773
2018-01-15,700426132.088735
2018-01-16,908689496.3065708
2018-01-17,907947198.300922
2018-01-18,746312722.6620315
2018-01-19,843555272.56698
2018-01-20,483833318.1227708
2018-01-21,437148858.20956373
2018-01-22,510311748.22705716
2018-01-23,519198797.0355512
2018-01-24,572462702.6246288
2018-01-25,429903949.92791283
2018-01-26,703410313.5266594
2018-01-27,305577436.38827044
2018-01-28,403835402.0235786
2018-01-29,448431527.3494764
2018-01-30,480088748.32589453
2018-01-31,481517985.73159325
2018-02-01,551255078.714563
2018-02-02,652792683.9635729
2018-02-03,358543279.35642767
2018-02-04,258474119.9881397
2018-02-05,518740548.01651645
2018-02-06,578094615.8447789
2018-02-07,382323669.2424469
2018-02-08,292452616.13108057
2018-02-09,563354943.6543307
2018-02-10,378447004.8530926
2018-02-11,474590986.4663244
2018-02-12,309308111.2981397
2018-02-13,281931308.72516865
2018-02-14,398743716.12876767
2018-02-15,381939974.4994596
2018-02-16,423071810.5055452
2018-02-17,236652770.75092357
2018-02-18,465250076.4602151
2018-02-19,400779318.53615546
2018-02-20,376518885.1217358
2018-02-21,362803048.8994959
2018-02-22,279595233.00453854
2018-02-23,394879058.66975653
2018-02-24,195242872.87648728
2018-02-25,165816788.86873952
2018-02-26,311321334.1487718
2018-02-27,398907626.3125302
2018-02-28,417861808.7471641
2018-03-01,325240357.8972499
2018-03-02,299029942.3042144
2018-03-03,274380921.8200225
2018-03-04,212085828.77739468
2018-03-05,363220226.74090266
2018-03-06,307146360.29203284
2018-03-07,372727044.53740066
2018-03-08,432603420.5434648
2018-03-09,450872120.953577
2018-03-10,192153908.8694072
2018-03-11,203659315.19398448
2018-03-12,263973607.62850198
2018-03-13,308218077.3847916
2018-03-14,268271382.16777182
2018-03-15,312427057.34138167
2018-03-16,248012429.73152757
2018-03-17,156780866.20561826
2018-03-18,177571683.63299936
2018-03-19,262485184.97583672
2018-03-20,286172918.7172437
2018-03-21,263716371.79475585
2018-03-22,269129423.11772203
2018-03-23,250182968.01040056
2018-03-24,180307759.2249772
2018-03-25,141742941.5335101
2018-03-26,296797844.3440481
2018-03-27,197928434.78443128
2018-03-28,199026619.3635449
2018-03-29,232884130.59065086
2018-03-30,296330869.9903939
2018-03-31,234848527.14212584
2018-04-01,156937664.6528203
2018-04-02,202526404.50663263
2018-04-03,425600951.5040403
2018-04-04,254248403.67276672
2018-04-05,330055177.24194944
2018-04-06,267601617.84408516
2018-04-07,163707108.9382307
2018-04-08,98093984.1247789
2018-04-09,231186880.14149985
2018-04-10,209165538.9682347
2018-04-11,232710163.87387234
2018-04-12,337364684.46517736
2018-04-13,413927270.86815923
2018-04-14,150478813.9939359
2018-04-15,156109047.43343747
2018-04-16,247660272.92915687
2018-04-17,645784629.9479498
2018-04-18,262699875.5839491
2018-04-19,385680725.6749769
2018-04-20,576396662.2626545
2018-04-21,469026855.1218511
2018-04-22,281223463.7015362
2018-04-23,345948693.59124476
2018-04-24,890258411.7077726
2018-04-25,576838725.0056622
2018-04-26,363381890.12864774
2018-04-27,353239940.1224972
2018-04-28,580513049.0022565
2018-04-29,257536958.38757342
2018-04-30,348995837.7408384
2018-05-01,296220057.29503024
2018-05-02,289672108.08202285
2018-05-03,348216721.2760479
2018-05-04,393435185.4524285
2018-05-05,207842665.5689512
2018-05-06,311691865.13302064
2018-05-07,385660896.40257275
2018-05-08,358432187.42000204
2018-05-09,314127029.684187
2018-05-10,431192534.0495504
2018-05-11,390246150.68655515
2018-05-12,186140699.09495366
2018-05-13,206998674.50344983
2018-05-14,377197146.1258065
2018-05-15,298985627.92887115
2018-05-16,331815875.7279814
2018-05-17,274101681.3487587
2018-05-18,303666447.8303181
2018-05-19,138423554.03351685
2018-05-20,154381798.60665613
2018-05-21,232288343.45409307
2018-05-22,227466202.89097664
2018-05-23,279409625.9483382
2018-05-24,328901591.1235566
2018-05-25,260788020.0813821
2018-05-26,129086287.6109525
2018-05-27,146987988.86397287
2018-05-28,240290661.21907252
2018-05-29,330548311.40909505
2018-05-30,228968709.05632654
2018-05-31,289286469.4564
2018-06-01,243898876.83167377
2018-06-02,117773270.90734176
2018-06-03,153348892.029192
2018-06-04,187287110.28107604
2018-06-05,210149405.54132402
2018-06-06,224437394.7075188
2018-06-07,223232888.29745665
2018-06-08,201284147.25131786
2018-06-09,114785989.00533627
2018-06-10,174296463.23961017
2018-06-11,311207950.3205122
2018-06-12,235744227.2814067
2018-06-13,227996145.04725385
2018-06-14,273133479.60026836
2018-06-15,194124998.90595713
2018-06-16,112919422.01974653
2018-06-17,121589033.7934784
2018-06-18,173525887.7188769
2018-06-19,182094844.25829625
2018-06-20,182167426.55828953
2018-06-21,207236546.4030066
2018-06-22,257942096.98336616
2018-06-23,115045175.75842166
2018-06-24,143611262.65915966
2018-06-25,226414882.39155966
2018-06-26,155975708.5169565
2018-06-27,203932807.03616858
2018-06-28,146721988.4373023
2018-06-29,167611659.67078286
2018-06-30,138139371.31891993
2018-07-01,95422710.99279986
2018-07-02,207874050.69045588
2018-07-03,290401824.28081167
2018-07-04,153057767.95607206
2018-07-05,212538968.76695314
2018-07-06,248599706.853621
2018-07-07,93580525.28862415
2018-07-08,127842657.38983919
2018-07-09,176784370.7870539
2018-07-10,174929311.17213595
2018-07-11,182333779.97089297
2018-07-12,152016576.6409119
2018-07-13,211021670.78478763
2018-07-14,89769675.07711163
2018-07-15,86779324.9279092
2018-07-16,156818654.2337249
2018-07-17,191984244.47768497
2018-07-18,238685718.36309665
2018-07-19,215245581.09188592
2018-07-20,195961020.21080413
2018-07-21,120126849.70413089
2018-07-22,91657792.30342837
2018-07-23,203180007.84680077
2018-07-24,283510562.67417306
2018-07-25,264628051.67651996
2018-07-26,196658049.93570393
2018-07-27,241064877.4021528
2018-07-28,93866431.71555306
2018-07-29,97382892.2815347
2018-07-30,218261268.12104338
2018-07-31,212890631.11140284
2018-08-01,246801824.97980872
2018-08-02,153934364.30678928
2018-08-03,192943625.2482909
2018-08-04,130371519.17169116
2018-08-05,83080685.1544543
2018-08-06,180007509.78869158
2018-08-07,165980779.2219161
2018-08-08,209390776.6574867
2018-08-09,212821084.4811725
2018-08-10,197716895.50627604
2018-08-11,125020097.5020547
2018-08-12,92411210.74748904
2018-08-13,189501947.94288477
2018-08-14,251678733.70256418
2018-08-15,262892154.04998294
2018-08-16,141590841.7224029
2018-08-17,129985148.30149795
2018-08-18,83720288.05679831
2018-08-19,66606979.33535217
2018-08-20,146271540.53124508
2018-08-21,144669721.13452068
2018-08-22,197970220.87285432
2018-08-23,211974346.57652333
2018-08-24,184443559.36834767
2018-08-25,92454617.94332862
2018-08-26,87878093.1583309
2018-08-27,184735318.5540399
2018-08-28,177485822.47160336
2018-08-29,177549484.54216537
2018-08-30,161383992.4594669
2018-08-31,210346089.24505797
2018-09-01,115024664.36800782
2018-09-02,110368955.11993976
2018-09-03,151125140.18679065
2018-09-04,191879578.807356
2018-09-05,204265461.69311514
2018-09-06,221568488.58008096
2018-09-07,200447001.27620777
2018-09-08,84740690.37819362
2018-09-09,112792664.48707575
2018-09-10,154127227.44868878
2018-09-11,161679540.73197207
2018-09-12,178223737.47750732
2018-09-13,417910106.2985953
2018-09-14,129067891.77335787
2018-09-15,79534752.21364872
2018-09-16,66258530.51761016
2018-09-17,111168851.2769235
2018-09-18,133820214.19792584
2018-09-19,135653307.84524083
2018-09-20,154143558.310261
2018-09-21,235945631.51517567
2018-09-22,149337214.35189667
2018-09-23,74070718.71506315
2018-09-24,107808728.53305501
2018-09-25,187757162.53865415
2018-09-26,162099607.15861464
2018-09-27,177972984.02435297
2018-09-28,210832693.87521026
2018-09-29,112124600.68126464
2018-09-30,75533599.56225885
2018-10-01,169027189.02768028
2018-10-02,144706396.99398246
2018-10-03,161607213.08463722
2018-10-04,181282296.68657213
2018-10-05,132979521.61050443
2018-10-06,86223594.50405255
2018-10-07,86984216.72350678
2018-10-08,129641472.84566234
2018-10-09,136089461.66167983
2018-10-10,158627764.62823957
2018-10-11,278028299.9438019
2018-10-12,224074042.4858232
2018-10-13,95503012.4945192
2018-10-14,91782920.52708651
2018-10-15,526381097.73648554
2018-10-16,206480632.99315888
2018-10-17,181781868.26354685
2018-10-18,188067362.0963707
2018-10-19,168820092.16461596
2018-10-20,104723562.7808262
2018-10-21,71647375.32358453
2018-10-22,230185975.45033154
2018-10-23,168863127.79124212
2018-10-24,148086531.18535873
2018-10-25,223591910.7842017
2018-10-26,147762525.6550695
2018-10-27,81996438.62324499
2018-10-28,55085918.35986187
2018-10-29,169966633.51396275
2018-10-30,138552078.27622506
2018-10-31,158408926.96778145
2018-11-01,176384644.8863673
2018-11-02,180886368.88360044
2018-11-03,115629889.58118889
2018-11-04,81650642.28544548
2018-11-05,195948330.84608376
2018-11-06,180299845.047995
2018-11-07,184014324.14793867
2018-11-08,167461083.8470757
2018-11-09,177475917.4064227
2018-11-10,68168530.14103475
2018-11-11,64789817.4013868
2018-11-12,136318755.62589175
2018-11-13,147898064.08027562
2018-11-14,224268679.37357304
2018-11-15,363546666.53841734
2018-11-16,240396985.19801596
2018-11-17,107642591.80522984
2018-11-18,103278929.11598608
2018-11-19,213240768.16025725
2018-11-20,365224956.6321959
2018-11-21,230892796.37433612
2018-11-22,168069897.861144
2018-11-23,143532015.99265411
2018-11-24,100717286.68520458
2018-11-25,150200816.05957848
2018-11-26,178880642.56568158
2018-11-27,203745395.5646793
2018-11-28,300673739.353661
2018-11-29,200346553.3940099
2018-11-30,470486021.928746
2018-12-01,182026844.6345609
2018-12-02,97893200.8803797
2018-12-03,205533222.77233264
2018-12-04,246599633.3665148
2018-12-05,199733399.36272871
2018-12-06,222621425.3384344
2018-12-07,169987602.48097154
2018-12-08,93447878.35170008
2018-12-09,92148714.84269547
2018-12-10,158894888.93215117
2018-12-11,144756386.16626835
2018-12-12,154012682.23393962
2018-12-13,110233767.70312768
2018-12-14,142369967.67866087
2018-12-15,66991223.36326259
2018-12-16,55346908.30098307
2018-12-17,154329687.34925398
2018-12-18,163655926.63714218
2018-12-19,225928750.40741393
2018-12-20,220084395.46186107
2018-12-21,169351016.99321085
2018-12-22,90628812.36751238
2018-12-23,93599408.85661069
2018-12-24,157009564.45422277
2018-12-25,98614590.98643567
2018-12-26,103333933.84764944
2018-12-27,129609736.74918588
2018-12-28,180542350.0612489
2018-12-29,136025158.54851776
2018-12-30,62481324.59889927
2018-12-31,121058859.64147596
2019-01-01,56415278.15905496
2019-01-02,120502715.58649458
2019-01-03,155529407.5655358
2019-01-04,134495875.52408034
2019-01-05,61685578.24575998
2019-01-06,56937733.26471932
2019-01-07,113915423.62600222
2019-01-08,113924659.78858456
2019-01-09,130405381.75828177
2019-01-10,148049240.92489472
2019-01-11,154708663.50612053
2019-01-12,58904718.40263266
2019-01-13,48388024.65275283
2019-01-14,118265311.19021626
2019-01-15,145892007.26403627
2019-01-16,107897919.02503335
2019-01-17,114892290.68451373
2019-01-18,96472319.20909955
2019-01-19,60211522.08037062
2019-01-20,52130069.090740226
2019-01-21,116077086.13504641
2019-01-22,123956370.49513447
2019-01-23,104965317.65239047
2019-01-24,107612078.19495493
2019-01-25,100225506.92263037
2019-01-26,53338575.18232998
2019-01-27,49351291.32796585
2019-01-28,165569328.1844845
2019-01-29,117934471.21737888
2019-01-30,139700164.28945833
2019-01-31,136503031.35480773
2019-02-01,197273535.74749157
2019-02-02,70200397.59948628
2019-02-03,44779373.86679905
2019-02-04,79762857.2038259
2019-02-05,76816740.14946473
2019-02-06,100139593.30934003
2019-02-07,85689369.7347702
2019-02-08,129123968.87777932
2019-02-09,62009992.17746855
2019-02-10,55834751.48596256
2019-02-11,120407267.55016097
2019-02-12,100423145.90449186
2019-02-13,113693713.70914075
2019-02-14,89674971.69480816
2019-02-15,120883782.4513762
2019-02-16,50260892.92341743
2019-02-17,53406195.79310865
2019-02-18,135305668.73295644
2019-02-19,155163973.78316262
2019-02-20,151185207.08728397
2019-02-21,134321334.8188986
2019-02-22,126950963.33743878
2019-02-23,77639500.0746241
2019-02-24,100982947.68030095
2019-02-25,158657650.15231022
2019-02-26,138615721.14258093
2019-02-27,115535419.71820584
2019-02-28,368963324.6630246
2019-03-01,134761551.88081074
2019-03-02,52255376.74335588
2019-03-03,69487385.6182829
2019-03-04,131724324.63835311
2019-03-05,143043617.48946646
2019-03-06,174352585.2569435
2019-03-07,112559705.06873457
2019-03-08,146011072.21739706
2019-03-09,93871421.08553699
2019-03-10,66191465.19176259
2019-03-11,134710920.51706904
2019-03-12,120593665.52137652
2019-03-13,126539268.99562912
2019-03-14,197815979.76568097
2019-03-15,124625035.45025833
2019-03-16,72642773.59070529
2019-03-17,57385866.60881321
2019-03-18,121880310.88537472
2019-03-19,122064153.47768314
2019-03-20,160330319.40966615
2019-03-21,140482546.16912365
2019-03-22,130972978.78808217
2019-03-23,69950658.43079185
2019-03-24,55575671.8797267
2019-03-25,144276250.87644356
2019-03-26,122001521.84835143
2019-03-27,180605132.1938301
2019-03-28,146143827.15260488
2019-03-29,180974444.56969362
2019-03-30,109830067.86927459
2019-03-31,81197134.30569178
2019-04-01,196021220.50086433
2019-04-02,367504048.6437872
2019-04-03,297219116.7619411
2019-04-04,294308205.4492444
2019-04-05,182323190.1398596
2019-04-06,104197828.91926709
2019-04-07,132680658.4942605
2019-04-08,269694598.2801334
2019-04-09,191505900.32001612
2019-04-10,287467562.12356824
2019-04-11,265190609.56122553
2019-04-12,199505590.21854874
2019-04-13,137772006.60414362
2019-04-14,144676028.94558996
2019-04-15,183660688.96051487
2019-04-16,231249729.53447616
2019-04-17,205448445.1866242
2019-04-18,238675276.73296884
2019-04-19,138115159.23730505
2019-04-20,102854292.015528
2019-04-21,109102104.90515722
2019-04-22,141256641.2553575
2019-04-23,200401180.78544965
2019-04-24,258271881.84324875
2019-04-25,231270422.18328407
2019-04-26,327532953.35416526
2019-04-27,134972757.81505787
2019-04-28,145896929.64565873
2019-04-29,296603547.8311546
2019-04-30,215257577.53662443
2019-05-01,145170099.60977855
2019-05-02,185007315.98760325
2019-05-03,235914868.7782937
2019-05-04,144602899.18433604
2019-05-05,170160520.58180264
2019-05-06,203730781.9650309
2019-05-07,263512157.78159183
2019-05-08,241977303.88171977
2019-05-09,239882689.78133884
2019-05-10,223330870.09616116
2019-05-11,360525245.19349366
2019-05-12,199359078.16572303
2019-05-13,341209072.1769857
2019-05-14,383282589.16518545
2019-05-15,367041230.25042254
2019-05-16,373640882.10652447
2019-05-17,387490703.87901103
2019-05-18,159042230.53920677
2019-05-19,159047182.14373177
2019-05-20,272146477.69553506
2019-05-21,216370284.28425288
2019-05-22,297109249.8341766
2019-05-23,251896632.73754227
2019-05-24,319054339.88575417
2019-05-25,113070750.1437799
2019-05-26,136323807.79168186
2019-05-27,270826725.8776792
2019-05-28,247972035.8927071
2019-05-29,278557650.98757035
2019-05-30,284467036.90413076
2019-05-31,462495191.0335468
2019-06-01,150823118.2348506
2019-06-02,121978970.54260041
2019-06-03,286376567.7198472
2019-06-04,343839383.1751354
2019-06-05,289414095.4536397
2019-06-06,238818410.33546713
2019-06-07,254191212.35216936
2019-06-08,110495365.3512722
2019-06-09,107067824.09175186
2019-06-10,237647558.1498739
2019-06-11,250847583.41516626
2019-06-12,217412040.7149319
2019-06-13,224302809.58254158
2019-06-14,315385755.2502065
2019-06-15,157372276.3361438
2019-06-16,196334897.06231374
2019-06-17,301535301.03016424
2019-06-18,254175748.09706146
2019-06-19,253336699.6207046
2019-06-20,263348876.83066225
2019-06-21,400344450.6877961
2019-06-22,302356620.78543067
2019-06-23,204191523.2126495
2019-06-24,377581001.2189452
2019-06-25,427689684.88673204
2019-06-26,638748810.8657131
2019-06-27,565907512.0197453
2019-06-28,575862692.5717064
2019-06-29,215406982.18891826
2019-06-30,204689965.41527167
2019-07-01,380202170.14292884
2019-07-02,348918919.04764134
2019-07-03,428791390.2982851
2019-07-04,321673577.0981598
2019-07-05,399683115.77752435
2019-07-06,146126000.98355466
2019-07-07,142114103.15280572
2019-07-08,279500582.97376424
2019-07-09,333128009.96405184
2019-07-10,358236200.36579025
2019-07-11,432398842.8030771
2019-07-12,453981365.96409816
2019-07-13,206644252.60456207
2019-07-14,170842107.69676915
2019-07-15,372023845.8615963
2019-07-16,358464931.1791277
2019-07-17,390345375.8649356
2019-07-18,359711825.20115125
2019-07-19,360090713.08017415
2019-07-20,157362638.51039702
2019-07-21,132548503.16880453
2019-07-22,240327158.3203223
2019-07-23,331389165.16572016
2019-07-24,247546389.30412403
2019-07-25,241542057.91345745
2019-07-26,279424601.89674777
2019-07-27,150899549.0601198
2019-07-28,105151082.51934935
2019-07-29,193562412.69161132
2019-07-30,272756974.15778947
2019-07-31,231005004.62130702
2019-08-01,241063996.8920391
2019-08-02,292999074.15184885
2019-08-03,121589478.84401783
2019-08-04,106402975.68600778
2019-08-05,386778931.51516265
2019-08-06,748926559.3612938
2019-08-07,558150570.0025057
2019-08-08,281046287.537028
2019-08-09,283332536.41868234
2019-08-10,176449461.37638694
2019-08-11,103189337.34831214
2019-08-12,160857007.17900938
2019-08-13,223578819.68984425
2019-08-14,300178080.12448794
2019-08-15,352239661.9573364
2019-08-16,288607510.32813084
2019-08-17,106288576.4505436
2019-08-18,82928662.35752833
2019-08-19,285213552.8136207
2019-08-20,230973083.6586196
2019-08-21,278568830.6350065
2019-08-22,186820689.56253237
2019-08-23,205248078.86675918
2019-08-24,129428174.52692056
2019-08-25,85832044.0143026
2019-08-26,200775445.09818438
2019-08-27,211223722.54779133
2019-08-28,246763554.86742607
2019-08-29,303556305.5032081
2019-08-30,303730250.0122345
2019-08-31,96587661.72687607
2019-09-01,89735155.07433276
2019-09-02,207958860.43924633
2019-09-03,229836289.58205134
2019-09-04,221872448.56527352
2019-09-05,187401766.95697314
2019-09-06,265103303.2526772
2019-09-07,117488850.58678287
2019-09-08,100875850.74500892
2019-09-09,235919007.9858988
2019-09-10,256204610.6443891
2019-09-11,219264098.51395285
2019-09-12,190049173.03276476
2019-09-13,232856167.61146376
2019-09-14,97491854.38076796
2019-09-15,87905137.38128987
2019-09-16,224437447.90015078
2019-09-17,218172923.3044116
2019-09-18,241283763.2953779
2019-09-19,342692858.3310621
2019-09-20,271831453.5852549
2019-09-21,87598951.99434228
2019-09-22,120986566.69731213
2019-09-23,215351122.7764832
2019-09-24,444832069.0393987
2019-09-25,412403758.70072955
2019-09-26,254874592.92256376
2019-09-27,294697545.8292735
2019-09-28,135829855.51229763
2019-09-29,116050471.04872529
2019-09-30,273921191.4379351
2019-10-01,251747670.0797626
2019-10-02,201295080.02521715
2019-10-03,198206956.01929194
2019-10-04,195137125.73292503
2019-10-05,80422615.28081152
2019-10-06,92803091.3451722
2019-10-07,211973815.96241802
2019-10-08,178244918.5992865
2019-10-09,232307890.7669919
2019-10-10,237466548.3725331
2019-10-11,289577410.3774957
2019-10-12,90400223.8273589
2019-10-13,86832984.42989218
2019-10-14,1119506549.7926497
2019-10-15,163736094.8421215
2019-10-16,243234667.61366966
2019-10-17,282743815.1508895
2019-10-18,241321886.88568056
2019-10-19,73557011.09115197
2019-10-20,77569784.63259985
2019-10-21,201801976.75579938
2019-10-22,253055207.99018237
2019-10-23,269628580.60747844
2019-10-24,219579779.2037706
2019-10-25,287462375.82831484
2019-10-26,257879387.57091975
2019-10-27,131722372.25246675
2019-10-28,279024857.5618645
2019-10-29,247205456.26854882
2019-10-30,234624268.0932884
2019-10-31,194696520.87155864
2019-11-01,258179888.32374403
2019-11-02,88986044.39144702
2019-11-03,92832501.47734854
2019-11-04,236761566.26230714
2019-11-05,246686189.5682406
2019-11-06,188019882.5241577
2019-11-07,205123757.69134438
2019-11-08,328830844.1811186
2019-11-09,108128643.86954111
2019-11-10,88822294.64004661
2019-11-11,170165074.37770298
2019-11-12,310864045.7004133
2019-11-13,177058157.49427348
2019-11-14,208041359.34887967
2019-11-15,239867166.54276767
2019-11-16,87253325.10438013
2019-11-17,80212339.81450559
2019-11-18,220640569.33188245
2019-11-19,255083236.3514326
2019-11-20,193013996.04469544
2019-11-21,258180756.64045125
2019-11-22,392593846.05778027
2019-11-23,141391920.6519452
2019-11-24,125984788.01953073
2019-11-25,330597546.8929775
2019-11-26,264327906.1327116
2019-11-27,254089327.96972698
2019-11-28,180382723.0859951
2019-11-29,245226029.12805822
2019-11-30,148337512.81549358
2019-12-01,109427191.59372804
2019-12-02,180445166.78110445
2019-12-03,221269346.3411455
2019-12-04,247283272.73272416
2019-12-05,203524554.05869287
2019-12-06,217753052.9016578
2019-12-07,77828349.60777977
2019-12-08,77431352.43549435
2019-12-09,238710472.5705651
2019-12-10,251362754.04759246
2019-12-11,210816996.9206764
2019-12-12,184957158.74778932
2019-12-13,201215120.09159163
2019-12-14,89640940.98842722
2019-12-15,70055052.21140401
2019-12-16,187779562.6189635
2019-12-17,207486875.45128497
2019-12-18,264226014.31015518
2019-12-19,262805560.31635657
2019-12-20,213901692.53145018
2019-12-21,80188210.81011234
2019-12-22,72062599.68380441
2019-12-23,204959683.18004307
2019-12-24,197298829.241181
2019-12-25,84359863.90064768
2019-12-26,134796259.45355064
2019-12-27,227441999.43178248
2019-12-28,75907035.49253635
2019-12-29,72377807.86788596
2019-12-30,215307350.50145304
2019-12-31,187786623.79021952
2020-01-01,60461560.137709655
2020-01-02,163300993.21011442
2020-01-03,205689398.86137316
2020-01-04,84164077.07311237
2020-01-05,73310955.70164922
2020-01-06,213023108.54888564
2020-01-07,217389815.20929217
2020-01-08,237663445.54866293
2020-01-09,202798693.87280872
2020-01-10,306581176.6416583
2020-01-11,122332572.61455959
2020-01-12,86471930.78924923
2020-01-13,220054176.86450118
2020-01-14,372374724.1900447
2020-01-15,391837341.55480456
2020-01-16,281535519.8849583
2020-01-17,279906482.4566171
2020-01-18,113057563.86467446
2020-01-19,137951725.73655674
2020-01-20,224076867.93753913
2020-01-21,249511518.96250662
2020-01-22,305104340.3554035
2020-01-23,223660853.68517497
2020-01-24,239153054.53840595
2020-01-25,76971427.2658962
2020-01-26,77242675.56258245
2020-01-27,213911948.58233464
2020-01-28,205846564.62449265
2020-01-29,209196144.68568695
2020-01-30,294348199.8473516
2020-01-31,310812807.75532216
2020-02-01,102703974.73462285
2020-02-02,127356764.52004673
2020-02-03,235904372.6675901
2020-02-04,199821101.56142673
2020-02-05,257957169.6620845
2020-02-06,300395018.4398062
2020-02-07,278892383.0671643
2020-02-08,242981114.96901974
2020-02-09,170816996.49476466
2020-02-10,371189971.5357402
2020-02-11,278148840.6472272
2020-02-12,364863356.77083784
2020-02-13,336372035.97617435
2020-02-14,332863867.6609728
2020-02-15,228455944.89543056
2020-02-16,164101825.18884262
2020-02-17,259681425.4546185
2020-02-18,379938887.01178914
2020-02-19,342382565.59796077
2020-02-20,400407241.3719389
2020-02-21,351328664.10945606
2020-02-22,130201373.88664813
2020-02-23,190282898.39691794
2020-02-24,314254429.4463745
2020-02-25,296810263.2736546
2020-02-26,358540743.6702015
2020-02-27,356325989.81534874
2020-02-28,349741229.54954386
2020-02-29,133416640.33041006
2020-03-01,111330223.44743735
2020-03-02,295010985.58240175
2020-03-03,272418862.41973233
2020-03-04,300800033.6200272
2020-03-05,314992722.39011234
2020-03-06,383407015.0713209
2020-03-07,102178810.2675167
2020-03-08,198548054.68449265
2020-03-09,504168350.6256965
2020-03-10,327515532.895987
2020-03-11,253102607.30975977
2020-03-12,598738454.0256151
2020-03-13,929439244.8683974
2020-03-14,292747675.6985985
2020-03-15,181031499.97214696
2020-03-16,537022508.7299114
2020-03-17,403194276.25769347
2020-03-18,355261901.05778474
2020-03-19,438383767.5960706
2020-03-20,396281291.1293737
2020-03-21,197186426.6325961
2020-03-22,121518588.17630197
2020-03-23,321238088.67292064
2020-03-24,358405431.08808595
2020-03-25,305694170.6183039
2020-03-26,215266407.2563
2020-03-27,302086202.06874996
2020-03-28,205598009.11718684
2020-03-29,155457125.5716951
2020-03-30,275717082.95140237
2020-03-31,234616045.4298559
2020-04-01,267889572.91559455
2020-04-02,272849185.8849199
2020-04-03,299314552.2335162
2020-04-04,136971701.38809222
2020-04-05,121013381.06431289
2020-04-06,391591964.0288738
2020-04-07,300797345.4022875
2020-04-08,273341743.1927919
2020-04-09,433484705.62386256
2020-04-10,306354721.3521896
2020-04-11,160618007.69018978
2020-04-12,118667707.5221385
2020-04-13,281722411.50692415
2020-04-14,210074920.03098714
2020-04-15,329372105.6903905
2020-04-16,362977088.6468697
2020-04-17,365145199.6323978
2020-04-18,133256938.7605166
2020-04-19,108913171.60938832
2020-04-20,287680730.8538309
2020-04-21,280278589.4845943
2020-04-22,276761468.0291533
2020-04-23,241653489.13407978
2020-04-24,423174952.91627634
2020-04-25,133632679.39937073
2020-04-26,162513420.46329424
2020-04-27,303319502.91082025
2020-04-28,330359299.6311145
2020-04-29,563895535.0041202
2020-04-30,551290664.9044564
2020-05-01,391627481.14989394
2020-05-02,144836951.77555192
2020-05-03,182196638.35719967
2020-05-04,377672231.3388294
2020-05-05,264702430.95953858
2020-05-06,341809741.98809665
2020-05-07,520865775.4192439
2020-05-08,504741686.29336923
2020-05-09,320755776.66569495
2020-05-10,328533058.9893406
2020-05-11,530368311.52864677
2020-05-12,448903289.8385556
2020-05-13,475513572.7518725
2020-05-14,380006213.13492465
2020-05-15,611033546.7312629
2020-05-16,132910139.64968382
2020-05-17,155079527.85537055
2020-05-18,437742897.17544264
2020-05-19,402280157.85223633
2020-05-20,343442144.966472
2020-05-21,394721149.7214291
2020-05-22,322807773.82728815
2020-05-23,120964396.45337126
2020-05-24,146649189.23507148
2020-05-25,383580137.51634526
2020-05-26,279529146.55826515
2020-05-27,305693505.7441097
2020-05-28,299122027.24212515
2020-05-29,324110792.0510827
2020-05-30,165594372.30534562
2020-05-31,150302364.76154903
2020-06-01,506325197.74344534
2020-06-02,618234542.4165183
2020-06-03,414918319.9091754
2020-06-04,305846170.7611854
2020-06-05,541477177.5499285
2020-06-06,153013365.51266444
2020-06-07,131290087.2505463
2020-06-08,627593134.2209107
2020-06-09,309873673.9434025
2020-06-10,279935927.9355711
2020-06-11,454835814.0958307
2020-06-12,311324209.9708444
2020-06-13,162228489.22545934
2020-06-14,125399235.6553684
2020-06-15,324030920.14017296
2020-06-16,342214082.19806606
2020-06-17,284863966.8065297
2020-06-18,382228307.6078321
2020-06-19,354624222.80110925
2020-06-20,136686035.4777186
2020-06-21,120559312.00944807
2020-06-22,323209912.7373859
2020-06-23,619413406.8151323
2020-06-24,335748708.36226815
2020-06-25,372811278.8138924
2020-06-26,311039049.08879906
2020-06-27,140360061.0017283
2020-06-28,124113870.22122556
2020-06-29,310477815.01573896
2020-06-30,278109729.42721844
2020-07-01,283474678.0051384
2020-07-02,297971767.52708673
2020-07-03,313719387.228201
2020-07-04,145602875.88505855
2020-07-05,97436450.33593456
2020-07-06,276131161.96816224
2020-07-07,341664723.86877376
2020-07-08,496807769.6880193
2020-07-09,302830724.61014
2020-07-10,329532444.2732714
2020-07-11,129045264.74098818
2020-07-12,114196369.18266399
2020-07-13,382751011.4037128
2020-07-14,274919434.2292264
2020-07-15,353994223.65122604
2020-07-16,313383728.306451
2020-07-17,339851554.5355123
2020-07-18,131056347.88123165
2020-07-19,183788745.05568013
2020-07-20,255173167.3720255
2020-07-21,296664140.13004047
2020-07-22,336219313.36045575
2020-07-23,461891739.11089724
2020-07-24,426796091.6203252
2020-07-25,239723201.926588
2020-07-26,239047652.9970418
2020-07-27,602691398.6451938
2020-07-28,565232943.7659411
2020-07-29,496554544.2865728
2020-07-30,566904423.6863691
2020-07-31,607650469.502814
2020-08-01,359108230.0711826
2020-08-02,292821715.8604027
2020-08-03,508724114.48811847
2020-08-04,459854469.5548583
2020-08-05,419935078.4648848
2020-08-06,483505001.1178577
2020-08-07,571709969.8882769
2020-08-08,214125611.90729854
2020-08-09,277112380.38516515
2020-08-10,591866097.5947889
2020-08-11,462861343.00299627
2020-08-12,439861187.0788191
2020-08-13,533541329.2647446
2020-08-14,644057109.2189298
2020-08-15,320993316.689173
2020-08-16,289030604.12537694
2020-08-17,757657860.2534392
2020-08-18,548290999.3070917
2020-08-19,706176178.0393707
2020-08-20,426497760.16584474
2020-08-21,435095025.2579635
2020-08-22,209924294.34589273
2020-08-23,157802596.6010307
2020-08-24,372262203.99994
2020-08-25,470739992.0167738
2020-08-26,445560483.964605
2020-08-27,367798346.4460206
2020-08-28,641518480.8145077
2020-08-29,248238133.49230897
2020-08-30,193958956.3776213
2020-08-31,872660219.0805538
2020-09-01,489835321.1293871
2020-09-02,697614823.4142598
2020-09-03,583798416.0383358
2020-09-04,647320431.4468044
2020-09-05,318238372.3164382
2020-09-06,225090025.3687324
2020-09-07,381825699.8323385
2020-09-08,435888951.39482784
2020-09-09,414593300.96525514
2020-09-10,482693554.389668
2020-09-11,377280858.33723503
2020-09-12,219462910.79116902
2020-09-13,175822769.6081971
2020-09-14,418722007.5285023
2020-09-15,441943290.9994863
2020-09-16,499220418.7030664
2020-09-17,491171722.9625155
2020-09-18,522084982.12124425
2020-09-19,431528415.1709548
2020-09-20,198648226.52235657
2020-09-21,415573622.5967821
2020-09-22,445777088.0073119
2020-09-23,755810467.5387889
2020-09-24,377444766.13711643
2020-09-25,533663739.8598437
2020-09-26,196641176.68139368
2020-09-27,248415163.8146825
2020-09-28,459967082.0557887
2020-09-29,546705018.3179966
2020-09-30,365487255.3356344
2020-10-01,519949631.9130023
2020-10-02,589634199.7694134
2020-10-03,185730202.87512672
2020-10-04,164247050.04789966
2020-10-05,396930182.1312612
2020-10-06,311943097.44157
2020-10-07,618297530.6147898
2020-10-08,365559865.8903447
2020-10-09,512327439.9171908
2020-10-10,267404940.73076293
2020-10-11,155469033.14623177
2020-10-12,362411953.51210564
2020-10-13,378348664.3779349
2020-10-14,458407396.923217
2020-10-15,487668457.2449985
2020-10-16,656753546.0284024
2020-10-17,264587403.46813598
2020-10-18,135130615.89384037
2020-10-19,429670876.100792
2020-10-20,389411597.5263883
2020-10-21,632181398.9457152
2020-10-22,726909158.5666827
2020-10-23,504635584.45166576
2020-10-24,226330483.99930528
2020-10-25,189619443.51594496
2020-10-26,480741391.3863344
2020-10-27,553393244.7133526
2020-10-28,553372975.1619385
2020-10-29,526773533.30567974
2020-10-30,668977886.0161082
2020-10-31,313314932.1555739
2020-11-01,212228254.103331
2020-11-02,723731192.653641
2020-11-03,740014309.7223111
2020-11-04,587970068.1530669
2020-11-05,1024891120.6147176
2020-11-06,868034968.8222929
2020-11-07,296530645.37828493
2020-11-08,281084879.4293156
2020-11-09,888174958.0529945
2020-11-10,789298134.6409425
2020-11-11,696884108.5016115
2020-11-12,863149746.6643095
2020-11-13,677446588.4929659
2020-11-14,252125362.13763794
2020-11-15,305810317.5478173
2020-11-16,792326573.7285312
2020-11-17,723044686.0467914
2020-11-18,1121478386.9941573
2020-11-19,584850373.0168086
2020-11-20,983265638.2951391
2020-11-21,346764074.78957975
2020-11-22,432616282.6456612
2020-11-23,714504316.7523296
2020-11-24,996892786.5009278
2020-11-25,860711042.0190394
2020-11-26,1026363627.6056376
2020-11-27,918941322.8584299
2020-11-28,419014088.19862646
2020-11-29,435793432.1410196
2020-11-30,934749978.6140696
2020-12-01,1006687863.7027936
2020-12-02,662622629.7013729
2020-12-03,721131810.9888684
2020-12-04,962328360.7326262
2020-12-05,312526147.2376343
2020-12-06,292281096.2036553
2020-12-07,537658213.4353722
2020-12-08,705522596.8615928
2020-12-09,933547314.5357643
2020-12-10,991748965.8801193
2020-12-11,656237457.3849179
2020-12-12,533854319.3397866
2020-12-13,349268307.6207428
2020-12-14,623773831.456401
2020-12-15,798275322.4478678
2020-12-16,1063406650.4879931
2020-12-17,1212038686.9857762
2020-12-18,1197318456.2892044
2020-12-19,469798393.18715626
2020-12-20,508877794.08253413
2020-12-21,1001054875.2158227
2020-12-22,1671727072.5087745
2020-12-23,1937060715.5411904
2020-12-24,870881208.9568279
2020-12-25,485732434.57271117
2020-12-26,637633521.9480872
2020-12-27,876254508.4395854
2020-12-28,1187898448.870188
2020-12-29,1427840497.1000595
2020-12-30,1776677305.8683333
2020-12-31,1677297905.7430007
2021-01-01,1453812452.1840472
2021-01-02,2966657205.3675766
2021-01-03,993018771.4981586
2021-01-04,2142486141.6656923
2021-01-05,1614501049.5090835
2021-01-06,2156623605.2329555
2021-01-07,2674105521.823806
2021-01-08,2483510299.6270366
2021-01-09,1256258770.8953242
2021-01-10,1085229052.224307
2021-01-11,2326215119.940653
2021-01-12,1999737356.597446
2021-01-13,1532957895.0504842
2021-01-14,2131264248.3725872
2021-01-15,2055686174.6900585
2021-01-16,748650980.1409545
2021-01-17,791773163.2650796
2021-01-18,964195448.0120173
2021-01-19,1738720662.755555
2021-01-20,1456307408.3875346
2021-01-21,1761929527.7554052
2021-01-22,1594848425.6918044
2021-01-23,512175820.4117859
2021-01-24,521553041.3070298
2021-01-25,1170023831.2323582
2021-01-26,1224215639.9690158
2021-01-27,1801415150.14613
2021-01-28,1853601307.8244958
2021-01-29,2449081723.3036337
2021-01-30,1251428687.729494
2021-01-31,1210379632.5826914
2021-02-01,1471108912.8046412
2021-02-02,1131682582.0482924
2021-02-03,1495161155.7783725
2021-02-04,2300403847.1993227
2021-02-05,1886321752.4118078
2021-02-06,857921159.3113369
2021-02-07,1234773097.8665335
2021-02-08,2458728191.671665
2021-02-09,2602208161.389145
2021-02-10,1760052996.946955
2021-02-11,1799458115.1941025
2021-02-12,1827918890.4008777
2021-02-13,966693766.0327127
2021-02-14,976908968.2727073
2021-02-15,1529841125.5345843
2021-02-16,1589808248.9362538
2021-02-17,2329895240.6928153
2021-02-18,2207467513.6736784
2021-02-19,2359851832.643931
2021-02-20,2215563485.9321966
2021-02-21,1149107541.3487866
2021-02-22,2646692380.4562483
2021-02-23,3096738374.3379993
2021-02-24,3042642320.4921365
2021-02-25,3130706175.862578
2021-02-26,1981649091.1001234
2021-02-27,824280135.176242
2021-02-28,928590414.3367854
2021-03-01,2041911210.212024
2021-03-02,2145432327.1101713
2021-03-03,1851455262.402443
2021-03-04,1326658723.4225993
2021-03-05,2101716867.9359791
2021-03-06,875743997.7138869
2021-03-07,1089667257.177976
2021-03-08,2310247628.9292254
2021-03-09,1897196044.2932496
2021-03-10,1841810552.2323527
2021-03-11,1808759752.999336
2021-03-12,1898862928.7632303
2021-03-13,1412625296.337221
2021-03-14,1186934028.0679586
2021-03-15,2224277748.082827
2021-03-16,2029923989.7216282
2021-03-17,2308444518.622677
2021-03-18,1897278400.223059
2021-03-19,1582879612.9252234
2021-03-20,1043222078.5957875
2021-03-21,2143867474.515948
2021-03-22,2348931698.8353925
2021-03-23,3120149403.6072664
2021-03-24,1898320610.0818548
2021-03-25,2638577111.068914
2021-03-26,2491990463.9247627
2021-03-27,1067844103.0173628
2021-03-28,670912895.1217104
2021-03-29,2174164386.503031
2021-03-30,1603095084.7852132
2021-03-31,2110845788.9627607
2021-04-01,2439783143.010154
2021-04-02,2026724559.505317
2021-04-03,1059341890.9165477
2021-04-04,1323877639.980627
2021-04-05,1864659271.2640967
2021-04-06,3107337903.6094575
2021-04-07,2392526527.9057803
2021-04-08,2010999286.707202
2021-04-09,1392057826.1307127
2021-04-10,2009936407.7343156
2021-04-11,990162221.7651513
2021-04-12,2131860917.729528
2021-04-13,2403175834.90904
2021-04-14,2146837095.9210267
2021-04-15,2276688196.670962
2021-04-16,2547409251.2129455
2021-04-17,2463003264.58295
2021-04-18,3442818162.147823
2021-04-19,1950174709.5643926
2021-04-20,3274650409.004776
2021-04-21,2369842237.15119
2021-04-22,2701982203.0559154
2021-04-23,3033082597.2282515
2021-04-24,1049627304.5060414
2021-04-25,1084328764.5778787
2021-04-26,2243528601.70233
2021-04-27,1594149237.406349
2021-04-28,1409739013.1674142
2021-04-29,1800552048.7259877
2021-04-30,2370885950.7071843
2021-05-01,747351188.1302911
2021-05-02,639080042.234304
2021-05-03,2470007633.555249
2021-05-04,1569377683.6711667
2021-05-05,2224346651.712528
2021-05-06,2887361372.964853
2021-05-07,2514799285.897044
2021-05-08,1187120799.7359307
2021-05-09,1391482833.8652534
2021-05-10,2652514505.3760505
2021-05-11,2370924499.866288
2021-05-12,2275841999.244712
2021-05-13,3238742298.3518767
2021-05-14,2369937191.1464806
2021-05-15,1130224230.1135182
2021-05-16,1861657130.021887
2021-05-17,2486975100.287708
2021-05-18,2124584660.107807
2021-05-19,4263959865.4320736
2021-05-20,2821254367.7447286
2021-05-21,2513655412.440627
2021-05-22,1301384086.0088263
2021-05-23,1743551289.7302349
2021-05-24,2386688360.393735
2021-05-25,1815542372.9455175
2021-05-26,1701075846.953061
2021-05-27,1338055321.8416452
2021-05-28,2061680267.128687
2021-05-29,724244159.7845327
2021-05-30,893493682.3867466
2021-05-31,1030585328.0017104
2021-06-01,950451514.9222348
2021-06-02,1013199017.1236248
2021-06-03,1136847698.761565
2021-06-04,1099212378.960867
2021-06-05,628744374.7817681
2021-06-06,673614568.8376187
2021-06-07,2606025882.5143366
2021-06-08,2056733743.4955864
2021-06-09,1963225709.9822206
2021-06-10,1150386138.141655
2021-06-11,1237836908.6123707
2021-06-12,568272732.8282075
2021-06-13,806102528.2971389
2021-06-14,1799973527.7202978
2021-06-15,3376152870.967027
2021-06-16,2065535065.5340836
2021-06-17,1782823021.853264
2021-06-18,1741575348.1171484
2021-06-19,983897858.9079862
2021-06-20,908851663.4829453
2021-06-21,1896218403.4569385
2021-06-22,1773066031.3637645
2021-06-23,1709770185.4570622
2021-06-24,1026623720.1120627
2021-06-25,1481175015.5677881
2021-06-26,827068313.1087729
2021-06-27,713245605.8805517
2021-06-28,1036503790.449228
2021-06-29,1127173413.8486607
2021-06-30,1206067245.6328437
2021-07-01,989265652.037014
2021-07-02,763453635.376108
2021-07-03,336303969.6564022
2021-07-04,489889667.04483175
2021-07-05,640551868.2891408
2021-07-06,755516108.7123109
2021-07-07,947011810.2854588
2021-07-08,1271042830.5678585
2021-07-09,809771601.8126439
2021-07-10,368674806.2496231
2021-07-11,522533794.71011716
2021-07-12,952978265.3739028
2021-07-13,1005049541.8497733
2021-07-14,924734838.8706439
2021-07-15,1047761305.4216287
2021-07-16,827094008.546911
2021-07-17,1976697832.3299255
2021-07-18,376680558.4810778
2021-07-19,770705444.5214543
2021-07-20,1122009430.293119
2021-07-21,1019734119.0952164
2021-07-22,760321563.6871996
2021-07-23,714802156.0073273
2021-07-24,438051936.7487046
2021-07-25,560627513.8807945
2021-07-26,1496004428.61172
2021-07-27,1476144278.4821713
2021-07-28,4213066828.991865
2021-07-29,2184958960.71012
2021-07-30,1165549331.1749942
2021-07-31,595620729.9463817
2021-08-01,513702344.95988137
2021-08-02,926544497.3227382
2021-08-03,1201707069.4015336
2021-08-04,1549112297.0956428
2021-08-05,955462647.5112426
2021-08-06,1983463559.3412
2021-08-07,656642143.5833907
2021-08-08,964961566.1623819
2021-08-09,2095055381.7468255
2021-08-10,930549946.4529741
2021-08-11,1733639348.8075187
2021-08-12,861424743.3007646
2021-08-13,1093133509.812383
2021-08-14,652944608.4142195
2021-08-15,755077313.9221506
2021-08-16,953867108.0455161
2021-08-17,861549292.9376193
2021-08-18,1180088852.024781
2021-08-19,1045799878.4794395
2021-08-20,2092083914.0153294
2021-08-21,1134621250.601458
2021-08-22,629120810.1357555
2021-08-23,1342130058.902524
2021-08-24,1066768330.0539222
2021-08-25,2795677153.4419465
2021-08-26,964948700.3204236
2021-08-27,1100077459.5908382
2021-08-28,554917211.1483386
2021-08-29,563130034.3332051
2021-08-30,980185880.2371857
2021-08-31,1531928050.933361
2021-09-01,1614627679.0152125
2021-09-02,2331607534.4184875
2021-09-03,1861849651.0053737
2021-09-04,975443136.2854742
2021-09-05,634193333.8448827
2021-09-06,1556050574.4670472
2021-09-07,2084183715.3358474
2021-09-08,1597073685.587391
2021-09-09,1214260286.2845623
2021-09-10,3430383877.9223075
2021-09-11,586537786.238076
2021-09-12,476816016.6625896
2021-09-13,1439943149.88671
2021-09-14,1091090504.5419676
2021-09-15,1629698199.430272
2021-09-16,1255144084.299152
2021-09-17,1032927417.6146301
2021-09-18,556936813.5927025
2021-09-19,518832326.1296725
2021-09-20,1294359141.2649193
2021-09-21,848489002.4036465
2021-09-22,858934074.0721649
2021-09-23,909625693.0277205
2021-09-24,1346476695.3470078
2021-09-25,520781419.81500447
2021-09-26,759355221.9121301
2021-09-27,1027603811.4585744
2021-09-28,926021216.3733265
2021-09-29,706583495.2033474
2021-09-30,1008193379.512444
2021-10-01,1255467813.9944143
2021-10-02,652662750.4355352
2021-10-03,675509912.0425742
2021-10-04,1124344595.6122487
2021-10-05,1572132678.436594
2021-10-06,1901541993.4225976
2021-10-07,1449596173.925265
2021-10-08,1102106979.7769694
2021-10-09,680248190.7755804
2021-10-10,649135352.2462269
2021-10-11,1218826272.2873409
2021-10-12,1314196561.9371505
2021-10-13,1558294613.7859771
2021-10-14,1437732429.2185006
2021-10-15,2314125827.9379163
2021-10-16,908873012.3826513
2021-10-17,938463651.8404633
2021-10-18,1764281709.66273
2021-10-19,2741875256.5883102
2021-10-20,1857470947.4951038
2021-10-21,3265590721.6997566
2021-10-22,1687484224.1161554
2021-10-23,992342802.141127
2021-10-24,1334060994.1652925
2021-10-25,2095532727.0101972
2021-10-26,1499602467.845549
2021-10-27,1640928502.0140328
2021-10-28,1928994059.4605405
2021-10-29,2050845077.9939167
2021-10-30,911389894.52982
2021-10-31,2150915216.710403
2021-11-01,1188439113.2312498
2021-11-02,2207234092.8450947
2021-11-03,2279703496.8662434
2021-11-04,1498091012.6775863
2021-11-05,1384455642.2920117
2021-11-06,1087803534.4619892
2021-11-07,621106787.9792348
2021-11-08,2190914153.5192113
2021-11-09,1897579046.5454247
2021-11-10,2002903204.626097
2021-11-11,1611725391.7412093
2021-11-12,1453489641.394416
2021-11-13,672247415.6912093
2021-11-14,797949415.6099789
2021-11-15,1046531733.3757194
2021-11-16,2256597370.7494946
2021-11-17,2241373696.0494003
2021-11-18,2826733076.5038033
2021-11-19,1958642237.4358547
2021-11-20,726751123.1151724
2021-11-21,886129964.1720169
2021-11-22,2086908744.2821715
2021-11-23,1787028165.6761823
2021-11-24,1413469934.9566717
2021-11-25,2240240760.904982
2021-11-26,2273358771.620758
2021-11-27,731477712.2832946
2021-11-28,634730887.2050301
2021-11-29,1712982161.3844063
2021-11-30,1488415681.00508
2021-12-01,1621039760.3970158
2021-12-02,1651104430.7613482
2021-12-03,1595922633.9155416
2021-12-04,2576100053.643694
2021-12-05,1487309693.2965221
2021-12-06,2120040756.2661326
2021-12-07,2125757070.0770178
2021-12-08,1286552661.707711
2021-12-09,1149899668.8786445
2021-12-10,1223958962.682383
2021-12-11,692896312.3742793
2021-12-12,588375472.9328301
2021-12-13,1347310918.1814792
2021-12-14,1287791547.3356435
2021-12-15,1414127755.839334
2021-12-16,1225753171.4382384
2021-12-17,1521173754.7578268
2021-12-18,562333943.5442711
2021-12-19,593589767.672318
2021-12-20,1292799324.1608539
2021-12-21,1379959210.5231028
2021-12-22,1314389093.4069169
2021-12-23,1320787450.0227985
2021-12-24,1064032294.7996558
2021-12-25,733682058.0425463
2021-12-26,593473438.0515444
2021-12-27,1040350768.8473358
2021-12-28,1136207706.6523693
2021-12-29,1592928574.2556176
2021-12-30,1798395182.4785256
2021-12-31,1512890047.348388
2022-01-01,810344421.3984154
2022-01-02,448529988.7743454
2022-01-03,780966352.7939895
2022-01-04,1296492526.5601134
2022-01-05,1208680251.2859921
2022-01-06,1207710589.0085754
2022-01-07,1172598087.217943
2022-01-08,643232746.1339722
2022-01-09,486311710.876996
2022-01-10,1127926388.9536402
2022-01-11,1580694150.5076833
2022-01-12,949284440.5486269
2022-01-13,1150792586.6337664
2022-01-14,900304901.6235685
2022-01-15,459016474.9394468
2022-01-16,473222560.65594774
2022-01-17,1246824590.2346394
2022-01-18,1012783139.3783448
2022-01-19,1251255048.1726243
2022-01-20,1095144050.765988
2022-01-21,1596910192.258523
2022-01-22,1348059684.380827
2022-01-23,798569457.5056982
2022-01-24,1900334563.15521
2022-01-25,1017642643.46355
2022-01-26,1307902422.0918386
2022-01-27,1455035831.5335245
2022-01-28,1170432465.6133518
2022-01-29,1473276654.6727712
2022-01-30,1186741556.8222585
2022-01-31,996882742.8600149
2022-02-01,922712398.8464538
2022-02-02,721136357.6644396
2022-02-03,862116940.968314
2022-02-04,994935177.9765581
2022-02-05,632596243.0948496
2022-02-06,525489531.1734925
2022-02-07,1395139561.696982
2022-02-08,1517811202.508926
2022-02-09,985609881.1554228
2022-02-10,1357665310.1048973
2022-02-11,846329397.3785644
2022-02-12,461112558.41438764
2022-02-13,331560433.0558238
2022-02-14,851383606.6619743
2022-02-15,1654927503.5970178
2022-02-16,1030267795.9613007
2022-02-17,991110509.9471184
2022-02-18,1209141924.4085581
2022-02-19,454227470.8164228
2022-02-20,484608672.5467357
2022-02-21,894609730.0194105
2022-02-22,893049486.0555642
2022-02-23,841370945.3406931
2022-02-24,1512453584.438957
2022-02-25,1183457637.716276
2022-02-26,455063291.24832916
2022-02-27,591057611.8110644
2022-02-28,1410414962.9864058
2022-03-01,1513961283.77914
2022-03-02,1417773710.0131207
2022-03-03,1126044107.0621135
2022-03-04,1114444122.3348987
2022-03-05,446243400.17581916
2022-03-06,403560529.9217331
2022-03-07,738308336.4371754
2022-03-08,994486913.6681399
2022-03-09,1132025207.9022093
2022-03-10,2396502955.9729943
2022-03-11,782629832.5618377
2022-03-12,374702677.82463217
2022-03-13,340028515.6420682
2022-03-14,713282759.8352182
2022-03-15,1101229400.677488
2022-03-16,1270244690.8460171
2022-03-17,985901141.4005651
2022-03-18,1699431549.1017277
2022-03-19,710870785.1068516
2022-03-20,488299956.1424999
2022-03-21,1789381186.6589105
2022-03-22,1769792573.5721679
2022-03-23,1093909861.068736
2022-03-24,1862719877.5388541
2022-03-25,1724367213.2468536
2022-03-26,909495435.4876797
2022-03-27,978605204.9687805
2022-03-28,1923266838.7221642
2022-03-29,2421231135.9969916
2022-03-30,1508786321.683038
2022-03-31,1161810777.7259302
2022-04-01,1570692378.2350204
2022-04-02,482186664.50523233
2022-04-03,501619728.96981895
2022-04-04,1153665271.3062422
2022-04-05,801482225.9270654
2022-04-06,1588908894.1339424
2022-04-07,1068465366.6766943
2022-04-08,839085933.5715859
2022-04-09,427457461.9622537
2022-04-10,877723121.0390854
2022-04-11,1131407624.711293
2022-04-12,828894686.9930595
2022-04-13,724625726.5557697
2022-04-14,2131352576.8126457
2022-04-15,1156855184.8980787
2022-04-16,467409653.24585605
2022-04-17,445722523.7847961
2022-04-18,842538568.5756354
2022-04-19,1013071163.5913762
2022-04-20,984603425.4340824
2022-04-21,2964225353.046931
2022-04-22,582912062.3207461
2022-04-23,352308233.42745084
2022-04-24,436714873.6350317
2022-04-25,748927041.7443123
2022-04-26,1117730310.702338
2022-04-27,1012978354.2492645
2022-04-28,1023744224.1166267
2022-04-29,960560426.1286505
2022-04-30,371408198.30022997
2022-05-01,385605631.845338
2022-05-02,1302248978.6301074
2022-05-03,1274510805.3781645
2022-05-04,1280271136.3207326
2022-05-05,1596699875.6246877
2022-05-06,1865407837.7362914
2022-05-07,568928984.67994
2022-05-08,956109418.7140576
2022-05-09,1993914797.178415
2022-05-10,1469202622.947521
2022-05-11,2955204033.1246614
2022-05-12,2962074246.5580015
2022-05-13,1400141467.6090653
2022-05-14,1948622853.21049
2022-05-15,522198907.42874736
2022-05-16,1529783435.9852252
2022-05-17,1566579878.6374352
2022-05-18,1149486223.9489114
2022-05-19,1443275545.87132
2022-05-20,1100206218.815394
2022-05-21,317510458.9936099
2022-05-22,472598052.78682315
2022-05-23,1120051643.8414419
2022-05-24,1035763472.0477563
2022-05-25,838768667.945536
2022-05-26,1421411146.919918
2022-05-27,1146576688.9420514
2022-05-28,534318207.73075634
2022-05-29,422817453.2925957
2022-05-30,1109067662.6872516
2022-05-31,908674927.9447553
2022-06-01,1053632506.599348
2022-06-02,920619090.7229712
2022-06-03,913582017.1509459
2022-06-04,807161060.1303658
2022-06-05,320930489.8292956
2022-06-06,1139804660.876863
2022-06-07,856971357.8150846
2022-06-08,632859172.0295416
2022-06-09,850327149.9770656
2022-06-10,760542753.098693
2022-06-11,644564201.8217282
2022-06-12,1108582872.7723613
2022-06-13,2351301266.597621
2022-06-14,1786432078.9628015
2022-06-15,2385702668.897987
2022-06-16,1539164438.5075727
2022-06-17,2521949584.929082
2022-06-18,1586174559.3247218
2022-06-19,764337710.6869117
2022-06-20,1079037808.6484952
2022-06-21,1120067276.8192432
2022-06-22,1134061705.8979485
2022-06-23,809934068.6879224
2022-06-24,808678727.8564428
2022-06-25,364066377.5289691
2022-06-26,280667149.6460417
2022-06-27,636071080.1302992
2022-06-28,714190552.2123786
2022-06-29,1324969706.7962759
2022-06-30,1177789656.4592593
2022-07-01,1084448450.9988396
2022-07-02,345861137.81221473
2022-07-03,339488720.3198997
2022-07-04,562034875.6294851
2022-07-05,601664652.2696337
2022-07-06,909794375.1134087
2022-07-07,932969136.3424777
2022-07-08,868229233.2045496
2022-07-09,288643844.6291227
2022-07-10,355091523.21772933
2022-07-11,632265441.9245238
2022-07-12,692390771.0315349
2022-07-13,473951723.4207281
2022-07-14,632831403.5980281
2022-07-15,615879617.6021292
2022-07-16,270770344.05085284
2022-07-17,225057902.98636478
2022-07-18,969824585.2462238
2022-07-19,1507276409.8146331
2022-07-20,849913124.1550138
2022-07-21,2417512321.0019016
2022-07-22,660986716.4317697
2022-07-23,321926713.2155507
2022-07-24,403519710.1100938
2022-07-25,613766562.9619111
2022-07-26,648280215.9558576
2022-07-27,620757166.4724047
2022-07-28,881215227.0017991
2022-07-29,797323621.0314256
2022-07-30,301574377.04684436
2022-07-31,294543688.3951822
2022-08-01,701373418.770996
2022-08-02,782573366.028996
2022-08-03,632323805.2254982
2022-08-04,406709378.6702699
2022-08-05,1081430639.768815
2022-08-06,286400918.2136629
2022-08-07,310144105.9668683
2022-08-08,660325604.7731466
2022-08-09,616950590.9615498
2022-08-10,674957105.2395409
2022-08-11,730384772.9550874
2022-08-12,647569149.9588794
2022-08-13,375177748.7023971
2022-08-14,429494979.96052164
2022-08-15,733126403.5611441
2022-08-16,497483649.6999749
2022-08-17,775800467.9669968
2022-08-18,635506547.4567041
2022-08-19,998074309.5980177
2022-08-20,282148422.82282835
2022-08-21,269358031.9170454
2022-08-22,491860044.7080925
2022-08-23,435981311.6109669
2022-08-24,580739716.2436275
2022-08-25,607068480.8180983
2022-08-26,487681514.1486455
2022-08-27,354185965.25698274
2022-08-28,238068910.33764836
2022-08-29,734797895.2234417
2022-08-30,989181838.5497746
2022-08-31,606231569.0280988
2022-09-01,672189467.0306133
2022-09-02,571652336.8854237
2022-09-03,233644583.04625463
2022-09-04,446675634.5422587
2022-09-05,854261871.1669149
2022-09-06,1052226501.4129982
2022-09-07,642114332.3735863
2022-09-08,661601720.6581092
2022-09-09,771715258.7791024
2022-09-10,330601464.0460621
2022-09-11,325554128.57849205
2022-09-12,502854218.7637097
2022-09-13,1083597242.9197977
2022-09-14,6058500862.5322075
2022-09-15,1698782188.7082012
2022-09-16,526211408.70450956
2022-09-17,249430671.0269493
2022-09-18,233350184.84074354
2022-09-19,635613130.5439719
2022-09-20,457956557.02782184
2022-09-21,497004760.29586244
2022-09-22,468044973.81207585
2022-09-23,501560990.4622368
2022-09-24,173949867.80164936
2022-09-25,188988846.21615198
2022-09-26,517515329.31679523
2022-09-27,672494790.4080547
2022-09-28,677958467.2236825
2022-09-29,981873188.1757834
2022-09-30,1231385049.195145
2022-10-01,334185215.2502597
2022-10-02,212858705.7869021
2022-10-03,455744629.0074545
2022-10-04,688497909.5951263
2022-10-05,791803415.507341
2022-10-06,801264838.0195698
2022-10-07,878914322.5836219
2022-10-08,223332525.51489833
2022-10-09,213126339.82525805
2022-10-10,310361063.4597789
2022-10-11,468132347.75283337
2022-10-12,443028196.3883768
2022-10-13,767214576.9821925
2022-10-14,693137445.5257719
2022-10-15,174065987.23378414
2022-10-16,261616651.80664614
2022-10-17,425764739.9195234
2022-10-18,1426423530.0659559
2022-10-19,369706300.618624
2022-10-20,369255581.07762295
2022-10-21,494290892.733919
2022-10-22,212259492.6859866
2022-10-23,273226975.97057927
2022-10-24,413136575.0255459
2022-10-25,674153342.1740592
2022-10-26,1433507592.4984794
2022-10-27,575633575.3219112
2022-10-28,467603383.7304326
2022-10-29,390277263.4533673
2022-10-30,268265748.58312985
2022-10-31,483482862.7576765
2022-11-01,644273476.1909893
2022-11-02,1578816811.7462003
2022-11-03,498090186.1473047
2022-11-04,1018362621.7916753
2022-11-05,344078678.772018
2022-11-06,477549823.39356875
2022-11-07,1573972837.7249916
2022-11-08,1623861234.9602404
2022-11-09,1767470609.9510064
2022-11-10,1767670821.2641084
2022-11-11,1758866372.1235714
2022-11-12,937683124.6768161
2022-11-13,790866947.4190521
2022-11-14,1253276254.3246562
2022-11-15,1083446319.795931
2022-11-16,1226939294.2186215
2022-11-17,1469408096.2549329
2022-11-18,609061490.0264314
2022-11-19,323710436.1756742
2022-11-20,337029880.83002293
2022-11-21,733208284.4978687
2022-11-22,472788159.0546408
2022-11-23,1366685561.6275547
2022-11-24,404475705.30595046
2022-11-25,435595793.5968671
2022-11-26,275538537.90308994
2022-11-27,219343209.63742334
2022-11-28,433666845.8265063
2022-11-29,410405905.2056098
2022-11-30,653997926.0628313
2022-12-01,562717930.3324296
2022-12-02,453949234.25824773
2022-12-03,267594209.2687393
2022-12-04,200024777.04699066
2022-12-05,410839583.9658164
2022-12-06,444768460.92978394
2022-12-07,448390404.8488927
2022-12-08,437841177.13232976
2022-12-09,530471651.43712723
2022-12-10,301185621.3457625
2022-12-11,243190742.66290686
2022-12-12,540813731.9178009
2022-12-13,1180248490.716806
2022-12-14,719033716.8777502
2022-12-15,447538602.71083367
2022-12-16,679690916.4198656
2022-12-17,396368516.7530621
2022-12-18,207034060.95160332
2022-12-19,390711173.63995695
2022-12-20,393743820.67868257
2022-12-21,472760956.27359927
2022-12-22,354683795.44445306
2022-12-23,331299680.9925598
2022-12-24,227589196.1369674
2022-12-25,135245767.07357824
2022-12-26,239436787.48248935
2022-12-27,287299924.98652774
2022-12-28,358569511.94029295
2022-12-29,438647759.123393
2022-12-30,456668741.6847647
2022-12-31,262846421.2190798
2023-01-01,155416552.99110574
2023-01-02,252650220.34598586
2023-01-03,314593960.3321817
2023-01-04,362544549.5666179
2023-01-05,355074121.3006952
2023-01-06,371014028.9848622
2023-01-07,178645511.45151284
2023-01-08,162236369.46156985
2023-01-09,460699598.94225174
2023-01-10,450122082.65939367
2023-01-11,430001857.73361945
2023-01-12,589226936.8595736
2023-01-13,827598316.8074863
2023-01-14,732681849.0571795
2023-01-15,317943033.3940364
2023-01-16,474760196.09180737
2023-01-17,512911016.99871457
2023-01-18,600734431.944855
2023-01-19,456565773.6761329
2023-01-20,996529660.9540149
2023-01-21,414017576.9233216
2023-01-22,287251333.13731366
2023-01-23,396947370.24767506
2023-01-24,500872754.4284507
2023-01-25,543061497.5339391
2023-01-26,507131288.78521514
2023-01-27,712579009.7680213
2023-01-28,289946900.3731712
2023-01-29,309133045.438986
2023-01-30,545685883.0878648
2023-01-31,439097799.2737331
2023-02-01,448445910.7892027
2023-02-02,606221596.8821092
2023-02-03,547089227.930912
2023-02-04,337362423.25221455
2023-02-05,241513617.10493004
2023-02-06,379789633.371217
2023-02-07,461911249.702505
2023-02-08,295407263.7693957
2023-02-09,521358267.0652335
2023-02-10,485608627.9485938
2023-02-11,250632951.46409917
2023-02-12,224481797.05143106
2023-02-13,582356024.8205203
2023-02-14,441030566.8229084
2023-02-15,544356653.0847687
2023-02-16,621354011.8315365
2023-02-17,606057779.884903
2023-02-18,352935334.42980456
2023-02-19,308456853.9871858
2023-02-20,336513290.4223684
2023-02-21,604231185.8699863
2023-02-22,501991458.97064894
2023-02-23,535953672.16814756
2023-02-24,597365106.253034
2023-02-25,269440816.8031267
2023-02-26,205931090.0914671
2023-02-27,434291991.3093314
2023-02-28,474235912.36240155
2023-03-01,445805306.8900022
2023-03-02,377819082.1165568
2023-03-03,685964745.7840713
2023-03-04,278178770.3731469
2023-03-05,280829088.42684656
2023-03-06,404277740.3469677
2023-03-07,771701378.6146556
2023-03-08,789177045.6118397
2023-03-09,530204557.10792863
2023-03-10,889796039.2252018
2023-03-11,968568122.7376972
2023-03-12,535741862.62139624
2023-03-13,1135576879.3035676
2023-03-14,1086403301.5414217
2023-03-15,682169712.8946791
2023-03-16,692784719.7945437
2023-03-17,1002825655.8450296
2023-03-18,537428772.1961234
2023-03-19,489923164.91120565
2023-03-20,903332859.2894416
2023-03-21,789211817.0392063
2023-03-22,1046199104.5175573
2023-03-23,733465920.7821567
2023-03-24,712357698.7850165
2023-03-25,367089930.381604
2023-03-26,319129961.2678885
2023-03-27,641458341.048372
2023-03-28,781275887.0788515
2023-03-29,758390223.2470303
2023-03-30,1186781701.4312968
2023-03-31,673636285.885488
2023-04-01,341705098.96696496
2023-04-02,284801865.42217135
2023-04-03,512256450.887278
2023-04-04,439050162.3725404
2023-04-05,497220026.2243526
2023-04-06,368325398.8478012
2023-04-07,368453753.7893497
2023-04-08,305981847.94112206
2023-04-09,201656439.30427247
2023-04-10,534273014.27045983
2023-04-11,736093402.4686859
2023-04-12,659612982.9488745
2023-04-13,580249427.0116746
2023-04-14,768455495.3903222
2023-04-15,405003114.96687055
2023-04-16,290464364.55095184
2023-04-17,512926801.57685626
2023-04-18,560189049.1448973
2023-04-19,593528294.2450166
2023-04-20,529883663.4828497
2023-04-21,694468539.8992074
2023-04-22,319425821.1110612
2023-04-23,300256528.4471163
2023-04-24,483972288.4034642
2023-04-25,454717652.9117882
2023-04-26,606628771.3148848
2023-04-27,465986566.4257211
2023-04-28,603837663.6148226
2023-04-29,369095254.9794479
2023-04-30,268849830.0065735
2023-05-01,434246214.7187333
2023-05-02,568699382.9037391
2023-05-03,404779408.2307999
2023-05-04,543081951.5676574
2023-05-05,622948235.6045598
2023-05-06,321254926.70457244
2023-05-07,235707643.33112404
2023-05-08,560241369.0156007
2023-05-09,501079132.6839447
2023-05-10,465784338.48670894
2023-05-11,420038091.1116759
2023-05-12,681686887.0316225
2023-05-13,227347002.77166802
2023-05-14,196542820.64083588
2023-05-15,1258012464.7531297
2023-05-16,504762420.7918555
2023-05-17,498792080.04547536
2023-05-18,476869770.9064612
2023-05-19,396627832.42738676
2023-05-20,203744830.0522274
2023-05-21,205409995.11375096
2023-05-22,378652328.47689253
2023-05-23,512993288.9758598
2023-05-24,555174851.0963625
2023-05-25,416376205.84194976
2023-05-26,681154243.8750808
2023-05-27,273345391.2506131
2023-05-28,406914957.09703165
2023-05-29,598456163.9424638
2023-05-30,706061360.6434221
2023-05-31,650365962.632174
2023-06-01,464631461.960231
2023-06-02,933592985.2831856
2023-06-03,456777820.9992955
2023-06-04,586507105.7360628
2023-06-05,1132357325.3984764
2023-06-06,936276612.3416545
2023-06-07,1008087769.8209076
2023-06-08,753108988.1293192
2023-06-09,668571439.054759
2023-06-10,882032273.2873442
2023-06-11,1272247698.9802935
2023-06-12,936500863.5767441
2023-06-13,818132920.5305417
2023-06-14,642818474.1895621
2023-06-15,1064013246.4603227
2023-06-16,1126650194.3911202
2023-06-17,689236448.4344027
2023-06-18,809773814.253865
2023-06-19,897075910.3729647
2023-06-20,1298077088.847566
2023-06-21,1820154900.2424061
2023-06-22,1536318026.8900058
2023-06-23,1339420773.1090717
2023-06-24,1052595940.8138927
2023-06-25,993848540.4568249
2023-06-26,955549889.204597
2023-06-27,1100739124.8929987
2023-06-28,940497563.3217518
2023-06-29,1297883729.989557
2023-06-30,1420472076.4476504
2023-07-01,1568140045.562506
2023-07-02,743451699.1102014
2023-07-03,1025329074.819045
2023-07-04,1023773875.9816047
2023-07-05,932749731.7183135
2023-07-06,1086529381.3771129
2023-07-07,1080107056.6798732
2023-07-08,721101231.6773714
2023-07-09,749967182.4530892
2023-07-10,1119026365.4010975
2023-07-11,1133448356.3959382
2023-07-12,1007768790.544624
2023-07-13,1193035227.613018
2023-07-14,1225776097.4636307
2023-07-15,696249493.7720021
2023-07-16,679846117.8906131
2023-07-17,794356663.3954933
2023-07-18,1046191039.7050512
2023-07-19,1039806159.9533406
2023-07-20,845629627.8390981
2023-07-21,687450653.1248277
2023-07-22,564666041.5136054
2023-07-23,589327255.8050841
2023-07-24,961191136.6314224
2023-07-25,712749920.4693509
2023-07-26,1006930999.435666
2023-07-27,864851754.6619195
2023-07-28,872559690.2518774
2023-07-29,579898222.4491282
2023-07-30,540688562.260673
2023-07-31,763312557.7441633
2023-08-01,844126473.0768316
2023-08-02,1040367562.8333988
2023-08-03,798202141.4254638
2023-08-04,696895123.643467
2023-08-05,619263670.5100077
2023-08-06,614249367.3282944
2023-08-07,942793907.4464515
2023-08-08,1186774721.721069
2023-08-09,862800215.7135954
2023-08-10,824350964.6751641
2023-08-11,730657940.0963038
2023-08-12,634291194.1085294
2023-08-13,514469464.5489839
2023-08-14,1141414509.0452604
2023-08-15,870508533.1876655
2023-08-16,751429624.8251747
2023-08-17,1040142200.9467963
2023-08-18,1014166637.4918222
2023-08-19,593541469.0596708
2023-08-20,505425957.9307308
2023-08-21,847780696.2173408
2023-08-22,846136815.5546036
2023-08-23,1148566387.047946
2023-08-24,694511538.4697555
2023-08-25,641050761.7851198
2023-08-26,349799928.63977826
2023-08-27,443393935.2098906
2023-08-28,627635100.975131
2023-08-29,1282520632.9937384
2023-08-30,776066187.8015928
2023-08-31,620560676.2459128
2023-09-01,673612452.3821607
2023-09-02,484256487.0645945
2023-09-03,484595577.97193253
2023-09-04,554385716.244862
2023-09-05,617589315.100762
2023-09-06,635257554.1963723
2023-09-07,700192454.5692831
2023-09-08,783138692.2396268
2023-09-09,483852290.8793512
2023-09-10,504061754.7961148
2023-09-11,859952906.2638748
2023-09-12,859776809.9528196
2023-09-13,694438978.594581
2023-09-14,849757315.9304928
2023-09-15,860136495.8541253
2023-09-16,522929041.8194162
2023-09-17,471995554.7448311
2023-09-18,753947484.3840661
2023-09-19,722679373.0093273
2023-09-20,762922876.4686092
2023-09-21,645188064.0642239
2023-09-22,553522217.267134
2023-09-23,432369884.70536935
2023-09-24,480783941.1851191
2023-09-25,832663368.2515947
2023-09-26,633065623.7642415
2023-09-27,692067300.2823977
2023-09-28,859792774.4817817
2023-09-29,672850032.6847655
2023-09-30,633906251.2285973
2023-10-01,519806608.0424025
2023-10-02,1120093444.689736
2023-10-03,721873873.9885828
2023-10-04,807800545.9462042
2023-10-05,780533994.3600444
2023-10-06,853583420.3034046
2023-10-07,598710257.4015411
2023-10-08,635540720.6729802
2023-10-09,737485630.778102
2023-10-10,811698441.5462734
2023-10-11,771668569.857064
2023-10-12,765334449.685024
2023-10-13,669430672.7236603
2023-10-14,524512028.7923634
2023-10-15,566580976.045695
2023-10-16,1295112842.9913073
2023-10-17,1036308377.6420692
2023-10-18,880859246.6183103
2023-10-19,1020001690.1816227
2023-10-20,1289044975.7316375
2023-10-21,724857062.3684404
2023-10-22,650283805.3476466
2023-10-23,1465539021.7076192
2023-10-24,1808848633.7007751
2023-10-25,1196245776.3238711
2023-10-26,1052631980.9046465
2023-10-27,1255101616.0802088
2023-10-28,846941925.8424554
2023-10-29,735057333.5704021
2023-10-30,1233969636.1894634
2023-10-31,1180604565.2091975
2023-11-01,1437062573.7743638
2023-11-02,1241546746.8440173
2023-11-03,1273708876.1064837
2023-11-04,771638506.1329587
2023-11-05,852211983.265218
2023-11-06,989278837.853318
2023-11-07,1144782780.188082
2023-11-08,1204566487.068975
2023-11-09,1410810246.3163142
2023-11-10,1036713965.3471786
2023-11-11,928722269.6050589
2023-11-12,857721928.3466172
2023-11-13,1037730383.5316815
2023-11-14,1124236012.0750496
2023-11-15,1220534592.9476302
2023-11-16,1002054101.1993964
2023-11-17,1220373154.8898916
2023-11-18,519066775.32681906
2023-11-19,787489706.747052
2023-11-20,1423822890.2646198
2023-11-21,1477443501.0159936
2023-11-22,1764339572.1887314
2023-11-23,1237065978.5692768
2023-11-24,1665663229.6772957
2023-11-25,988413449.5861254
2023-11-26,1087415350.8611772
2023-11-27,1343847767.656067
2023-11-28,1748068798.9864452
2023-11-29,1257035323.1574667
2023-11-30,1206719727.8937314
2023-12-01,1676307806.4479094
2023-12-02,1121547221.963854
2023-12-03,1039412575.4031001
2023-12-04,1857535963.302775
2023-12-05,2220499324.132079
2023-12-06,1496581576.545392
2023-12-07,1191454340.1748085
2023-12-08,1578833481.4947476
2023-12-09,1148295558.6444767
2023-12-10,909170069.2175086
2023-12-11,1782471843.645783
2023-12-12,1436442869.7133465
2023-12-13,1591525220.1515603
2023-12-14,1298936175.9026275
2023-12-15,1171122045.118133
2023-12-16,936515600.1532843
2023-12-17,484274245.07006085
2023-12-18,1339201497.4595757
2023-12-19,1080547446.9845483
2023-12-20,1629166356.59503
2023-12-21,1324467032.2639287
2023-12-22,1545169831.391428
2023-12-23,967891362.678605
2023-12-24,1344927250.5481386
2023-12-25,1063564765.0126916
2023-12-26,1112351722.3719115
2023-12-27,2574714194.308249
2023-12-28,1058368582.7276194
2023-12-29,1256911684.769997
2023-12-30,819745128.2130092
2023-12-31,1375287697.2165587
2024-01-01,1183945166.8566902
2024-01-02,1917102688.0903623
2024-01-03,1467087227.4667275
2024-01-04,1672271191.4491324
2024-01-05,1662020173.0669396
2024-01-06,2037092727.4894273
2024-01-07,1869984594.521839
2024-01-08,1458227208.447706
2024-01-09,1979348359.6635795
2024-01-10,1854162672.191275
2024-01-11,2670425097.8799167
2024-01-12,2549154713.349504
2024-01-13,1289803754.6460843
2024-01-14,833594857.1669163
2024-01-15,1232445436.380202
2024-01-16,2056759156.6447482
2024-01-17,1652862686.0272532
2024-01-18,1802650288.8088405
2024-01-19,1844198034.210634
2024-01-20,964693894.7328657
2024-01-21,863900615.9104898
2024-01-22,1720087330.730239
2024-01-23,1942301985.0196135
2024-01-24,1807879403.9625452
2024-01-25,1806984196.2313018
2024-01-26,2065393228.1520362
2024-01-27,1104974926.7536182
2024-01-28,991292347.2308283
2024-01-29,1828611745.8196836
2024-01-30,2341083233.471433
2024-01-31,1688400108.6640368
2024-02-01,1631239360.4316335
2024-02-02,1758958999.4861329
2024-02-03,981631287.1069247
2024-02-04,871324411.2037902
2024-02-05,1397713260.3935628
2024-02-06,1423921292.288078
2024-02-07,1715401796.4878573
2024-02-08,2184530888.576196
2024-02-09,2342726944.891643
2024-02-10,1410952568.5188653
2024-02-11,1154368507.0243793
2024-02-12,2546859385.5719604
2024-02-13,2258211544.7039533
2024-02-14,3115952125.381176
2024-02-15,2625592766.145821
2024-02-16,2315336097.4890013
2024-02-17,1481321946.5993094
2024-02-18,1202690029.6582887
2024-02-19,2432026229.667456
2024-02-20,2449858133.3468533
2024-02-21,1981340188.3445635
2024-02-22,1891320859.8487487
2024-02-23,2254369427.7608
2024-02-24,1539725907.8876925
2024-02-25,1625977276.6158938
2024-02-26,2750845770.73008
2024-02-27,3262049208.3761983
2024-02-28,4254164940.4273133
2024-02-29,3808097723.4267364
2024-03-01,4807072125.542824
2024-03-02,1854800390.6700363
2024-03-03,1905360862.6617093
2024-03-04,3606486935.818295
2024-03-05,3998578340.993618
2024-03-06,3819242759.981991
2024-03-07,3531725381.7692366
2024-03-08,3979849116.2499886
2024-03-09,2408277592.3587537
2024-03-10,2216652557.617603
2024-03-11,3791024857.0725484
2024-03-12,3437583463.690185
2024-03-13,4276056565.101808
2024-03-14,4870642560.154161
2024-03-15,4080432214.9904113
2024-03-16,1934641991.5758846
2024-03-17,3439181858.656071
2024-03-18,2629366489.224054
2024-03-19,3426727587.1967936
2024-03-20,3063992677.7077274
2024-03-21,2813264496.386464
2024-03-22,3681964376.4389815
2024-03-23,1592475173.4809585
2024-03-24,1638676663.5139794
2024-03-25,3293291563.0712357
2024-03-26,3552773140.9695425
2024-03-27,3418043620.417628
2024-03-28,4705673248.621351
2024-03-29,2165151564.9486904
2024-03-30,1234268057.0880327
2024-03-31,1915264160.67625
2024-04-01,3359631030.570075
2024-04-02,2608029810.688274
2024-04-03,2354116476.3431454
2024-04-04,2856777426.597815
2024-04-05,2546738749.6051345
2024-04-06,1627452433.1878116
2024-04-07,1437655451.071374
2024-04-08,2519361698.040128
2024-04-09,2197368728.1985617
2024-04-10,2311934192.324846
2024-04-11,1376463065.8105
2024-04-12,2029785361.7084792
2024-04-13,1371000124.5657976
2024-04-14,1044493607.2119559
2024-04-15,1297569499.6195338
2024-04-16,2359806021.291552
2024-04-17,1430882093.2468734
2024-04-18,1658720633.437927
2024-04-19,1645007187.882028
2024-04-20,437728864.1895912
2024-04-21,396862194.8397795
2024-04-22,1148634602.6555724
2024-04-23,964037169.1154251
2024-04-24,911747611.3350198
2024-04-25,1082706985.5828738
2024-04-26,1189589647.7395566
2024-04-27,905166913.8649529
2024-04-28,943059356.2999291
2024-04-29,1248822220.2858489
2024-04-30,1496753316.2490275
2024-05-01,1720289631.567253
2024-05-02,1641154801.6628354
2024-05-03,1342363934.7101614
2024-05-04,976432109.0717331
2024-05-05,621590947.5729357
2024-05-06,1439602349.9281583
2024-05-07,1155625292.350686
2024-05-08,1001095195.5848074
2024-05-09,1456406704.460676
2024-05-10,1276439412.074325
2024-05-11,833367102.1489147
2024-05-12,892490624.7070361
2024-05-13,1647669577.409376
2024-05-14,1236439395.4529204
2024-05-15,2686157449.0581408
2024-05-16,1700906544.5239358
2024-05-17,1594151812.3313427
2024-05-18,979132969.6580758
2024-05-19,906560902.6932888
2024-05-20,1860925786.8914912
2024-05-21,2686835583.5814877
2024-05-22,2049304228.437726
2024-05-23,1811461654.2685177
2024-05-24,1786788347.4602065
2024-05-25,728761204.9512857
2024-05-26,775617272.8240478
2024-05-27,1018749258.1174184
2024-05-28,1409109652.9887187
2024-05-29,1296322725.7072432
2024-05-30,1807393307.5852115
2024-05-31,1647956960.0518856
2024-06-01,816669790.9088746
2024-06-02,718881836.722855
2024-06-03,1974636294.0261083
2024-06-04,1575163485.9215999
2024-06-05,1835412387.2375233
2024-06-06,1588110319.0874434
2024-06-07,1394177804.2530358
2024-06-08,639347898.5477585
2024-06-09,582133234.3489246
2024-06-10,1005641340.4504477
2024-06-11,2746327135.783263
2024-06-12,1886044299.4364297
2024-06-13,1713946447.230935
2024-06-14,1346630159.5367327
2024-06-15,609564757.792241
2024-06-16,804422193.92424
2024-06-17,1176485747.8805323
2024-06-18,1655451460.389721
2024-06-19,1726426899.4376197
2024-06-20,1428778347.381724
2024-06-21,1258761963.9217005
2024-06-22,677676027.3666003
2024-06-23,568390749.8083589
2024-06-24,1601739976.043632
2024-06-25,1770498523.3849697
2024-06-26,1445926373.6518712
2024-06-27,1385001133.0384617
2024-06-28,1638323936.0149143
2024-06-29,609965378.0784667
2024-06-30,654767314.1904294
2024-07-01,1385271053.8540971
2024-07-02,1301861999.2332711
2024-07-03,1144150203.591415
2024-07-04,1590593685.7016485
2024-07-05,2038911185.104989
2024-07-06,930541875.9600328
2024-07-07,598703498.488702
2024-07-08,1490439240.3545022
2024-07-09,1286803496.419166
2024-07-10,1495678324.4259603
2024-07-11,1293091663.3444712
2024-07-12,1333579784.8110783
2024-07-13,558286593.124414
2024-07-14,667084111.2857225
2024-07-15,1819569968.297671
2024-07-16,1624032510.4163015
2024-07-17,1290034182.1161647
2024-07-18,1495801449.4981418
2024-07-19,1661648110.295352
2024-07-20,651729544.5918896
2024-07-21,549075787.8762212
2024-07-22,1372245031.8311539
2024-07-23,2819498234.462891
2024-07-24,1433063570.6379902
2024-07-25,1880149960.9275708
2024-07-26,1753075644.2607498
2024-07-27,937924851.2702569
2024-07-28,544819733.1102479
2024-07-29,2189196628.661977
2024-07-30,1508966559.6349134
2024-07-31,1127937425.702377
2024-08-01,1974599378.2150617
2024-08-02,1434037131.3070335
2024-08-03,820187581.8608537
2024-08-04,1012158303.0432404
2024-08-05,2981413699.566413
2024-08-06,1700362692.7646308
2024-08-07,2166405093.1403165
2024-08-08,1565599468.6838799
2024-08-09,1605337199.1274242
2024-08-10,643640928.6414695
2024-08-11,895259208.7713805
2024-08-12,1533428307.3061078
2024-08-13,1122569939.1509378
2024-08-14,1271035735.6298609
2024-08-15,1294078200.5718215
2024-08-16,1673587893.9173145
2024-08-17,473908974.8843285
2024-08-18,516564028.4273368
2024-08-19,1151381812.2961392
2024-08-20,1191039989.6153145
2024-08-21,1390882995.2543926
2024-08-22,1284734684.4757912
2024-08-23,1921035416.1633263
2024-08-24,995547562.3542556
2024-08-25,840373635.5497497
2024-08-26,1406250295.95892
2024-08-27,1306910294.290545
2024-08-28,2437200326.300963
2024-08-29,1234167447.448213
2024-08-30,1179995921.7171586
2024-08-31,570329522.4713012
2024-09-01,639065982.2042433
2024-09-02,911497647.5626967
2024-09-03,1521239226.572841
2024-09-04,1133946471.1557305
2024-09-05,887709212.795651
2024-09-06,1531397180.7534964
2024-09-07,660770347.0472957
2024-09-08,398556227.2517915
2024-09-09,1547604124.8244286
2024-09-10,3119851986.589837
2024-09-11,2101941854.5595398
2024-09-12,1418656728.4884684
2024-09-13,1694912270.5028522
2024-09-14,1028481552.5331452
2024-09-15,839812653.7577957
2024-09-16,1225462783.8892534
2024-09-17,1511671989.9916196
2024-09-18,1471193137.7085116
2024-09-19,2024674078.4772034
2024-09-20,1640173172.2512105
2024-09-21,735741497.7569646
2024-09-22,711894109.1615607
2024-09-23,1523022367.6569037
2024-09-24,1656496369.0003178
2024-09-25,1492578223.023847
2024-09-26,1843679337.839879
2024-09-27,2246424967.5363383
2024-09-28,870029416.5630776
2024-09-29,745176530.9551138
2024-09-30,2244161668.8128047
2024-10-01,1639830620.5897522
2024-10-02,1430963627.0192447
2024-10-03,1357055108.875425
2024-10-04,1303560802.9369235
2024-10-05,660350039.4518657
2024-10-06,970435757.1631461
2024-10-07,1684116064.3877108
2024-10-08,1709685830.5519233
2024-10-09,1318546120.6494362
2024-10-10,1227145468.7745068
2024-10-11,1585110791.4315891
2024-10-12,859194739.99934
2024-10-13,683360380.6814296
2024-10-14,2023204509.4939065
2024-10-15,2834873180.2037845
2024-10-16,2231903308.4881606
2024-10-17,1955093514.9601943
2024-10-18,2603356394.262734
2024-10-19,929448973.6391815
2024-10-20,773440831.6389049
2024-10-21,1923546361.8102086
2024-10-22,1937086010.8895493
2024-10-23,2002490548.894926
2024-10-24,1558594075.8741617
2024-10-25,2790226068.124014
2024-10-26,927288903.877277
2024-10-27,853853409.5794097
2024-10-28,2677973239.733127
2024-10-29,3277292753.76719
2024-10-30,2987486956.234688
2024-10-31,2579033493.2199106
2024-11-01,2152282108.864546
2024-11-02,976344752.6642603
2024-11-03,1250633523.6970768
2024-11-04,1620344008.1930177
2024-11-05,2155229132.5939126
2024-11-06,5243705029.872821
2024-11-07,3723624784.4365945
2024-11-08,4944607896.990401
2024-11-09,1607501832.4060364
2024-11-10,2725900914.8817396
2024-11-11,4009344121.4257374
2024-11-12,5736573807.771262
2024-11-13,4828728371.209408
2024-11-14,5423691829.261917
2024-11-15,4203261471.878882
2024-11-16,2138112113.8081062
2024-11-17,1494385139.941949
2024-11-18,3891252418.9942865
2024-11-19,4094820315.540504
2024-11-20,5014465178.038927
2024-11-21,5927378760.902991
2024-11-22,5830178989.353775
2024-11-23,3297989391.6843567
2024-11-24,2904240510.2634645
2024-11-25,3928053710.3726306
2024-11-26,5797909310.482024
2024-11-27,5163071989.43454
2024-11-28,4178817063.0651126
2024-11-29,3826788934.8929477
2024-11-30,2184365933.2237153
2024-12-01,1850274624.2689726
2024-12-02,4239650993.2455497
2024-12-03,4378145283.036803
2024-12-04,4291928414.677627
2024-12-05,6400394362.831209
2024-12-06,4611486266.046305
2024-12-07,2066854864.7038887
2024-12-08,2104807098.5440211
2024-12-09,5485868409.207695
2024-12-10,4165731649.7661166
2024-12-11,5015677625.744592
2024-12-12,3000088845.167523
2024-12-13,3603040668.7579427
2024-12-14,1924671215.2251978
2024-12-15,1842312751.236988
2024-12-16,4359336996.7900305
2024-12-17,3642275677.204139
2024-12-18,4765055212.016578
2024-12-19,3398868756.335576
2024-12-20,4840512551.060106
2024-12-21,1892303814.6698983
2024-12-22,1848406231.9007726
2024-12-23,3335303018.173857
2024-12-24,2981682335.261456
2024-12-25,2225012193.5884852
2024-12-26,3453555281.8462734
2024-12-27,4082128601.7713566
2024-12-28,1714807160.587242
2024-12-29,2258066676.3256536
2024-12-30,4915821464.165303
2024-12-31,5772776995.004123
2025-01-01,2666284758.016094
2025-01-02,3079564838.742463
2025-01-03,2277406799.6137395
2025-01-04,1693916330.6414113
2025-01-05,1540201653.141544
2025-01-06,3897117594.867897
2025-01-07,3600172720.1096554
2025-01-08,3181426660.6088595
2025-01-09,3077406053.6461964
2025-01-10,3025314456.2182207
2025-01-11,1796381935.3241482
2025-01-12,1400112806.2593808
2025-01-13,2558565090.3268933
2025-01-14,3078531503.2748365
2025-01-15,2954821454.808907
2025-01-16,3584433541.1922374
2025-01-17,5396024049.99646
2025-01-18,2626897966.7995944
2025-01-19,2767511106.3363433
2025-01-20,3978613426.4234366
2025-01-21,4014278237.336862
2025-01-22,3384518776.453649
2025-01-23,3791082089.1318116
2025-01-24,3216298719.6738462
2025-01-25,1907902683.046259
2025-01-26,1895872693.5639708
2025-01-27,4133183254.3013754
2025-01-28,2801366480.2899094
2025-01-29,2504050968.0746756
2025-01-30,3209429082.9933896
2025-01-31,3404913302.526765
2025-02-01,2022609170.4029183
2025-02-02,2407580789.044493
2025-02-03,4816624175.049278
2025-02-04,4366548147.554144
2025-02-05,5318652231.631899
2025-02-06,3167307266.4304156
2025-02-07,3033643162.5987525
2025-02-08,2182442929.711437
2025-02-09,1809985210.1503718
2025-02-10,3574717081.4998593
2025-02-11,2880406067.375223
2025-02-12,2615864366.037358
2025-02-13,2417694063.1421223
2025-02-14,3139453425.2192974
2025-02-15,1569788046.3863604
2025-02-16,1713516097.4020076
2025-02-17,2120679117.9992158
2025-02-18,2219032678.733773
2025-02-19,2873259533.830023
2025-02-20,2970825967.8898473
2025-02-21,3033417224.6264067
2025-02-22,2984156480.4060864
2025-02-23,1283227956.979527
2025-02-24,1945767709.5716977
2025-02-25,3876660082.0986166
2025-02-26,3952297250.4692087
2025-02-27,3142408244.60112
2025-02-28,3591250988.278301
2025-03-01,1999970423.1113021
2025-03-02,2586081171.237739
2025-03-03,3086398314.132193
2025-03-04,2549937111.827085
2025-03-05,2123570692.70648
2025-03-06,2241367945.5506425
2025-03-07,2269287245.113932
2025-03-08,1056261905.5671053
2025-03-09,1171861567.3207293
2025-03-10,2194730324.196554
2025-03-11,2637680827.4669743
2025-03-12,1891571310.582933
2025-03-13,1544939399.2721493
2025-03-14,2031034434.7095895
2025-03-15,1046958934.2758378
2025-03-16,918625732.6146253
2025-03-17,1942864081.4123127
2025-03-18,1502413185.4471366
2025-03-19,2390349283.545593
2025-03-20,2453635755.659342
2025-03-21,1650944938.1472669
2025-03-22,844888892.3734384
2025-03-23,799063626.7316619
2025-03-24,2843851061.6926694
2025-03-25,2654317367.210042
2025-03-26,2840288247.304193
2025-03-27,1939181797.95261
2025-03-28,2653901637.4004
2025-03-29,1611122244.9690478
2025-03-30,2062595581.3952649
2025-03-31,3244192013.9257197
2025-04-01,2376105373.65514
2025-04-02,2785908550.4973965
2025-04-03,3040724152.2398586
2025-04-04,3265869243.1115656
2025-04-05,1488814477.0323367
2025-04-06,1788125176.6918447
2025-04-07,3946201838.344116
2025-04-08,2559047192.8357763
2025-04-09,2906686114.4043064
2025-04-10,2378160349.935069
2025-04-11,2629158109.145123
2025-04-12,1534729493.1078696
2025-04-13,1377515160.3516438
2025-04-14,2565380650.608733
2025-04-15,2165968500.813443
2025-04-16,2412460928.924672
2025-04-17,2855206447.790054
2025-04-18,1609540385.4292688
2025-04-19,1257956233.9389365
2025-04-20,1357630364.0098155
2025-04-21,2426722563.712123
2025-04-22,3495740546.4963846
2025-04-23,3333025622.2306666
2025-04-24,3575661337.343032
2025-04-25,4128063507.403542
2025-04-26,1822661702.0011096
2025-04-27,1198081103.664987
2025-04-28,2311718297.076268
2025-04-29,2598622352.5685143
2025-04-30,2297364457.612758
2025-05-01,2746059086.434789
2025-05-02,3638134631.9568167
2025-05-03,1330493560.0057397
2025-05-04,1179330731.0358512
2025-05-05,2471489841.539977
2025-05-06,2870459000.6301465
2025-05-07,3620888317.5813584
2025-05-08,3899128062.6361065
2025-05-09,4262793487.524592
2025-05-10,1957934792.9036212
2025-05-11,1945912966.1234643
2025-05-12,3711563263.318292
2025-05-13,2659957732.521175
2025-05-14,2995109333.198588
2025-05-15,4194867573.7257733
2025-05-16,3067185593.660323
2025-05-17,1845536816.3931248
2025-05-18,1822467031.0772228
2025-05-19,3133097877.2797365
2025-05-20,3299875989.0992846
2025-05-21,4184263379.337786
2025-05-22,4298015876.213874
2025-05-23,4131591472.670015
2025-05-24,2013438762.6037915
2025-05-25,1787631884.4255133
2025-05-26,2295257755.5351353
2025-05-27,3540402654.5743904
2025-05-28,3220853906.0228796
2025-05-29,3035136962.265483
2025-05-30,3368869053.2115445
2025-05-31,1607991385.251208
2025-06-01,1470066664.0221922
2025-06-02,3037960562.765769
2025-06-03,4239120171.424015
2025-06-04,3506908180.8132324
2025-06-05,3218066318.264228
2025-06-06,2786704661.598758
2025-06-07,1507572358.0129619
2025-06-08,1132591255.5334978
2025-06-09,3160797129.656182
2025-06-10,3166333022.2753997
2025-06-11,2462876404.8754864
2025-06-12,2288001478.416666
2025-06-13,2620200535.6163826
2025-06-14,1310245087.9943652
2025-06-15,1543069104.1707087
2025-06-16,2557875224.8754864
2025-06-17,2181336276.8169494
2025-06-18,2154044200.2917976
2025-06-19,1492819158.5058727
2025-06-20,1918744949.9533026
2025-06-21,1153827038.7882712
2025-06-22,1643065318.3470013
2025-06-23,2468192745.964776
2025-06-24,1929121862.8434694
2025-06-25,2322674863.2846212
2025-06-26,2338528325.1895137
2025-06-27,3509301477.424482
2025-06-28,1411787822.4648666
2025-06-29,1156128087.5822277
2025-06-30,2761869060.92075
2025-07-01,1680794552.735817
2025-07-02,2945487726.1443543
2025-07-03,2022748859.6838174
2025-07-04,1865924766.5108151
2025-07-05,1040768865.9032134
2025-07-06,1293048243.3714116
2025-07-07,2129554358.3796253
2025-07-08,2122619649.0485804
2025-07-09,2628758519.187774
2025-07-10,3621916892.6302247
2025-07-11,3813495922.238968
2025-07-12,1368138486.7402067
2025-07-13,1457760115.2023964
2025-07-14,3895990645.557537
2025-07-15,3411903763.6797276
2025-07-16,3736641312.656142
2025-07-17,4375904847.272441
2025-07-18,4275419986.7284317
2025-07-19,2554801093.146825
2025-07-20,2105960750.446815
2025-07-21,3659249571.9124727
2025-07-22,3114348989.697931
2025-07-23,2959713041.3962035
2025-07-24,3322084922.399904
2025-07-25,4596255216.846493
2025-07-26,1910479704.5806022
2025-07-27,1638817032.9342632
2025-07-28,3902512155.0294504
2025-07-29,3397390161.069281
2025-07-30,3257176130.950524
2025-07-31,2906444182.009561
2025-08-01,3219135579.1403513
2025-08-02,1157621568.5783875
2025-08-03,1299821953.2397475
2025-08-04,3101571005.6547556
2025-08-05,2027719310.40678
2025-08-06,2331009415.372258
2025-08-07,2755891992.3035502
2025-08-08,3120847221.2928066
2025-08-09,1553589548.247426
2025-08-10,1686630048.702309
2025-08-11,2846327256.179149
2025-08-12,2779895011.6945467
2025-08-13,4352493342.135819
2025-08-14,3808615474.8424864
2025-08-15,4197117377.401938
2025-08-16,2512884383.19818
2025-08-17,1495077533.210814
2025-08-18,3116771467.370771
2025-08-19,2624343192.0434146
2025-08-20,2243737276.849905
2025-08-21,2849703781.023346
2025-08-22,3366861553.942931
2025-08-23,2262144621.2469783
2025-08-24,2273903893.794224
2025-08-25,2835045620.3081512
2025-08-26,2696690150.586301
2025-08-27,2425849477.833762
2025-08-28,2255079193.394834
2025-08-29,4008698552.5021467
2025-08-30,1839051417.436479
2025-08-31,1470493128.2402015
2025-09-01,2313025918.570495
2025-09-02,3105958433.088151
2025-09-03,2535905987.6987214
2025-09-04,4898366748.435636
2025-09-05,5049491072.152717
2025-09-06,3558877818.812005
2025-09-07,2535264196.8919034
2025-09-08,3291497530.0391364
2025-09-09,4678989559.715023
2025-09-10,3719164297.3121033
2025-09-11,3904974585.566528
2025-09-12,3209996322.716359
2025-09-13,1944978910.2552283
2025-09-14,1998952685.396474
2025-09-15,3504119020.832767
2025-09-16,2669029851.259108
2025-09-17,2681796134.5023274
2025-09-18,2660396976.4651003
2025-09-19,3464176632.236111
2025-09-20,2058299993.803925
2025-09-21,1688292392.0972974
2025-09-22,2993680766.715115
2025-09-23,3806288302.095842
2025-09-24,3331917918.9388638
2025-09-25,3161514360.6729403
2025-09-26,5241086354.329122
2025-09-27,1288196227.1366212
2025-09-28,1136728760.212364
2025-09-29,2744142352.765679
2025-09-30,4589520178.798793
2025-10-01,3807352432.6127
2025-10-02,3661524081.228995
2025-10-03,4124653201.640818
2025-10-04,1469312187.7996635
2025-10-05,2558618386.1713557
2025-10-06,4711932104.8182125
2025-10-07,4050560827.916661
2025-10-08,3370620091.6448755
2025-10-09,3854155490.62937
2025-10-10,3728908007.549769
2025-10-11,3622185662.0249805
2025-10-12,1946670401.311883
2025-10-13,2372399695.8012233
2025-10-14,3791328393.261613
2025-10-15,4804811548.988733
2025-10-16,3011304197.145691
2025-10-17,3499667932.918851
2025-10-18,1350309587.1873026
2025-10-19,1401445077.4398286
2025-10-20,2453936410.8769317
2025-10-21,4006687833.239072
2025-10-22,3116296217.648482
2025-10-23,3086711760.3429837
2025-10-24,3060762472.3733454
2025-10-25,1609251983.3593862
2025-10-26,2423068414.280522
2025-10-27,4174472627.6628876
2025-10-28,4233034550.713299
2025-10-29,2956645795.8563395
2025-10-30,3347821385.9358006
2025-10-31,3434318611.8780427
2025-11-01,1829604022.181365
2025-11-02,1358923570.5789337
2025-11-03,3856789512.5178976
2025-11-04,3877397485.9302287
2025-11-05,3623517725.7042923
2025-11-06,2345498406.4097576
2025-11-07,2440639238.1674457
2025-11-08,825544107.48914
2025-11-09,930454388.2915049
2025-11-10,1753319678.572243
2025-11-11,2150221541.2183814
2025-11-12,1676627308.8627212
2025-11-13,2920046712.372356
2025-11-14,4418093156.471963
2025-11-15,939111673.9420946
2025-11-16,1361231295.4492526
2025-11-17,3462877089.6649837
2025-11-18,5540013132.548288
2025-11-19,3658900787.9416404
2025-11-20,2699650905.822823
2025-11-21,4424827701.302324
2025-11-22,1496100341.514306
2025-11-23,1223920811.4980185
2025-11-24,2853453969.8936934
2025-11-25,1874451173.2821188
2025-11-26,2221181993.651814
2025-11-27,2377746206.552212
2025-11-28,2279479588.5058823
2025-11-29,947356513.1833906
2025-11-30,968532517.9808514
2025-12-01,2674425744.058595
2025-12-02,2759327422.5077186
2025-12-03,3034257367.5190725
2025-12-04,2217765495.7629223
2025-12-05,2630842841.7316337
2025-12-06,1034929394.7451278
2025-12-07,657021446.7213545
2025-12-08,1425765451.8922548
2025-12-09,1900549644.0531192
2025-12-10,2111491105.451556
2025-12-11,2836810851.2489505
2025-12-12,2291534925.562318
2025-12-13,840699824.8650775
2025-12-14,872643072.6293954
2025-12-15,2019620979.53412
2025-12-16,2322866233.735417
2025-12-17,2640874339.9172263
2025-12-18,2207403827.897764
2025-12-19,2285985354.195522
2025-12-20,854047749.513547
2025-12-21,837923529.5638561
2025-12-22,1456304126.831688
2025-12-23,2380298034.6228786
2025-12-24,1763333287.9556234
2025-12-25,1269146609.5101147
2025-12-26,1789273056.2689123
2025-12-27,998856897.4355892
2025-12-28,693351833.6955444
2025-12-29,2870480207.9681444
2025-12-30,2365419917.954263
2025-12-31,3795188050.955327
2026-01-01,1466483954.5858595
2026-01-02,2240559201.9551353
2026-01-03,784417459.7067765
2026-01-04,885929336.9739876
2026-01-05,2924844256.8617835
2026-01-06,2266365713.9122567
2026-01-07,2471660553.710285
2026-01-08,2215199089.856226
2026-01-09,2914356272.0895295
2026-01-10,2435720306.9713993
2026-01-11,2183514137.8325863
2026-01-12,2650835853.7354703
2026-01-13,3429744214.867406
2026-01-14,4229137056.7068105
2026-01-15,2512673588.2911744
2026-01-16,2069744708.5961134
2026-01-17,1029733667.5599422
2026-01-18,783365097.7645876
2026-01-19,1287519070.4794831
2026-01-20,2097878406.6266868
2026-01-21,1960966557.5250788
2026-01-22,2197865618.4780836
2026-01-23,1958329561.6635313
2026-01-24,786215488.3769765
2026-01-25,997351507.0699604
2026-01-26,1921945182.7719448
2026-01-27,1592515547.318841
2026-01-28,2126770259.479199
2026-01-29,2215288386.809334
2026-01-30,2699890691.202552
2026-01-31,2742181388.4208393
2026-02-01,2214044141.85521
2026-02-02,3156681375.133507
2026-02-03,3621834521.5399475
2026-02-04,3429173548.341851
2026-02-05,4045459123.827595
2026-02-06,4892457660.793226
2026-02-07,1479109844.8151557
2026-02-08,1081277534.2277215
2026-02-09,3200738780.762952
2026-02-10,2030384083.7146497
2026-02-11,1790603801.06129
2026-02-12,2174765783.7127547
2026-02-13,2271322617.903315
2026-02-14,749382092.8935884
2026-02-15,873322494.451938
2026-02-16,1098299684.1651125
2026-02-17,1289654663.722714
2026-02-18,1688794074.9663613
2026-02-19,1241708936.2465076
2026-02-20,2136403306.007487
2026-02-21,646480791.9801093
2026-02-22,688376770.9367537
2026-02-23,1447263624.9001904
2026-02-24,1828059288.5873053
2026-02-25,1838533692.3146358
2026-02-26,2002462829.697037
2026-02-27,1312944740.921802
2026-02-28,819743975.9540304
2026-03-01,790685368.0852524
2026-03-02,2044945560.1626577
2026-03-03,2097058990.0197606
2026-03-04,4673577378.186464
2026-03-05,2401906935.152555
2026-03-06,1702843643.344627
2026-03-07,1032224628.0370839
2026-03-08,454815475.69049174
2026-03-09,1856605601.5291479
2026-03-10,2298270464.489557
2026-03-11,2290839504.2376657
2026-03-12,1851538304.920191
2026-03-13,1814102135.3793538
2026-03-14,436698607.8046889
2026-03-15,900821707.158591
2026-03-16,2142306143.9832938
2026-03-17,1583068794.1681073
2026-03-18,1967993107.4408314
2026-03-19,1585691305.5789814
2026-03-20,1448560360.0475688
2026-03-21,444153314.2719528
2026-03-22,1272043985.474013
2026-03-23,1224243163.4001098
2026-03-24,1546468616.5157952
2026-03-25,2433147764.853941
2026-03-26,1286052872.6252427
2026-03-27,1857743425.7002623
2026-03-28,619196628.9142096
2026-03-29,933689910.1057191
2026-03-30,2017849364.3960385
2026-03-31,1955604055.600676
2026-04-01,1991180493.944629
2026-04-02,1688567252.2170298
2026-04-03,1010153374.4727857
2026-04-04,556994690.5710235
2026-04-05,494875363.1696375
2026-04-06,1255468696.60072
2026-04-07,1803076952.831055
2026-04-08,1801806904.057301
2026-04-09,1605085726.742722
2026-04-10,1761906872.2349496
2026-04-11,699396656.0521276
2026-04-12,573598823.2889915
2026-04-13,2318532736.201634
2026-04-14,3920486414.969986
2026-04-15,2799443667.1644197
2026-04-16,1713853129.0221217
2026-04-17,2357215084.2965765
2026-04-18,778219155.8176662
2026-04-19,794722608.6534724
2026-04-20,3936294307.7956862
2026-04-21,1753667406.8635223
2026-04-22,2137224341.2133114
2026-04-23,2560040108.0299015
2026-04-24,1939129077.7048097
2026-04-25,1333741616.0752282
2026-04-26,577081291.7402648
2026-04-27,1358561608.6829655
2026-04-28,1420487799.820215
2026-04-29,1699206239.8725677
2026-04-30,1298979063.3908434
2026-05-01,1359334424.9815326
2026-05-02,753825238.196486
2026-05-03,627613327.1348773
2026-05-04,2565993994.126598
2026-05-05,2179018386.28822
2026-05-06,2044994453.0544786
2026-05-07,2052739747.5736098
2026-05-08,2008927881.4164925
2026-05-09,962085572.3734754
2026-05-10,943367799.8081939
2026-05-11,1676101284.914987
2026-05-12,1484078986.5637836
2026-05-13,2118393345.399996
2026-05-14,2711058441.315454
2026-05-15,2202365315.6951504
2026-05-16,800301426.1447926
2026-05-17,672298102.5183166
2026-05-18,1486544343.4215164
2026-05-19,1617997940.4199846
2026-05-20,1327156183.0333037
2026-05-21,1108334616.5004828
2026-05-22,1530779621.5003266
2026-05-23,996612524.4489764
2026-05-24,769806080.0306078
2026-05-25,1171363192.0049644
2026-05-26,1536316877.1315267
2026-05-27,1600666739.3418791
2026-05-28,1784843685.1373057
2026-05-29,1827009005.609255
2026-05-30,893676399.112551
2026-05-31,563703845.3371999
2026-06-01,2335472423.4668193
2026-06-02,2219597792.857782
2026-06-03,2403413309.5800805
2026-06-04,2497445123.8552494
2026-06-05,3130805953.364443
2026-06-06,1119324827.171573
2026-06-07,830151208.1415337
2026-06-08,2253482309.6277547
2026-06-09,1306341380.406805
2026-06-10,1148599114.5149298
2026-06-11,1387287556.573327
2026-06-12,1448229256.8848786
2026-06-13,468474674.5065361
2026-06-14,605126889.2696315
2026-06-15,1560614998.3040154
2026-06-16,1481916334.9258761
2026-06-17,1212004836.2451136
2026-06-18,1201009592.367298
2026-06-19,861082169.8559765
2026-06-20,765605953.1415756
2026-06-21,1438318661.3186116
2026-06-22,1278871482.5716264
2026-06-23,1533718268.8038416
2026-06-24,1864689651.3895936
2026-06-25,2284191368.3384624
2026-06-26,2317126273.8839693
2026-06-27,956311532.3122488
2026-06-28,944813300.0527121
2026-06-29,1628192336.0528035
2026-06-30,1815565953.3814435
2026-07-01,1399466466.3629212
2026-07-02,1804071982.4159834
2026-07-03,1290207758.691068
2026-07-04,559763116.9547927
2026-07-05,567381132.043574
2026-07-06,1837040286.864
2026-07-07,1712723974.7166998
2026-07-08,967878197.2476047
2026-07-09,881651974.4705635
2026-07-10,1471915552.522784
2026-07-11,568974276.6835169
2026-07-12,421936506.688512
2026-07-13,1065063492.9403833
2026-07-14,1428124473.275667
2026-07-15,1568638720.3519707
2026-07-16,1068179342.1992689
2026-07-17,1390624859.883382
2026-07-18,692516320.2387736
2026-07-19,571560729.0804838
2026-07-20,1689542902.6749036
2026-07-21,2123799564.950476
2026-07-22,1386635824.4130123
2026-07-23,1407965371.9242628
2026-07-24,1117871346.579271
2026-07-25,868238171.588629
2026-07-26,854458988.975258
2026-07-27,1362176065.4794362
2026-07-28,1404154531.5597153
2026-07-29,1165175978.4715822
2026-07-30,1504698345.1425776
2026-07-31,1832355488.6686156
2026-08-01,750486513.8496703
2026-08-02,681360698.5840828
2026-08-03,1343687403.833819
2026-08-04,1751859374.9412868
2026-08-05,1252096615.5323
2026-08-06,1399486762.8741665
2026-08-07,1263902440.248718
2026-08-08,296461616.3438334
2026-08-09,226011904.5920748
2026-08-10,1266273257.1979966
2026-08-11,849963834.0694451
2026-08-12,1328775515.212206
2026-08-13,1151777598.8643496
2026-08-14,1474621624.979201
2026-08-15,469541549.67564994
2026-08-16,523701561.2825497
2026-08-17,1342212008.4607425
2026-08-18,1709779749.5667083
2026-08-19,2447657715.633779
2026-08-20,3694115768.5552526
2026-08-21,3489692762.819367
2026-08-22,1285014293.5384889
2026-08-23,1020354161.2346294
2026-08-24,2694895702.1586537
2026-08-25,2164965099.477986
2026-08-26,1985068241.1863527
2026-08-27,2258927140.0362024
2026-08-28,2101855228.8768227
2026-08-29,773700982.133243
2026-08-30,917119243.6898935
2026-08-31,2065914936.0602725
2026-09-01,1753326793.4676726
2026-09-02,1316610847.3144567
2026-09-03,2232798408.0788245
2026-09-04,2118351852.3608978
2026-09-05,663301505.1411799
2026-09-06,1356601330.3984802
2026-09-07,929022937.505488
2026-09-08,1858317798.4802482
2026-09-09,1426827351.9495945
2026-09-10,1946503568.381383
2026-09-11,1827668305.0527816
2026-09-12,795758423.6429693
2026-09-13,989590634.9210019
2026-09-14,1549964204.7091634
2026-09-15,1881418191.3747098
2026-09-16,1910577310.373093
2026-09-17,1739198120.5348763
2026-09-18,2267092076.8123865
2026-09-19,1251967657.7896957
2026-09-20,985959726.0910072
2026-09-21,3742211721.2065444
2026-09-22,3766762824.3841147
2026-09-23,2739432937.603469
2026-09-24,2252571958.9028006
2026-09-25,2532817291.0692077
2026-09-26,1477994409.8221717
2026-09-27,1353765454.5807602
2026-09-28,2529527145.5012803
2026-09-29,2211799204.4196672
2026-09-30,2052566106.6825132
2026-10-01,2559950315.5156045
2026-10-02,2802653966.608392
2026-10-03,1407456666.1292229
2026-10-04,1374570346.646907
2026-10-05,2732247423.4168525
2026-10-06,3135966606.0621634
2026-10-07,2346016111.308869
2026-10-08,2283392282.9232965
2026-10-09,1891491467.331465
