date,value
2013-01-01,27115.744688198454
2013-01-02,82922.5496737314
2013-01-03,98741.18887919682
2013-01-04,104956.36747076479
2013-01-05,151406.50025122205
2013-01-06,53620.44129928787
2013-01-07,167312.8461395813
2013-01-08,148224.9504960627
2013-01-09,92795.99994478679
2013-01-10,143578.9397113934
2013-01-11,136994.6451473443
2013-01-12,75249.20075579325
2013-01-13,110799.11061565048
2013-01-14,116760.10544273244
2013-01-15,168861.46520228652
2013-01-16,135840.74863422112
2013-01-17,250067.81926248156
2013-01-18,357059.35592815554
2013-01-19,79935.63672505178
2013-01-20,145365.63638109193
2013-01-21,331248.9361308396
2013-01-22,259090.4268165335
2013-01-23,240094.79171787336
2013-01-24,364031.9464717277
2013-01-25,217174.4070162478
2013-01-26,85366.33637469752
2013-01-27,119378.86136305491
2013-01-28,192368.6483428427
2013-01-29,337651.0351261688
2013-01-30,217464.24268264236
2013-01-31,331972.168217666
2013-02-01,285401.46613724675
2013-02-02,213952.12439377524
2013-02-03,124751.70569412874
2013-02-04,193514.7307614082
2013-02-05,156125.52120921385
2013-02-06,220344.39128866195
2013-02-07,211142.29027593439
2013-02-08,241847.61463844596
2013-02-09,224287.57461456678
2013-02-10,136915.87747465738
2013-02-11,295233.62242178794
2013-02-12,427329.2617697336
2013-02-13,340530.7421919563
2013-02-14,378698.9826535439
2013-02-15,287844.3567254967
2013-02-16,246489.2668900815
2013-02-17,319630.1145553289
2013-02-18,324839.06883731164
2013-02-19,397756.36848506413
2013-02-20,244946.96138416053
2013-02-21,423878.01918290864
2013-02-22,396122.4556762162
2013-02-23,318921.85453139717
2013-02-24,282703.3324909084
2013-02-25,259905.71223343338
2013-02-26,357897.1073808056
2013-02-27,318858.23895160394
2013-02-28,685247.680891991
2013-03-01,415328.85209216806
2013-03-02,285738.1932301442
2013-03-03,156871.04018853977
2013-03-04,550020.5556804477
2013-03-05,831712.2729042743
2013-03-06,1177239.1500668828
2013-03-07,978707.613287371
2013-03-08,417462.7444669713
2013-03-09,421927.7267369054
2013-03-10,408095.1943168672
2013-03-11,648405.4485446303
2013-03-12,826606.6115928282
2013-03-13,846499.9857519296
2013-03-14,806568.6299202364
2013-03-15,526178.3588418834
2013-03-16,388026.32249702653
2013-03-17,330866.8635872725
2013-03-18,686020.1994871723
2013-03-19,1565716.737333123
2013-03-20,1310821.711438467
2013-03-21,1994054.9730041185
2013-03-22,1194382.8593423043
2013-03-23,1213952.2019549953
2013-03-24,675613.1133004896
2013-03-25,1026550.4810480907
2013-03-26,1368924.8141354064
2013-03-27,1260968.6525091599
2013-03-28,2144801.4657932087
2013-03-29,1726358.4924828967
2013-03-30,909006.8817027203
2013-03-31,824373.7374769907
2013-04-01,2522068.0619538347
2013-04-02,4912235.955141598
2013-04-03,5560355.094756008
2013-04-04,2822073.2354522715
2013-04-05,4020886.6075732172
2013-04-06,3340061.780162598
2013-04-07,2733712.2866722466
2013-04-08,4224932.879907045
2013-04-09,6493283.671042154
2013-04-10,7581615.583533219
2013-04-11,5345483.2809143355
2013-04-12,4656696.12210866
2013-04-13,2397912.755781765
2013-04-14,1486886.550086389
2013-04-15,3514947.7999953646
2013-04-16,2523608.834764489
2013-04-17,2129723.1346825412
2013-04-18,2683044.769224506
2013-04-19,2601835.5143777383
2013-04-20,1312007.8296486684
2013-04-21,1764636.3512818345
2013-04-22,1677541.6969064295
2013-04-23,1834002.4766933126
2013-04-24,3923971.929577254
2013-04-25,2983990.5689857663
2013-04-26,1874514.1296036914
2013-04-27,1783238.079136032
2013-04-28,1701488.2399551019
2013-04-29,2115682.3277105642
2013-04-30,2494117.398374657
2013-05-01,3219935.8514266415
2013-05-02,2745306.6883245297
2013-05-03,3158507.953191676
2013-05-04,1287934.4609435645
2013-05-05,1083476.2507073877
2013-05-06,2089134.896368096
2013-05-07,1659555.9067112557
2013-05-08,2070968.9083985335
2013-05-09,1000799.7477474014
2013-05-10,2253114.8186206394
2013-05-11,1092085.0453635787
2013-05-12,888194.1298939543
2013-05-13,1111467.463989662
2013-05-14,2045647.4577475335
2013-05-15,2164095.1031643855
2013-05-16,2718497.334579982
2013-05-17,1862222.4987219996
2013-05-18,1540796.612163522
2013-05-19,1181526.3351061451
2013-05-20,1078764.6805238405
2013-05-21,1548436.7544006924
2013-05-22,1568920.676380765
2013-05-23,1888312.7480226676
2013-05-24,2732091.278041802
2013-05-25,935113.6331677266
2013-05-26,937694.6234113141
2013-05-27,1404418.2594756116
2013-05-28,1308791.3966987147
2013-05-29,1398237.3096409298
2013-05-30,1332285.9446376895
2013-05-31,1082826.6124691153
2013-06-01,1039478.5143783356
2013-06-02,1857430.0658427153
2013-06-03,1977285.4560803457
2013-06-04,1499320.466605973
2013-06-05,1299132.317556409
2013-06-06,1177793.7446719322
2013-06-07,2454456.66358654
2013-06-08,1380858.8453084442
2013-06-09,2381437.0257698772
2013-06-10,1234777.2483496922
2013-06-11,1040866.3929468498
2013-06-12,1334728.7093884707
2013-06-13,1514064.6289700184
2013-06-14,1286114.4303127222
2013-06-15,699502.3838780557
2013-06-16,1104574.6785939198
2013-06-17,714350.7888197751
2013-06-18,1384972.6634800497
2013-06-19,985605.3065591131
2013-06-20,1933890.6394825259
2013-06-21,2274706.093716824
2013-06-22,1208982.414297879
2013-06-23,1033685.4349306243
2013-06-24,2015623.3696995967
2013-06-25,1457227.7423505418
2013-06-26,972634.1522406914
2013-06-27,1819234.2049062224
2013-06-28,1717410.451433728
2013-06-29,872393.3654767975
2013-06-30,1069159.9915816188
2013-07-01,3121173.5095472466
2013-07-02,1558647.0758084613
2013-07-03,2249867.737678921
2013-07-04,1670643.4230261983
2013-07-05,2540656.795465474
2013-07-06,1098346.918925569
2013-07-07,732410.3605723251
2013-07-08,1158297.8542871855
2013-07-09,1124201.9959422005
2013-07-10,2527800.5868252157
2013-07-11,1545111.7400709675
2013-07-12,2512546.0747828702
2013-07-13,1415193.2327771238
2013-07-14,750323.6744648837
2013-07-15,2171282.5404581637
2013-07-16,1491961.4192951312
2013-07-17,1357302.6891823777
2013-07-18,4151525.2068100707
2013-07-19,1292427.0431864639
2013-07-20,699013.6944070953
2013-07-21,538154.7159575905
2013-07-22,975047.4246460496
2013-07-23,1527129.8188148364
2013-07-24,1308801.5213662458
2013-07-25,1057067.4311394892
2013-07-26,1106338.027887205
2013-07-27,641939.2650862656
2013-07-28,891876.4133735744
2013-07-29,1685731.5673035393
2013-07-30,1713983.6791039454
2013-07-31,2470809.112746602
2013-08-01,1379043.520977208
2013-08-02,2103753.544098015
2013-08-03,979714.1450648804
2013-08-04,461770.733892816
2013-08-05,1409263.4209838596
2013-08-06,1284479.5681639866
2013-08-07,1553041.097854501
2013-08-08,2059726.2138340403
2013-08-09,1330381.0790760713
2013-08-10,847983.5400059294
2013-08-11,561857.1829848277
2013-08-12,1099875.5705267633
2013-08-13,1957391.5618117065
2013-08-14,2232852.1254723603
2013-08-15,1912839.3452241693
2013-08-16,1592820.3446755342
2013-08-17,890274.10321626
2013-08-18,1103965.872442925
2013-08-19,2554310.467064032
2013-08-20,2768894.7405504505
2013-08-21,2598162.9597112224
2013-08-22,2031528.085665236
2013-08-23,1523137.2309692432
2013-08-24,772017.3001829641
2013-08-25,1259369.0361061236
2013-08-26,2592452.2254603957
2013-08-27,2809056.087444922
2013-08-28,2117288.052483506
2013-08-29,1514568.0296967274
2013-08-30,2660119.8665532726
2013-08-31,2184838.1218701843
2013-09-01,1442509.432899053
2013-09-02,1959990.069742584
2013-09-03,2483141.625841214
2013-09-04,2723652.0719482163
2013-09-05,3686323.7624458997
2013-09-06,2979211.7564131073
2013-09-07,1742383.5404772053
2013-09-08,1062826.1218408842
2013-09-09,1715198.3942002184
2013-09-10,1653614.1923788022
2013-09-11,1575520.0787940642
2013-09-12,2248715.687648925
2013-09-13,1729272.8892865046
2013-09-14,1578828.9318017152
2013-09-15,801027.0331432607
2013-09-16,1868430.2735256066
2013-09-17,2435480.4528291486
2013-09-18,3578274.225982907
2013-09-19,2031623.4653203494
2013-09-20,1988483.3984074567
2013-09-21,973407.0880767358
2013-09-22,615392.6701642771
2013-09-23,2002386.8556625799
2013-09-24,2275622.5692244237
2013-09-25,2200252.724906019
2013-09-26,1843867.8809387214
2013-09-27,2212535.819053253
2013-09-28,2285110.4046144066
2013-09-29,1472929.8270403242
2013-09-30,2083242.5179580608
2013-10-01,4036200.0733462684
2013-10-02,6063340.584259319
2013-10-03,2804896.950370116
2013-10-04,2507935.5301669785
2013-10-05,1337100.0669250898
2013-10-06,722627.5061243495
2013-10-07,2113320.6559998845
2013-10-08,2629414.843719743
2013-10-09,3082935.880404276
2013-10-10,3660459.895912719
2013-10-11,2318077.8016895363
2013-10-12,2095198.010452435
2013-10-13,2664324.243845785
2013-10-14,5744677.419124796
2013-10-15,4886556.337923015
2013-10-16,3653826.002868326
2013-10-17,3598531.0758068915
2013-10-18,5459433.28403479
2013-10-19,6722775.097206723
2013-10-20,5480461.167419326
2013-10-21,8608139.290501613
2013-10-22,10542695.875028381
2013-10-23,6647200.052573138
2013-10-24,6427835.945527238
2013-10-25,6066637.992337814
2013-10-26,3048588.266766805
2013-10-27,2504512.8085385654
2013-10-28,2694564.4835056807
2013-10-29,3312842.4389478606
2013-10-30,6417786.749970571
2013-10-31,3470274.9571997887
2013-11-01,3536302.8912692415
2013-11-02,2041275.1785273594
2013-11-03,3408846.4213619535
2013-11-04,6792733.5866013095
2013-11-05,11934564.85099999
2013-11-06,8854876.577616706
2013-11-07,16152227.19055468
2013-11-08,16687888.959196616
2013-11-09,13682196.536298446
2013-11-10,9151137.116960423
2013-11-11,6311104.842472633
2013-11-12,9195846.833812123
2013-11-13,16087173.381568773
2013-11-14,13834329.133987755
2013-11-15,13638028.374555865
2013-11-16,9346365.405509852
2013-11-17,13626822.985726804
2013-11-18,37865651.05727004
2013-11-19,38195672.985469066
2013-11-20,25222122.907108836
2013-11-21,21251621.20792013
2013-11-22,27968446.796880327
2013-11-23,25849271.76051512
2013-11-24,15893628.87768097
2013-11-25,24558572.039073713
2013-11-26,51729291.75302318
2013-11-27,51031507.77364607
2013-11-28,90632806.12155063
2013-11-29,67480384.87648596
2013-11-30,37325512.10917228
2013-12-01,47650120.87130108
2013-12-02,39185679.36988803
2013-12-03,25556215.985719316
2013-12-04,37408476.41980266
2013-12-05,55890277.65197325
2013-12-06,36030614.04853142
2013-12-07,33159266.1145872
2013-12-08,23385654.381871525
2013-12-09,24483007.147078026
2013-12-10,45421309.62172829
2013-12-11,19700248.940668914
2013-12-12,22138051.212516878
2013-12-13,20925099.377939902
2013-12-14,11499382.847818937
2013-12-15,12569602.222909303
2013-12-16,33454368.49373779
2013-12-17,26541272.98671589
2013-12-18,45822258.265056476
2013-12-19,32886341.504673883
2013-12-20,19997484.254822638
2013-12-21,11309005.919107132
2013-12-22,15048806.961519336
2013-12-23,9048777.502730228
2013-12-24,20285413.572941445
2013-12-25,15642178.721636137
2013-12-26,13991855.008607099
2013-12-27,12604979.984166635
2013-12-28,7871296.591599252
2013-12-29,8319886.564435883
2013-12-30,22026307.4049844
2013-12-31,8502658.188788284
2014-01-01,8640414.166165011
2014-01-02,26310976.70056544
2014-01-03,44578267.539885156
2014-01-04,11847785.173658615
2014-01-05,24792120.42548858
2014-01-06,31223290.69709243
2014-01-07,20351419.668867726
2014-01-08,18022612.643934365
2014-01-09,12806790.733132016
2014-01-10,8396334.482820118
2014-01-11,13432408.50450787
2014-01-12,12944170.587597286
2014-01-13,17584274.296761844
2014-01-14,9580530.34750416
2014-01-15,14513863.836653104
2014-01-16,12762596.989429519
2014-01-17,13584462.751763603
2014-01-18,9026329.661291728
2014-01-19,11801443.521776844
2014-01-20,16905009.153255668
2014-01-21,18933655.455779843
2014-01-22,13866460.855424486
2014-01-23,14042646.878816754
2014-01-24,17732180.47717093
2014-01-25,10027047.249629823
2014-01-26,13369938.038694873
2014-01-27,22952992.810003955
2014-01-28,21496414.07446458
2014-01-29,13756015.988914108
2014-01-30,12586641.37504703
2014-01-31,10529346.646369556
2014-02-01,9074261.86698454
2014-02-02,10131553.822258469
2014-02-03,8267753.184588412
2014-02-04,10719441.39779452
2014-02-05,12192832.368389916
2014-02-06,14087604.232761592
2014-02-07,47837688.52355183
2014-02-08,13349753.148958761
2014-02-09,10880581.12578166
2014-02-10,30629966.484075822
2014-02-11,20409746.310305275
2014-02-12,11809546.93325267
2014-02-13,13277363.611071065
2014-02-14,21210134.714983474
2014-02-15,11139493.869787313
2014-02-16,22719834.069377247
2014-02-17,14761783.2157425
2014-02-18,15051371.492198292
2014-02-19,10782124.029693432
2014-02-20,16881751.893565338
2014-02-21,12137296.316231795
2014-02-22,13442716.233296681
2014-02-23,12149449.50442137
2014-02-24,34296631.194839746
2014-02-25,40051108.67324306
2014-02-26,17080043.64890917
2014-02-27,14015959.121435542
2014-02-28,10989682.006428117
2014-03-01,7136244.571047156
2014-03-02,6769433.395503832
2014-03-03,26840680.874550868
2014-03-04,30917609.656985078
2014-03-05,17877301.897323567
2014-03-06,13584283.256595785
2014-03-07,11930094.765631206
2014-03-08,11751976.38592601
2014-03-09,6796699.143911093
2014-03-10,14292176.886197688
2014-03-11,9243552.584062375
2014-03-12,16529457.81754715
2014-03-13,11759792.980587196
2014-03-14,9904065.340389486
2014-03-15,7655983.746381884
2014-03-16,6041020.174186664
2014-03-17,11708566.32635695
2014-03-18,11487968.121920737
2014-03-19,12559330.64770328
2014-03-20,17102575.86354766
2014-03-21,13495913.70236842
2014-03-22,9420409.919207962
2014-03-23,4520538.65458499
2014-03-24,12422026.186984727
2014-03-25,10990150.072065225
2014-03-26,12444309.578239039
2014-03-27,28010977.427541625
2014-03-28,23506399.748889558
2014-03-29,7437921.70213266
2014-03-30,15834461.45058744
2014-03-31,12551465.790890364
2014-04-01,13844165.638764612
2014-04-02,14091336.343980312
2014-04-03,13179438.333577981
2014-04-04,10512193.229992647
2014-04-05,7498640.551730453
2014-04-06,7987835.326336825
2014-04-07,7698160.1181869935
2014-04-08,6600211.740743935
2014-04-09,8902653.872093434
2014-04-10,21016161.9884964
2014-04-11,13142731.640308263
2014-04-12,5640248.768216564
2014-04-13,6120701.214436732
2014-04-14,11892801.647099715
2014-04-15,16060300.630096737
2014-04-16,20252048.44502522
2014-04-17,12245683.025357442
2014-04-18,8615669.540547159
2014-04-19,5605513.823628125
2014-04-20,4642167.587851279
2014-04-21,7000615.933906309
2014-04-22,8307712.90338181
2014-04-23,7269372.6327938195
2014-04-24,8219775.900132907
2014-04-25,15467612.47945649
2014-04-26,7656717.888248434
2014-04-27,7482955.946016314
2014-04-28,11408248.691662494
2014-04-29,10515690.259296983
2014-04-30,8411195.121736918
2014-05-01,7663281.140474471
2014-05-02,5460361.710401177
2014-05-03,4399559.740124593
2014-05-04,6888471.69989807
2014-05-05,8142659.4503602795
2014-05-06,7365137.309037941
2014-05-07,10318689.305911472
2014-05-08,6612568.03357475
2014-05-09,7063335.111230339
2014-05-10,5208782.373729452
2014-05-11,6924816.008210356
2014-05-12,6853539.419006753
2014-05-13,6934329.213762164
2014-05-14,8046566.092640101
2014-05-15,8968915.770706031
2014-05-16,8275089.877783968
2014-05-17,3350611.521487105
2014-05-18,4998466.183089859
2014-05-19,8049261.529732677
2014-05-20,16732918.855357954
2014-05-21,10023263.742945189
2014-05-22,16983502.694710165
2014-05-23,18472231.145207874
2014-05-24,5922930.557729052
2014-05-25,19290810.766698647
2014-05-26,14328173.706296917
2014-05-27,20323973.246782
2014-05-28,14852243.619523903
2014-05-29,10335368.023719579
2014-05-30,17819259.640393425
2014-05-31,14721941.586050024
2014-06-01,21634694.55024214
2014-06-02,19911704.141942315
2014-06-03,17134239.155608397
2014-06-04,15847981.847406266
2014-06-05,16826322.431909636
2014-06-06,10004948.312721245
2014-06-07,8804694.418277616
2014-06-08,8166811.6342978915
2014-06-09,9282092.6276403
2014-06-10,13750228.126853714
2014-06-11,9849098.168866314
2014-06-12,18073306.42938103
2014-06-13,18366527.099867914
2014-06-14,12534560.741144715
2014-06-15,6098985.113300891
2014-06-16,16097134.456294756
2014-06-17,9511409.760074409
2014-06-18,11259808.148085855
2014-06-19,13995592.422565011
2014-06-20,8882111.001144584
2014-06-21,7357688.407503176
2014-06-22,6108702.7431556145
2014-06-23,12278802.020101128
2014-06-24,10655169.829490414
2014-06-25,13733045.928028218
2014-06-26,10149933.960775748
2014-06-27,10743273.159463169
2014-06-28,6512940.401212057
2014-06-29,7355765.954044693
2014-06-30,18178062.426337123
2014-07-01,27494778.04970024
2014-07-02,17091772.579867348
2014-07-03,13273372.031498302
2014-07-04,11241625.135841263
2014-07-05,8116962.168689814
2014-07-06,5515954.359837818
2014-07-07,12515101.676124303
2014-07-08,9668154.580685526
2014-07-09,8746648.897623744
2014-07-10,12045718.298988651
2014-07-11,8705611.675388942
2014-07-12,11864535.55525333
2014-07-13,12035851.328184998
2014-07-14,9522058.660448957
2014-07-15,10620059.608220158
2014-07-16,14881576.96987804
2014-07-17,10110374.775749456
2014-07-18,14194947.781497534
2014-07-19,5928972.875932536
2014-07-20,6969054.216513124
2014-07-21,12247045.61662933
2014-07-22,12610269.681537895
2014-07-23,11375821.015443886
2014-07-24,15904670.628221422
2014-07-25,13174852.32177541
2014-07-26,8557378.411798377
2014-07-27,7372293.193222075
2014-07-28,13258641.653281892
2014-07-29,9386970.979471065
2014-07-30,13489189.351307748
2014-07-31,11562731.303113285
2014-08-01,12691379.612814011
2014-08-02,9013032.60524783
2014-08-03,5123115.403729876
2014-08-04,13028592.778995674
2014-08-05,14919943.271350358
2014-08-06,12575696.108199796
2014-08-07,10032552.576966424
2014-08-08,10560293.281559333
2014-08-09,6284051.629568594
2014-08-10,8754941.569590718
2014-08-11,10752929.7928306
2014-08-12,15448643.684182035
2014-08-13,17707784.144539893
2014-08-14,19943148.21595132
2014-08-15,18590708.467535257
2014-08-16,9815867.617987394
2014-08-17,16717075.609722747
2014-08-18,27293670.796694275
2014-08-19,15910875.43266193
2014-08-20,14196236.146921538
2014-08-21,20723153.30379497
2014-08-22,13022709.090336556
2014-08-23,7567279.34990619
2014-08-24,8013745.514053614
2014-08-25,19929031.102444325
2014-08-26,15771047.20608525
2014-08-27,14661224.094495982
2014-08-28,12537389.243887689
2014-08-29,11360691.878660675
2014-08-30,11298264.25325922
2014-08-31,9313493.60464158
2014-09-01,10477730.651153466
2014-09-02,13240673.927828178
2014-09-03,9406311.058553757
2014-09-04,13269589.02436223
2014-09-05,9983199.592972586
2014-09-06,8137942.071810013
2014-09-07,6954371.354209412
2014-09-08,10921843.440667884
2014-09-09,17190996.588642236
2014-09-10,14460602.34656963
2014-09-11,11156438.928448679
2014-09-12,9083003.768844474
2014-09-13,7012465.977973635
2014-09-14,7645440.172910288
2014-09-15,11056787.231818194
2014-09-16,10626658.020185158
2014-09-17,11660635.422155319
2014-09-18,18937931.485691357
2014-09-19,21080039.613879845
2014-09-20,11185877.50551227
2014-09-21,11866605.737348283
2014-09-22,10627598.891988905
2014-09-23,18781611.415889088
2014-09-24,14181102.2460955
2014-09-25,10842092.529261023
2014-09-26,13505874.757324373
2014-09-27,7298031.517388258
2014-09-28,10792339.884142866
2014-09-29,13714858.261833483
2014-09-30,11979136.330219721
2014-10-01,11378576.195262797
2014-10-02,11447919.190865915
2014-10-03,19955292.452713773
2014-10-04,17455005.65644877
2014-10-05,45994782.26063288
2014-10-06,19348663.119215578
2014-10-07,12258698.928940512
2014-10-08,17710585.224006847
2014-10-09,22084680.842616864
2014-10-10,16187515.753094075
2014-10-11,12239080.1032758
2014-10-12,7500123.614613868
2014-10-13,16165283.015376912
2014-10-14,17187811.757101353
2014-10-15,12127558.07287136
2014-10-16,12168942.93191516
2014-10-17,10408657.206989639
2014-10-18,8355334.846471069
2014-10-19,9063447.971947726
2014-10-20,11201394.29291031
2014-10-21,10741620.781390183
2014-10-22,21769280.497199234
2014-10-23,12342405.923557213
2014-10-24,11991455.873727025
2014-10-25,7704689.594361679
2014-10-26,6973664.79108324
2014-10-27,9797023.72519469
2014-10-28,11128297.517431697
2014-10-29,10734914.661563048
2014-10-30,12525989.11458215
2014-10-31,9177018.828616062
2014-11-01,7695204.17052487
2014-11-02,5876541.135028556
2014-11-03,9789073.890334873
2014-11-04,19721576.654746324
2014-11-05,12085551.068303544
2014-11-06,14553401.388093714
2014-11-07,13822205.802818438
2014-11-08,8223667.386982664
2014-11-09,10776848.39087215
2014-11-10,17526370.79274088
2014-11-11,11232675.73304385
2014-11-12,33489506.49087424
2014-11-13,34890303.22269826
2014-11-14,23060553.781059176
2014-11-15,15648035.259106437
2014-11-16,14188816.012281613
2014-11-17,24959000.480395265
2014-11-18,21082349.81834807
2014-11-19,16853457.129455395
2014-11-20,14030371.1176807
2014-11-21,12303955.880935155
2014-11-22,7925847.604578489
2014-11-23,8586005.860952312
2014-11-24,16629451.326835684
2014-11-25,16846978.319007277
2014-11-26,13119611.643416733
2014-11-27,8853800.649395876
2014-11-28,14415014.641969763
2014-11-29,13403602.082633281
2014-11-30,9087679.033316484
2014-12-01,11603106.059021998
2014-12-02,16380852.61696156
2014-12-03,14499299.549347283
2014-12-04,23472431.425114024
2014-12-05,18464832.76021343
2014-12-06,10520677.048091864
2014-12-07,9305963.7562342
2014-12-08,19547709.30365949
2014-12-09,13378758.255518543
2014-12-10,12455288.586752657
2014-12-11,14911812.551379995
2014-12-12,10137790.799462538
2014-12-13,9932136.673001051
2014-12-14,7084489.84675124
2014-12-15,11239831.52752846
2014-12-16,16256282.020802949
2014-12-17,18398493.12777937
2014-12-18,20135506.3115916
2014-12-19,13563945.799556749
2014-12-20,11716791.507102976
2014-12-21,8122035.810436632
2014-12-22,15550020.50259222
2014-12-23,17668102.31774384
2014-12-24,10170634.1752285
2014-12-25,10868884.093790306
2014-12-26,9720915.065379187
2014-12-27,10330667.63400811
2014-12-28,5755907.490894946
2014-12-29,10191662.05419825
2014-12-30,8418055.523673937
2014-12-31,10665861.368220357
2015-01-01,5242781.507112852
2015-01-02,6717779.221345865
2015-01-03,14423397.592527997
2015-01-04,17002621.56310752
2015-01-05,14223712.323900783
2015-01-06,10473478.78675865
2015-01-07,13340373.172681224
2015-01-08,11400809.006134069
2015-01-09,18221802.141938187
2015-01-10,15099983.097238014
2015-01-11,15964613.825942522
2015-01-12,19081788.15836747
2015-01-13,25115933.565036487
2015-01-14,26805853.08735452
2015-01-15,19951690.225546855
2015-01-16,15100106.236906799
2015-01-17,9547144.011516543
2015-01-18,10357764.021913022
2015-01-19,10279097.442335214
2015-01-20,11608188.327638282
2015-01-21,17767227.838253595
2015-01-22,15093655.864866711
2015-01-23,13589212.732796058
2015-01-24,10434021.433296843
2015-01-25,9909775.211075764
2015-01-26,28523473.68768726
2015-01-27,14110120.546529392
2015-01-28,13692391.985176167
2015-01-29,16010651.079983113
2015-01-30,12229382.462086791
2015-01-31,10303532.538157128
2015-02-01,7418896.90708087
2015-02-02,11280841.418601952
2015-02-03,12635197.06518149
2015-02-04,10134303.75722973
2015-02-05,10011610.860084178
2015-02-06,9899400.124047238
2015-02-07,8836304.088007793
2015-02-08,7763744.740988943
2015-02-09,10066128.26474799
2015-02-10,10426105.547214914
2015-02-11,11648935.666491864
2015-02-12,7256137.424023137
2015-02-13,17086911.751757316
2015-02-14,12679668.744298568
2015-02-15,10879895.506851466
2015-02-16,7891977.550375217
2015-02-17,9202722.938964993
2015-02-18,9033042.97943118
2015-02-19,7647395.510486312
2015-02-20,9345901.33737969
2015-02-21,5792358.664428095
2015-02-22,5407721.137082847
2015-02-23,10243622.421666209
2015-02-24,8073562.010026775
2015-02-25,9713522.679392362
2015-02-26,8579212.429183286
2015-02-27,17887122.426085968
2015-02-28,7430645.874540167
2015-03-01,7132797.6274551945
2015-03-02,15114220.746809427
2015-03-03,15838556.44931065
2015-03-04,12506229.48748871
2015-03-05,13409706.321248269
2015-03-06,12349824.523974005
2015-03-07,8617450.011536615
2015-03-08,7247212.036003844
2015-03-09,15837491.836455034
2015-03-10,17750890.698875047
2015-03-11,12666515.441524561
2015-03-12,13630539.29167402
2015-03-13,15206979.310517753
2015-03-14,8815725.925559513
2015-03-15,5394767.754312997
2015-03-16,10489644.294002738
2015-03-17,10657097.106615834
2015-03-18,18508076.42239571
2015-03-19,16776218.641672945
2015-03-20,11753158.099440625
2015-03-21,8780760.996597685
2015-03-22,7625425.808082553
2015-03-23,12394879.78695464
2015-03-24,14626917.029190214
2015-03-25,13711707.076634705
2015-03-26,14424413.515740272
2015-03-27,11653433.082982412
2015-03-28,8901920.345521584
2015-03-29,8695146.205149993
2015-03-30,10666971.550627239
2015-03-31,10410876.027555862
2015-04-01,9281546.984684626
2015-04-02,11037495.148030749
2015-04-03,10177667.210977526
2015-04-04,5686103.461053242
2015-04-05,7506806.446949019
2015-04-06,9018051.906893292
2015-04-07,11320328.791212928
2015-04-08,14200973.966751331
2015-04-09,10844712.453576315
2015-04-10,9801949.499824582
2015-04-11,8292147.9955996135
2015-04-12,6548553.444641196
2015-04-13,15463220.727765718
2015-04-14,14557882.865552444
2015-04-15,10688103.914914094
2015-04-16,12280618.327610826
2015-04-17,11952143.867740203
2015-04-18,8952653.449928945
2015-04-19,6482649.504262127
2015-04-20,10414134.612248689
2015-04-21,10802185.501241961
2015-04-22,10041752.29924994
2015-04-23,9031952.478870649
2015-04-24,10554173.597821657
2015-04-25,8311562.188890098
2015-04-26,10946199.389937216
2015-04-27,13852943.368651144
2015-04-28,11348781.949794099
2015-04-29,9429932.701511009
2015-04-30,13033144.915839491
2015-05-01,10039614.525466051
2015-05-02,5451687.003321826
2015-05-03,10314738.198914012
2015-05-04,12967837.042862736
2015-05-05,9490541.12819716
2015-05-06,10836623.829381026
2015-05-07,10077606.073141333
2015-05-08,13586241.542816171
2015-05-09,9208947.3353121
2015-05-10,6722978.5031983005
2015-05-11,13208661.852429878
2015-05-12,10564033.926681109
2015-05-13,14351018.64511028
2015-05-14,11324098.131124
2015-05-15,8684026.178682841
2015-05-16,6798188.867968119
2015-05-17,5290609.097933488
2015-05-18,10982136.402154716
2015-05-19,11193849.92476094
2015-05-20,11261824.56323563
2015-05-21,11408550.773984317
2015-05-22,14243014.798762597
2015-05-23,8141358.85313953
2015-05-24,7792277.104377576
2015-05-25,9850064.033378756
2015-05-26,11412396.66867635
2015-05-27,13292666.597947253
2015-05-28,10533968.797375098
2015-05-29,11953731.46793401
2015-05-30,9461267.445408178
2015-05-31,7663923.31796437
2015-06-01,14144184.811014598
2015-06-02,13152248.763814831
2015-06-03,12054610.132007293
2015-06-04,10783563.457303062
2015-06-05,11554587.785453431
2015-06-06,7945428.401431008
2015-06-07,7838922.997506317
2015-06-08,14789645.72904671
2015-06-09,12262053.195512177
2015-06-10,11330409.885458816
2015-06-11,10998428.239989337
2015-06-12,11700910.426994784
2015-06-13,9510891.066482067
2015-06-14,9968275.635019619
2015-06-15,15523614.888635391
2015-06-16,24312933.118521594
2015-06-17,22216504.815266125
2015-06-18,16040807.092017362
2015-06-19,26797712.528682638
2015-06-20,10122499.794808948
2015-06-21,7611080.729140411
2015-06-22,11583403.692251002
2015-06-23,11315037.606064344
2015-06-24,12869160.004136207
2015-06-25,11849812.616604654
2015-06-26,14495644.806129115
2015-06-27,11163576.986946343
2015-06-28,9209735.341587367
2015-06-29,19096881.52896305
2015-06-30,20890046.7458128
2015-07-01,17151212.49190993
2015-07-02,15290293.298006905
2015-07-03,12590691.322026378
2015-07-04,9317449.234087275
2015-07-05,19691425.848781716
2015-07-06,25985011.09236406
2015-07-07,19222603.8092005
2015-07-08,14706449.47217224
2015-07-09,23630365.24320976
2015-07-10,36373775.62233667
2015-07-11,20314057.40197352
2015-07-12,18980644.49644193
2015-07-13,19830117.40771163
2015-07-14,18113265.61272383
2015-07-15,17233666.315341108
2015-07-16,20021105.203399803
2015-07-17,13672303.134398853
2015-07-18,12692383.036646923
2015-07-19,10320868.404566877
2015-07-20,11293759.1467066
2015-07-21,13338387.505899418
2015-07-22,11657604.985595932
2015-07-23,14385206.76689648
2015-07-24,19753674.572933078
2015-07-25,11772588.205950145
2015-07-26,8302617.381348284
2015-07-27,14971609.548188904
2015-07-28,21194826.166182805
2015-07-29,14262364.314324265
2015-07-30,15396818.75130295
2015-07-31,15258511.58082115
2015-08-01,12522554.138704117
2015-08-02,9005612.705618171
2015-08-03,13576474.164877303
2015-08-04,18582228.91321099
2015-08-05,23402590.20422668
2015-08-06,19146874.892828457
2015-08-07,19003221.147402603
2015-08-08,22997326.714525845
2015-08-09,10812662.28908485
2015-08-10,16288052.179025365
2015-08-11,17065670.587979555
2015-08-12,19612450.603161454
2015-08-13,15527165.375957593
2015-08-14,26735049.920854688
2015-08-15,12507752.789682956
2015-08-16,20265915.065103114
2015-08-17,38049579.1602492
2015-08-18,29401936.431271397
2015-08-19,22261568.61057229
2015-08-20,22006521.59421113
2015-08-21,14067049.931031412
2015-08-22,12906174.494211849
2015-08-23,9732063.593321653
2015-08-24,26331631.267609317
2015-08-25,23903671.623580884
2015-08-26,19287320.297961265
2015-08-27,16643752.066265186
2015-08-28,20626712.772802357
2015-08-29,9155963.192485465
2015-08-30,6465829.00004188
2015-08-31,13035501.608264217
2015-09-01,14009767.897449601
2015-09-02,12938300.056091445
2015-09-03,17815581.337921478
2015-09-04,15065605.279227976
2015-09-05,12077837.984275814
2015-09-06,13401610.718296908
2015-09-07,11363991.10839805
2015-09-08,17135737.168069415
2015-09-09,18429719.031911705
2015-09-10,21403091.439903546
2015-09-11,15437332.066341195
2015-09-12,8689431.705699503
2015-09-13,11067786.50694274
2015-09-14,15932737.952464938
2015-09-15,17430430.109515116
2015-09-16,21930761.370893877
2015-09-17,16748511.221568132
2015-09-18,15252341.840186447
2015-09-19,9319940.065877479
2015-09-20,8550176.425588675
2015-09-21,18630800.860085208
2015-09-22,18527180.952181425
2015-09-23,11828455.993840998
2015-09-24,12302599.625406452
2015-09-25,16123789.123822091
2015-09-26,11120840.378014913
2015-09-27,6848988.1287051905
2015-09-28,19166861.08851257
2015-09-29,20443268.20758546
2015-09-30,15703945.05584694
2015-10-01,21783189.656676296
2015-10-02,20029424.16768266
2015-10-03,13535885.2830241
2015-10-04,10167543.466374025
2015-10-05,15051868.780149288
2015-10-06,17766970.118475493
2015-10-07,15269651.841910224
2015-10-08,22921786.80151329
2015-10-09,14156222.004641507
2015-10-10,11415479.252362847
2015-10-11,10591792.200170552
2015-10-12,18471439.709651772
2015-10-13,23280967.7434755
2015-10-14,24952534.16105012
2015-10-15,22009115.237906706
2015-10-16,29397209.841931004
2015-10-17,32723015.895677738
2015-10-18,16215647.051712062
2015-10-19,23954811.81914057
2015-10-20,24903898.8619483
2015-10-21,21295668.668847546
2015-10-22,26423915.30812257
2015-10-23,23159269.169198785
2015-10-24,21107392.522328682
2015-10-25,27666632.53779046
2015-10-26,27300158.98803679
2015-10-27,31995441.272974335
2015-10-28,38835673.78945264
2015-10-29,46781545.45418126
2015-10-30,54154981.9179248
2015-10-31,36639249.83809306
2015-11-01,38072215.123550996
2015-11-02,63745063.45603899
2015-11-03,82182565.31127173
2015-11-04,84140133.86956239
2015-11-05,77239943.34914799
2015-11-06,48862337.16003679
2015-11-07,43100750.817438684
2015-11-08,33960234.7940872
2015-11-09,51393755.74071246
2015-11-10,46103494.135951266
2015-11-11,52813038.55019516
2015-11-12,49995792.45062659
2015-11-13,41045948.02240929
2015-11-14,33740094.757737234
2015-11-15,35806417.338493325
2015-11-16,38138597.43089559
2015-11-17,36384421.292956546
2015-11-18,33232661.11175689
2015-11-19,34662775.90122464
2015-11-20,30363561.374591153
2015-11-21,25725866.7538397
2015-11-22,19488994.535094317
2015-11-23,23176033.950337373
2015-11-24,26230511.17493656
2015-11-25,34226034.88488385
2015-11-26,51697342.59572457
2015-11-27,37954446.491098076
2015-11-28,28991861.313855544
2015-11-29,28051060.131400105
2015-11-30,43469427.84625144
2015-12-01,73983358.0987357
2015-12-02,41072876.34338677
2015-12-03,30214194.91239513
2015-12-04,29109138.70740304
2015-12-05,52204774.75661137
2015-12-06,50341046.954868264
2015-12-07,43178914.07565195
2015-12-08,43745119.81271261
2015-12-09,53370822.25345636
2015-12-10,44233274.37748211
2015-12-11,56843837.26713309
2015-12-12,44553307.415427856
2015-12-13,40538181.109852746
2015-12-14,50373903.90079043
2015-12-15,58586685.68680767
2015-12-16,53906929.0467651
2015-12-17,43705217.6535223
2015-12-18,52238966.30984586
2015-12-19,45818790.99994432
2015-12-20,43717735.93495228
2015-12-21,56053642.67582891
2015-12-22,49426856.67640844
2015-12-23,52098784.97966251
2015-12-24,60166930.36327368
2015-12-25,38158087.32580732
2015-12-26,46174748.96532593
2015-12-27,16967364.195245277
2015-12-28,21476189.60209638
2015-12-29,22037873.11866804
2015-12-30,21502393.24343227
2015-12-31,24292706.901407916
2016-01-01,13923985.941805486
2016-01-02,11208768.486223986
2016-01-03,16503941.10133129
2016-01-04,19816246.054033656
2016-01-05,22585724.393959377
2016-01-06,18969855.137192577
2016-01-07,44092548.64045194
2016-01-08,31902849.414784394
2016-01-09,16551246.469670257
2016-01-10,15014136.547760593
2016-01-11,24473404.818414416
2016-01-12,22370280.035564918
2016-01-13,31850962.395580996
2016-01-14,21131680.921831023
2016-01-15,45483399.53591845
2016-01-16,31709971.172116954
2016-01-17,16888542.55042811
2016-01-18,21675796.346761815
2016-01-19,22764386.48426342
2016-01-20,47868731.32694674
2016-01-21,34953508.54277896
2016-01-22,37719036.51773754
2016-01-23,24073498.435445797
2016-01-24,27745933.55251303
2016-01-25,41517417.02369389
2016-01-26,33577056.257606715
2016-01-27,37215138.0381862
2016-01-28,27814466.42212397
2016-01-29,41043811.776335925
2016-01-30,24984211.72649806
2016-01-31,20744652.957104675
2016-02-01,36615547.042182006
2016-02-02,34094356.10284112
2016-02-03,29518981.272155024
2016-02-04,39728404.84329782
2016-02-05,39016918.05535695
2016-02-06,26112778.550097838
2016-02-07,18840321.278278384
2016-02-08,26478886.59508
2016-02-09,33167630.822549533
2016-02-10,50824815.37431029
2016-02-11,37438321.97148888
2016-02-12,35875597.561984986
2016-02-13,30060753.408561666
2016-02-14,36155846.25792451
2016-02-15,46459453.399173625
2016-02-16,39442171.50432988
2016-02-17,42727967.62574091
2016-02-18,44112795.36004225
2016-02-19,39219381.46952842
2016-02-20,44168875.39915496
2016-02-21,41785645.379116476
2016-02-22,41568080.63871312
2016-02-23,49718817.105887204
2016-02-24,38558663.09182111
2016-02-25,40668947.49661487
2016-02-26,48785523.33011214
2016-02-27,32547417.017793644
2016-02-28,58460562.82097587
2016-02-29,94890665.58228779
2016-03-01,91148607.4959831
2016-03-02,79600581.14687863
2016-03-03,63797354.367031224
2016-03-04,46278680.15927877
2016-03-05,65211857.63486287
2016-03-06,37668252.73346349
2016-03-07,46040215.7057707
2016-03-08,37114126.39383023
2016-03-09,39740202.64824265
2016-03-10,36316380.75644544
2016-03-11,38465864.945066534
2016-03-12,32764859.29323007
2016-03-13,26168616.53835965
2016-03-14,33108788.43240059
2016-03-15,34439305.672526635
2016-03-16,30184269.313689385
2016-03-17,33992914.66522079
2016-03-18,37525333.53453318
2016-03-19,23713934.873106375
2016-03-20,23761736.72052845
2016-03-21,29626988.67777096
2016-03-22,33777160.769849315
2016-03-23,28823318.555008844
2016-03-24,31215876.124960497
2016-03-25,23256494.414938524
2016-03-26,17254529.22236315
2016-03-27,26998620.195219528
2016-03-28,32726469.06820739
2016-03-29,34692876.7643479
2016-03-30,29432595.624885365
2016-03-31,30522001.68002348
2016-04-01,28768882.794078622
2016-04-02,25372104.737458043
2016-04-03,20249678.92850856
2016-04-04,26295441.947371352
2016-04-05,34391807.52787435
2016-04-06,29222621.424899563
2016-04-07,35724769.96467651
2016-04-08,29522038.688176274
2016-04-09,24176751.982977685
2016-04-10,26249718.377860777
2016-04-11,27938951.07645791
2016-04-12,37330396.159423344
2016-04-13,31295119.759472225
2016-04-14,22468435.976839166
2016-04-15,34315130.55488563
2016-04-16,21242538.224378258
2016-04-17,22635386.52337637
2016-04-18,28977563.864637263
2016-04-19,31282727.30634066
2016-04-20,36833355.50313685
2016-04-21,31691714.19183558
2016-04-22,30839046.433741726
2016-04-23,24954408.439945046
2016-04-24,28776245.345946837
2016-04-25,38259899.09112974
2016-04-26,44652299.928080894
2016-04-27,40986397.51626338
2016-04-28,38975669.58859272
2016-04-29,28005260.138907168
2016-04-30,22512635.28241111
2016-05-01,17429912.70074634
2016-05-02,30945149.452983912
2016-05-03,30199960.060370684
2016-05-04,48904470.64150626
2016-05-05,31782108.137334988
2016-05-06,34733692.66025351
2016-05-07,21644091.36833417
2016-05-08,16776242.480935164
2016-05-09,34500902.76418387
2016-05-10,38467442.24751681
2016-05-11,28726714.308258425
2016-05-12,31561130.8330988
2016-05-13,33730322.64778548
2016-05-14,24446654.543706674
2016-05-15,24895525.611606706
2016-05-16,32142116.96450082
2016-05-17,39745846.09867984
2016-05-18,40024526.12762581
2016-05-19,44803033.3865213
2016-05-20,40249701.24192477
2016-05-21,22144257.217594236
2016-05-22,20553044.39374207
2016-05-23,36953584.27171824
2016-05-24,39417188.064879075
2016-05-25,46002703.164769106
2016-05-26,45263342.8933639
2016-05-27,84994485.81408525
2016-05-28,78493154.9209833
2016-05-29,62818056.07149176
2016-05-30,52861506.13881599
2016-05-31,60989162.71030315
2016-06-01,51326581.52045913
2016-06-02,37744478.918976866
2016-06-03,41753325.90756256
2016-06-04,35087678.034959234
2016-06-05,29492835.31434904
2016-06-06,39776090.115539335
2016-06-07,49491536.232479714
2016-06-08,49041597.09677649
2016-06-09,48719810.7732637
2016-06-10,36156052.727874026
2016-06-11,45704483.58362828
2016-06-12,77892304.57579015
2016-06-13,119216705.53991593
2016-06-14,66094310.516136386
2016-06-15,65208433.69451759
2016-06-16,87171972.7770005
2016-06-17,79850183.54675597
2016-06-18,54010445.9691018
2016-06-19,35516655.32271314
2016-06-20,54905653.300242685
2016-06-21,109890528.00526418
2016-06-22,82209095.48390171
2016-06-23,74333225.57451566
2016-06-24,58817881.62382433
2016-06-25,43668731.0000089
2016-06-26,40186421.13653717
2016-06-27,47431434.0751578
2016-06-28,57466860.85400301
2016-06-29,38686093.28997779
2016-06-30,48918541.946341015
2016-07-01,46411238.21637167
2016-07-02,34045095.4909456
2016-07-03,37792257.86075875
2016-07-04,45799377.02042538
2016-07-05,47894961.559283026
2016-07-06,43929705.01090176
2016-07-07,45031629.98824079
2016-07-08,60012982.042298086
2016-07-09,30400947.96464827
2016-07-10,25913401.13152504
2016-07-11,33440423.15665093
2016-07-12,46078358.49799444
2016-07-13,48475742.6660873
2016-07-14,43589722.05162039
2016-07-15,36716764.95472667
2016-07-16,22652829.569525667
2016-07-17,36286278.158163436
2016-07-18,44868983.169191
2016-07-19,33192606.679722384
2016-07-20,38431013.932787426
2016-07-21,27962709.446485814
2016-07-22,41262582.505037196
2016-07-23,26357540.799569845
2016-07-24,26888891.405461498
2016-07-25,33622846.73910379
2016-07-26,45462691.76801321
2016-07-27,40693753.126613714
2016-07-28,44098873.84356092
2016-07-29,35667723.456136994
2016-07-30,19491358.28394519
2016-07-31,39998288.94198027
2016-08-01,46289746.202858195
2016-08-02,59497979.56550591
2016-08-03,47663128.42409217
2016-08-04,42298678.94477812
2016-08-05,33337125.75681181
2016-08-06,23174863.259807777
2016-08-07,27845673.426798392
2016-08-08,28031671.409916293
2016-08-09,30119481.137054116
2016-08-10,29892399.83337428
2016-08-11,40606056.52993904
2016-08-12,31284025.196975604
2016-08-13,18394277.690603405
2016-08-14,21869085.812703855
2016-08-15,28097651.201283034
2016-08-16,36258677.19833537
2016-08-17,29519317.400007695
2016-08-18,25590049.265206665
2016-08-19,28949876.38535296
2016-08-20,17809383.529984128
2016-08-21,14901119.818862667
2016-08-22,32322402.34741558
2016-08-23,35493990.53740927
2016-08-24,28745190.520651575
2016-08-25,27533509.506749853
2016-08-26,23302097.150077447
2016-08-27,16405979.532359371
2016-08-28,17654485.88768872
2016-08-29,30386924.762908716
2016-08-30,30187188.688430328
2016-08-31,41811898.15988657
2016-09-01,33639688.770929284
2016-09-02,30044766.958244946
2016-09-03,27748720.561252248
2016-09-04,29880784.94157879
2016-09-05,32323507.664795794
2016-09-06,32644902.13226689
2016-09-07,30928157.895536855
2016-09-08,35283803.742725216
2016-09-09,26663100.533131327
2016-09-10,17353946.08209125
2016-09-11,24340204.25679393
2016-09-12,21803102.462254353
2016-09-13,31574591.493243393
2016-09-14,22790275.455853064
2016-09-15,27164534.461714175
2016-09-16,24230347.54818314
2016-09-17,16608410.002728118
2016-09-18,19094090.974806078
2016-09-19,33689114.891419694
2016-09-20,29796907.222421564
2016-09-21,33729902.07245762
2016-09-22,24588965.12438548
2016-09-23,27735393.380516443
2016-09-24,14662226.1897172
2016-09-25,14849384.14995043
2016-09-26,26108050.510689653
2016-09-27,22607812.234601855
2016-09-28,33223532.45324424
2016-09-29,25150639.336810566
2016-09-30,29589056.204477638
2016-10-01,18636521.160864662
2016-10-02,12835423.364457734
2016-10-03,22636497.85458654
2016-10-04,28580796.518402703
2016-10-05,29615715.443464093
2016-10-06,25360949.535048436
2016-10-07,24142941.47463001
2016-10-08,17567283.683143876
2016-10-09,19553108.168049287
2016-10-10,25722723.273233816
2016-10-11,47250920.08123893
2016-10-12,40889141.533713475
2016-10-13,28876081.59221562
2016-10-14,30166973.312985066
2016-10-15,26553819.861309182
2016-10-16,20777540.830299273
2016-10-17,25747262.353334088
2016-10-18,34276774.153320484
2016-10-19,29445735.10530966
2016-10-20,32047463.75403479
2016-10-21,28566145.709778443
2016-10-22,24351745.41549341
2016-10-23,21282738.83161901
2016-10-24,42243240.1391336
2016-10-25,37774709.51016999
2016-10-26,35880294.06171261
2016-10-27,64116886.3961861
2016-10-28,31183150.566126123
2016-10-29,37649809.06242977
2016-10-30,24791313.31324713
2016-10-31,40477786.45611138
2016-11-01,54005858.03940941
2016-11-02,39405194.91421223
2016-11-03,54914979.621160276
2016-11-04,39890014.96894738
2016-11-05,26071254.569471065
2016-11-06,21636200.646428697
2016-11-07,37135952.46314087
2016-11-08,44612581.4071659
2016-11-09,52839596.61440335
2016-11-10,35390593.47106464
2016-11-11,27330772.39404231
2016-11-12,20798500.808457907
2016-11-13,23516629.5061332
2016-11-14,35646935.66563416
2016-11-15,35677973.26157743
2016-11-16,65291152.93890161
2016-11-17,58654074.29945847
2016-11-18,39856336.732821755
2016-11-19,27133410.595848083
2016-11-20,26486329.447135918
2016-11-21,41491190.62391516
2016-11-22,43411618.73022646
2016-11-23,43789257.817456506
2016-11-24,52583866.34347607
2016-11-25,35182228.257735506
2016-11-26,26174871.503354274
2016-11-27,20323814.616241943
2016-11-28,32214196.019819602
2016-11-29,34920923.593521796
2016-11-30,33878091.1976843
2016-12-01,45870301.826469354
2016-12-02,61656345.893093765
2016-12-03,28995111.16212846
2016-12-04,17337969.85650656
2016-12-05,50377335.45050347
2016-12-06,40463623.579216115
2016-12-07,47578259.58275045
2016-12-08,38113252.69400387
2016-12-09,40552892.103365526
2016-12-10,23603180.042680517
2016-12-11,18604844.882942073
2016-12-12,37463238.16037066
2016-12-13,36454890.54592345
2016-12-14,35464401.373176984
2016-12-15,40753201.53004287
2016-12-16,37911255.6892452
2016-12-17,29941625.109963957
2016-12-18,20599755.3857603
2016-12-19,32348203.227172628
2016-12-20,40719825.750890546
2016-12-21,49900773.00340369
2016-12-22,63755652.72631966
2016-12-23,90748144.59131896
2016-12-24,44313709.63688476
2016-12-25,38931660.315135
2016-12-26,39137994.62081361
2016-12-27,53054041.942634694
2016-12-28,70163992.50820388
2016-12-29,59602731.17284951
2016-12-30,64276847.01823402
2016-12-31,36053832.3464006
2017-01-01,33093155.270190734
2017-01-02,52117235.30418339
2017-01-03,69789793.02834487
2017-01-04,116665519.66476703
2017-01-05,120589998.56243508
2017-01-06,79323492.84828167
2017-01-07,61587116.64965389
2017-01-08,41403488.84521764
2017-01-09,50962311.70636029
2017-01-10,56441239.03969318
2017-01-11,112121185.31397863
2017-01-12,66800841.945509546
2017-01-13,44722373.517599076
2017-01-14,31619839.20749202
2017-01-15,28021553.064967345
2017-01-16,38854436.22450081
2017-01-17,59521791.06346417
2017-01-18,49248142.46611085
2017-01-19,45157540.46998133
2017-01-20,51161204.447207555
2017-01-21,32230042.682758827
2017-01-22,31259793.09374965
2017-01-23,45925831.32679767
2017-01-24,41032443.59406734
2017-01-25,39454419.460521705
2017-01-26,36536205.24548519
2017-01-27,34010767.66948914
2017-01-28,21094024.15355898
2017-01-29,17674355.773757037
2017-01-30,26147050.501365054
2017-01-31,39395161.56059978
2017-02-01,45959704.018199176
2017-02-02,38445775.282427765
2017-02-03,51960200.12255736
2017-02-04,34547012.210882366
2017-02-05,27407457.64297641
2017-02-06,40635260.836479254
2017-02-07,47749996.83830171
2017-02-08,46005448.789591976
2017-02-09,87439743.79307559
2017-02-10,43203565.55939007
2017-02-11,31777626.55118638
2017-02-12,14432819.111757342
2017-02-13,36367645.18724792
2017-02-14,37856099.757630855
2017-02-15,29862575.452876907
2017-02-16,43380224.139313765
2017-02-17,35948908.664725624
2017-02-18,21319520.197464306
2017-02-19,18303023.529407233
2017-02-20,28645925.13109556
2017-02-21,46411799.81894809
2017-02-22,36936249.3964151
2017-02-23,57451784.88549463
2017-02-24,60336693.95875303
2017-02-25,32105447.383309577
2017-02-26,23705882.405556716
2017-02-27,36576519.79993702
2017-02-28,46547051.8800348
2017-03-01,49463029.83285678
2017-03-02,86275539.53491133
2017-03-03,86438358.05276701
2017-03-04,63612618.167711236
2017-03-05,34125851.86828513
2017-03-06,51023100.30961044
2017-03-07,56120529.78785726
2017-03-08,60715072.941064626
2017-03-09,48875112.29056041
2017-03-10,63622556.71627622
2017-03-11,50518635.32470038
2017-03-12,43021002.63682481
2017-03-13,63033577.37094768
2017-03-14,60326533.93439136
2017-03-15,72565650.72145104
2017-03-16,132399498.66210453
2017-03-17,133245793.67176516
2017-03-18,105371707.58219355
2017-03-19,62032372.762905054
2017-03-20,62625616.57250202
2017-03-21,71161097.23231412
2017-03-22,78125289.6802239
2017-03-23,63392556.307688795
2017-03-24,159295413.91771308
2017-03-25,71370910.89846598
2017-03-26,52079161.21757651
2017-03-27,83558876.28402023
2017-03-28,61803481.742614366
2017-03-29,55028088.496895395
2017-03-30,81842385.31055093
2017-03-31,100608137.42533773
2017-04-01,53614840.25991888
2017-04-02,72739367.4674186
2017-04-03,72327523.7036959
2017-04-04,65271996.92493643
2017-04-05,63761694.29436889
2017-04-06,73094955.76276594
2017-04-07,80319493.0852133
2017-04-08,31327573.51311433
2017-04-09,46562499.749972746
2017-04-10,50875660.60308425
2017-04-11,63913221.97925103
2017-04-12,51045835.90612953
2017-04-13,64883419.100089535
2017-04-14,85248225.01885413
2017-04-15,67663913.43293361
2017-04-16,37711727.43756837
2017-04-17,45140986.91911504
2017-04-18,55776031.87945087
2017-04-19,63228958.016997255
2017-04-20,63256582.309942804
2017-04-21,59375780.52989806
2017-04-22,44049238.623692825
2017-04-23,42226334.772692226
2017-04-24,46552205.89234583
2017-04-25,67861949.66583663
2017-04-26,72408840.29071857
2017-04-27,81001961.30706538
2017-04-28,98933584.9997171
2017-04-29,71603733.8776726
2017-04-30,64953996.55413591
2017-05-01,110816875.08586816
2017-05-02,103856539.4721746
2017-05-03,96585839.3275754
2017-05-04,150547316.48837173
2017-05-05,125852839.501535
2017-05-06,107653872.11459318
2017-05-07,103741108.18103364
2017-05-08,188140931.35359997
2017-05-09,163795255.46963313
2017-05-10,162752296.24695593
2017-05-11,156798361.32618135
2017-05-12,124675651.88945726
2017-05-13,93973205.53105877
2017-05-14,72924390.80785264
2017-05-15,122118465.02230732
2017-05-16,174662899.14545015
2017-05-17,242433755.8511167
2017-05-18,190771173.6962126
2017-05-19,211184634.4192879
2017-05-20,173532351.78900772
2017-05-21,159453005.3903272
2017-05-22,251754769.06418386
2017-05-23,237066415.41138417
2017-05-24,319575366.1015603
2017-05-25,362024279.16730756
2017-05-26,244437106.9776872
2017-05-27,186362948.54166356
2017-05-28,126728508.8143185
2017-05-29,121589111.51210393
2017-05-30,222588240.39857775
2017-05-31,194434472.81149155
2017-06-01,248408087.47721797
2017-06-02,176439551.06869897
2017-06-03,204800449.21652824
2017-06-04,151469203.8185291
2017-06-05,219850631.92768076
2017-06-06,231294751.27532285
2017-06-07,199953652.921628
2017-06-08,192394402.1933137
2017-06-09,166848674.1738499
2017-06-10,193946798.699536
2017-06-11,201096330.77654707
2017-06-12,233187907.2683772
2017-06-13,226553639.19825533
2017-06-14,213588475.6154341
2017-06-15,213648593.04075342
2017-06-16,189600675.92282978
2017-06-17,154972660.3006814
2017-06-18,145780936.89926288
2017-06-19,160673597.81725076
2017-06-20,226978769.4837418
2017-06-21,206263552.96381247
2017-06-22,146046214.43124527
2017-06-23,127222720.2726845
2017-06-24,120395182.2272116
2017-06-25,143590796.50062296
2017-06-26,200181416.30370206
2017-06-27,192212227.03347862
2017-06-28,164198288.22861767
2017-06-29,140304428.6465988
2017-06-30,155183041.63382974
2017-07-01,121711025.40492749
2017-07-02,111703116.94451155
2017-07-03,141613643.75337943
2017-07-04,156611795.2833174
2017-07-05,146787328.23109162
2017-07-06,123120726.7819567
2017-07-07,156687114.77759957
2017-07-08,123174938.21358435
2017-07-09,148108629.1296793
2017-07-10,168315607.98584378
2017-07-11,183155189.64195323
2017-07-12,136001510.8662602
2017-07-13,111359293.24587224
2017-07-14,166741713.19396126
2017-07-15,131239962.9296114
2017-07-16,144135598.5138678
2017-07-17,163742814.01488128
2017-07-18,186468901.65639037
2017-07-19,153256993.45123598
2017-07-20,276303625.21931475
2017-07-21,177080808.29822618
2017-07-22,144205687.02463633
2017-07-23,103762671.57782033
2017-07-24,153729365.63668776
2017-07-25,203673094.79539204
2017-07-26,145102857.58880165
2017-07-27,201341243.92352363
2017-07-28,370451677.74122775
2017-07-29,179497658.45775032
2017-07-30,286880552.57334095
2017-07-31,361962427.70775366
2017-08-01,246279045.8780698
2017-08-02,328017850.08469445
2017-08-03,346660059.07240105
2017-08-04,277008628.3545266
2017-08-05,280135067.1426526
2017-08-06,201057106.6753255
2017-08-07,368008559.8760871
2017-08-08,435285551.6889957
2017-08-09,293714621.2878593
2017-08-10,358609884.6948387
2017-08-11,390845963.0693256
2017-08-12,395070816.1506234
2017-08-13,369970493.3970816
2017-08-14,439753531.4410934
2017-08-15,438971731.7982237
2017-08-16,495440917.3171433
2017-08-17,296837077.5656606
2017-08-18,492086700.9227778
2017-08-19,388623527.3493852
2017-08-20,356002659.502353
2017-08-21,416980789.5408097
2017-08-22,437806617.9864899
2017-08-23,408508037.1339948
2017-08-24,268904097.66262615
2017-08-25,247968656.3598256
2017-08-26,224435800.37441105
2017-08-27,245297794.279746
2017-08-28,365191721.9203193
2017-08-29,436519359.10490257
2017-08-30,331539227.8514928
2017-08-31,263576804.35229883
2017-09-01,318207937.45340407
2017-09-02,207394454.5534842
2017-09-03,199856458.1022725
2017-09-04,421936993.0224712
2017-09-05,364462926.01777047
2017-09-06,358090542.63278466
2017-09-07,271375553.61904234
2017-09-08,401425057.36006206
2017-09-09,205568606.7217401
2017-09-10,347796497.80389076
2017-09-11,259306726.15773264
2017-09-12,272696777.47571135
2017-09-13,290428818.422838
2017-09-14,330071457.4344704
2017-09-15,495777784.66815585
2017-09-16,177950377.32923624
2017-09-17,136845085.23080274
2017-09-18,288661662.8967572
2017-09-19,218068953.76666468
2017-09-20,164314278.07886785
2017-09-21,145843162.08325273
2017-09-22,146865583.1940174
2017-09-23,124477052.34301735
2017-09-24,112351463.38646814
2017-09-25,177800852.7436999
2017-09-26,145436081.9084895
2017-09-27,199936002.06148872
2017-09-28,266615249.64513385
2017-09-29,201910214.61428994
2017-09-30,131487983.7616986
2017-10-01,119131363.60368122
2017-10-02,184626490.88527846
2017-10-03,218913858.76805052
2017-10-04,175071434.23416927
2017-10-05,174194420.42943305
2017-10-06,173094059.60524932
2017-10-07,124415285.35050873
2017-10-08,156897572.5266188
2017-10-09,324364022.53819835
2017-10-10,229789481.9827225
2017-10-11,209519810.04241362
2017-10-12,301540856.6618421
2017-10-13,366549991.09193945
2017-10-14,210789003.34713507
2017-10-15,169313608.03600794
2017-10-16,186366621.79515097
2017-10-17,188859204.80512685
2017-10-18,216655513.77744913
2017-10-19,199360383.76422393
2017-10-20,291948479.02963334
2017-10-21,232182036.8272275
2017-10-22,245142204.4005601
2017-10-23,671876662.6005801
2017-10-24,522465903.77979845
2017-10-25,237880443.74670047
2017-10-26,213767138.17364624
2017-10-27,154223117.40053162
2017-10-28,147078880.4345475
2017-10-29,308722274.3284527
2017-10-30,279955726.71234125
2017-10-31,307276731.39255226
2017-11-01,357111200.4619996
2017-11-02,540773707.3469964
2017-11-03,341457265.2783473
2017-11-04,286885863.4888944
2017-11-05,255993209.63999134
2017-11-06,336081372.46706146
2017-11-07,425467979.9036717
2017-11-08,613239424.136968
2017-11-09,525259725.31266695
2017-11-10,523176817.49917454
2017-11-11,444943073.1534413
2017-11-12,917404455.5539873
2017-11-13,1391276345.2554328
2017-11-14,912876084.0103981
2017-11-15,1062987814.2327249
2017-11-16,1208265359.9613686
2017-11-17,1257010244.07315
2017-11-18,696579007.522861
2017-11-19,744638613.760158
2017-11-20,757160506.3444967
2017-11-21,781924378.8433536
2017-11-22,891163304.3956103
2017-11-23,815454331.2022783
2017-11-24,724904939.4394554
2017-11-25,516804755.995724
2017-11-26,535795546.6749239
2017-11-27,816408086.1263742
2017-11-28,858097581.0509744
2017-11-29,963879600.3233371
2017-11-30,870564413.953114
2017-12-01,736617368.3445371
2017-12-02,478291421.5281212
2017-12-03,527451086.04866767
2017-12-04,767254502.019591
2017-12-05,765761579.3580055
2017-12-06,1127740925.096436
2017-12-07,2058512413.2233417
2017-12-08,1627482642.6227517
2017-12-09,998936164.5331461
2017-12-10,894742885.6979926
2017-12-11,1212359104.2500925
2017-12-12,1321949758.7468503
2017-12-13,1062033551.3882476
2017-12-14,1089698959.9916902
2017-12-15,1225349324.5449548
2017-12-16,1002224693.3977512
2017-12-17,859462242.85905
2017-12-18,1124808197.3909261
2017-12-19,1179990615.0807915
2017-12-20,1468165576.4891555
2017-12-21,1055061536.1217493
2017-12-22,1497003257.9693065
2017-12-23,809955711.0722952
2017-12-24,646291116.1458585
2017-12-25,585521839.4382247
2017-12-26,833830271.8089614
2017-12-27,1021560587.4255489
2017-12-28,871580212.3630074
2017-12-29,1203942827.3584714
2017-12-30,879562883.0491557
2017-12-31,679120223.033355
2018-01-01,514637259.28255504
2018-01-02,1087287089.4340847
2018-01-03,856870938.450919
2018-01-04,1169130615.5571733
2018-01-05,1344461164.5159948
2018-01-06,1041043104.3574992
2018-01-07,969053823.8644581
2018-01-08,1054089851.201588
2018-01-09,884845764.2944739
2018-01-10,1103577176.5683851
2018-01-11,781132435.7520157
2018-01-12,840205844.1924909
2018-01-13,676359184.6522584
2018-01-14,510548191.6211641
2018-01-15,806640399.6055477
2018-01-16,1072374318.782401
2018-01-17,1059791876.9431425
2018-01-18,867373205.0353237
2018-01-19,759250486.6800847
2018-01-20,701403633.2044291
2018-01-21,380911884.9389242
2018-01-22,529663234.3206776
2018-01-23,511901739.27192515
2018-01-24,529807594.9745795
2018-01-25,518746563.60996205
2018-01-26,683814094.9652146
2018-01-27,290301510.74084365
2018-01-28,429651751.69066143
2018-01-29,435309997.4722261
2018-01-30,484275195.470653
2018-01-31,432285360.4792237
2018-02-01,814568732.1386025
2018-02-02,899032218.7506742
2018-02-03,334982935.94114715
2018-02-04,455620992.1302299
2018-02-05,598296787.251486
2018-02-06,768959923.9362289
2018-02-07,312221527.67825145
2018-02-08,400191288.0393103
2018-02-09,396526846.5048368
2018-02-10,390311442.76227355
2018-02-11,244171476.781965
2018-02-12,268453576.6857514
2018-02-13,305762066.7100469
2018-02-14,328337339.40996593
2018-02-15,374511202.47102046
2018-02-16,387619499.6300004
2018-02-17,261419327.55254084
2018-02-18,479559145.73387456
2018-02-19,325442448.52359325
2018-02-20,443242054.2493684
2018-02-21,462057887.8763311
2018-02-22,361813906.91494405
2018-02-23,449614266.67200094
2018-02-24,238717130.96875185
2018-02-25,208856266.40731007
2018-02-26,365294886.2091636
2018-02-27,384269790.29502743
2018-02-28,415731179.63849235
2018-03-01,468725841.1745499
2018-03-02,353525024.49320936
2018-03-03,237405445.61979222
2018-03-04,222571953.39594507
2018-03-05,379198298.8512198
2018-03-06,331562292.8625684
2018-03-07,397143368.1185474
2018-03-08,298074798.03181034
2018-03-09,452613349.0101342
2018-03-10,158121911.69177267
2018-03-11,235717418.78500986
2018-03-12,244354671.63836822
2018-03-13,313496125.4595159
2018-03-14,310065227.81192005
2018-03-15,364627794.1379298
2018-03-16,234478822.7612444
2018-03-17,149371875.03498217
2018-03-18,336981774.0013053
2018-03-19,358205183.873441
2018-03-20,288599867.4952208
2018-03-21,287927951.0199551
2018-03-22,237099639.8683543
2018-03-23,246413640.01904547
2018-03-24,185779873.1132208
2018-03-25,127657946.25733061
2018-03-26,298738392.9815425
2018-03-27,196984506.9722158
2018-03-28,206785435.81096566
2018-03-29,325533887.72343034
2018-03-30,359458773.1453312
2018-03-31,206446185.72807312
2018-04-01,170228636.2912395
2018-04-02,226155692.93076164
2018-04-03,491127617.7914822
2018-04-04,267484755.30043614
2018-04-05,347347830.0429455
2018-04-06,162681960.27286327
2018-04-07,154840742.20273
2018-04-08,114656578.77273718
2018-04-09,182573586.95407104
2018-04-10,195431488.74466282
2018-04-11,275790836.8574547
2018-04-12,462769445.3752592
2018-04-13,348657175.71554047
2018-04-14,211278944.8592489
2018-04-15,175650743.93909037
2018-04-16,214461985.12270582
2018-04-17,559570638.0644559
2018-04-18,297389266.4623798
2018-04-19,358177292.2746543
2018-04-20,568648224.4752288
2018-04-21,382837284.7104001
2018-04-22,266672687.54962885
2018-04-23,350525780.1175337
2018-04-24,895535193.5493377
2018-04-25,447941627.51446384
2018-04-26,387050104.7453171
2018-04-27,402233039.8375963
2018-04-28,567366649.1299982
2018-04-29,294503917.74159753
2018-04-30,330890547.6184462
2018-05-01,270880092.67700034
2018-05-02,279944564.6491696
2018-05-03,463086868.3955577
2018-05-04,436167196.2558646
2018-05-05,264745038.20697993
2018-05-06,285817883.86228806
2018-05-07,411134270.1265382
2018-05-08,360825130.8282805
2018-05-09,299635816.4037815
2018-05-10,369852088.24236333
2018-05-11,428702246.0490023
2018-05-12,249581187.37428892
2018-05-13,192643740.4820431
2018-05-14,347332158.4181083
2018-05-15,266084945.49946582
2018-05-16,268512941.5501228
2018-05-17,260105741.35176188
2018-05-18,310029485.1316771
2018-05-19,125628546.84333421
2018-05-20,154012381.14384758
2018-05-21,258643248.00070208
2018-05-22,222709188.04307687
2018-05-23,371974843.17342454
2018-05-24,347242471.042207
2018-05-25,209671813.18854722
2018-05-26,116330169.32982807
2018-05-27,106851111.01046889
2018-05-28,229649491.15701878
2018-05-29,314100136.2959108
2018-05-30,225595627.67039534
2018-05-31,239980573.3335621
2018-06-01,236263602.55050588
2018-06-02,164985285.10818782
2018-06-03,156921704.30500108
2018-06-04,227522911.1639126
2018-06-05,204347437.15078792
2018-06-06,228039867.88497776
2018-06-07,194909689.11164963
2018-06-08,182739349.60970452
2018-06-09,141419383.72249633
2018-06-10,229563133.76673278
2018-06-11,273178976.4072818
2018-06-12,238249430.3498306
2018-06-13,260346482.0361506
2018-06-14,272070324.8677732
2018-06-15,193485332.5941992
2018-06-16,98546168.51585539
2018-06-17,139030593.78614017
2018-06-18,180243468.92750815
2018-06-19,160651256.4558249
2018-06-20,165213294.94546115
2018-06-21,198969017.97231928
2018-06-22,270358591.1145063
2018-06-23,105453615.8072089
2018-06-24,166544863.7141014
2018-06-25,234123398.49523053
2018-06-26,159959752.58362243
2018-06-27,227467622.47861433
2018-06-28,191765814.53883737
2018-06-29,196539605.5270268
2018-06-30,148932045.72947246
2018-07-01,91493386.13088208
2018-07-02,205377021.34984082
2018-07-03,179483014.70606002
2018-07-04,144018477.17652595
2018-07-05,228941138.0249147
2018-07-06,214945977.72626847
2018-07-07,97568446.67199317
2018-07-08,92769246.43766464
2018-07-09,142747190.97826618
2018-07-10,197823916.0532846
2018-07-11,150551748.73458168
2018-07-12,143136295.3839309
2018-07-13,170825921.28822216
2018-07-14,66484722.132611
2018-07-15,85654557.52889904
2018-07-16,221834601.65092206
2018-07-17,254126285.34638736
2018-07-18,265487712.32144418
2018-07-19,206985767.65014327
2018-07-20,252230841.61125892
2018-07-21,130995425.0171179
2018-07-22,88443623.45667535
2018-07-23,273792177.62841195
2018-07-24,348254502.0197167
2018-07-25,273082450.57058865
2018-07-26,190715983.19108155
2018-07-27,221237725.25000262
2018-07-28,99915927.84723894
2018-07-29,95859671.86099507
2018-07-30,241694129.34667194
2018-07-31,261356235.31822455
2018-08-01,201489738.9193244
2018-08-02,180719688.67295298
2018-08-03,257403441.66828611
2018-08-04,121072419.54992929
2018-08-05,101437056.25944202
2018-08-06,144072978.6105379
2018-08-07,195920486.17288613
2018-08-08,246257765.04629934
2018-08-09,241198081.87272495
2018-08-10,164916689.13121286
2018-08-11,128858758.9246561
2018-08-12,93321288.67658578
2018-08-13,197270484.28200397
2018-08-14,269892078.9183884
2018-08-15,200837849.3953881
2018-08-16,144570140.0515524
2018-08-17,191472007.26796508
2018-08-18,94262266.63316886
2018-08-19,60934373.35536918
2018-08-20,144458179.2500139
2018-08-21,185113924.1291378
2018-08-22,224756955.4905388
2018-08-23,180020520.33553678
2018-08-24,205562332.279937
2018-08-25,115352533.80893216
2018-08-26,112623125.38992667
2018-08-27,199744743.81888008
2018-08-28,257234413.6761775
2018-08-29,219854473.7329727
2018-08-30,206619755.97447804
2018-08-31,224236442.6656879
2018-09-01,156964491.45048785
2018-09-02,123059796.87895988
2018-09-03,181026680.392601
2018-09-04,249370987.50131658
2018-09-05,265916838.0914122
2018-09-06,316965298.8316233
2018-09-07,172067228.49264205
2018-09-08,95461625.01775068
2018-09-09,112663679.30156969
2018-09-10,149872706.2957339
2018-09-11,156117648.73581177
2018-09-12,184113952.57378194
2018-09-13,423653727.92537147
2018-09-14,151294735.78388488
2018-09-15,100396345.5715948
2018-09-16,55591687.71822363
2018-09-17,127100076.10607673
2018-09-18,150899884.65448266
2018-09-19,150284907.7886671
2018-09-20,165725317.38770458
2018-09-21,267672155.25035265
2018-09-22,105736127.829508
2018-09-23,80298655.177139
2018-09-24,127606559.49008459
2018-09-25,155334638.2414871
2018-09-26,181358947.91149217
2018-09-27,180243845.0094797
2018-09-28,199492146.15119436
2018-09-29,88105742.58806686
2018-09-30,89795231.55076441
2018-10-01,161758724.89540565
2018-10-02,135875902.89939064
2018-10-03,174408789.67524472
2018-10-04,157619451.58937162
2018-10-05,114457560.31319132
2018-10-06,72269822.90435316
2018-10-07,68152960.05062379
2018-10-08,138461623.43562853
2018-10-09,143594018.17019403
2018-10-10,188295372.418923
2018-10-11,259436284.1479029
2018-10-12,222929501.19815916
2018-10-13,74647852.14202522
2018-10-14,93185037.87435374
2018-10-15,369626151.76443404
2018-10-16,184403479.2194655
2018-10-17,166491102.21358997
2018-10-18,200535378.8089565
2018-10-19,251221826.361343
2018-10-20,114680664.32302275
2018-10-21,68810902.10959709
2018-10-22,160214500.86693615
2018-10-23,179424794.84040573
2018-10-24,154476547.83948016
2018-10-25,225424156.87477273
2018-10-26,149575125.49287143
2018-10-27,90310908.71203987
2018-10-28,61711108.06408575
2018-10-29,213600769.03537753
2018-10-30,152961141.3402617
2018-10-31,184954295.99488145
2018-11-01,161898417.8013936
2018-11-02,325996340.13245034
2018-11-03,65509209.41785722
2018-11-04,89332763.6511098
2018-11-05,190002482.5246235
2018-11-06,233222247.5528893
2018-11-07,208452760.72819167
2018-11-08,196852299.83552128
2018-11-09,185703334.0954648
2018-11-10,73608980.4633824
2018-11-11,77402689.70717175
2018-11-12,170167007.8581548
2018-11-13,197587533.60423526
2018-11-14,307894278.09915745
2018-11-15,376842162.9855614
2018-11-16,233509388.33721566
2018-11-17,91837701.2018832
2018-11-18,88939160.18172522
2018-11-19,374307659.72917694
2018-11-20,446294742.7473126
2018-11-21,219429052.76003638
2018-11-22,150030809.562963
2018-11-23,172734531.62664828
2018-11-24,152785016.96337643
2018-11-25,255380492.02675307
2018-11-26,226824039.61632344
2018-11-27,220688892.679255
2018-11-28,295631929.0852539
2018-11-29,198680688.64312324
2018-11-30,543494773.9576372
2018-12-01,204541170.3161863
2018-12-02,86052239.22929674
2018-12-03,233926340.3426725
2018-12-04,231920031.83537373
2018-12-05,232316055.1238513
2018-12-06,233160105.91454524
2018-12-07,224226023.11742094
2018-12-08,103517832.35062297
2018-12-09,87504883.41037773
2018-12-10,154493866.7116321
2018-12-11,164428532.79240417
2018-12-12,168635652.27941883
2018-12-13,129911339.2768094
2018-12-14,128594957.26924556
2018-12-15,68654805.8636235
2018-12-16,64330987.01931212
2018-12-17,179337577.27039662
2018-12-18,179217508.08219022
2018-12-19,225182900.08225593
2018-12-20,246720779.689667
2018-12-21,202487700.78278282
2018-12-22,90063114.42038593
2018-12-23,112113944.3237842
2018-12-24,178788585.95095688
2018-12-25,106167597.05389851
2018-12-26,121588203.23368141
2018-12-27,137925387.17778152
2018-12-28,174577920.86620566
2018-12-29,113224400.63344428
2018-12-30,57032814.45425984
2018-12-31,88893124.42166556
2019-01-01,49800651.65621852
2019-01-02,113310021.39798535
2019-01-03,129535265.62460342
2019-01-04,123172568.8410122
2019-01-05,80806106.85283847
2019-01-06,72001111.92985441
2019-01-07,137944909.65491635
2019-01-08,130157262.52886166
2019-01-09,121293594.44127442
2019-01-10,154539999.46162394
2019-01-11,137212626.093218
2019-01-12,54741053.760515176
2019-01-13,50651543.88697797
2019-01-14,135464698.79264754
2019-01-15,145989098.79688728
2019-01-16,125895883.73682049
2019-01-17,112726160.6803738
2019-01-18,92118511.51489657
2019-01-19,61986215.95362491
2019-01-20,56596817.775594726
2019-01-21,99721493.59535445
2019-01-22,120131294.24473956
2019-01-23,110232901.64305092
2019-01-24,99723613.55531004
2019-01-25,94520789.84281765
2019-01-26,49151113.37045015
2019-01-27,53718970.181303546
2019-01-28,154603312.8600104
2019-01-29,111536798.82209864
2019-01-30,150059047.41210723
2019-01-31,127040743.24175632
2019-02-01,164955846.46736404
2019-02-02,52447500.60487876
2019-02-03,50065801.13512653
2019-02-04,80011649.86190745
2019-02-05,79421727.54713927
2019-02-06,101905199.63565902
2019-02-07,113035779.72482651
2019-02-08,151569450.6231035
2019-02-09,69983533.44306414
2019-02-10,59208965.094370216
2019-02-11,101495386.52397045
2019-02-12,113490041.29543974
2019-02-13,125716029.28155486
2019-02-14,94194200.6320799
2019-02-15,93781956.47482823
2019-02-16,63171798.296865776
2019-02-17,46394614.17910568
2019-02-18,146433550.88154772
2019-02-19,174432882.79919797
2019-02-20,130417547.5622845
2019-02-21,135768662.22627774
2019-02-22,131603476.8341768
2019-02-23,76822101.84604675
2019-02-24,110584626.56362401
2019-02-25,159778344.11063895
2019-02-26,121003752.32014617
2019-02-27,121717737.28125687
2019-02-28,385835722.6193463
2019-03-01,105827400.08219625
2019-03-02,62218538.26609055
2019-03-03,81629068.59733082
2019-03-04,146673488.501058
2019-03-05,128857993.6361493
2019-03-06,145171410.14640525
2019-03-07,126460416.01212034
2019-03-08,114040287.16726318
2019-03-09,86351162.22582118
2019-03-10,65538466.38980924
2019-03-11,138096043.77647376
2019-03-12,134139051.60552359
2019-03-13,148933774.5798099
2019-03-14,152997196.83577952
2019-03-15,118864074.48271169
2019-03-16,80471606.08985665
2019-03-17,50893960.74896785
2019-03-18,132184753.42613253
2019-03-19,143729716.4079243
2019-03-20,157003497.90027997
2019-03-21,136387814.5580688
2019-03-22,127039471.35387768
2019-03-23,70363717.19574149
2019-03-24,52106024.734580606
2019-03-25,128079233.55307041
2019-03-26,144326034.58437315
2019-03-27,170548279.64598122
2019-03-28,146968490.48209247
2019-03-29,173935658.99618313
2019-03-30,100815248.00073256
2019-03-31,93492758.57389225
2019-04-01,177102573.20154598
2019-04-02,491268212.2414982
2019-04-03,310112751.0487807
2019-04-04,284225963.5841828
2019-04-05,194271791.38415235
2019-04-06,106112763.47512797
2019-04-07,130579048.9931146
2019-04-08,284938614.5783764
2019-04-09,173114535.1238357
2019-04-10,225549244.16556743
2019-04-11,314257958.96506953
2019-04-12,176650921.45934078
2019-04-13,113589527.33834176
2019-04-14,139333942.4245603
2019-04-15,228799169.7676083
2019-04-16,182940445.5333867
2019-04-17,264464465.7117913
2019-04-18,243123017.15009362
2019-04-19,144555057.60205194
2019-04-20,98437427.55848664
2019-04-21,112607892.51413542
2019-04-22,157552407.9450328
2019-04-23,194510106.97160748
2019-04-24,267173762.13130054
2019-04-25,226945529.1547231
2019-04-26,273731980.3159326
2019-04-27,109630451.48135577
2019-04-28,119751476.03478631
2019-04-29,249737721.0531995
2019-04-30,236676441.86540458
2019-05-01,144526036.97685936
2019-05-02,179437496.20342976
2019-05-03,271840406.96089375
2019-05-04,154183443.97019133
2019-05-05,145778101.83798477
2019-05-06,171851458.75966462
2019-05-07,200790046.77395043
2019-05-08,203875579.85949087
2019-05-09,263554309.21551907
2019-05-10,239859850.2996707
2019-05-11,350709625.6787375
2019-05-12,239353368.37403288
2019-05-13,438711825.90873355
2019-05-14,424423014.7448629
2019-05-15,497327434.71902525
2019-05-16,385270053.4134743
2019-05-17,369167711.18429536
2019-05-18,136507644.4406214
2019-05-19,227859066.36041304
2019-05-20,288222544.9472562
2019-05-21,247574096.92875645
2019-05-22,222914126.0003402
2019-05-23,284791625.21936995
2019-05-24,310521964.83754677
2019-05-25,114430516.28158413
2019-05-26,197171043.81043798
2019-05-27,351295504.6006903
2019-05-28,310670785.62073386
2019-05-29,306017131.82911754
2019-05-30,333584430.0649344
2019-05-31,401024375.19627905
2019-06-01,184896900.2619333
2019-06-02,143682681.2215299
2019-06-03,305992626.9553493
2019-06-04,325966503.37703586
2019-06-05,276454690.2727512
2019-06-06,222547862.09789315
2019-06-07,225968796.87738276
2019-06-08,117568376.92743985
2019-06-09,94555116.07974191
2019-06-10,256672091.57911605
2019-06-11,246875485.47442263
2019-06-12,247465471.62556937
2019-06-13,261044971.32384416
2019-06-14,260790605.3832919
2019-06-15,189220772.12182269
2019-06-16,289550074.31589836
2019-06-17,383539595.9132778
2019-06-18,332692011.92652637
2019-06-19,460402003.6471377
2019-06-20,299099881.230262
2019-06-21,385936976.62388754
2019-06-22,458239266.64417225
2019-06-23,257399411.87124568
2019-06-24,402305385.69145024
2019-06-25,404304995.32312065
2019-06-26,996267891.673796
2019-06-27,678420627.2675406
2019-06-28,524178056.3731411
2019-06-29,275168181.29923064
2019-06-30,417816349.78801227
2019-07-01,450800320.28220177
2019-07-02,400630161.76998985
2019-07-03,362914387.2134658
2019-07-04,459603984.6798188
2019-07-05,268391381.08889687
2019-07-06,150310643.0396481
2019-07-07,152068250.9623323
2019-07-08,470427903.99999255
2019-07-09,426638944.0446281
2019-07-10,506374218.4061481
2019-07-11,516819563.03753304
2019-07-12,313425625.303142
2019-07-13,170712140.75519624
2019-07-14,209964846.19316313
2019-07-15,306748917.6753664
2019-07-16,380048719.1849516
2019-07-17,411290177.38695925
2019-07-18,480292353.5660308
2019-07-19,332976668.96469194
2019-07-20,172045892.40164807
2019-07-21,114980893.43659665
2019-07-22,265914237.95285475
2019-07-23,268212572.10437256
2019-07-24,229183067.83153144
2019-07-25,191363501.63585675
2019-07-26,175988984.01479828
2019-07-27,141822060.33243048
2019-07-28,102010232.76933476
2019-07-29,226165671.2889977
2019-07-30,237516590.79262465
2019-07-31,252557847.2023808
2019-08-01,257835998.80224478
2019-08-02,331906634.92602915
2019-08-03,157795163.9836591
2019-08-04,140333428.76217028
2019-08-05,478185287.1888045
2019-08-06,485608400.48052186
2019-08-07,362259128.45173246
2019-08-08,314184178.33318585
2019-08-09,323617268.4257658
2019-08-10,168775359.14204094
2019-08-11,109885066.50311844
2019-08-12,189332568.3624556
2019-08-13,211147457.8727481
2019-08-14,269220233.58207166
2019-08-15,301831702.6226878
2019-08-16,390662217.8301177
2019-08-17,127676807.80384304
2019-08-18,121695078.07992902
2019-08-19,242448695.66295716
2019-08-20,190978215.72605705
2019-08-21,239011134.97500563
2019-08-22,208366727.23842284
2019-08-23,204357749.0944833
2019-08-24,99643239.34077978
2019-08-25,104530511.33598274
2019-08-26,280918561.6912268
2019-08-27,218530197.60005644
2019-08-28,218781855.7553652
2019-08-29,233400975.2990039
2019-08-30,207665502.40206635
2019-08-31,106279983.08107542
2019-09-01,88976120.23902497
2019-09-02,272053815.45175046
2019-09-03,337106878.6671887
2019-09-04,243604262.95185995
2019-09-05,294660657.2314512
2019-09-06,276919721.596317
2019-09-07,137006693.5310932
2019-09-08,115347023.88538717
2019-09-09,394815279.33927315
2019-09-10,221423518.0366826
2019-09-11,218239861.16701853
2019-09-12,250494631.48725316
2019-09-13,217599246.81563926
2019-09-14,106807543.54531273
2019-09-15,99360773.37666878
2019-09-16,254716716.37342674
2019-09-17,269805946.3736177
2019-09-18,243210025.58276072
2019-09-19,290555987.52185464
2019-09-20,286583283.2090518
2019-09-21,123568997.84740035
2019-09-22,118267178.84453647
2019-09-23,209935652.56749502
2019-09-24,717008381.2181871
2019-09-25,497137158.8234572
2019-09-26,284121777.1985031
2019-09-27,262401423.41468963
2019-09-28,124787189.44359352
2019-09-29,94387972.11905052
2019-09-30,296306523.8450699
2019-10-01,201390952.7805541
2019-10-02,176227315.619763
2019-10-03,186493128.0063674
2019-10-04,180168959.78793186
2019-10-05,84443002.35158673
2019-10-06,108343196.17691125
2019-10-07,211738194.40159374
2019-10-08,216461549.70984074
2019-10-09,272668799.45843226
2019-10-10,252085773.52351406
2019-10-11,235231487.5489358
2019-10-12,87416715.95802577
2019-10-13,112038590.49200076
2019-10-14,1131333780.832114
2019-10-15,207830899.08175042
2019-10-16,246915057.3540503
2019-10-17,400111625.82662004
2019-10-18,186978600.2478353
2019-10-19,75895441.84733963
2019-10-20,80977774.89660275
2019-10-21,393737754.32026446
2019-10-22,207414892.77006695
2019-10-23,265584679.87839547
2019-10-24,220141062.93261483
2019-10-25,364338118.7509847
2019-10-26,413816509.384852
2019-10-27,178112368.51440886
2019-10-28,292383866.4740321
2019-10-29,259021091.32342884
2019-10-30,219051620.7742494
2019-10-31,214826240.87931865
2019-11-01,232716210.95830357
2019-11-02,92351606.22199541
2019-11-03,93553872.38567808
2019-11-04,248771696.14563802
2019-11-05,298574380.80647105
2019-11-06,235864569.677932
2019-11-07,235214709.49320114
2019-11-08,213364593.96441096
2019-11-09,89827520.62232248
2019-11-10,86483985.32846649
2019-11-11,176663988.0975471
2019-11-12,365726413.773485
2019-11-13,224716332.87337622
2019-11-14,204658335.114872
2019-11-15,226934333.3579302
2019-11-16,88053602.19176814
2019-11-17,84029017.47758575
2019-11-18,276875156.3034496
2019-11-19,254400544.96195295
2019-11-20,177297321.4833355
2019-11-21,263668736.84036928
2019-11-22,353349020.5493629
2019-11-23,139467254.59384266
2019-11-24,132773236.58847247
2019-11-25,379490256.9869712
2019-11-26,282856765.80598116
2019-11-27,241625792.30540404
2019-11-28,168715572.38911918
2019-11-29,193662042.83363935
2019-11-30,116651658.49974783
2019-12-01,76238548.11361715
2019-12-02,335907288.4051901
2019-12-03,196363812.6862405
2019-12-04,214786790.33159932
2019-12-05,194941008.9087821
2019-12-06,202052931.06233802
2019-12-07,93546883.7709718
2019-12-08,75282015.09011382
2019-12-09,259832423.716233
2019-12-10,293995863.25720656
2019-12-11,184339100.97637394
2019-12-12,183198800.1601939
2019-12-13,201978502.3262277
2019-12-14,85613078.35975048
2019-12-15,60047219.51207356
2019-12-16,214817840.30600587
2019-12-17,237116478.3824866
2019-12-18,315768938.1771153
2019-12-19,287368491.1431248
2019-12-20,219052777.67487392
2019-12-21,83945066.40047996
2019-12-22,85823087.58126621
2019-12-23,251849318.26404002
2019-12-24,134861081.3169816
2019-12-25,96599784.03252974
2019-12-26,151974946.7865334
2019-12-27,225364657.3401906
2019-12-28,99605882.50483474
2019-12-29,85771212.52234614
2019-12-30,210571744.8078832
2019-12-31,141800391.3497459
2020-01-01,80693523.99722832
2020-01-02,279146401.7905443
2020-01-03,216666040.39154914
2020-01-04,130594582.24770047
2020-01-05,73508053.6842539
2020-01-06,225051208.75834584
2020-01-07,266022946.8711053
2020-01-08,271938035.0991
2020-01-09,227419124.35212043
2020-01-10,279460974.9529646
2020-01-11,107299098.87441549
2020-01-12,72209962.22979395
2020-01-13,238965373.02899513
2020-01-14,521290743.95279205
2020-01-15,444069161.0713882
2020-01-16,250180267.73538142
2020-01-17,263279634.88343608
2020-01-18,130389651.33304174
2020-01-19,134070757.30180939
2020-01-20,208230851.22751337
2020-01-21,245495964.85373366
2020-01-22,255656417.0119228
2020-01-23,221365610.50674182
2020-01-24,227287040.4196245
2020-01-25,70461158.39108236
2020-01-26,118956185.43586081
2020-01-27,233057811.88337573
2020-01-28,379628526.5279455
2020-01-29,296590588.1246241
2020-01-30,277654483.54593325
2020-01-31,237874893.32233518
2020-02-01,117318311.65294734
2020-02-02,128561202.50955012
2020-02-03,276202335.80294806
2020-02-04,237210506.02278882
2020-02-05,333077961.47592634
2020-02-06,342761690.4850656
2020-02-07,281245939.8868205
2020-02-08,173420057.16191092
2020-02-09,222111626.6836948
2020-02-10,418370390.38785833
2020-02-11,384887509.3126293
2020-02-12,447802070.52600306
2020-02-13,382864816.61377376
2020-02-14,341693537.19946295
2020-02-15,220947942.88315526
2020-02-16,175662382.36495817
2020-02-17,316952159.59710926
2020-02-18,354159972.6319436
2020-02-19,311270880.85634005
2020-02-20,339718023.7035452
2020-02-21,250154197.63957027
2020-02-22,133417481.595806
2020-02-23,197777712.0766963
2020-02-24,308870782.23295754
2020-02-25,262374218.7682713
2020-02-26,388780840.5730599
2020-02-27,314144484.88326055
2020-02-28,305957580.9385927
2020-02-29,113962129.72090502
2020-03-01,112284786.61273956
2020-03-02,308411031.41568005
2020-03-03,260163316.00128627
2020-03-04,219391091.27003032
2020-03-05,285745952.73215777
2020-03-06,241928545.0812669
2020-03-07,117405597.52989627
2020-03-08,202564656.9250872
2020-03-09,597544197.0782378
2020-03-10,365205569.1669163
2020-03-11,288530336.1176757
2020-03-12,814650822.5417218
2020-03-13,1078959554.0206513
2020-03-14,355920510.49911857
2020-03-15,203092511.3216756
2020-03-16,478892984.19304943
2020-03-17,399746002.4140173
2020-03-18,245969996.22548762
2020-03-19,360659809.56749195
2020-03-20,452583125.6378878
2020-03-21,144504973.40617388
2020-03-22,136104388.059196
2020-03-23,291747720.4320182
2020-03-24,272539502.89212173
2020-03-25,234643169.2669562
2020-03-26,244603603.87603003
2020-03-27,273925208.2393577
2020-03-28,169679781.67400858
2020-03-29,190445904.9039782
2020-03-30,282501992.99751663
2020-03-31,187408443.77212405
2020-04-01,239846804.60936838
2020-04-02,295368874.88893217
2020-04-03,273649960.28407615
2020-04-04,116688213.38739419
2020-04-05,96881126.71349218
2020-04-06,400471165.4661899
2020-04-07,305499891.79148346
2020-04-08,254411002.35105425
2020-04-09,309955129.34112626
2020-04-10,267249728.83864704
2020-04-11,121695812.61997771
2020-04-12,125744140.59421436
2020-04-13,215709402.49018562
2020-04-14,199917167.46723983
2020-04-15,354433497.61641526
2020-04-16,440544886.3691769
2020-04-17,247050561.93015063
2020-04-18,144338600.82872158
2020-04-19,121845542.22650565
2020-04-20,249837963.05958557
2020-04-21,269901637.36824584
2020-04-22,232180232.6191151
2020-04-23,336543625.04936177
2020-04-24,354415478.40200657
2020-04-25,144344258.77221853
2020-04-26,163928613.58216646
2020-04-27,317400057.1339553
2020-04-28,301691569.9636058
2020-04-29,576183498.7233881
2020-04-30,554962982.9678564
2020-05-01,430441230.4976388
2020-05-02,166647926.20140317
2020-05-03,225392377.4443084
2020-05-04,315835430.5427073
2020-05-05,310330665.5680037
2020-05-06,346561801.5241552
2020-05-07,646018674.9282279
2020-05-08,539386933.4302711
2020-05-09,332276780.05544066
2020-05-10,303975346.8096647
2020-05-11,452465611.8950287
2020-05-12,322299163.146982
2020-05-13,434914011.59781474
2020-05-14,441066914.869124
2020-05-15,440162380.8311293
2020-05-16,184075598.63884172
2020-05-17,179469041.4645806
2020-05-18,452983209.7492968
2020-05-19,360268629.58987
2020-05-20,293174848.3126918
2020-05-21,445394748.1494487
2020-05-22,301580449.4814652
2020-05-23,137745685.63199696
2020-05-24,136398916.39812377
2020-05-25,268046224.3298033
2020-05-26,267513271.83759248
2020-05-27,311512148.91550475
2020-05-28,349870688.80730706
2020-05-29,359686132.7392607
2020-05-30,210732175.8011926
2020-05-31,197139082.70494542
2020-06-01,384563028.26299006
2020-06-02,710315932.116929
2020-06-03,394791989.44411165
2020-06-04,350241549.22129893
2020-06-05,411163175.19425464
2020-06-06,132834822.12245914
2020-06-07,136464058.36868083
2020-06-08,599974548.4074733
2020-06-09,268940351.6842398
2020-06-10,313628589.43426865
2020-06-11,407027544.94542265
2020-06-12,314349086.1236786
2020-06-13,148484242.41444632
2020-06-14,116781152.83651718
2020-06-15,323221001.6816119
2020-06-16,329900868.674931
2020-06-17,281096037.0452012
2020-06-18,239968356.55402127
2020-06-19,377819084.9312535
2020-06-20,141854180.13162884
2020-06-21,130917220.78062344
2020-06-22,340326863.2876052
2020-06-23,530835485.88359475
2020-06-24,335366996.0041736
2020-06-25,398193946.2427211
2020-06-26,292630411.40714496
2020-06-27,147891658.40938845
2020-06-28,141030485.47826886
2020-06-29,313152154.2391997
2020-06-30,248963037.43650022
2020-07-01,348207822.4813409
2020-07-02,309610967.3256139
2020-07-03,223572002.15672305
2020-07-04,161767111.60050985
2020-07-05,111863327.16175753
2020-07-06,331902785.2165056
2020-07-07,310013177.1761611
2020-07-08,572903503.8943753
2020-07-09,347579324.9995777
2020-07-10,328569468.0116794
2020-07-11,155310157.64877766
2020-07-12,109575017.274672
2020-07-13,315046111.7782764
2020-07-14,292728369.53108543
2020-07-15,340396221.6494329
2020-07-16,315474531.951069
2020-07-17,320969026.11964065
2020-07-18,150121138.00493595
2020-07-19,158158844.5619894
2020-07-20,303244679.22961146
2020-07-21,302246317.31935775
2020-07-22,431213008.136824
2020-07-23,446213657.95317656
2020-07-24,425355455.820101
2020-07-25,259938900.22153866
2020-07-26,310311980.5410839
2020-07-27,819178956.592499
2020-07-28,679684951.1865335
2020-07-29,514809072.8130173
2020-07-30,539445888.2789124
2020-07-31,536395693.61912996
2020-08-01,429828677.31671983
2020-08-02,345228003.62463874
2020-08-03,472959680.47185683
2020-08-04,355495463.7722427
2020-08-05,409867134.5099386
2020-08-06,525678369.0928351
2020-08-07,446973337.8283733
2020-08-08,276474763.97072506
2020-08-09,227754291.44308415
2020-08-10,529587561.4205385
2020-08-11,445790299.1904019
2020-08-12,398413195.32368493
2020-08-13,387717166.0211923
2020-08-14,592318123.739177
2020-08-15,209902294.35826716
2020-08-16,227094761.0886944
2020-08-17,730424661.6484069
2020-08-18,546416325.18327
2020-08-19,581326780.4641379
2020-08-20,462190368.97316974
2020-08-21,359161504.63523054
2020-08-22,210466093.57196105
2020-08-23,144169963.5078086
2020-08-24,343191787.27801186
2020-08-25,360753880.17033917
2020-08-26,426513063.52966505
2020-08-27,410870823.35353017
2020-08-28,461665496.3694508
2020-08-29,220443999.8801412
2020-08-30,252368939.2316691
2020-08-31,468827606.1432063
2020-09-01,554212483.3688583
2020-09-02,605992474.2220552
2020-09-03,618895832.8629138
2020-09-04,648802445.8075519
2020-09-05,385261354.7540099
2020-09-06,225678224.9744727
2020-09-07,384492243.7487084
2020-09-08,377783736.78229564
2020-09-09,382574646.56068784
2020-09-10,372510733.45018476
2020-09-11,383419166.94071543
2020-09-12,205075541.67461973
2020-09-13,169220708.36070633
2020-09-14,413210544.1228393
2020-09-15,396940940.97109264
2020-09-16,478305004.4006857
2020-09-17,420538735.9157307
2020-09-18,448777394.0437103
2020-09-19,219213596.81303626
2020-09-20,221928668.1845887
2020-09-21,418279967.0672246
2020-09-22,450160136.61786693
2020-09-23,667352151.39958
2020-09-24,405001291.243197
2020-09-25,431766081.2393294
2020-09-26,159279401.00024423
2020-09-27,209418776.5199515
2020-09-28,525924068.2255469
2020-09-29,519489191.7791766
2020-09-30,403652746.00562865
2020-10-01,444584776.8853103
2020-10-02,379286091.31124663
2020-10-03,214487931.5187471
2020-10-04,164383933.23670393
2020-10-05,347317579.66685563
2020-10-06,350001815.8534749
2020-10-07,401987234.0972853
2020-10-08,457103560.55986196
2020-10-09,503215699.6368831
2020-10-10,311681589.0039746
2020-10-11,168904795.71935585
2020-10-12,413069508.4495131
2020-10-13,356543023.51658434
2020-10-14,409450667.6898984
2020-10-15,316727096.538325
2020-10-16,447083129.96552014
2020-10-17,143199539.91625196
2020-10-18,120105524.74560538
2020-10-19,386915616.1902591
2020-10-20,387557131.669297
2020-10-21,718537919.7708844
2020-10-22,695456670.0186647
2020-10-23,416443116.0713442
2020-10-24,243162595.26258793
2020-10-25,175875254.96481794
2020-10-26,427934789.11616695
2020-10-27,427822684.9777608
2020-10-28,608088053.5444447
2020-10-29,563503761.326383
2020-10-30,540581768.8042942
2020-10-31,351635325.15934587
2020-11-01,234594647.6172503
2020-11-02,407842721.3821219
2020-11-03,576312325.7449416
2020-11-04,509531362.3386743
2020-11-05,1100483549.2898858
2020-11-06,879222078.4439914
2020-11-07,386157744.95780903
2020-11-08,240811828.62109438
2020-11-09,713736571.1851122
2020-11-10,740368492.7240137
2020-11-11,673889523.4933541
2020-11-12,727177667.8377088
2020-11-13,741710577.1536775
2020-11-14,369489936.66306907
2020-11-15,184616925.39446354
2020-11-16,669718859.8074832
2020-11-17,934389440.6975443
2020-11-18,1092392371.486985
2020-11-19,603751837.9895338
2020-11-20,1149787766.3677068
2020-11-21,497329137.76936114
2020-11-22,410362419.147123
2020-11-23,846527929.7920593
2020-11-24,1021682729.2521237
2020-11-25,988394428.0713814
2020-11-26,1347791205.500285
2020-11-27,1043597585.3137158
2020-11-28,334903998.5305278
2020-11-29,368679144.39443177
2020-11-30,1118400159.726543
2020-12-01,1125199889.034762
2020-12-02,718995395.6291386
2020-12-03,703103192.6160777
2020-12-04,735187944.8952557
2020-12-05,337142110.58817023
2020-12-06,234948685.96977794
2020-12-07,569448486.2434058
2020-12-08,590845552.0179468
2020-12-09,858086624.3640465
2020-12-10,888127032.4919202
2020-12-11,780702516.6528984
2020-12-12,689775615.0290493
2020-12-13,410663357.51489013
2020-12-14,750259875.2685907
2020-12-15,886073238.1977774
2020-12-16,1217887075.2496102
2020-12-17,1686941962.2857962
2020-12-18,1569080222.0477161
2020-12-19,743958093.6165544
2020-12-20,395374518.07302284
2020-12-21,1192602854.7711315
2020-12-22,1233813715.916125
2020-12-23,1266908739.9859009
2020-12-24,1216919822.3171575
2020-12-25,647628815.1971256
2020-12-26,756723617.9186006
2020-12-27,1438176079.723863
2020-12-28,1179165565.5176427
2020-12-29,1094160713.6751704
2020-12-30,1469104163.6642916
2020-12-31,1409915226.9012532
2021-01-01,1111052079.7005703
2021-01-02,2190849731.5486727
2021-01-03,1782612309.780376
2021-01-04,2228827993.8892393
2021-01-05,1679194083.5642207
2021-01-06,1846248817.6539698
2021-01-07,2854278651.7156034
2021-01-08,2755775263.189729
2021-01-09,1318832065.0768015
2021-01-10,1526544516.6930006
2021-01-11,2735018636.048131
2021-01-12,1840592630.352543
2021-01-13,1524378109.938521
2021-01-14,1846218121.306633
2021-01-15,3063126913.6493607
2021-01-16,786799889.8635733
2021-01-17,737276829.0762447
2021-01-18,1139945425.3128626
2021-01-19,2493217032.1488585
2021-01-20,1808307409.4373627
2021-01-21,1608605313.3353457
2021-01-22,1701955565.0749853
2021-01-23,642598228.6547987
2021-01-24,465973319.3374155
2021-01-25,1339127888.76075
2021-01-26,1224844546.269248
2021-01-27,1708618290.2368433
2021-01-28,2058429089.8641605
2021-01-29,3001623012.4306383
2021-01-30,1007353520.3577211
2021-01-31,844533846.6024226
2021-02-01,1297627876.5575922
2021-02-02,1338231504.0656822
2021-02-03,1489329608.9301672
2021-02-04,1763334598.7771003
2021-02-05,1941577383.2009027
2021-02-06,1288150512.6055791
2021-02-07,862897672.5720327
2021-02-08,3159642620.023839
2021-02-09,2557842713.4920225
2021-02-10,2173746213.9014854
2021-02-11,1755453547.3333433
2021-02-12,1820369075.2739193
2021-02-13,830240088.4395837
2021-02-14,1101306765.3789957
2021-02-15,1356116263.8037498
2021-02-16,1994779179.217516
2021-02-17,2714689284.812839
2021-02-18,1707677200.223873
2021-02-19,2852217033.689742
2021-02-20,2056758045.1796484
2021-02-21,3198822028.500439
2021-02-22,3221423299.793443
2021-02-23,3784980163.9998364
2021-02-24,2366919978.604657
2021-02-25,3532330387.595121
2021-02-26,2035289282.2260537
2021-02-27,974133376.7112336
2021-02-28,1195826888.2274826
2021-03-01,1609448447.037358
2021-03-02,1847216059.5777543
2021-03-03,1610825636.7579932
2021-03-04,1558636690.059163
2021-03-05,2790461418.2722
2021-03-06,1155846807.530865
2021-03-07,1086876442.0973663
2021-03-08,2161700862.6598086
2021-03-09,1947745250.8882957
2021-03-10,1839307847.7226257
2021-03-11,1774825504.9669194
2021-03-12,1719442649.6653423
2021-03-13,1658063814.333548
2021-03-14,2927113145.521705
2021-03-15,1970955505.5132914
2021-03-16,1997337507.2149086
2021-03-17,2101735891.80923
2021-03-18,2214905539.390287
2021-03-19,1650519964.4731336
2021-03-20,1167653194.3794312
2021-03-21,641862285.1439415
2021-03-22,1672655056.3253586
2021-03-23,3134309509.5803514
2021-03-24,1858193285.7190154
2021-03-25,2664090422.4120216
2021-03-26,2309789280.809516
2021-03-27,1078531066.2048936
2021-03-28,661851458.2841233
2021-03-29,2177198080.1155157
2021-03-30,1976936666.9080143
2021-03-31,2009576138.9219944
2021-04-01,2418809852.485136
2021-04-02,2079044813.6260612
2021-04-03,1106063081.4516587
2021-04-04,1055179851.2218143
2021-04-05,1747041427.3521554
2021-04-06,2615534070.37773
2021-04-07,2165975480.58945
2021-04-08,1673057350.5548086
2021-04-09,1575160651.3032553
2021-04-10,1982501461.3389747
2021-04-11,1544863296.9054022
2021-04-12,2239985620.2063737
2021-04-13,2906228841.400799
2021-04-14,2693100669.144676
2021-04-15,2023571930.3737676
2021-04-16,2458956128.8804927
2021-04-17,1135120471.8248553
2021-04-18,2660300672.0033193
2021-04-19,1927910545.7129204
2021-04-20,3272530160.7382407
2021-04-21,2721031730.091135
2021-04-22,3642866943.1062727
2021-04-23,3565517749.4227357
2021-04-24,1074138295.0299375
2021-04-25,1369015903.1621463
2021-04-26,2066066746.21896
2021-04-27,2086040518.9366028
2021-04-28,1712416437.923663
2021-04-29,1837172789.0247414
2021-04-30,2761538421.139722
2021-05-01,852909892.7297559
2021-05-02,693808276.2878956
2021-05-03,2127996157.6455894
2021-05-04,2134802678.089104
2021-05-05,2447425181.671037
2021-05-06,2165722662.1166377
2021-05-07,3078468561.2532516
2021-05-08,1520482327.9586143
2021-05-09,1571580510.1057694
2021-05-10,2689490404.42597
2021-05-11,2046543631.6687717
2021-05-12,3740021297.2545958
2021-05-13,4141383839.1795917
2021-05-14,2202541259.7897506
2021-05-15,1581369889.57025
2021-05-16,2217918217.7877607
2021-05-17,4065277357.5571976
2021-05-18,1692765680.8361056
2021-05-19,5427372508.281521
2021-05-20,2895477773.8898625
2021-05-21,2080196774.1386452
2021-05-22,1803215758.0078075
2021-05-23,1728242842.797443
2021-05-24,2303903819.0354795
2021-05-25,2089312060.5267498
2021-05-26,1723833936.9767044
2021-05-27,1422092336.043083
2021-05-28,2348934994.176955
2021-05-29,1000092915.2457541
2021-05-30,773424811.5896769
2021-05-31,1187188493.7097743
2021-06-01,931001819.4533494
2021-06-02,986132904.4201008
2021-06-03,1102832252.608169
2021-06-04,1055680579.4592633
2021-06-05,777358794.8477125
2021-06-06,545140005.1423452
2021-06-07,1434482936.5692506
2021-06-08,2500097311.646185
2021-06-09,2021043226.5447266
2021-06-10,1468189660.3292465
2021-06-11,1713542792.2884219
2021-06-12,683551687.7728256
2021-06-13,1059720440.6934108
2021-06-14,2229243584.205906
2021-06-15,2165352034.9511447
2021-06-16,2558179555.334806
2021-06-17,1719152508.9861152
2021-06-18,2342596565.8711405
2021-06-19,931698933.7238615
2021-06-20,984641140.8284203
2021-06-21,1937457497.149393
2021-06-22,2009752959.5899088
2021-06-23,1636694912.0474553
2021-06-24,1137565111.152415
2021-06-25,1334091215.1852682
2021-06-26,970471111.1738199
2021-06-27,776046868.9822407
2021-06-28,1074543187.575258
2021-06-29,1021436812.6033673
2021-06-30,953031676.9685191
2021-07-01,635395449.4059278
2021-07-02,782301213.5279748
2021-07-03,543933877.381119
2021-07-04,370765449.1565221
2021-07-05,820704840.8387704
2021-07-06,720939697.0890894
2021-07-07,676419423.9642366
2021-07-08,874126663.7085835
2021-07-09,918412222.8488151
2021-07-10,379036232.6712639
2021-07-11,486594652.50643086
2021-07-12,1013104448.7470804
2021-07-13,977859678.226092
2021-07-14,1020784171.8363675
2021-07-15,993396220.7873504
2021-07-16,773480713.3393891
2021-07-17,2901894783.526739
2021-07-18,929871052.3737264
2021-07-19,1022745429.4517385
2021-07-20,1025119558.3222506
2021-07-21,931313040.6271955
2021-07-22,898637024.9727044
2021-07-23,735547713.8123137
2021-07-24,561492859.5659586
2021-07-25,388267974.487884
2021-07-26,1906813694.847191
2021-07-27,1683584201.597911
2021-07-28,2942200633.5229697
2021-07-29,1142950496.9289007
2021-07-30,1125916131.16263
2021-07-31,577105416.3584665
2021-08-01,726731687.9294603
2021-08-02,1089656759.7087746
2021-08-03,1317467612.2974296
2021-08-04,945349130.7017891
2021-08-05,1237284385.247372
2021-08-06,2370768590.402432
2021-08-07,745308968.0442908
2021-08-08,1180205191.4012403
2021-08-09,1805482653.3178396
2021-08-10,1264980753.4575098
2021-08-11,1234947839.0873713
2021-08-12,1199078918.7759454
2021-08-13,1227835220.2899594
2021-08-14,834712888.2939355
2021-08-15,837718349.768337
2021-08-16,1050999576.8120371
2021-08-17,854504906.47822
2021-08-18,1381580284.7172775
2021-08-19,978601376.0907165
2021-08-20,1717123964.7946093
2021-08-21,1493075906.971852
2021-08-22,602767091.2903478
2021-08-23,2144111024.512446
2021-08-24,1064788053.4262748
2021-08-25,1491345678.5138328
2021-08-26,2196068836.6310506
2021-08-27,1053100405.5024655
2021-08-28,610826611.7078577
2021-08-29,609351698.9139574
2021-08-30,1164886277.3096867
2021-08-31,1416690536.1068172
2021-09-01,1637388816.4528074
2021-09-02,1739352844.3985991
2021-09-03,1108825628.8641977
2021-09-04,648273363.6102977
2021-09-05,736934130.0559024
2021-09-06,1156924541.2055726
2021-09-07,1902273707.2378004
2021-09-08,1381073453.4549718
2021-09-09,1205784708.0840182
2021-09-10,1307639785.7058127
2021-09-11,515996584.43413126
2021-09-12,443195636.77692693
2021-09-13,1340170809.1488023
2021-09-14,1050081295.0165755
2021-09-15,929644000.5895407
2021-09-16,1021648123.155391
2021-09-17,918566277.4134451
2021-09-18,554134165.9444797
2021-09-19,477672064.031584
2021-09-20,1553917690.2134023
2021-09-21,1078749037.4257925
2021-09-22,862543020.2979761
2021-09-23,855682493.3269852
2021-09-24,1335012697.3426144
2021-09-25,441900310.0225808
2021-09-26,1067955266.9868176
2021-09-27,858046002.2836752
2021-09-28,790407155.1480511
2021-09-29,788198139.9054271
2021-09-30,1105346222.3755202
2021-10-01,1204334953.3212516
2021-10-02,679616139.8937135
2021-10-03,649079351.505683
2021-10-04,1126765181.3899536
2021-10-05,1524332744.007783
2021-10-06,2070163046.875003
2021-10-07,1503347839.7862775
2021-10-08,1296260928.419782
2021-10-09,681746419.2866402
2021-10-10,609276028.8595498
2021-10-11,1258321693.3484967
2021-10-12,1787495938.9721453
2021-10-13,1412914869.027181
2021-10-14,1359737537.3436055
2021-10-15,2190228381.832172
2021-10-16,1375405963.905098
2021-10-17,802262418.3737684
2021-10-18,1915055735.7306678
2021-10-19,2525753155.179233
2021-10-20,1857903947.5244765
2021-10-21,3279294217.033209
2021-10-22,1470197763.551078
2021-10-23,1091539420.1076305
2021-10-24,725109923.7124622
2021-10-25,1185110168.7485583
2021-10-26,1371014302.8909335
2021-10-27,1651375185.747216
2021-10-28,2398481816.422591
2021-10-29,2082313445.8281612
2021-10-30,835538490.0637796
2021-10-31,852106287.2035377
2021-11-01,1458609423.3702695
2021-11-02,2098199421.2839453
2021-11-03,2245276146.104003
2021-11-04,1289484985.8272254
2021-11-05,1329443560.8211668
2021-11-06,741094411.8467587
2021-11-07,666121628.7764459
2021-11-08,2628277605.3874264
2021-11-09,1602363831.789185
2021-11-10,2033114051.0490558
2021-11-11,1330432658.2960997
2021-11-12,1520159257.7557065
2021-11-13,674977473.691963
2021-11-14,968172291.8105688
2021-11-15,1309529992.6100848
2021-11-16,1926246284.3825715
2021-11-17,1971425817.6039164
2021-11-18,3607130845.3722105
2021-11-19,2087156302.6521797
2021-11-20,842223686.1129518
2021-11-21,864666103.3683368
2021-11-22,2403174217.082261
2021-11-23,1851499107.2261527
2021-11-24,1647549337.27405
2021-11-25,1793103735.2444444
2021-11-26,3375308272.2222724
2021-11-27,671552358.319143
2021-11-28,706321122.8353873
2021-11-29,1568273189.521839
2021-11-30,1816480224.3559046
2021-12-01,1671256298.0647542
2021-12-02,1584896973.786081
2021-12-03,1647442444.7500334
2021-12-04,2436945170.5951805
2021-12-05,1298999357.4254603
2021-12-06,2521382426.0569315
2021-12-07,1263394319.3496761
2021-12-08,1368706667.9555078
2021-12-09,1207295121.7174087
2021-12-10,1677555892.268091
2021-12-11,597320695.8649635
2021-12-12,474917233.5110173
2021-12-13,1340446335.9905488
2021-12-14,1280474713.2218118
2021-12-15,1306025277.4954917
2021-12-16,1176226227.2169468
2021-12-17,1267857819.600157
2021-12-18,806356614.7176331
2021-12-19,484809419.0692951
2021-12-20,1494183459.9301457
2021-12-21,1439922850.069272
2021-12-22,1244417273.5596123
2021-12-23,1717378223.2600305
2021-12-24,1326829012.9494505
2021-12-25,1458125873.700662
2021-12-26,630927602.4864901
2021-12-27,1586224050.414049
2021-12-28,1248191996.5493944
2021-12-29,1330335656.0186567
2021-12-30,1308159535.12143
2021-12-31,1098026464.2370567
2022-01-01,725869725.6946398
2022-01-02,518572187.5067951
2022-01-03,1087483717.7908385
2022-01-04,1264150958.9030356
2022-01-05,1137198815.9258606
2022-01-06,1345951345.0882907
2022-01-07,1410844963.4894903
2022-01-08,684923001.8869128
2022-01-09,573413301.1403291
2022-01-10,1114990900.171524
2022-01-11,1045809951.7706188
2022-01-12,1088697176.4382522
2022-01-13,1322841091.8117054
2022-01-14,1088555789.5979393
2022-01-15,492316570.5748153
2022-01-16,363979560.2107744
2022-01-17,923562330.9961869
2022-01-18,848086325.0384178
2022-01-19,1012685689.9443197
2022-01-20,1383031044.6142435
2022-01-21,2099810152.1736987
2022-01-22,1336242522.6853676
2022-01-23,914193660.2057774
2022-01-24,2120776747.7104707
2022-01-25,1029558822.5828502
2022-01-26,1078791671.4296036
2022-01-27,1019124741.9114761
2022-01-28,1262167370.904658
2022-01-29,947993694.1567631
2022-01-30,1451456779.931875
2022-01-31,923517189.8485947
2022-02-01,1045357984.4602518
2022-02-02,673424860.6271731
2022-02-03,953345008.1739901
2022-02-04,1028277342.625864
2022-02-05,550570197.2387187
2022-02-06,740786582.3977196
2022-02-07,1172784596.9600673
2022-02-08,1436843441.2756464
2022-02-09,856845365.8975238
2022-02-10,926202733.9853343
2022-02-11,874851893.4302512
2022-02-12,553936154.8361261
2022-02-13,371796403.1674647
2022-02-14,726404184.9930557
2022-02-15,1621327426.7971563
2022-02-16,994195621.6008714
2022-02-17,842941602.8098077
2022-02-18,1088927092.3696537
2022-02-19,496171244.95122695
2022-02-20,493186237.7778352
2022-02-21,963064117.2904214
2022-02-22,893898828.5979571
2022-02-23,766211286.7080421
2022-02-24,1757352367.2460377
2022-02-25,1185851610.5109897
2022-02-26,514569247.1575013
2022-02-27,510554466.3611291
2022-02-28,1355345579.4268818
2022-03-01,1573144680.8299735
2022-03-02,1294067116.2682652
2022-03-03,1283954909.4311254
2022-03-04,1050759647.6458232
2022-03-05,450098906.4894958
2022-03-06,369717567.69733524
2022-03-07,827484459.0694695
2022-03-08,930200578.3054305
2022-03-09,973723756.5772157
2022-03-10,1226192524.848711
2022-03-11,865170728.2200959
2022-03-12,330372242.05419624
2022-03-13,338439954.33788586
2022-03-14,912707116.8180585
2022-03-15,744648282.3125523
2022-03-16,983392211.1696025
2022-03-17,1198217546.6778264
2022-03-18,1795475223.8345232
2022-03-19,892688526.692001
2022-03-20,462809573.9748279
2022-03-21,1339449670.4655142
2022-03-22,1647323579.9822373
2022-03-23,997224032.4348755
2022-03-24,1793816341.4508426
2022-03-25,1984130338.430206
2022-03-26,837617042.5263053
2022-03-27,878728924.4667187
2022-03-28,2062291358.9804661
2022-03-29,1829428489.7777264
2022-03-30,1675916598.8153906
2022-03-31,1179490385.879204
2022-04-01,1504321404.9954085
2022-04-02,531090349.41289747
2022-04-03,402132799.0267559
2022-04-04,1297701691.7832341
2022-04-05,1042450724.5072497
2022-04-06,1299524531.2899518
2022-04-07,1241297320.6537282
2022-04-08,827985090.5205224
2022-04-09,404471392.72410566
2022-04-10,713078291.0692972
2022-04-11,1190845239.4029086
2022-04-12,786025260.995951
2022-04-13,721608907.4493186
2022-04-14,1622163039.351816
2022-04-15,761637960.0523291
2022-04-16,495170268.1107562
2022-04-17,482653869.84929574
2022-04-18,808621276.3799788
2022-04-19,1063406229.7694464
2022-04-20,1037004396.5180794
2022-04-21,2927965583.34486
2022-04-22,834940555.379126
2022-04-23,397807667.0630971
2022-04-24,354589060.9568181
2022-04-25,1240188424.9941907
2022-04-26,1129930386.0936046
2022-04-27,1003585652.3046046
2022-04-28,897136654.4712174
2022-04-29,1114510829.8920615
2022-04-30,454266226.9384124
2022-05-01,498285639.82523847
2022-05-02,1151187323.852975
2022-05-03,1134979978.474021
2022-05-04,1788122823.8137922
2022-05-05,1859977036.5275059
2022-05-06,2445066438.146801
2022-05-07,616165740.3521852
2022-05-08,1216957776.959154
2022-05-09,4561616725.71919
2022-05-10,1551797680.6669624
2022-05-11,2687272583.200557
2022-05-12,2685448279.8577414
2022-05-13,1604454413.3519702
2022-05-14,1375459564.8784149
2022-05-15,543738317.4885833
2022-05-16,1349340621.4704442
2022-05-17,1629193480.0935214
2022-05-18,1212222277.6123347
2022-05-19,1911370343.267501
2022-05-20,1129015638.4885008
2022-05-21,383716326.1895171
2022-05-22,483408557.93176305
2022-05-23,1114237155.1461627
2022-05-24,1149405844.0540667
2022-05-25,870724735.2956756
2022-05-26,1216739985.6506963
2022-05-27,1349244359.447764
2022-05-28,332374702.01817244
2022-05-29,442263530.6587381
2022-05-30,1032044885.1978624
2022-05-31,1050266414.2278621
2022-06-01,1543305483.1862578
2022-06-02,754322938.5705297
2022-06-03,560970477.0162878
2022-06-04,579227895.7441252
2022-06-05,245010003.70355904
2022-06-06,946431669.3145162
2022-06-07,948260957.5644497
2022-06-08,711016072.8999883
2022-06-09,860060832.8191522
2022-06-10,808950505.2279977
2022-06-11,739934416.8115733
2022-06-12,895715935.8520691
2022-06-13,2901180451.9657836
2022-06-14,2364418021.7931886
2022-06-15,2093463453.1650004
2022-06-16,1625598853.6388824
2022-06-17,1748778724.2620838
2022-06-18,1706681805.8896482
2022-06-19,760481166.8164437
2022-06-20,818251144.2307689
2022-06-21,1210406267.5083392
2022-06-22,772787795.1278499
2022-06-23,781481026.1046447
2022-06-24,921856294.4959223
2022-06-25,302163698.5601175
2022-06-26,243390652.40518808
2022-06-27,985003652.2342486
2022-06-28,682393409.3185649
2022-06-29,990662235.9451638
2022-06-30,1046539721.5356412
2022-07-01,1032912514.2999432
2022-07-02,305799765.8759576
2022-07-03,339026648.759821
2022-07-04,546833296.3330151
2022-07-05,569658286.5019351
2022-07-06,664275777.0091224
2022-07-07,910831733.7287456
2022-07-08,811147813.5055667
2022-07-09,311846972.41996473
2022-07-10,356439418.7057046
2022-07-11,660062608.363552
2022-07-12,623227676.3728105
2022-07-13,581105988.7456421
2022-07-14,528345023.05166173
2022-07-15,854651957.7093495
2022-07-16,319753802.8305548
2022-07-17,557387016.0294762
2022-07-18,987904401.0466386
2022-07-19,1422111095.9493039
2022-07-20,740501948.192833
2022-07-21,2342473576.8009157
2022-07-22,851866875.606982
2022-07-23,329164540.97202426
2022-07-24,272296495.97598094
2022-07-25,503951089.46537644
2022-07-26,652789491.2758789
2022-07-27,586414488.5380996
2022-07-28,1039477353.4702631
2022-07-29,717813447.2267497
2022-07-30,326805972.97356683
2022-07-31,248244560.51869535
2022-08-01,710771906.2363087
2022-08-02,698486619.1883925
2022-08-03,543776678.1830907
2022-08-04,493460045.1902723
2022-08-05,605647614.5392296
2022-08-06,323301248.2525529
2022-08-07,328591973.66495854
2022-08-08,745842009.3957473
2022-08-09,633110971.4735363
2022-08-10,806933040.0038832
2022-08-11,709386062.569755
2022-08-12,587107102.7431697
2022-08-13,360202702.82699054
2022-08-14,293435840.8604343
2022-08-15,689426291.5225369
2022-08-16,503520404.8581363
2022-08-17,717001148.0900509
2022-08-18,561480090.8074924
2022-08-19,1083197506.0208735
2022-08-20,281598313.7048377
2022-08-21,219062097.84163743
2022-08-22,498594699.3182286
2022-08-23,468349104.6953228
2022-08-24,459249927.3416149
2022-08-25,466478752.66212195
2022-08-26,565877904.0665336
2022-08-27,325790180.3183949
2022-08-28,395211971.5923072
2022-08-29,617177349.9325747
2022-08-30,950488609.4399889
2022-08-31,901504666.2460889
2022-09-01,681802909.4856224
2022-09-02,848803582.3711416
2022-09-03,260125281.91901034
2022-09-04,451681868.1479709
2022-09-05,924559158.5752193
2022-09-06,1040000328.200606
2022-09-07,587483207.9988716
2022-09-08,693423276.1883743
2022-09-09,890890586.5748926
2022-09-10,398543453.9012992
2022-09-11,316768115.5568918
2022-09-12,622832480.3062074
2022-09-13,1709746531.5384064
2022-09-14,5876042960.752746
2022-09-15,2302376122.439956
2022-09-16,456822592.215166
2022-09-17,322480561.6135798
2022-09-18,270178796.3538328
2022-09-19,651508763.7850485
2022-09-20,466554806.57409686
2022-09-21,550314419.4131734
2022-09-22,602865512.8279037
2022-09-23,566406073.4767263
2022-09-24,201709322.5603114
2022-09-25,309045516.3077449
2022-09-26,413281505.60936576
2022-09-27,690833282.561844
2022-09-28,775362568.95389
2022-09-29,590095508.5336466
2022-09-30,614849080.4198108
2022-10-01,230827326.47013718
2022-10-02,320142184.81198263
2022-10-03,456281665.0296079
2022-10-04,615468243.3186692
2022-10-05,480882927.392285
2022-10-06,402839396.7905144
2022-10-07,567215547.1278603
2022-10-08,249243566.52917412
2022-10-09,198512475.1781928
2022-10-10,335636843.11929184
2022-10-11,899252087.7825449
2022-10-12,647755029.7453882
2022-10-13,662947760.7229855
2022-10-14,601498765.9034904
2022-10-15,207864809.9542689
2022-10-16,179756847.73746595
2022-10-17,444788243.2466979
2022-10-18,708951383.9122653
2022-10-19,372055088.14068097
2022-10-20,450541356.743686
2022-10-21,419578614.99485147
2022-10-22,254285908.54468945
2022-10-23,216747220.1662427
2022-10-24,490827902.80209494
2022-10-25,626941128.7038556
2022-10-26,1067015307.8563066
2022-10-27,622859260.2564288
2022-10-28,456736940.4107859
2022-10-29,412790387.9509139
2022-10-30,266043377.08704567
2022-10-31,662199826.4880533
2022-11-01,671854896.6159377
2022-11-02,643464410.9403853
2022-11-03,579291121.5587451
2022-11-04,2610832671.3554325
2022-11-05,372031441.0698056
2022-11-06,477333021.2184256
2022-11-07,1402487915.696481
2022-11-08,1385376659.048614
2022-11-09,1431799436.1664379
2022-11-10,1156773579.819814
2022-11-11,952422169.764373
2022-11-12,440628841.5240612
2022-11-13,648520007.3574419
2022-11-14,1210117638.992287
2022-11-15,1001621589.4770993
2022-11-16,741828529.6948823
2022-11-17,596992551.3742924
2022-11-18,2075878513.4183075
2022-11-19,357896222.4149207
2022-11-20,272380299.95734763
2022-11-21,616966510.6739124
2022-11-22,528302417.20549256
2022-11-23,640989537.8097856
2022-11-24,410630215.1980694
2022-11-25,531421595.5469325
2022-11-26,302589906.8978748
2022-11-27,230763023.00380173
2022-11-28,357749106.400355
2022-11-29,499476425.4916587
2022-11-30,651032699.813796
2022-12-01,589834559.3639733
2022-12-02,459307971.87641716
2022-12-03,203826416.66117558
2022-12-04,175194413.25148198
2022-12-05,420484110.76837844
2022-12-06,481131909.5548795
2022-12-07,411934462.7929488
2022-12-08,444293485.5251259
2022-12-09,353646881.42783487
2022-12-10,232874580.32470617
2022-12-11,232718945.66004968
2022-12-12,446113086.1446554
2022-12-13,617820936.6171783
2022-12-14,547376211.235614
2022-12-15,471214682.51988935
2022-12-16,455851344.7714658
2022-12-17,290070861.3146808
2022-12-18,201779861.95869753
2022-12-19,387397176.11010027
2022-12-20,412923953.05876565
2022-12-21,501942706.88522476
2022-12-22,449231392.6865188
2022-12-23,408220260.05747974
2022-12-24,193660043.99229223
2022-12-25,161806857.12478384
2022-12-26,216077293.15510327
2022-12-27,328777275.787558
2022-12-28,434818772.9710529
2022-12-29,377733716.23103786
2022-12-30,415299126.0407999
2022-12-31,345787539.37654805
2023-01-01,264464464.7995658
2023-01-02,272892989.37885594
2023-01-03,277760512.705053
2023-01-04,443586977.78010505
2023-01-05,307412832.334553
2023-01-06,319712265.07762265
2023-01-07,204043465.19556737
2023-01-08,189357677.8155398
2023-01-09,416887148.60608965
2023-01-10,414973098.18133426
2023-01-11,367851197.64863604
2023-01-12,619347324.4615531
2023-01-13,815811002.4818592
2023-01-14,831942878.9309565
2023-01-15,336031006.5898011
2023-01-16,394565578.2778774
2023-01-17,420732865.37301606
2023-01-18,568177003.6733141
2023-01-19,689115062.7342128
2023-01-20,608468431.9999396
2023-01-21,521385714.3197009
2023-01-22,345868740.29577994
2023-01-23,485779860.6097581
2023-01-24,402795715.38085884
2023-01-25,558001411.9994531
2023-01-26,423528496.1799234
2023-01-27,764115133.4652209
2023-01-28,263782795.3289777
2023-01-29,331506350.12252903
2023-01-30,606674656.7979547
2023-01-31,491865956.009356
2023-02-01,478322389.8730651
2023-02-02,549406479.5773382
2023-02-03,478549772.17467844
2023-02-04,301211755.7226494
2023-02-05,294878998.66835153
2023-02-06,373185619.3048227
2023-02-07,479914281.1128257
2023-02-08,342039796.37842023
2023-02-09,554217105.6052132
2023-02-10,624716433.4662964
2023-02-11,301117899.1936395
2023-02-12,216786561.8934131
2023-02-13,534127111.2646506
2023-02-14,426846412.7051273
2023-02-15,720462041.1079464
2023-02-16,744111717.3384652
2023-02-17,640934234.2406237
2023-02-18,282442427.4393221
2023-02-19,272173794.4676657
2023-02-20,525899694.8677487
2023-02-21,569789029.4022369
2023-02-22,453748169.1049923
2023-02-23,525226876.3318626
2023-02-24,648172529.6678185
2023-02-25,298948537.6602939
2023-02-26,240802581.8285798
2023-02-27,476020941.5862641
2023-02-28,470728750.8785393
2023-03-01,765458045.1645736
2023-03-02,408940243.1264911
2023-03-03,621091569.3618425
2023-03-04,266797460.9348052
2023-03-05,336264192.4578858
2023-03-06,570915008.5418167
2023-03-07,689200767.5711142
2023-03-08,558167366.040581
2023-03-09,629686694.8031121
2023-03-10,722356895.6623806
2023-03-11,744219782.1770753
2023-03-12,564223606.9192145
2023-03-13,1721269976.1197007
2023-03-14,1459779742.5767672
2023-03-15,787535592.5640281
2023-03-16,680089647.9542696
2023-03-17,1409166363.636579
2023-03-18,633206200.2282413
2023-03-19,792215879.7993821
2023-03-20,982673460.3381182
2023-03-21,756080794.3802772
2023-03-22,941944401.809611
2023-03-23,819083915.5510443
2023-03-24,576804824.3701365
2023-03-25,370999244.34759074
2023-03-26,328147581.65792567
2023-03-27,519876486.62948793
2023-03-28,736696066.3894857
2023-03-29,650163136.3752136
2023-03-30,806902387.4311134
2023-03-31,658136411.6205544
2023-04-01,380364312.77957106
2023-04-02,303630654.34487075
2023-04-03,548227402.3429476
2023-04-04,412965771.56934834
2023-04-05,611939372.0805023
2023-04-06,439322958.00758094
2023-04-07,360401746.4302405
2023-04-08,282939879.94023895
2023-04-09,242434396.18463367
2023-04-10,614825319.7533286
2023-04-11,759329953.6564515
2023-04-12,990992250.4508189
2023-04-13,583221967.8465761
2023-04-14,708991504.5736698
2023-04-15,376399724.400215
2023-04-16,348493625.0593914
2023-04-17,643764794.0704929
2023-04-18,569164847.7035385
2023-04-19,610535107.5658308
2023-04-20,659550117.2511418
2023-04-21,942688415.7581484
2023-04-22,370963646.4375477
2023-04-23,257309987.1309924
2023-04-24,491228707.79230505
2023-04-25,487152935.67783517
2023-04-26,651062423.2617638
2023-04-27,538997278.1804926
2023-04-28,495827278.5208494
2023-04-29,293685136.94291925
2023-04-30,328175757.9896214
2023-05-01,501805363.2170383
2023-05-02,408929237.01612103
2023-05-03,486821058.3867684
2023-05-04,523611351.9175263
2023-05-05,448854808.98858213
2023-05-06,323130841.6173442
2023-05-07,185087393.99777967
2023-05-08,561951846.0862803
2023-05-09,567524736.2286081
2023-05-10,459309114.1083244
2023-05-11,588541728.4421669
2023-05-12,608812736.0088099
2023-05-13,244815880.2482707
2023-05-14,262835336.5556367
2023-05-15,833528385.3294346
2023-05-16,667672724.2313561
2023-05-17,551638370.018312
2023-05-18,548524223.1971943
2023-05-19,407385820.0619743
2023-05-20,242322344.48796257
2023-05-21,251676734.75775564
2023-05-22,434075697.7237378
2023-05-23,526799444.6782221
2023-05-24,552949559.546096
2023-05-25,519604938.02420866
2023-05-26,565591476.3611298
2023-05-27,304479345.520262
2023-05-28,436374195.90633464
2023-05-29,523297983.0507005
2023-05-30,857272103.2029439
2023-05-31,791335849.3827635
2023-06-01,635293218.6769458
2023-06-02,834502786.121017
2023-06-03,546894421.3981935
2023-06-04,576390613.7264328
2023-06-05,839723570.5917908
2023-06-06,871850010.9890054
2023-06-07,737788768.0930606
2023-06-08,736913882.8916149
2023-06-09,669341596.3575736
2023-06-10,834814552.0884708
2023-06-11,1100769618.4421365
2023-06-12,965570684.3215721
2023-06-13,851740350.184654
2023-06-14,796211270.5057794
2023-06-15,951325191.003643
2023-06-16,1063745976.3348023
2023-06-17,712508872.860221
2023-06-18,862860949.2499743
2023-06-19,856428680.9802121
2023-06-20,1200312259.884165
2023-06-21,1791847181.8378477
2023-06-22,1331878044.920246
2023-06-23,1363635352.6575825
2023-06-24,1089905381.74988
2023-06-25,1049011558.9532341
2023-06-26,1037700045.499439
2023-06-27,1078793904.3595793
2023-06-28,909876060.0450349
2023-06-29,1242720945.5816686
2023-06-30,1485772608.9008744
2023-07-01,1067961137.2464523
2023-07-02,812089739.2080618
2023-07-03,978251919.1445062
2023-07-04,1032064424.57331
2023-07-05,1075915303.8416293
2023-07-06,1095076736.4361298
2023-07-07,969501233.8176913
2023-07-08,823911899.023036
2023-07-09,773496312.5236406
2023-07-10,1077502900.3661854
2023-07-11,1054897931.0990657
2023-07-12,1346846837.0567837
2023-07-13,1321040252.7004912
2023-07-14,1292919346.3603623
2023-07-15,656513729.4250947
2023-07-16,689281357.6327257
2023-07-17,803666503.9120829
2023-07-18,1048074567.5633272
2023-07-19,1056402950.7524126
2023-07-20,849882119.9347205
2023-07-21,695401723.8372062
2023-07-22,536732442.2613235
2023-07-23,600648103.4070201
2023-07-24,927268775.8621706
2023-07-25,789776371.0094199
2023-07-26,930691007.3020767
2023-07-27,1067170918.1156282
2023-07-28,923857987.0442667
2023-07-29,580905069.8278558
2023-07-30,562143318.461607
2023-07-31,719240959.6124932
2023-08-01,991518442.2991308
2023-08-02,846921824.3359314
2023-08-03,746280083.1613512
2023-08-04,678493082.8014365
2023-08-05,695423381.3740139
2023-08-06,632608980.712539
2023-08-07,1122855797.1153345
2023-08-08,857933795.8277384
2023-08-09,892273524.3995882
2023-08-10,775522208.169451
2023-08-11,787879979.1135216
2023-08-12,719627653.894859
2023-08-13,551710882.8346087
2023-08-14,804196425.624728
2023-08-15,834903032.1689364
2023-08-16,784369082.5800291
2023-08-17,1127433169.7398996
2023-08-18,951762443.737999
2023-08-19,530295889.0710548
2023-08-20,484378750.42173547
2023-08-21,700207001.7166302
2023-08-22,872625590.0097282
2023-08-23,1054928471.8199363
2023-08-24,662689898.7894454
2023-08-25,531838391.9390811
2023-08-26,430677908.616843
2023-08-27,415200119.06160086
2023-08-28,637465438.2160416
2023-08-29,1103612950.5409732
2023-08-30,748850483.8959785
2023-08-31,726853245.0269765
2023-09-01,966772067.1953701
2023-09-02,482307766.9850559
2023-09-03,465521492.91899323
2023-09-04,655031014.2256775
2023-09-05,572924998.5624917
2023-09-06,709643605.5979337
2023-09-07,674146390.8484808
2023-09-08,616123405.5273647
2023-09-09,514183263.35432523
2023-09-10,519957777.48943114
2023-09-11,758221842.100989
2023-09-12,869573168.3772601
2023-09-13,634482331.3931302
2023-09-14,914681914.3242486
2023-09-15,787567472.3218884
2023-09-16,468594599.7987049
2023-09-17,463238537.3432786
2023-09-18,762075581.4816847
2023-09-19,710377552.779763
2023-09-20,662903642.9225196
2023-09-21,606927318.6686344
2023-09-22,666808026.5995288
2023-09-23,389308169.9821582
2023-09-24,502083720.7653034
2023-09-25,809377067.556415
2023-09-26,716713168.7474055
2023-09-27,730663781.5798781
2023-09-28,887219903.0889817
2023-09-29,629263195.2840594
2023-09-30,636562308.7846076
2023-10-01,615114009.4814659
2023-10-02,1237507240.3946235
2023-10-03,723259103.5535903
2023-10-04,896808261.2610899
2023-10-05,761455476.8469597
2023-10-06,735590490.5614884
2023-10-07,570478571.5416805
2023-10-08,638451368.8305748
2023-10-09,754244212.5224401
2023-10-10,785196807.8492708
2023-10-11,956424372.673659
2023-10-12,869530257.5958058
2023-10-13,685257655.8359313
2023-10-14,491745137.1555899
2023-10-15,563249222.7597411
2023-10-16,1179742559.5782075
2023-10-17,904928180.61231
2023-10-18,807385018.0289675
2023-10-19,840640839.6475987
2023-10-20,1256620966.27068
2023-10-21,804332238.132493
2023-10-22,653284654.9499042
2023-10-23,1536091387.416661
2023-10-24,1999902871.738786
2023-10-25,1302720057.3082342
2023-10-26,1024594172.8768414
2023-10-27,1255967815.7596738
2023-10-28,818596440.2265388
2023-10-29,830057146.2355795
2023-10-30,1203417338.317165
2023-10-31,1144210483.0209033
2023-11-01,1319046258.536958
2023-11-02,1594923565.5660942
2023-11-03,1090183285.4729223
2023-11-04,787129727.246383
2023-11-05,888262389.0282677
2023-11-06,1092058087.785498
2023-11-07,1295985672.2701926
2023-11-08,934256327.3134236
2023-11-09,1248074501.5192785
2023-11-10,2161343408.432581
2023-11-11,919900379.728959
2023-11-12,864661180.7548031
2023-11-13,1015981428.8550377
2023-11-14,1290509663.3066409
2023-11-15,1462800534.7842221
2023-11-16,961436199.8577396
2023-11-17,1080753817.8898292
2023-11-18,569458347.4584733
2023-11-19,807058205.8323103
2023-11-20,1250968995.806306
2023-11-21,1229734697.4664054
2023-11-22,1323543081.0454032
2023-11-23,1015838469.5111058
2023-11-24,1464559055.5076709
2023-11-25,969349618.3172592
2023-11-26,946760633.8051177
2023-11-27,1341979428.4018285
2023-11-28,1366652113.5638852
2023-11-29,1312521826.5440977
2023-11-30,1169231613.0235877
2023-12-01,1688433504.907745
2023-12-02,1036753370.5028481
2023-12-03,1059268602.5442419
2023-12-04,2173935540.9119997
2023-12-05,1911292616.2185252
2023-12-06,2124090918.4785624
2023-12-07,1787060445.5438747
2023-12-08,1665539257.471087
2023-12-09,1349612194.2792127
2023-12-10,1029608553.6401014
2023-12-11,2070633763.340743
2023-12-12,1708734091.5434387
2023-12-13,1568277199.8691022
2023-12-14,1169420076.108415
2023-12-15,1282672201.7188807
2023-12-16,673331751.3727481
2023-12-17,693650633.6859949
2023-12-18,1353357458.097721
2023-12-19,1480190046.9948215
2023-12-20,1414877577.4419372
2023-12-21,1111393268.3316753
2023-12-22,1630880406.2219064
2023-12-23,847220870.6710505
2023-12-24,828135946.2239043
2023-12-25,1426212484.3650227
2023-12-26,983944630.0640022
2023-12-27,1673546761.049567
2023-12-28,998550415.8094116
2023-12-29,1131225908.2755396
2023-12-30,1485601092.9604497
2023-12-31,1223608650.877507
2024-01-01,1227117607.5535545
2024-01-02,1890899524.8254497
2024-01-03,1705417846.520628
2024-01-04,1701915064.644337
2024-01-05,1591981467.3902068
2024-01-06,2004576998.475832
2024-01-07,1684583334.0296133
2024-01-08,1899254985.454641
2024-01-09,2593465056.82355
2024-01-10,2495000942.5668306
2024-01-11,2933300964.835904
2024-01-12,2733096279.3449707
2024-01-13,1197597226.6963544
2024-01-14,798803084.9976469
2024-01-15,1389901711.0828886
2024-01-16,1962032804.8405578
2024-01-17,1884967397.6393185
2024-01-18,1951278505.556604
2024-01-19,1839886698.1079998
2024-01-20,1019863218.8162655
2024-01-21,807551678.7332922
2024-01-22,1786349645.7387657
2024-01-23,2102611914.0076509
2024-01-24,1994447815.1774707
2024-01-25,1843311870.9688165
2024-01-26,2328443055.1348696
2024-01-27,1045821314.2489444
2024-01-28,1041216756.3608484
2024-01-29,1880044940.484966
2024-01-30,1761389913.686639
2024-01-31,1583109079.106859
2024-02-01,1675161005.6417925
2024-02-02,1613792964.9007518
2024-02-03,945725694.2896564
2024-02-04,929759094.4410266
2024-02-05,1472178234.3647535
2024-02-06,1472778612.1370645
2024-02-07,1528508512.1663668
2024-02-08,2151098367.4578843
2024-02-09,2249257023.978393
2024-02-10,1349019861.2807877
2024-02-11,1384232668.485064
2024-02-12,2731821813.467718
2024-02-13,1979246718.4385
2024-02-14,3022967029.2706876
2024-02-15,2617657029.837225
2024-02-16,2095213881.7781124
2024-02-17,1469552315.5668006
2024-02-18,1291316298.097519
2024-02-19,2203952020.23664
2024-02-20,2421557169.5496936
2024-02-21,2195357009.9967184
2024-02-22,1876163553.2270648
2024-02-23,2117111623.7840047
2024-02-24,1550271958.1824288
2024-02-25,1702745681.34758
2024-02-26,2360753245.1665998
2024-02-27,3463449102.9944396
2024-02-28,4746077066.269508
2024-02-29,4206529408.085778
2024-03-01,4465167472.556433
2024-03-02,1966417632.8346493
2024-03-03,1951721516.9566748
2024-03-04,3846887096.3529067
2024-03-05,4777421163.221901
2024-03-06,3556385353.55036
2024-03-07,4057745117.571206
2024-03-08,3737469322.752178
2024-03-09,2305562077.7113686
2024-03-10,2485538143.670051
2024-03-11,4469812870.294325
2024-03-12,3679496053.235701
2024-03-13,4112967302.1094894
2024-03-14,3989505152.562396
2024-03-15,3916583608.4235864
2024-03-16,2341855563.8595357
2024-03-17,2667984238.1775284
2024-03-18,2672674221.9451065
2024-03-19,3945073948.9730964
2024-03-20,3215565516.908793
2024-03-21,2790530532.8322983
2024-03-22,3020199908.089507
2024-03-23,1514580070.3782728
2024-03-24,1598990315.5956433
2024-03-25,3063859478.4897475
2024-03-26,3514402747.965475
2024-03-27,3611972512.1035976
2024-03-28,3642064988.6472764
2024-03-29,2288944431.2154436
2024-03-30,1353951300.0815494
2024-03-31,1340451596.35353
2024-04-01,2759134382.0567975
2024-04-02,2706971439.9907913
2024-04-03,2184556871.536304
2024-04-04,2418882571.8528104
2024-04-05,2826734902.1454587
2024-04-06,1613784219.0825415
2024-04-07,1584094055.8163147
2024-04-08,2526723898.6834836
2024-04-09,2473900799.951197
2024-04-10,2066631184.6258297
2024-04-11,1249769527.4946682
2024-04-12,2288629783.564408
2024-04-13,1319723853.1226263
2024-04-14,1174116122.709088
2024-04-15,1312446632.4801137
2024-04-16,1990406866.6966221
2024-04-17,1551388033.2522345
2024-04-18,2576449355.591794
2024-04-19,1782511972.536152
2024-04-20,403171051.8136952
2024-04-21,519503172.7630669
2024-04-22,924482039.6843057
2024-04-23,1213560025.5623422
2024-04-24,1518760586.321203
2024-04-25,971073295.9484218
2024-04-26,1021503592.8068514
2024-04-27,935435041.109089
2024-04-28,1198257772.090673
2024-04-29,1560046741.252434
2024-04-30,1962031953.0122588
2024-05-01,1903324679.9462922
2024-05-02,1723018460.224813
2024-05-03,1342142323.4595866
2024-05-04,901310365.1310493
2024-05-05,803501972.4915265
2024-05-06,1162586956.2241044
2024-05-07,1141879942.5190902
2024-05-08,1194057040.5187128
2024-05-09,1231408001.6442835
2024-05-10,1406340783.0413165
2024-05-11,823935974.9827567
2024-05-12,949364746.0793374
2024-05-13,1737240311.2677543
2024-05-14,1196614132.9689434
2024-05-15,2106315297.0048697
2024-05-16,1667589808.8717525
2024-05-17,1376981909.4382381
2024-05-18,882936075.3083751
2024-05-19,912362423.903572
2024-05-20,1776781673.4224308
2024-05-21,3466293633.895886
2024-05-22,2178362677.0550346
2024-05-23,1878250694.3870876
2024-05-24,2150793315.268641
2024-05-25,798539354.2425708
2024-05-26,812786788.8717285
2024-05-27,1150320178.7366307
2024-05-28,1225594624.778178
2024-05-29,1483119361.0905282
2024-05-30,1153299220.537832
2024-05-31,2185276287.276727
2024-06-01,846635803.7741137
2024-06-02,770755279.3916632
2024-06-03,1740897371.7014961
2024-06-04,1380800432.2407796
2024-06-05,2470575998.208576
2024-06-06,1492055990.3123357
2024-06-07,1103744306.426826
2024-06-08,1106394537.6345448
2024-06-09,577924506.9887055
2024-06-10,1095055941.27558
2024-06-11,2452996577.571833
2024-06-12,1795135917.6513035
2024-06-13,1428930010.4125683
2024-06-14,1651008988.0202909
2024-06-15,745017406.3454175
2024-06-16,720536352.1469629
2024-06-17,1356525960.1657567
2024-06-18,1637969218.0694506
2024-06-19,1302821350.9952133
2024-06-20,1463883815.3837893
2024-06-21,1372409499.4582953
2024-06-22,681374013.6899844
2024-06-23,589859035.2840358
2024-06-24,1992677156.7472737
2024-06-25,1395623414.9976034
2024-06-26,1812882988.4242938
2024-06-27,2071532854.0984912
2024-06-28,2074047896.6727781
2024-06-29,770557911.8047997
2024-06-30,681355973.4502558
2024-07-01,1445202126.7511728
2024-07-02,1244546333.4703293
2024-07-03,1248962020.7077086
2024-07-04,1847448986.8384454
2024-07-05,2069835003.6838188
2024-07-06,920316147.276125
2024-07-07,724373378.7429619
2024-07-08,1785947160.0933633
2024-07-09,1411481679.6161659
2024-07-10,1520846818.3197594
2024-07-11,1594774346.970319
2024-07-12,1376965799.0720253
2024-07-13,768903653.3377378
2024-07-14,701660062.6671671
2024-07-15,1821126943.0839841
2024-07-16,4483357772.879777
2024-07-17,1266485283.7470565
2024-07-18,1284657404.924638
2024-07-19,1507278228.589759
2024-07-20,720603199.6212134
2024-07-21,556819477.8265411
2024-07-22,1411099756.4995692
2024-07-23,2662882109.536461
2024-07-24,1416567717.5837755
2024-07-25,2037767565.9586785
2024-07-26,1796897693.5433893
2024-07-27,1176971685.1918018
2024-07-28,625536917.8308582
2024-07-29,1699163665.237516
2024-07-30,1395513781.3820727
2024-07-31,1068832367.0369031
2024-08-01,1772064344.785116
2024-08-02,1609124782.124256
2024-08-03,819374127.0078132
2024-08-04,960875436.0404006
2024-08-05,3302147443.3517966
2024-08-06,1835139876.184326
2024-08-07,1900565858.811551
2024-08-08,1663504287.9860635
2024-08-09,1875285468.5845568
2024-08-10,609344020.4536033
2024-08-11,700608460.7277349
2024-08-12,1627579640.9913752
2024-08-13,1749913446.8373375
2024-08-14,1214627953.928693
2024-08-15,1134232526.8916378
2024-08-16,1251106966.2633202
2024-08-17,624392577.9150083
2024-08-18,654868695.1190965
2024-08-19,1394100102.7190375
2024-08-20,1277468638.3481371
2024-08-21,1326754327.8424187
2024-08-22,1399366101.1049871
2024-08-23,1693583704.5206897
2024-08-24,1135154617.609151
2024-08-25,812009493.2832497
2024-08-26,1364343576.168949
2024-08-27,1465681092.7485795
2024-08-28,1969364688.187204
2024-08-29,1245240456.3233318
2024-08-30,1283303043.3433268
2024-08-31,713220999.166582
2024-09-01,660988249.5565431
2024-09-02,1060403767.1763954
2024-09-03,1172738690.4012122
2024-09-04,1110744854.5445714
2024-09-05,1177064166.8393888
2024-09-06,1544440559.313202
2024-09-07,550961496.2060821
2024-09-08,778576793.1170377
2024-09-09,1198107029.9781034
2024-09-10,2656670098.8451495
2024-09-11,1715928822.8264759
2024-09-12,1540738496.4839027
2024-09-13,1495072607.7773223
2024-09-14,978501030.9390528
2024-09-15,858467483.9037657
2024-09-16,1581676432.9122021
2024-09-17,1436565678.3334599
2024-09-18,1578442880.7406523
2024-09-19,2197748514.6314945
2024-09-20,1742956265.3261154
2024-09-21,874518448.9538805
2024-09-22,790610445.1755695
2024-09-23,1443959451.16966
2024-09-24,1506999223.4002383
2024-09-25,1978736120.0168653
2024-09-26,1742379498.9765608
2024-09-27,1718677357.7859948
2024-09-28,955024339.8492013
2024-09-29,938854016.5441741
2024-09-30,2238038982.354344
2024-10-01,1934679503.398555
2024-10-02,1499077638.9909623
2024-10-03,1366693706.397611
2024-10-04,1357756600.7775493
2024-10-05,668792046.0366905
2024-10-06,807240899.045471
2024-10-07,1525792601.2838755
2024-10-08,1531186298.6514213
2024-10-09,1537468686.0426888
2024-10-10,1300336836.9743207
2024-10-11,1557676136.810824
2024-10-12,799298961.65817
2024-10-13,705768818.4069281
2024-10-14,2233266101.659804
2024-10-15,2399665088.315822
2024-10-16,2586616571.6740575
2024-10-17,1761441527.935223
2024-10-18,2299913958.5869365
2024-10-19,976083457.6380281
2024-10-20,869940487.3069983
2024-10-21,1863696791.5189483
2024-10-22,1806053662.758957
2024-10-23,2064582912.096607
2024-10-24,1477349778.4213731
2024-10-25,2011461094.8138509
2024-10-26,1156889655.461078
2024-10-27,929421443.4557042
2024-10-28,2263745500.585034
2024-10-29,3551228959.0327544
2024-10-30,2587335821.3712564
2024-10-31,2838306373.7977114
2024-11-01,2508457716.357782
2024-11-02,979478027.1318133
2024-11-03,1262657249.0235677
2024-11-04,2063125882.2515738
2024-11-05,3097708168.592795
2024-11-06,4776996955.24404
2024-11-07,3080907590.358743
2024-11-08,4111118321.4311914
2024-11-09,1635425125.131777
2024-11-10,2777506695.640825
2024-11-11,4253166611.784786
2024-11-12,6117714814.977129
2024-11-13,4731327493.493375
2024-11-14,4808549877.234495
2024-11-15,4080322897.9171276
2024-11-16,2283254806.3157578
2024-11-17,1904774721.2897537
2024-11-18,3765301425.3406186
2024-11-19,3900413468.704923
2024-11-20,3762177617.7998414
2024-11-21,5490464473.15789
2024-11-22,6637688640.599318
2024-11-23,3311927182.090487
2024-11-24,2895674272.8575044
2024-11-25,4230548647.187099
2024-11-26,4989189706.892877
2024-11-27,4011210063.1551204
2024-11-28,2901168505.237663
2024-11-29,2922889254.620258
2024-11-30,2156379916.887662
2024-12-01,2349619121.8277016
2024-12-02,3622097479.264951
2024-12-03,4118651603.587372
2024-12-04,3919693117.767618
2024-12-05,5666195141.756981
2024-12-06,4373568671.526044
2024-12-07,2579395879.8089724
2024-12-08,2216286744.411675
2024-12-09,5879171737.060814
2024-12-10,4137622628.066235
2024-12-11,4380962800.313908
2024-12-12,2813943808.7285056
2024-12-13,2829341313.710675
2024-12-14,1660152506.7012024
2024-12-15,2010587440.9059637
2024-12-16,4142815297.783283
2024-12-17,3411643022.0205297
2024-12-18,3668178457.7843733
2024-12-19,4120390465.69232
2024-12-20,5378690768.670937
2024-12-21,1876737340.9619536
2024-12-22,1937388142.4130177
2024-12-23,3557346543.425366
2024-12-24,5621482999.034435
2024-12-25,2109042399.995988
2024-12-26,2741310886.2835827
2024-12-27,3327158756.1839356
2024-12-28,1587815556.8022585
2024-12-29,1706062814.12466
2024-12-30,3069474088.442546
2024-12-31,2763012497.1044335
2025-01-01,2352937927.9868755
2025-01-02,3118449148.7354436
2025-01-03,2819865771.821775
2025-01-04,1549555085.942869
2025-01-05,1731840997.7599897
2025-01-06,3604437149.4186096
2025-01-07,3216670186.569448
2025-01-08,3258093317.0278716
2025-01-09,3122359620.8872633
2025-01-10,3184521507.544058
2025-01-11,1747129829.4392176
2025-01-12,1654960227.0366375
2025-01-13,2935537592.332398
2025-01-14,3453915267.049859
2025-01-15,3541818503.7719045
2025-01-16,3281353660.928444
2025-01-17,3831974148.592883
2025-01-18,2721247721.3315663
2025-01-19,3279334633.326989
2025-01-20,4626677667.1910305
2025-01-21,3610159487.8051505
2025-01-22,3341580356.19788
2025-01-23,3428770768.678644
2025-01-24,3004140461.461777
2025-01-25,1926791146.354569
2025-01-26,1812928808.063513
2025-01-27,4230818360.4913945
2025-01-28,2897112448.7026844
2025-01-29,2582125930.765394
2025-01-30,3136020497.568373
2025-01-31,3026907643.8446774
2025-02-01,1908943077.8202703
2025-02-02,2750452425.299973
2025-02-03,4967339436.66049
2025-02-04,3209293499.990114
2025-02-05,3574129686.6039205
2025-02-06,3241651650.5007973
2025-02-07,2980875269.7281327
2025-02-08,2056380690.6038737
2025-02-09,2064463963.9108791
2025-02-10,3538542663.8812056
2025-02-11,3100348143.9645357
2025-02-12,2685608871.509783
2025-02-13,2921731034.7382307
2025-02-14,2863974483.0438952
2025-02-15,1597837922.2365873
2025-02-16,1602664587.0420961
2025-02-17,2246200158.7676315
2025-02-18,2566032827.1161165
2025-02-19,3233642818.1498466
2025-02-20,2403708695.185035
2025-02-21,3690748772.2329435
2025-02-22,1884451764.606441
2025-02-23,1210919273.824301
2025-02-24,2206510965.6466794
2025-02-25,5039360010.818348
2025-02-26,4282388915.677406
2025-02-27,3074389418.657376
2025-02-28,3977624857.690821
2025-03-01,1994353953.3690512
2025-03-02,2157317364.7135854
2025-03-03,3128116198.831166
2025-03-04,2682940591.4720106
2025-03-05,2165602898.4984007
2025-03-06,2350677993.72352
2025-03-07,2602833297.713387
2025-03-08,1066629305.6953813
2025-03-09,1260428040.3754685
2025-03-10,2628828063.1935534
2025-03-11,2776801541.0064535
2025-03-12,2083997847.513983
2025-03-13,1697599154.3631897
2025-03-14,1984244854.10202
2025-03-15,967033743.6739489
2025-03-16,961302652.0335258
2025-03-17,1834918694.0483932
2025-03-18,1672892287.0407622
2025-03-19,2020823999.7062683
2025-03-20,2423892837.7432933
2025-03-21,1716980595.1808126
2025-03-22,780780556.1522869
2025-03-23,781190633.35207
2025-03-24,2079955121.9626532
2025-03-25,2303723244.812887
2025-03-26,2646635405.1514964
2025-03-27,1774139077.0998316
2025-03-28,2674485321.37087
2025-03-29,1450535631.8268282
2025-03-30,2212542318.452269
2025-03-31,2871521850.603715
2025-04-01,2246031933.3535314
2025-04-02,2726813092.871016
2025-04-03,3322991812.976906
2025-04-04,2877161218.6471906
2025-04-05,1752887679.7059429
2025-04-06,2294919518.799209
2025-04-07,4158528976.205585
2025-04-08,2805322367.983031
2025-04-09,2921866855.8602004
2025-04-10,2241232014.532113
2025-04-11,2644069223.7552214
2025-04-12,1549361055.8215997
2025-04-13,1480751736.095256
2025-04-14,2203285296.2151012
2025-04-15,1933109173.3588371
2025-04-16,2134841151.521547
2025-04-17,2718586402.158504
2025-04-18,1726545241.4552522
2025-04-19,1265669050.5420902
2025-04-20,1260778589.7899776
2025-04-21,2175417486.6886063
2025-04-22,3609399705.59868
2025-04-23,2812471228.0109687
2025-04-24,3292591260.231636
2025-04-25,2697009233.1755013
2025-04-26,1657078260.0785847
2025-04-27,1434202326.204844
2025-04-28,2257347777.533
2025-04-29,2449932351.517545
2025-04-30,2226325840.727309
2025-05-01,2681427503.7102785
2025-05-02,2795378810.6359615
2025-05-03,1421064715.1098862
2025-05-04,1203164193.107616
2025-05-05,2343790094.1032243
2025-05-06,2248775793.226664
2025-05-07,3197073525.3690796
2025-05-08,4142194123.299417
2025-05-09,3776486642.667232
2025-05-10,1641707775.2054296
2025-05-11,1842538173.3681743
2025-05-12,3554453071.495471
2025-05-13,2521105969.367707
2025-05-14,2862329188.164461
2025-05-15,3737969020.549975
2025-05-16,2545258090.732087
2025-05-17,1707705947.226607
2025-05-18,1778145176.476763
2025-05-19,2879606907.8664536
2025-05-20,3232293955.993766
2025-05-21,3752365649.277916
2025-05-22,4746590260.757859
2025-05-23,3972815778.7031503
2025-05-24,1696431145.5040128
2025-05-25,1686320529.5446987
2025-05-26,2394107155.1353426
2025-05-27,3542167241.6285787
2025-05-28,3116616838.83937
2025-05-29,2910835276.511071
2025-05-30,2855256527.2140584
2025-05-31,1672584622.1248608
2025-06-01,1536403223.1650076
2025-06-02,2607577372.488457
2025-06-03,2791396876.15712
2025-06-04,2535693422.717212
2025-06-05,3043966250.0451803
2025-06-06,2820272229.3741302
2025-06-07,1637505683.9762976
2025-06-08,1434899028.011811
2025-06-09,2627236479.981465
2025-06-10,2996639032.9822483
2025-06-11,2265832623.086475
2025-06-12,2036296875.0812364
2025-06-13,2849658539.4831295
2025-06-14,1388675455.5617838
2025-06-15,1357586981.6812232
2025-06-16,2516058279.1904473
2025-06-17,2057469309.1563947
2025-06-18,2269462431.3642173
2025-06-19,1493292758.0766225
2025-06-20,1996893384.0450091
2025-06-21,1193668566.7096379
2025-06-22,1996776610.5914488
2025-06-23,1952284253.0809052
2025-06-24,2024390918.2778552
2025-06-25,2160581489.9320774
2025-06-26,2199758378.836293
2025-06-27,2770617051.2177353
2025-06-28,1210660078.8316305
2025-06-29,1030830589.0617553
2025-06-30,2049405194.2380571
2025-07-01,1550677424.6967916
2025-07-02,2612471643.828749
2025-07-03,1981394483.7478323
2025-07-04,2006734683.1645665
2025-07-05,959062849.4431303
2025-07-06,1282401127.6101186
2025-07-07,1747588871.7115192
2025-07-08,1667057071.4869077
2025-07-09,2248828800.965638
2025-07-10,3464097747.5818777
2025-07-11,4277106306.9493876
2025-07-12,1555453304.0216835
2025-07-13,1691173632.020596
2025-07-14,4602182750.524214
2025-07-15,6058855211.484344
2025-07-16,3827615709.0758204
2025-07-17,3884287458.6673546
2025-07-18,4197810942.2657704
2025-07-19,1695327462.1584334
2025-07-20,2171752216.8838673
2025-07-21,3655691883.459763
2025-07-22,3329053016.344078
2025-07-23,3001946914.8459415
2025-07-24,3982932698.217147
2025-07-25,7178008397.868326
2025-07-26,1808873847.5234044
2025-07-27,1548979689.187826
2025-07-28,2749678230.863139
2025-07-29,2584655044.846404
2025-07-30,2600709871.952985
2025-07-31,2659820156.623079
2025-08-01,3879836183.125605
2025-08-02,1325924473.8055177
2025-08-03,1239353261.8576
2025-08-04,3453786766.575415
2025-08-05,2187844041.570996
2025-08-06,2490128341.157614
2025-08-07,2347528066.2910676
2025-08-08,2854739044.9712663
2025-08-09,1778602125.641147
2025-08-10,1728951769.6403096
2025-08-11,3378540234.4503994
2025-08-12,2663073632.9692864
2025-08-13,3591826557.353684
2025-08-14,3580989905.302766
2025-08-15,4458161558.434538
2025-08-16,2458818502.9795175
2025-08-17,1506409656.0530734
2025-08-18,2471466562.960449
2025-08-19,3285342704.3478246
2025-08-20,2657228322.2971153
2025-08-21,2644116425.1003103
2025-08-22,3705927739.409568
2025-08-23,2252969361.7459764
2025-08-24,3049587453.041015
2025-08-25,3015214385.3128138
2025-08-26,2726447305.112184
2025-08-27,2300791366.085403
2025-08-28,2291486169.9453707
2025-08-29,3292517467.402013
2025-08-30,1835614442.4966426
2025-08-31,1909145509.660963
2025-09-01,2447105115.984424
2025-09-02,2751656324.270207
2025-09-03,2225200861.535161
2025-09-04,4080097824.922832
2025-09-05,4915027618.832383
2025-09-06,3592254166.921047
2025-09-07,2537628508.823041
2025-09-08,3822364556.505474
2025-09-09,4107813039.296188
2025-09-10,3814897150.8208003
2025-09-11,3348380096.720808
2025-09-12,3051214305.6207395
2025-09-13,1802490504.081046
2025-09-14,1760623840.135848
2025-09-15,2922907381.125562
2025-09-16,2609326339.595934
2025-09-17,2240973362.508604
2025-09-18,2591684660.549486
2025-09-19,2494239023.2201033
2025-09-20,1313331788.209549
2025-09-21,1706726260.5171235
2025-09-22,2971473325.4121656
2025-09-23,3244858206.479633
2025-09-24,2695807176.5871944
2025-09-25,3334928451.1328406
2025-09-26,3546400077.1169662
2025-09-27,1100197453.624266
2025-09-28,1191895440.1809447
2025-09-29,2763964246.6203637
2025-09-30,2749443808.649662
2025-10-01,3254645571.1267247
2025-10-02,3019407259.077409
2025-10-03,3766631388.1440125
2025-10-04,1604265938.4493065
2025-10-05,3305687815.891045
2025-10-06,4532737847.900133
2025-10-07,3486708961.7404966
2025-10-08,3146710484.6385436
2025-10-09,3251879030.274031
2025-10-10,3672392396.961405
2025-10-11,3989210514.9444103
2025-10-12,1682951907.6767213
2025-10-13,2118894971.8280733
2025-10-14,3656687205.950385
2025-10-15,2749778726.757832
2025-10-16,2964167506.853463
2025-10-17,3845311326.3668747
2025-10-18,1535082757.5332148
2025-10-19,1318276325.5975263
2025-10-20,2363581301.2513494
2025-10-21,4026790350.3219686
2025-10-22,2950469377.0190845
2025-10-23,3191077788.6391916
2025-10-24,3097381071.4997115
2025-10-25,1643739096.4856744
2025-10-26,2451680125.328286
2025-10-27,3538215718.033769
2025-10-28,3684394221.6933312
2025-10-29,2649582706.6336827
2025-10-30,3957408678.101895
2025-10-31,3586275742.986317
2025-11-01,1827394140.4720337
2025-11-02,1292682600.9737837
2025-11-03,3391945098.2575474
2025-11-04,4902114400.0170965
2025-11-05,3551917983.64617
2025-11-06,2146912413.83764
2025-11-07,2226145086.790996
2025-11-08,831040420.2915376
2025-11-09,737081456.7794226
2025-11-10,2524312938.0031357
2025-11-11,2094135866.5866573
2025-11-12,1568672570.1692991
2025-11-13,3206293152.7473974
2025-11-14,4609594798.40663
2025-11-15,1326837073.2757268
2025-11-16,1886904965.8266444
2025-11-17,4112945808.5203366
2025-11-18,3450707004.6533585
2025-11-19,3290224011.272802
2025-11-20,3061286544.9721823
2025-11-21,5187577718.588623
2025-11-22,1534348056.5322387
2025-11-23,1146933444.0484636
2025-11-24,3086281158.6855288
2025-11-25,1610572780.281726
2025-11-26,2187869679.7778177
2025-11-27,2419915873.986326
2025-11-28,2380862333.0989733
2025-11-29,658659631.2576497
2025-11-30,1105966601.551033
2025-12-01,2621219302.790737
2025-12-02,1972461171.2193377
2025-12-03,3237264586.4904876
2025-12-04,2004615527.6634629
2025-12-05,1941297902.804838
2025-12-06,798166513.5215335
2025-12-07,747519031.0042354
2025-12-08,1260542985.6357815
2025-12-09,1740412492.918312
2025-12-10,1737899767.0298073
2025-12-11,2504670838.1172757
2025-12-12,2272322006.2231326
2025-12-13,944265005.856579
2025-12-14,941728334.4618767
2025-12-15,2410007523.237748
2025-12-16,2524992341.287857
2025-12-17,2727900734.130123
2025-12-18,2588551882.452324
2025-12-19,2302207368.069046
2025-12-20,880700398.5516149
2025-12-21,819470900.7745737
2025-12-22,1582308528.3558264
2025-12-23,2021427273.557841
2025-12-24,1999983469.9456663
2025-12-25,1124729001.6687763
2025-12-26,2038742363.044583
2025-12-27,876484522.9089831
2025-12-28,850703324.6007446
2025-12-29,2735273619.8411307
2025-12-30,1913529272.9377074
2025-12-31,2805909831.897715
2026-01-01,1373598127.032536
2026-01-02,2004960447.632454
2026-01-03,838657049.1630727
2026-01-04,886240382.1027858
2026-01-05,2436264783.0190177
2026-01-06,2253999690.622598
2026-01-07,2462750952.6364565
2026-01-08,2208127654.696919
2026-01-09,3195274995.662603
2026-01-10,2391354663.434736
2026-01-11,2324376674.5415583
2026-01-12,2422154384.4614363
2026-01-13,2738140399.89961
2026-01-14,3170618755.572987
2026-01-15,2337657853.125833
2026-01-16,2230020805.759596
2026-01-17,864500949.4775618
2026-01-18,805649101.6404575
2026-01-19,1399883166.4151156
2026-01-20,2911637815.069814
2026-01-21,2792381799.624279
2026-01-22,2372841605.2570443
2026-01-23,1853645690.3241656
2026-01-24,767002521.4357592
2026-01-25,1109654364.0562122
2026-01-26,1716640539.7787411
2026-01-27,2037237826.0038714
2026-01-28,2108062032.3073373
2026-01-29,2511018283.5483646
2026-01-30,3049107263.6424055
2026-01-31,3453844930.359731
2026-02-01,2424202434.764779
2026-02-02,3053872319.020239
2026-02-03,3726745385.0089207
2026-02-04,3983078439.178036
2026-02-05,4975734232.931411
2026-02-06,3827598747.2207327
2026-02-07,1513754869.3345087
2026-02-08,890200119.3422726
2026-02-09,2475202398.982866
2026-02-10,1858225864.7419808
2026-02-11,2049266532.805385
2026-02-12,2281419813.0950108
2026-02-13,2164251190.7744303
2026-02-14,1116090121.1524637
2026-02-15,732221969.9117749
2026-02-16,1073262447.1554708
2026-02-17,1551290839.852788
2026-02-18,1169408457.742904
2026-02-19,1434544386.5665119
2026-02-20,2430363635.4549346
2026-02-21,557816003.5135314
2026-02-22,647800814.1723702
2026-02-23,1500370607.0025344
2026-02-24,1845956062.246397
2026-02-25,1502212652.2817087
2026-02-26,1705292128.6583667
2026-02-27,1429248726.1695423
2026-02-28,755741541.5355064
2026-03-01,761714380.6708245
2026-03-02,1698383330.6756139
2026-03-03,1908829412.9630744
2026-03-04,2345491087.2679715
2026-03-05,2108885535.781893
2026-03-06,1612024270.6396492
2026-03-07,1040317803.8437545
2026-03-08,529333845.4025421
2026-03-09,1758035225.1298146
2026-03-10,1992590547.6038635
2026-03-11,1827687801.5576432
2026-03-12,1263815717.4164422
2026-03-13,1415970293.1601875
2026-03-14,581182930.0376189
2026-03-15,704880138.9149616
2026-03-16,2359938475.890105
2026-03-17,1581966027.7339315
2026-03-18,1758955422.1322796
2026-03-19,1476518198.4600136
2026-03-20,1433340737.7016575
2026-03-21,490761609.2417151
2026-03-22,656991962.0495063
2026-03-23,1502171233.3795636
2026-03-24,1845741659.4297192
2026-03-25,1875172010.1762738
2026-03-26,1533435934.8423684
2026-03-27,1957973923.6419213
2026-03-28,848034822.5332283
2026-03-29,832823902.628654
2026-03-30,2285359181.356216
2026-03-31,1958483761.8795524
2026-04-01,1658588315.7166283
2026-04-02,1686203279.5132716
2026-04-03,998755204.1982232
2026-04-04,513990102.5549551
2026-04-05,524670820.38189703
2026-04-06,1287803845.8038034
2026-04-07,1897178243.7901113
2026-04-08,1623959775.5256302
2026-04-09,1299942536.4231637
2026-04-10,1433174318.438409
2026-04-11,532664331.24609363
2026-04-12,582192080.0435022
2026-04-13,1818295765.1732352
2026-04-14,3330932155.266603
2026-04-15,2162631740.6636844
2026-04-16,1414148110.4520729
2026-04-17,2422774030.0332456
2026-04-18,700046981.2276057
2026-04-19,1014212776.1133715
2026-04-20,3466511063.819543
2026-04-21,1572255452.5849032
2026-04-22,1801398978.8171115
2026-04-23,2291239085.5335236
2026-04-24,2327294897.1171703
2026-04-25,680118385.943885
2026-04-26,574394051.1749191
2026-04-27,2192196477.4830184
2026-04-28,1546025189.589304
2026-04-29,1634982295.4198256
2026-04-30,1515109600.8353295
2026-05-01,1088180493.8666308
2026-05-02,599501380.5544422
2026-05-03,509742897.5410465
2026-05-04,2050300894.1917257
2026-05-05,1776889962.1611347
2026-05-06,2133273903.6776855
2026-05-07,1675920468.0664427
2026-05-08,1730743225.2988033
2026-05-09,701706542.8941619
2026-05-10,819431018.0243127
2026-05-11,1858240129.1987467
2026-05-12,1668944371.7596662
2026-05-13,2156074961.7667947
2026-05-14,2558568892.2920513
2026-05-15,2149992670.7331543
2026-05-16,636606009.1897941
2026-05-17,636155834.4789786
2026-05-18,1888777979.994271
2026-05-19,1666531797.3403094
2026-05-20,1511781974.734843
2026-05-21,1084613043.2379727
2026-05-22,1533405158.5779736
2026-05-23,982601002.779916
2026-05-24,950851673.5783243
2026-05-25,1013609094.0249839
2026-05-26,1569096644.2479281
2026-05-27,1917259402.7358406
2026-05-28,2270756254.7722526
2026-05-29,1653257268.3894918
2026-05-30,959807119.9856373
2026-05-31,610259799.2924131
2026-06-01,2586185884.4182158
2026-06-02,2919189505.7625113
2026-06-03,2391384016.6099825
2026-06-04,2747439751.4523263
2026-06-05,2953893394.330208
2026-06-06,973398237.0220981
2026-06-07,808903381.1301644
2026-06-08,2024753036.3782575
2026-06-09,1454133479.3592134
2026-06-10,1201252096.1468823
2026-06-11,1379491446.0455108
2026-06-12,1197000896.8712416
2026-06-13,395747582.38903713
2026-06-14,528616332.0435137
2026-06-15,1264671966.7226722
2026-06-16,1287541632.4455054
2026-06-17,1099424691.762587
2026-06-18,1237446602.3030314
2026-06-19,736693338.2513949
2026-06-20,676757441.3512062
2026-06-21,479810396.5376154
2026-06-22,1384655719.473145
2026-06-23,1323439884.6982262
2026-06-24,1908846224.299048
2026-06-25,2286648999.934464
2026-06-26,2410231372.9664865
2026-06-27,734198803.059581
2026-06-28,594554412.8381139
2026-06-29,1652073279.5852358
2026-06-30,1677103888.1677692
2026-07-01,1366105343.7186995
2026-07-02,1831459420.9579654
2026-07-03,1241294236.0436647
2026-07-04,624113875.6780003
2026-07-05,836551241.1993941
2026-07-06,1514416187.0960453
2026-07-07,1462280071.4545538
2026-07-08,904123561.0067829
2026-07-09,882568300.2638402
2026-07-10,1266165938.5818005
2026-07-11,475283194.0262224
2026-07-12,459000461.33972573
2026-07-13,1502949063.041801
2026-07-14,1497474604.3240976
2026-07-15,1514821344.1349928
2026-07-16,811720947.7088494
2026-07-17,1038339545.5369644
2026-07-18,513304412.72157747
2026-07-19,667857667.7512969
2026-07-20,1160011472.6245966
2026-07-21,1888028725.651893
2026-07-22,1347640408.7045708
2026-07-23,1268473713.9987817
2026-07-24,1058665585.4154825
2026-07-25,705005742.3912922
2026-07-26,496241767.6813675
2026-07-27,1435453108.913179
2026-07-28,969661753.688827
2026-07-29,1283866032.4658635
2026-07-30,1938105015.5200279
2026-07-31,1881105883.3901584
2026-08-01,810272301.9868342
2026-08-02,1057434041.8345207
2026-08-03,1382968800.101767
2026-08-04,1048709945.9003907
2026-08-05,1089975832.8175924
2026-08-06,1322296591.4204266
2026-08-07,1010892749.492597
2026-08-08,399192961.3922933
2026-08-09,355319044.8140359
2026-08-10,1621618107.586452
2026-08-11,1182611678.563359
2026-08-12,1379582773.2568517
2026-08-13,1354114280.4376807
2026-08-14,1498744215.10959
2026-08-15,546738566.7956163
2026-08-16,470766542.4839502
2026-08-17,1169567833.0566077
2026-08-18,1299072944.4665701
2026-08-19,1958900730.913358
2026-08-20,2297444253.043025
2026-08-21,3494287042.125827
2026-08-22,1497238777.3129563
2026-08-23,719137788.7147212
2026-08-24,2005620074.8118997
2026-08-25,2107534089.7920566
2026-08-26,1665996051.172804
2026-08-27,1733906003.7474427
2026-08-28,2455987597.9914784
2026-08-29,716332213.4903296
2026-08-30,711609099.3396757
2026-08-31,2091655876.899785
2026-09-01,1816324054.271144
2026-09-02,1384513126.5650845
2026-09-03,1985288757.7490134
2026-09-04,1865598752.982193
2026-09-05,587484630.5035148
2026-09-06,1060676249.7440913
2026-09-07,1070271557.9005874
2026-09-08,1580068773.0734475
2026-09-09,1261789079.3597443
2026-09-10,1557461587.4043498
2026-09-11,1804739262.953268
2026-09-12,818195821.5831461
2026-09-13,821680004.8889971
2026-09-14,1301418780.6510808
2026-09-15,2299957850.188526
2026-09-16,1750278397.8730252
2026-09-17,1662666010.1534803
2026-09-18,2181994790.7299685
2026-09-19,1131196317.767705
2026-09-20,983954376.3028865
2026-09-21,3407697475.407977
2026-09-22,2309306372.2926393
2026-09-23,1890285676.7507145
2026-09-24,1606056925.058294
2026-09-25,1930936140.3440206
2026-09-26,976323034.5114921
2026-09-27,1061555998.7142049
2026-09-28,2342405825.8489833
2026-09-29,2368190478.2403255
2026-09-30,1679478305.133943
2026-10-01,2190687692.0972285
2026-10-02,2523102054.705915
2026-10-03,988716569.417826
2026-10-04,1187427991.5269506
2026-10-05,2476226550.1163335
2026-10-06,1920579647.6658924
2026-10-07,2579706457.1541557
2026-10-08,2303607680.627187
2026-10-09,2243313397.9864373
