date,value
2013-01-01,23.995203419462
2013-01-02,22.6621365628253
2013-01-03,23.995203419462
2013-01-04,22.6621365628253
2013-01-05,20.8847140873096
2013-01-06,21.4771882458148
2013-01-07,24.8839146572199
2013-01-08,20.6792393570174
2013-01-09,20.9996781825623
2013-01-10,23.7457899448973
2013-01-11,18.899710364306
2013-01-12,19.7073902944046
2013-01-13,21.4842861406214
2013-01-14,25.3611498050944
2013-01-15,19.5458543083849
2013-01-16,21.161214168582
2013-01-17,17.9304944481878
2013-01-18,19.5458543083849
2013-01-19,24.8765418470353
2013-01-20,20.9996781825623
2013-01-21,21.3227501546017
2013-01-22,23.2611819868382
2013-01-23,19.8929412333321
2013-01-24,23.0222650674502
2013-01-25,20.2182712451325
2013-01-26,23.0222650674502
2013-01-27,22.2843719563139
2013-01-28,21.694057467405
2013-01-29,23.3174223119047
2013-01-30,22.5795292007684
2013-01-31,28.4826740898582
2013-02-01,21.694057467405
2013-02-02,22.5795292007684
2013-02-03,27.4496237342675
2013-02-04,24.2028940452681
2013-02-05,25.9415063822749
2013-02-06,23.7723372530301
2013-02-07,25.0749310751139
2013-02-08,24.5864583918325
2013-02-09,23.2838645697486
2013-02-10,26.2147006694373
2013-02-11,25.8890522139163
2013-02-12,22.6325676587067
2013-02-13,27.8429429470421
2013-02-14,24.5864583918325
2013-02-15,29.1455367691259
2013-02-16,30.7737790467307
2013-02-17,30.6109548189702
2013-02-18,29.2203363858104
2013-02-19,28.857350840645
2013-02-20,35.0281051084559
2013-02-21,31.9427279745505
2013-02-22,30.8537713390544
2013-02-23,29.7648147035584
2013-02-24,28.312872522897
2013-02-25,37.0245256068653
2013-02-26,30.1278002487237
2013-02-27,35.0281051084559
2013-02-28,30.4907857938891
2013-03-01,29.2261354044535
2013-03-02,31.4836025880449
2013-03-03,34.9576552874153
2013-03-04,38.8659645742071
2013-03-05,30.1808328257809
2013-03-06,33.6548855251514
2013-03-07,34.7405269937047
2013-03-08,34.7405269937047
2013-03-09,36.6946816371006
2013-03-10,39.7344777490498
2013-03-11,35.6090401685473
2013-03-12,29.3123196509383
2013-03-13,34.0891421125727
2013-03-14,41.6325127555959
2013-03-15,41.44818968374
2013-03-16,42.1711232247355
2013-03-17,50.3643700226841
2013-03-18,45.7857909297128
2013-03-19,40.966233989743
2013-03-20,50.8463257166811
2013-03-21,52.5331706456705
2013-03-22,55.1839269626538
2013-03-23,52.292192798672
2013-03-24,52.8946917149168
2013-03-25,47.9305915057468
2013-03-26,50.260550815054
2013-03-27,43.6035242170336
2013-03-28,60.9117933718867
2013-03-29,57.9161314027775
2013-03-30,57.5832800728765
2013-03-31,56.2518747532724
2013-04-01,65.9045633204021
2013-04-02,60.2460907120847
2013-04-03,58.2489827326785
2013-04-04,51.259104804757
2013-04-05,55.2621661992767
2013-04-06,62.172583868616
2013-04-07,62.5540107635155
2013-04-08,59.1211687094201
2013-04-09,67.1311335023093
2013-04-10,72.8525369258016
2013-04-11,61.0283031839176
2013-04-12,65.9868528176109
2013-04-13,63.698291448214
2013-04-14,58.3583149196212
2013-04-15,62.5540107635155
2013-04-16,67.5125603972088
2013-04-17,68.652451353857
2013-04-18,65.5788571715191
2013-04-19,61.1177104251573
2013-04-20,68.7016598939724
2013-04-21,78.5161827359685
2013-04-22,68.2555452193363
2013-04-23,74.947265338879
2013-04-24,72.2705772910619
2013-04-25,76.7317240374237
2013-04-26,76.2856093627876
2013-04-27,65.5788571715191
2013-04-28,78.9622974106047
2013-04-29,77.6239533866961
2013-04-30,73.2638761425357
2013-05-01,75.6351806513814
2013-05-02,67.1199616376496
2013-05-03,68.6226473459552
2013-05-04,79.6423425401963
2013-05-05,82.6477139568075
2013-05-06,83.1486091929094
2013-05-07,84.1503996651131
2013-05-08,82.6477139568075
2013-05-09,82.1468187207056
2013-05-10,86.1539806095206
2013-05-11,91.1629329705392
2013-05-12,86.304227265133
2013-05-13,96.7651557587372
2013-05-14,85.6427240623307
2013-05-15,78.4131434596665
2013-05-16,82.3059945534088
2013-05-17,89.535575156073
2013-05-18,82.8621161382291
2013-05-19,86.7549672319714
2013-05-20,71.7396844418226
2013-05-21,83.9743593078697
2013-05-22,86.7549672319714
2013-05-23,96.7651557587372
2013-05-24,93.9845478346356
2013-05-25,94.161450904981
2013-05-26,98.4763478010956
2013-05-27,106.330289650263
2013-05-28,95.4556009360313
2013-05-29,101.49709466616
2013-05-30,108.142737769301
2013-05-31,105.72614027725
2013-06-01,128.683816451739
2013-06-02,120.225725229558
2013-06-03,128.683816451739
2013-06-04,128.683816451739
2013-06-05,124.034297282977
2013-06-06,140.41259770731
2013-06-07,124.897393540757
2013-06-08,140.41259770731
2013-06-09,123.345873124101
2013-06-10,134.982276249017
2013-06-11,139.636837498983
2013-06-12,157.479322290519
2013-06-13,144.291398748949
2013-06-14,139.636837498983
2013-06-15,134.206516040689
2013-06-16,147.598828306875
2013-06-17,139.397162757821
2013-06-18,134.590364042034
2013-06-19,130.744925069405
2013-06-20,148.049400446238
2013-06-21,161.508436850441
2013-06-22,169.1993147957
2013-06-23,158.624357620969
2013-06-24,144.203961473608
2013-06-25,150.93347967571
2013-06-26,167.276595309385
2013-06-27,160.547077107284
2013-06-28,162.469796593598
2013-06-29,170.010913293504
2013-06-30,162.269499322626
2013-07-01,166.511839174198
2013-07-02,162.269499322626
2013-07-03,195.147633172309
2013-07-04,174.996518877342
2013-07-05,197.268803098095
2013-07-06,198.329388060988
2013-07-07,197.268803098095
2013-07-08,203.632312875453
2013-07-09,196.208218135202
2013-07-10,207.534003688854
2013-07-11,226.298067177263
2013-07-12,200.286795087923
2013-07-13,204.188485901324
2013-07-14,223.696939968329
2013-07-15,213.292431132593
2013-07-16,213.292431132593
2013-07-17,239.303703221934
2013-07-18,209.390740319192
2013-07-19,222.396376363862
2013-07-20,241.904830430868
2013-07-21,258.812157288939
2013-07-22,224.215671699358
2013-07-23,219.084664326799
2013-07-24,247.052919347242
2013-07-25,226.8536240547
2013-07-26,254.821879075142
2013-07-27,281.236342150005
2013-07-28,261.037046857463
2013-07-29,276.574966313264
2013-07-30,306.097013279287
2013-07-31,295.220469660226
2013-08-01,275.021174367684
2013-08-02,298.328053551386
2013-08-03,290.070696755868
2013-08-04,332.726003144689
2013-08-05,351.314048013107
2013-08-06,353.172852499949
2013-08-07,345.737634552582
2013-08-08,381.054919802577
2013-08-09,362.466874934158
2013-08-10,390.348942236786
2013-08-11,401.501769157837
2013-08-12,401.501769157837
2013-08-13,365.506885446451
2013-08-14,424.333669882539
2013-08-15,429.385261190664
2013-08-16,424.333669882539
2013-08-17,479.901174271919
2013-08-18,490.00435688817
2013-08-19,447.065830769104
2013-08-20,479.901174271919
2013-08-21,495.055948196296
2013-08-22,545.571861277551
2013-08-23,495.055948196296
2013-08-24,514.206634181364
2013-08-25,493.536435944482
2013-08-26,542.563234217112
2013-08-27,552.368593871638
2013-08-28,581.784672835216
2013-08-29,617.737658235144
2013-08-30,670.03290972595
2013-08-31,728.865067653106
2013-09-01,722.328161216755
2013-09-02,702.717441907703
2013-09-03,634.079924326021
2013-09-04,667.543223035941
2013-09-05,773.542011809099
2013-09-06,799.47079432784
2013-09-07,626.612244202902
2013-09-08,678.469809240383
2013-09-09,877.257141884062
2013-09-10,825.399576846581
2013-09-11,864.292750624692
2013-09-12,920.471779415297
2013-09-13,881.578605637186
2013-09-14,951.020420564436
2013-09-15,1013.38198951784
2013-09-16,862.21451041849
2013-09-17,1002.18439847344
2013-09-18,923.801261162668
2013-09-19,1063.77114921762
2013-09-20,1119.7591044396
2013-09-21,1058.17235369542
2013-09-22,1136.55549100619
2013-09-23,1175.74705966158
2013-09-24,1186.94465070597
2013-09-25,1297.27563966709
2013-09-26,1198.45049283705
2013-09-27,1316.81597361108
2013-09-28,1309.4181310627
2013-09-29,1257.63323322407
2013-09-30,1205.84833538543
2013-10-01,1383.39655654647
2013-10-02,1412.98792673998
2013-10-03,1472.17066712699
2013-10-04,1331.61165870783
2013-10-05,1620.12751809453
2013-10-06,1519.45432564095
2013-10-07,1467.83862226455
2013-10-08,1524.29395389011
2013-10-09,1674.8415048916
2013-10-10,1806.57061201791
2013-10-11,1740.70605845476
2013-10-12,2013.57349464497
2013-10-13,2079.43804820812
2013-10-14,2352.30548439833
2013-10-15,2446.39770377427
2013-10-16,2315.21665452822
2013-10-17,2222.60176420815
2013-10-18,2555.32657920937
2013-10-19,2967.90534981089
2013-10-20,2648.48952740972
2013-10-21,2808.1974386103
2013-10-22,3260.70318701196
2013-10-23,2941.28736461079
2013-10-24,2861.4334090105
2013-10-25,3127.61326101147
2013-10-26,3408.23009035624
2013-10-27,3478.53840366574
2013-10-28,3400.80570190785
2013-10-29,3109.30807031575
2013-10-30,3789.46921069732
2013-10-31,4100.4000177289
2013-11-01,4042.10049141048
2013-11-02,3925.50143877364
2013-11-03,3731.1696843789
2013-11-04,3789.46921069732
2013-11-05,3596.12259203618
2013-11-06,4139.94817128837
2013-11-07,3657.37752555537
2013-11-08,3403.39297516958
2013-11-09,3758.97134570968
2013-11-10,4343.13581159701
2013-11-11,4749.51109221428
2013-11-12,5105.08946275439
2013-11-13,4266.94044648127
2013-11-14,4647.91727205996
2013-11-15,4216.14353640411
2013-11-16,4927.30027748433
2013-11-17,5042.5537025376
2013-11-18,4726.41754288692
2013-11-19,4877.90528464612
2013-11-20,4968.79792970164
2013-11-21,4544.63225277589
2013-11-22,5211.17831651635
2013-11-23,5150.58321981267
2013-11-24,5089.98812310899
2013-11-25,5241.47586486819
2013-11-26,4817.31018794244
2013-11-27,5241.47586486819
2013-11-28,5483.8562516829
2013-11-29,5480.00336357551
2013-11-30,6189.12034201531
2013-12-01,6857.26401530105
2013-12-02,5591.30758170701
2013-12-03,7033.09129774466
2013-12-04,6013.29305957169
2013-12-05,5978.12760308297
2013-12-06,7314.41494965444
2013-12-07,6857.26401530105
2013-12-08,6857.26401530105
2013-12-09,6189.12034201531
2013-12-10,7450.99133192782
2013-12-11,7450.47043785842
2013-12-12,7360.16170527832
2013-12-13,7856.85973446887
2013-12-14,8940.56452543008
2013-12-15,7992.32283333902
2013-12-16,9076.02762430024
2013-12-17,9166.33635688034
2013-12-18,8985.71889172013
2013-12-19,10204.8867815515
2013-12-20,8037.47719962908
2013-12-21,8611.26774435102
2013-12-22,9920.97776573908
2013-12-23,10038.3857866354
2013-12-24,9920.97776573908
2013-12-25,9510.04969260196
2013-12-26,10566.7218806688
2013-12-27,10801.5379224615
2013-12-28,8805.60156722404
2013-12-29,9862.27375529092
2013-12-30,10155.7938075317
2013-12-31,10801.5379224615
2014-01-01,12034.3221418728
2014-01-02,9425.136247148
2014-01-03,11352.6079123221
2014-01-04,9942.34605985975
2014-01-05,13609.0268762619
2014-01-06,13115.4352279001
2014-01-07,12480.817394292
2014-01-08,13609.0268762619
2014-01-09,14596.2101729856
2014-01-10,13185.9483205232
2014-01-11,14807.7494508549
2014-01-12,14596.2101729856
2014-01-13,14628.2406711142
2014-01-14,14411.3355551816
2014-01-15,16368.4305071198
2014-01-16,16457.3893685716
2014-01-17,13521.7469406642
2014-01-18,15478.8418926025
2014-01-19,15034.0475853438
2014-01-20,17346.977983089
2014-01-21,14767.1710009886
2014-01-22,17080.1013987337
2014-01-23,15745.7184769577
2014-01-24,18340.6657996556
2014-01-25,17994.3669102041
2014-01-26,16576.6289112183
2014-01-27,18975.8778325788
2014-01-28,16794.7424495238
2014-01-29,16576.6289112183
2014-01-30,19193.9913708843
2014-01-31,20066.4455241063
2014-02-01,20611.7293698701
2014-02-02,20284.5590624119
2014-02-03,19739.2752166481
2014-02-04,18757.7642942733
2014-02-05,20723.2339086288
2014-02-06,23716.5514349681
2014-02-07,20198.1619363739
2014-02-08,23716.5514349681
2014-02-09,17982.8796594812
2014-02-10,20328.472658544
2014-02-11,21370.9584359053
2014-02-12,23195.3085462874
2014-02-13,23195.3085462874
2014-02-14,24889.3479344994
2014-02-15,24368.1050458188
2014-02-16,25486.3744356631
2014-02-17,24113.6485813296
2014-02-18,25358.2239919788
2014-02-19,31114.3852662318
2014-02-20,27536.2309606151
2014-02-21,23646.9328023361
2014-02-22,28002.9467396085
2014-02-23,26136.0836236346
2014-02-24,29714.2379292513
2014-02-25,25047.0801393165
2014-02-26,28625.2344449332
2014-02-27,29247.5221502578
2014-02-28,31125.9783969294
2014-03-01,27314.0148774629
2014-03-02,26555.2922419778
2014-03-03,28072.737512948
2014-03-04,28262.4181718192
2014-03-05,29590.1827839181
2014-03-06,32814.7539847296
2014-03-07,31486.9893726308
2014-03-08,31866.3506903733
2014-03-09,33952.8379379573
2014-03-10,28262.4181718192
2014-03-11,31866.3506903733
2014-03-12,34521.8799145711
2014-03-13,34076.0838232155
2014-03-14,28100.1706779259
2014-03-15,34861.1139989306
2014-03-16,36128.7908716189
2014-03-17,34015.996083805
2014-03-18,30846.803902084
2014-03-19,33804.7166050236
2014-03-20,37396.4677443073
2014-03-21,39297.9830533399
2014-03-22,35917.5113928376
2014-03-23,45213.808459219
2014-03-24,40096.6711219624
2014-03-25,39076.1052123166
2014-03-26,39573.8899920914
2014-03-27,43058.3834505145
2014-03-28,43307.2758404019
2014-03-29,43556.1682302893
2014-03-30,34844.9345842314
2014-03-31,44800.6301797261
2014-04-01,42560.5986707398
2014-04-02,49031.8008078114
2014-04-03,50774.047537023
2014-04-04,48534.0160280367
2014-04-05,47539.4746363803
2014-04-06,45936.198326456
2014-04-07,45936.198326456
2014-04-08,40764.5733493053
2014-04-09,48978.3306659564
2014-04-10,47153.0512622562
2014-04-11,51412.0365375568
2014-04-12,48978.3306659564
2014-04-13,56887.8747486575
2014-04-14,58713.1541523577
2014-04-15,55366.8085789073
2014-04-16,48369.9041980563
2014-04-17,53376.5546672988
2014-04-18,55507.2239702395
2014-04-19,55160.3038204255
2014-04-20,61751.7866668914
2014-04-21,59323.3456181934
2014-04-22,53425.7030713555
2014-04-23,57241.8247193095
2014-04-24,52384.9426219135
2014-04-25,63139.4672661473
2014-04-26,56547.9844196815
2014-04-27,61404.8665170774
2014-04-28,52731.8627717276
2014-04-29,59983.8153155768
2014-04-30,54488.3950277099
2014-05-01,69999.6899626057
2014-05-02,64033.8072953381
2014-05-03,56477.0225834658
2014-05-04,60056.5521838263
2014-05-05,49715.6888938959
2014-05-06,77158.7491633268
2014-05-07,63238.3562730357
2014-05-08,66420.1603622451
2014-05-09,67613.3368956986
2014-05-10,71192.8664960592
2014-05-11,60454.2776949775
2014-05-12,68363.1186819926
2014-05-13,71297.1253229566
2014-05-14,66015.8567805154
2014-05-15,75258.0767297874
2014-05-16,79659.1338484884
2014-05-17,76138.2881535276
2014-05-18,75698.1824416575
2014-05-19,73937.7595941772
2014-05-20,77898.711001008
2014-05-21,77018.4995772678
2014-05-22,75698.1824416575
2014-05-23,72617.4424585669
2014-05-24,73989.0541480983
2014-05-25,83680.823428221
2014-05-26,82121.5534264529
2014-05-27,70686.9067468202
2014-05-28,87838.8767662692
2014-05-29,73285.6900831003
2014-05-30,86799.3634317572
2014-05-31,76404.2300866365
2014-06-01,90957.4167698054
2014-06-02,100313.036780414
2014-06-03,92516.6867715735
2014-06-04,94075.9567733416
2014-06-05,80296.3073918768
2014-06-06,81234.569832861
2014-06-07,90585.3116841256
2014-06-08,79481.3057357488
2014-06-09,91169.7330498296
2014-06-10,97598.3680725741
2014-06-11,85325.5193927892
2014-06-12,100520.474901094
2014-06-13,95260.6826097579
2014-06-14,104027.003095318
2014-06-15,111040.059483767
2014-06-16,109871.216752359
2014-06-17,107533.531289543
2014-06-18,103872.344332371
2014-06-19,111761.157396392
2014-06-20,124476.49865706
2014-06-21,124476.49865706
2014-06-22,120461.127732638
2014-06-23,117784.213783024
2014-06-24,125814.955631867
2014-06-25,125145.727144463
2014-06-26,114438.071346006
2014-06-27,131838.012018499
2014-06-28,121799.584707445
2014-06-29,121250.583447258
2014-06-30,110358.632936103
2014-07-01,111194.683185619
2014-07-02,114538.884183682
2014-07-03,116210.984682714
2014-07-04,138784.341419644
2014-07-05,127079.637926421
2014-07-06,118719.135431262
2014-07-07,125407.53742739
2014-07-08,125407.53742739
2014-07-09,138784.341419644
2014-07-10,124571.487177874
2014-07-11,130423.838924485
2014-07-12,131517.316592705
2014-07-13,137886.878621816
2014-07-14,116342.053837157
2014-07-15,137025.08563043
2014-07-16,124098.190759634
2014-07-17,148228.394518452
2014-07-18,148228.394518452
2014-07-19,152537.359475384
2014-07-20,133577.913664884
2014-07-21,133577.913664884
2014-07-22,122374.604776862
2014-07-23,125821.776742407
2014-07-24,123236.397768248
2014-07-25,141655.467292385
2014-07-26,124806.737276296
2014-07-27,142503.2149498
2014-07-28,139709.03426451
2014-07-29,138777.640702747
2014-07-30,160199.692623305
2014-07-31,143434.608511564
2014-08-01,146228.789196854
2014-08-02,151817.150567434
2014-08-03,143434.608511564
2014-08-04,119218.375905715
2014-08-05,125738.130838059
2014-08-06,152748.544129197
2014-08-07,149022.969882144
2014-08-08,153677.347167073
2014-08-09,178499.415531386
2014-08-10,173595.585434369
2014-08-11,178499.415531386
2014-08-12,170653.28737616
2014-08-13,142211.072813467
2014-08-14,176537.883492579
2014-08-15,161826.393201531
2014-08-16,154961.031065708
2014-08-17,166730.223298547
2014-08-18,194191.671841837
2014-08-19,189172.925205021
2014-08-20,200319.92108908
2014-08-21,195578.621181646
2014-08-22,186096.021366778
2014-08-23,192022.646251071
2014-08-24,173057.446621335
2014-08-25,162389.521829609
2014-08-26,205061.220996514
2014-08-27,200319.92108908
2014-08-28,205061.220996514
2014-08-29,201505.246065938
2014-08-30,215729.14578824
2014-08-31,224266.372936306
2014-09-01,185433.910730305
2014-09-02,200432.241745256
2014-09-03,230428.903775158
2014-09-04,215430.572760207
2014-09-05,197705.27246981
2014-09-06,244063.750152386
2014-09-07,211340.118847038
2014-09-08,196341.787832087
2014-09-09,199068.757107533
2014-09-10,214067.088122484
2014-09-11,231792.388412881
2014-09-12,209976.634209315
2014-09-13,250729.580909984
2014-09-14,234289.364098999
2014-09-15,234289.364098999
2014-09-16,253566.337094486
2014-09-17,275808.998243125
2014-09-18,265429.089707094
2014-09-19,253566.337094486
2014-09-20,260980.557477366
2014-09-21,243186.428558455
2014-09-22,249117.804864759
2014-09-23,222426.611486392
2014-09-24,231323.675945848
2014-09-25,261293.984719224
2014-09-26,230885.863009396
2014-09-27,230885.863009396
2014-09-28,223993.747695683
2014-09-29,236054.949494681
2014-09-30,263623.410749534
2014-10-01,267069.468406391
2014-10-02,237777.97832311
2014-10-03,251562.208950536
2014-10-04,265346.439577962
2014-10-05,291191.872004387
2014-10-06,277407.641376961
2014-10-07,230885.863009396
2014-10-08,248116.151293679
2014-10-09,255805.104174852
2014-10-10,269697.336979929
2014-10-11,250557.52596845
2014-10-12,257517.457245351
2014-10-13,269697.336979929
2014-10-14,229677.732137746
2014-10-15,262737.405703027
2014-10-16,257517.457245351
2014-10-17,247077.560329999
2014-10-18,285357.182352957
2014-10-19,231417.714956971
2014-10-20,238377.646233873
2014-10-21,266217.371341478
2014-10-22,276657.26825683
2014-10-23,267771.331001111
2014-10-24,284428.084979115
2014-10-25,277272.661457628
2014-10-26,223606.985046474
2014-10-27,284428.084979115
2014-10-28,246862.111491307
2014-10-29,277272.661457628
2014-10-30,304105.499663205
2014-10-31,336304.905509897
2014-11-01,284428.084979115
2014-11-02,277272.661457628
2014-11-03,302316.643782833
2014-11-04,289794.652620231
2014-11-05,268264.624126884
2014-11-06,303181.174870355
2014-11-07,295306.339159437
2014-11-08,301212.465942625
2014-11-09,295306.339159437
2014-11-10,289400.212376248
2014-11-11,253963.451677116
2014-11-12,289400.212376248
2014-11-13,285462.794520789
2014-11-14,303181.174870355
2014-11-15,275619.249882141
2014-11-16,295306.339159437
2014-11-17,283494.085593059
2014-11-18,303873.503789399
2014-11-19,282468.877689125
2014-11-20,276458.90156808
2014-11-21,254422.322457581
2014-11-22,308512.107546988
2014-11-23,284472.203062807
2014-11-24,294488.829931216
2014-11-25,264438.949325989
2014-11-26,274455.576194398
2014-11-27,282468.877689125
2014-11-28,296492.155304897
2014-11-29,314522.083668033
2014-11-30,320532.059789078
2014-12-01,260432.298578626
2014-12-02,300382.460137881
2014-12-03,230698.727588578
2014-12-04,290362.191620107
2014-12-05,310250.01296395
2014-12-06,272463.152410648
2014-12-07,250586.548932421
2014-12-08,324171.48790464
2014-12-09,282407.06308257
2014-12-10,284395.845216954
2014-12-11,294339.755888875
2014-12-12,280418.280948185
2014-12-13,290362.191620107
2014-12-14,280418.280948185
2014-12-15,280418.280948185
2014-12-16,284395.845216954
2014-12-17,251585.071833534
2014-12-18,253027.240872936
2014-12-19,268718.852710017
2014-12-20,262834.498271112
2014-12-21,258911.595311842
2014-12-22,321678.042660167
2014-12-23,294217.721945275
2014-12-24,300102.07638418
2014-12-25,309909.333782356
2014-12-26,298140.624904545
2014-12-27,298140.624904545
2014-12-28,331485.300058343
2014-12-29,321678.042660167
2014-12-30,306495.476137719
2014-12-31,307081.470445709
2015-01-01,333345.017260144
2015-01-02,333345.017260144
2015-01-03,327284.198764505
2015-01-04,347486.927083302
2015-01-05,315162.561773228
2015-01-06,319203.107436987
2015-01-07,282838.196463153
2015-01-08,296980.106286311
2015-01-09,282838.196463153
2015-01-10,296980.106286311
2015-01-11,313142.288941348
2015-01-12,291349.141441684
2015-01-13,277602.083462638
2015-01-14,316947.260646319
2015-01-15,330062.319707546
2015-01-16,303832.201585092
2015-01-17,301646.358408221
2015-01-18,334434.006061289
2015-01-19,314761.417469448
2015-01-20,257929.494870797
2015-01-21,325690.633353804
2015-01-22,295088.828877607
2015-01-23,271044.553932025
2015-01-24,275416.240285767
2015-01-25,273230.397108896
2015-01-26,277602.083462638
2015-01-27,317507.026636064
2015-01-28,336476.453109996
2015-01-29,336476.453109996
2015-01-30,283132.625177924
2015-01-31,340579.824489386
2015-02-01,318011.28190274
2015-02-02,326218.024661521
2015-02-03,260564.082591277
2015-02-04,326218.024661521
2015-02-05,326218.024661521
2015-02-06,363148.367076033
2015-02-07,326218.024661521
2015-02-08,270822.511039753
2015-02-09,340604.722619783
2015-02-10,318224.262813905
2015-02-11,349162.732809701
2015-02-12,262976.994964268
2015-02-13,322644.044241876
2015-02-14,353582.514237672
2015-02-15,309384.699957963
2015-02-16,346952.842095716
2015-02-17,329273.716383832
2015-02-18,369051.74923557
2015-02-19,366841.858521585
2015-02-20,349162.732809701
2015-02-21,313804.481385934
2015-02-22,334358.311133104
2015-02-23,329538.396656716
2015-02-24,299369.388512087
2015-02-25,368990.176538154
2015-02-26,348103.940130334
2015-02-27,352745.325998738
2015-02-28,329538.396656716
2015-03-01,324897.010788311
2015-03-02,366669.483603951
2015-03-03,366669.483603951
2015-03-04,324897.010788311
2015-03-05,306331.467314693
2015-03-06,343462.554261929
2015-03-07,324897.010788311
2015-03-08,363358.067705216
2015-03-09,339499.662403796
2015-03-10,358360.754759563
2015-03-11,363076.027848504
2015-03-12,308850.387325676
2015-03-13,344214.935492738
2015-03-14,308850.387325676
2015-03-15,337142.025859325
2015-03-16,327711.479681442
2015-03-17,301777.477692263
2015-03-18,360718.391304033
2015-03-19,322996.2065925
2015-03-20,320638.57004803
2015-03-21,356003.118215092
2015-03-22,334537.327428476
2015-03-23,336739.588444724
2015-03-24,401765.164144395
2015-03-25,376219.402262381
2015-03-26,343706.614412546
2015-03-27,397120.480165847
2015-03-28,343706.614412546
2015-03-29,355318.324358916
2015-03-30,329772.562476902
2015-03-31,348351.298391094
2015-04-01,306549.142584163
2015-04-02,385508.770219477
2015-04-03,339061.930433998
2015-04-04,355318.324358916
2015-04-05,361069.996691013
2015-04-06,309707.170078885
2015-04-07,373614.998825321
2015-04-08,307249.17666556
2015-04-09,326913.123972156
2015-04-10,373614.998825321
2015-04-11,344119.077865427
2015-04-12,314623.156905534
2015-04-13,383446.972478619
2015-04-14,366241.018585348
2015-04-15,299875.196425587
2015-04-16,339203.091038779
2015-04-17,309707.170078885
2015-04-18,358867.038345374
2015-04-19,351846.074225004
2015-04-20,364477.035874265
2015-04-21,362110.301875082
2015-04-22,359743.567875898
2015-04-23,307675.41989386
2015-04-24,293475.015898758
2015-04-25,385777.641866917
2015-04-26,340809.69588243
2015-04-27,324242.557888145
2015-04-28,362110.301875082
2015-04-29,300575.217896309
2015-04-30,317142.355890594
2015-05-01,350276.631879164
2015-05-02,347909.89787998
2015-05-03,333776.412541361
2015-05-04,303150.868676707
2015-05-05,364728.388876663
2015-05-06,381306.952007421
2015-05-07,333939.628776685
2015-05-08,355254.924230516
2015-05-09,305519.234838243
2015-05-10,305519.234838243
2015-05-11,374201.85352281
2015-05-12,355254.924230516
2015-05-13,383675.318168957
2015-05-14,364728.388876663
2015-05-15,348149.825745906
2015-05-16,312624.333322854
2015-05-17,410256.527852824
2015-05-18,349377.602526406
2015-05-19,315410.335614117
2015-05-20,351803.835877284
2015-05-21,376066.169386062
2015-05-22,334820.202421139
2015-05-23,271738.135298316
2015-05-24,354230.069228162
2015-05-25,342098.902473773
2015-05-26,349377.602526406
2015-05-27,334820.202421139
2015-05-28,320262.802315872
2015-05-29,373639.936035185
2015-05-30,329967.735719384
2015-05-31,356781.94209336
2015-06-01,312271.265830991
2015-06-02,354853.71117158
2015-06-03,335928.179909096
2015-06-04,333562.488501286
2015-06-05,326465.414277854
2015-06-06,421093.070590275
2015-06-07,352488.01976377
2015-06-08,371413.551026254
2015-06-09,357219.402579391
2015-06-10,399801.847919981
2015-06-11,319368.340054422
2015-06-12,335928.179909096
2015-06-13,376144.933841875
2015-06-14,361934.276712658
2015-06-15,355711.957090776
2015-06-16,291486.187060497
2015-06-17,390295.064030157
2015-06-18,385354.620181674
2015-06-19,363122.6228635
2015-06-20,331009.737848361
2015-06-21,306307.518605946
2015-06-22,377943.954408949
2015-06-23,345831.06939381
2015-06-24,385354.620181674
2015-06-25,375473.732484708
2015-06-26,380414.176333191
2015-06-27,318658.628227153
2015-06-28,346814.543816443
2015-06-29,343810.247546963
2015-06-30,356089.184959355
2015-07-01,331531.310134572
2015-07-02,378191.27230166
2015-07-03,395381.784679008
2015-07-04,373279.697336703
2015-07-05,348721.82251192
2015-07-06,444497.534328574
2015-07-07,329075.522652093
2015-07-08,395381.784679008
2015-07-09,326619.735169615
2015-07-10,378191.27230166
2015-07-11,365703.823777367
2015-07-12,342767.691987456
2015-07-13,375774.951215878
2015-07-14,365618.871453287
2015-07-15,388470.050919117
2015-07-16,340228.672046808
2015-07-17,373235.93127523
2015-07-18,378313.971156526
2015-07-19,385931.03097847
2015-07-20,396087.110741061
2015-07-21,322455.532462274
2015-07-22,391009.070859765
2015-07-23,355462.791690696
2015-07-24,429094.369969483
2015-07-25,395370.72515724
2015-07-26,374222.682670225
2015-07-27,387216.525818497
2015-07-28,353432.53363299
2015-07-29,395012.83170746
2015-07-30,348234.996373682
2015-07-31,392414.063077805
2015-08-01,402809.137596423
2015-08-02,392414.063077805
2015-08-03,408006.674855731
2015-08-04,353432.53363299
2015-08-05,345636.227744027
2015-08-06,371623.914040571
2015-08-07,356031.302262645
2015-08-08,420413.404985863
2015-08-09,372000.719336283
2015-08-10,437493.803726473
2015-08-11,424395.186848435
2015-08-12,330085.145326561
2015-08-13,385099.336214321
2015-08-14,372000.719336283
2015-08-15,358902.102458245
2015-08-16,361521.825833852
2015-08-17,385099.336214321
2015-08-18,369380.995960675
2015-08-19,408676.846594789
2015-08-20,392958.506341144
2015-08-21,432254.356975258
2015-08-22,426143.652201538
2015-08-23,361412.970854469
2015-08-24,418052.317033154
2015-08-25,364110.082577264
2015-08-26,434234.987369922
2015-08-27,369504.306022853
2015-08-28,418052.317033154
2015-08-29,431537.875647127
2015-08-30,404566.758419182
2015-08-31,423446.540478743
2015-09-01,415355.20531036
2015-09-02,431537.875647127
2015-09-03,393778.311528004
2015-09-04,434444.799372061
2015-09-05,416212.869138725
2015-09-06,407718.72895222
2015-09-07,430369.769449566
2015-09-08,385067.688454875
2015-09-09,421875.629263061
2015-09-10,484165.990630761
2015-09-11,447358.049822575
2015-09-12,382236.308392706
2015-09-13,427538.389387398
2015-09-14,430369.769449566
2015-09-15,453020.809946911
2015-09-16,402055.968827884
2015-09-17,410910.027600594
2015-09-18,433587.717335429
2015-09-19,368697.038550535
2015-09-20,377545.767475748
2015-09-21,389344.072709365
2015-09-22,463083.480419472
2015-09-23,466033.056727876
2015-09-24,412940.683176599
2015-09-25,483730.514578302
2015-09-26,433587.717335429
2015-09-27,439486.869952237
2015-09-28,421789.412101812
2015-09-29,513226.277662345
2015-09-30,436537.293643833
2015-10-01,444776.382758561
2015-10-02,417179.763438577
2015-10-03,438341.05578691
2015-10-04,462525.389899291
2015-10-05,462525.389899291
2015-10-06,429271.930494767
2015-10-07,402064.554618338
2015-10-08,423225.846966672
2015-10-09,380903.262270005
2015-10-10,483686.682247624
2015-10-11,441364.097550958
2015-10-12,429271.930494767
2015-10-13,414156.721674529
2015-10-14,459502.348135244
2015-10-15,502137.288713881
2015-10-16,435823.398820657
2015-10-17,411610.987775065
2015-10-18,438849.950201356
2015-10-19,499380.977815336
2015-10-20,387398.576729473
2015-10-21,435823.398820657
2015-10-22,447929.604343453
2015-10-23,450956.155724152
2015-10-24,438849.950201356
2015-10-25,469115.464008346
2015-10-26,496354.426434637
2015-10-27,444903.052962754
2015-10-28,420690.641917162
2015-10-29,466068.004514329
2015-10-30,529187.24527939
2015-10-31,454915.351205088
2015-11-01,473483.324723664
2015-11-02,473483.324723664
2015-11-03,479672.649229855
2015-11-04,479672.649229855
2015-11-05,451820.688951993
2015-11-06,448726.026698897
2015-11-07,470388.662470568
2015-11-08,430158.053180322
2015-11-09,461104.67571128
2015-11-10,451820.688951993
2015-11-11,537055.796106772
2015-11-12,527006.857659411
2015-11-13,523733.523139787
2015-11-14,464813.50178656
2015-11-15,523733.523139787
2015-11-16,566286.871894895
2015-11-17,487726.843423926
2015-11-18,500820.181502421
2015-11-19,445173.494668818
2015-11-20,546646.864777153
2015-11-21,569560.206414519
2015-11-22,563013.537375271
2015-11-23,533553.526698658
2015-11-24,560533.42415402
2015-11-25,535030.217025699
2015-11-26,636252.149976506
2015-11-27,480804.181516337
2015-11-28,556720.631229443
2015-11-29,538645.286059656
2015-11-30,585641.183501102
2015-12-01,603716.528670889
2015-12-02,582026.114467145
2015-12-03,513339.802821954
2015-12-04,553105.562195486
2015-12-05,632637.080942549
2015-12-06,577650.161239677
2015-12-07,578033.500385697
2015-12-08,688135.119506783
2015-12-09,660609.714726512
2015-12-10,849355.347505516
2015-12-11,629152.109263344
2015-12-12,637016.510629136
2015-12-13,558372.496971217
2015-12-14,766779.133164702
2015-12-15,719592.724969951
2015-12-16,640948.711312032
2015-12-17,609491.105848864
2015-12-18,684510.337699163
2015-12-19,729321.303625075
2015-12-20,766484.172599601
2015-12-21,692158.434650549
2015-12-22,696803.793272365
2015-12-23,729321.303625075
2015-12-24,641059.489810576
2015-12-25,752548.096734154
2015-12-26,794356.324330496
2015-12-27,952298.517472232
2015-12-28,701449.151894181
2015-12-29,738612.020868707
2015-12-30,766484.172599601
2015-12-31,702681.498032921
2016-01-01,697129.166405806
2016-01-02,748768.363917347
2016-01-03,748768.363917347
2016-01-04,934669.474958895
2016-01-05,810735.400931196
2016-01-06,728112.684912731
2016-01-07,759096.203419655
2016-01-08,893358.116949662
2016-01-09,779751.882424272
2016-01-10,903685.95645197
2016-01-11,877866.357696199
2016-01-12,877866.357696199
2016-01-13,813710.194014571
2016-01-14,749438.083305595
2016-01-15,687454.482430696
2016-01-16,800151.938566876
2016-01-17,850865.793828157
2016-01-18,974832.995577956
2016-01-19,749438.083305595
2016-01-20,856500.666634966
2016-01-21,771977.574532831
2016-01-22,991737.613998384
2016-01-23,1008642.23241881
2016-01-24,963563.249964338
2016-01-25,912849.394703057
2016-01-26,928141.002810171
2016-01-27,924867.907889316
2016-01-28,871165.900334451
2016-01-29,1008404.36408577
2016-01-30,1115808.3791955
2016-01-31,1080007.04082559
2016-02-01,960669.246259225
2016-02-02,1074040.15109727
2016-02-03,1068073.26136895
2016-02-04,1002437.47435745
2016-02-05,1121775.26892382
2016-02-06,1193377.94566364
2016-02-07,1234537.96602865
2016-02-08,1060281.98712231
2016-02-09,1260875.87657788
2016-02-10,1174907.06681121
2016-02-11,1375500.95626678
2016-02-12,1225055.5391751
2016-02-13,1117594.52696676
2016-02-14,1189235.20177232
2016-02-15,1088938.25704454
2016-02-16,988641.312316752
2016-02-17,1110430.45948621
2016-02-18,1210727.40421399
2016-02-19,1106210.05838203
2016-02-20,1219082.13715781
2016-02-21,1040283.423708
2016-02-22,1032156.20946028
2016-02-23,1105301.13768975
2016-02-24,959011.28123081
2016-02-25,1259718.20839641
2016-02-26,1137809.99468062
2016-02-27,1194700.49441466
2016-02-28,1089046.70919431
2016-02-29,1080919.49494659
2016-03-01,1145937.20892834
2016-03-02,1275972.63689184
2016-03-03,1097173.92344203
2016-03-04,1257200.65607867
2016-03-05,1181318.8523918
2016-03-06,1165567.93435991
2016-03-07,1047436.04912073
2016-03-08,1212820.68845558
2016-03-09,1323077.11467881
2016-03-10,1220696.14747152
2016-03-11,1260073.44255125
2016-03-12,1134066.09829613
2016-03-13,1047436.04912073
2016-03-14,1197069.77042369
2016-03-15,1267948.9015672
2016-03-16,1197069.77042369
2016-03-17,1110439.72124829
2016-03-18,1099528.52189976
2016-03-19,1118857.35233453
2016-03-20,1201126.2753003
2016-03-21,1143538.02922426
2016-03-22,1217580.05989345
2016-03-23,1225806.95219003
2016-03-24,1209353.16759688
2016-03-25,1201126.2753003
2016-03-26,1258714.52137634
2016-03-27,1159991.81381741
2016-03-28,1398571.69041816
2016-03-29,1291622.09056265
2016-03-30,1209353.16759688
2016-03-31,1020134.6447756
2016-04-01,1266862.83281171
2016-04-02,1152898.4861624
2016-04-03,1177781.1873026
2016-04-04,1376842.79642417
2016-04-05,1285606.22557678
2016-04-06,1302194.69300358
2016-04-07,1152898.4861624
2016-04-08,1194369.6547294
2016-04-09,1343665.86157057
2016-04-10,1434902.43241796
2016-04-11,1269017.75814998
2016-04-12,1227546.58958299
2016-04-13,1360254.32899737
2016-04-14,1425512.68730726
2016-04-15,1234618.41233425
2016-04-16,1225736.26548292
2016-04-17,1403379.20250943
2016-04-18,1190207.67807762
2016-04-19,1332322.02769883
2016-04-20,1465554.23046871
2016-04-21,1341204.17455015
2016-04-22,1270146.99973955
2016-04-23,1279029.14659088
2016-04-24,1172443.38437497
2016-04-25,1128032.65011834
2016-04-26,1341204.17455015
2016-04-27,1145796.94382099
2016-04-28,1199003.65014719
2016-04-29,1403229.58036089
2016-04-30,1296655.18185247
2016-05-01,1376585.98073378
2016-05-02,1394348.38048519
2016-05-03,1341061.18123098
2016-05-04,1483160.37924221
2016-05-05,1376585.98073378
2016-05-06,1438754.3798637
2016-05-07,1332179.98135528
2016-05-08,1492041.57911791
2016-05-09,1518685.17874501
2016-05-10,1403229.58036089
2016-05-11,1263377.10291735
2016-05-12,1342247.86954719
2016-05-13,1467781.84295808
2016-05-14,1390530.16701292
2016-05-15,1342247.86954719
2016-05-16,1361560.78853348
2016-05-17,1361560.78853348
2016-05-18,1477438.30245123
2016-05-19,1158775.13917743
2016-05-20,1438812.46447864
2016-05-21,1361560.78853348
2016-05-22,1776788.54673873
2016-05-23,1738162.70876615
2016-05-24,1424527.48797779
2016-05-25,1367284.21320355
2016-05-26,1337560.6433513
2016-05-27,1377192.06982096
2016-05-28,1317744.93011646
2016-05-29,1456454.9227603
2016-05-30,1426731.35290805
2016-05-31,1258297.79041196
2016-06-01,1416823.49629063
2016-06-02,1367284.21320355
2016-06-03,1406915.63967322
2016-06-04,1179034.93747262
2016-06-05,1684335.62496089
2016-06-06,1684335.62496089
2016-06-07,1387099.92643838
2016-06-08,1405239.8337768
2016-06-09,1608133.9309215
2016-06-10,1403462.33971331
2016-06-11,1520417.53468942
2016-06-12,1422954.87220933
2016-06-13,1569148.86592946
2016-06-14,1286507.1447372
2016-06-15,1481432.46969738
2016-06-16,1452193.67095336
2016-06-17,1452193.67095336
2016-06-18,1539910.06718544
2016-06-19,1725089.12589761
2016-06-20,1598387.66467349
2016-06-21,1531412.7730782
2016-06-22,1343144.51552347
2016-06-23,1457676.21839756
2016-06-24,1343144.51552347
2016-06-25,1686739.62414575
2016-06-26,1520148.05632888
2016-06-27,1530560.02931744
2016-06-28,1540972.00230599
2016-06-29,1520148.05632888
2016-06-30,1561795.9482831
2016-07-01,1613855.81322587
2016-07-02,1551383.97529455
2016-07-03,1603443.84023732
2016-07-04,1573973.22742671
2016-07-05,1538177.12694953
2016-07-06,1485136.53636507
2016-07-07,1453312.18201439
2016-07-08,1538177.12694953
2016-07-09,1580609.59941711
2016-07-10,1654866.42623536
2016-07-11,1516960.89071575
2016-07-12,1516960.89071575
2016-07-13,1368447.23707924
2016-07-14,1495744.65448196
2016-07-15,1432095.9457806
2016-07-16,1665474.54435225
2016-07-17,1580609.59941711
2016-07-18,1570047.99807086
2016-07-19,1358434.53362668
2016-07-20,1591915.46909377
2016-07-21,1411498.38259648
2016-07-22,1369047.30342064
2016-07-23,1390272.84300856
2016-07-24,1315983.45445085
2016-07-25,1390272.84300856
2016-07-26,1369047.30342064
2016-07-27,1358434.53362668
2016-07-28,1443336.69197835
2016-07-29,1560077.15971189
2016-07-30,1262919.60548106
2016-07-31,1634366.5482696
2016-08-01,1623753.77847564
2016-08-02,1611302.39442715
2016-08-03,1666003.54735094
2016-08-04,1535533.39002827
2016-08-05,1696112.04519463
2016-08-06,1666003.54735094
2016-08-07,1485352.56028879
2016-08-08,1485352.56028879
2016-08-09,1244484.57753925
2016-08-10,1515461.05813248
2016-08-11,1505424.89218458
2016-08-12,1495388.72623668
2016-08-13,1635895.04950725
2016-08-14,1635895.04950725
2016-08-15,1480672.78660971
2016-08-16,1458782.17092898
2016-08-17,1329112.64462418
2016-08-18,1664092.25424491
2016-08-19,1664092.25424491
2016-08-20,1674898.04810365
2016-08-21,1761344.39897351
2016-08-22,1707315.42967985
2016-08-23,1588451.69723378
2016-08-24,1642480.66652745
2016-08-25,1404753.20163532
2016-08-26,1426364.78935278
2016-08-27,1556034.31565758
2016-08-28,1642480.66652745
2016-08-29,1618801.46201982
2016-08-30,1799709.0589716
2016-08-31,1470493.9872085
2016-09-01,1536337.00156112
2016-09-02,1678996.8659918
2016-09-03,1382703.30140501
2016-09-04,1964316.59485315
2016-09-05,1536337.00156112
2016-09-06,1492441.65865938
2016-09-07,1668023.03026636
2016-09-08,1580232.34446287
2016-09-09,1558284.673012
2016-09-10,1700944.53744267
2016-09-11,1799709.0589716
2016-09-12,1821039.51020144
2016-09-13,1852325.13960032
2016-09-14,1751289.22289484
2016-09-15,1728836.7969603
2016-09-16,1560443.60245118
2016-09-17,1829872.71366577
2016-09-18,1627800.88025482
2016-09-19,1493086.32464753
2016-09-20,1695158.15805847
2016-09-21,1863551.35256759
2016-09-22,1582896.02838572
2016-09-23,1526764.96354935
2016-09-24,1863551.35256759
2016-09-25,2162558.09313961
2016-09-26,1834694.78231133
2016-09-27,2002575.3506274
2016-09-28,1774737.43648416
2016-09-29,1714780.09065699
2016-09-30,1702788.62149156
2016-10-01,1882660.65897306
2016-10-02,1690797.15232613
2016-10-03,1810711.84398046
2016-10-04,1894652.1281385
2016-10-05,2002575.3506274
2016-10-06,1930626.5356348
2016-10-07,1714780.09065699
2016-10-08,2109095.85982046
2016-10-09,2056197.68457302
2016-10-10,1593553.20554409
2016-10-11,1786321.73847281
2016-10-12,1850577.91611572
2016-10-13,1644958.14765842
2016-10-14,1747768.03188707
2016-10-15,1824875.44505855
2016-10-16,1670660.61871558
2016-10-17,1606404.44107267
2016-10-18,1991941.50693011
2016-10-19,1606404.44107267
2016-10-20,1722065.5608299
2016-10-21,2107602.62668734
2016-10-22,1906300.95008226
2016-10-23,1815470.1249901
2016-10-24,1802862.69356655
2016-10-25,1752432.96787238
2016-10-26,1739825.53644884
2016-10-27,2042403.89061386
2016-10-28,1916329.57637844
2016-10-29,1878507.28210781
2016-10-30,2118048.47915512
2016-10-31,1853292.41926072
2016-11-01,1815470.1249901
2016-11-02,1676788.37933113
2016-11-03,1954151.87064906
2016-11-04,1462462.04513091
2016-11-05,1856081.59672813
2016-11-06,1936557.43909685
2016-11-07,1847956.77194863
2016-11-08,2139073.24972136
2016-11-09,1860614.01011266
2016-11-10,2126416.01155733
2016-11-11,2063129.82073717
2016-11-12,2126416.01155733
2016-11-13,1797327.8192925
2016-11-14,2177044.96421346
2016-11-15,1974529.15358895
2016-11-16,2164387.72604942
2016-11-17,2012500.86808104
2016-11-18,2011089.71225163
2016-11-19,1989192.7397282
2016-11-20,1793075.14567049
2016-11-21,1947167.54100154
2016-11-22,1877125.54312379
2016-11-23,2059234.73760595
2016-11-24,2269360.73123921
2016-11-25,2129276.7354837
2016-11-26,2143285.13505925
2016-11-27,2017209.5388793
2016-11-28,2297377.53039031
2016-11-29,2087251.53675705
2016-11-30,1989192.7397282
2016-12-01,2045226.3380304
2016-12-02,2035532.46509142
2016-12-03,2451895.01734189
2016-12-04,2109770.13120116
2016-12-05,2166790.94555795
2016-12-06,2138280.53837956
2016-12-07,2480405.42452028
2016-12-08,2238066.96350393
2016-12-09,1924452.4845416
2016-12-10,1881686.87377401
2016-12-11,2665723.07117984
2016-12-12,2223811.75991474
2016-12-13,2537426.23887707
2016-12-14,1981473.29889839
2016-12-15,1952251.49677579
2016-12-16,2050571.62856036
2016-12-17,2220167.77829091
2016-12-18,2173914.28290985
2016-12-19,2328092.60084672
2016-12-20,2127660.78752879
2016-12-21,2451435.25519621
2016-12-22,2451435.25519621
2016-12-23,2343510.4326404
2016-12-24,2112242.9557351
2016-12-25,2543942.24595833
2016-12-26,2189332.11470354
2016-12-27,2405181.75981515
2016-12-28,2546127.99373219
2016-12-29,2368856.40597071
2016-12-30,2479403.03824934
2016-12-31,2337271.6538911
2017-01-01,2463610.66220954
2017-01-02,2510987.79032895
2017-01-03,2589949.67052797
2017-01-04,2416233.53409012
2017-01-05,2210932.64557266
2017-01-06,2542572.54240856
2017-01-07,2179347.89349305
2017-01-08,2637326.79864739
2017-01-09,2147763.14141344
2017-01-10,2545880.37552233
2017-01-11,2562350.134115
2017-01-12,2880550.47756719
2017-01-13,2512107.97462255
2017-01-14,2880550.47756719
2017-01-15,2796813.54507977
2017-01-16,2830308.31807474
2017-01-17,2646087.06660242
2017-01-18,2512107.97462255
2017-01-19,2914045.25056216
2017-01-20,3165256.04802441
2017-01-21,3031276.95604454
2017-01-22,2950275.25252868
2017-01-23,2695734.74214349
2017-01-24,2910612.14912595
2017-01-25,2910612.14912595
2017-01-26,3027818.00748001
2017-01-27,3320832.65336517
2017-01-28,2969215.07830298
2017-01-29,3262229.72418814
2017-01-30,2812940.60049756
2017-01-31,2832474.91022324
2017-02-01,3750587.46733008
2017-02-02,3066886.62693136
2017-02-03,2910612.14912595
2017-02-04,2824555.82436805
2017-02-05,3336807.82080876
2017-02-06,2623276.58868614
2017-02-07,3168918.11913285
2017-02-08,3063987.05558541
2017-02-09,3546669.94790366
2017-02-10,3084973.26829489
2017-02-11,2917083.56661898
2017-02-12,2938069.77932847
2017-02-13,3420752.67164672
2017-02-14,3546669.94790366
2017-02-15,2917083.56661898
2017-02-16,3168918.11913285
2017-02-17,3168918.11913285
2017-02-18,3254025.02653876
2017-02-19,2936112.56385841
2017-02-20,3242870.59291824
2017-02-21,3023757.71501836
2017-02-22,3023757.71501836
2017-02-23,3286693.16849821
2017-02-24,3571539.90976806
2017-02-25,3659185.06092801
2017-02-26,3900209.22661788
2017-02-27,3155225.44175829
2017-02-28,3352427.03186818
2017-03-01,3155225.44175829
2017-03-02,3440072.18302813
2017-03-03,3349345.38703688
2017-03-04,3023455.91166441
2017-03-05,3367030.44708082
2017-03-06,3252505.60194202
2017-03-07,3504460.26124739
2017-03-08,3252505.60194202
2017-03-09,3389935.41610858
2017-03-10,3573175.16833067
2017-03-11,3412840.38513634
2017-03-12,3550270.19930291
2017-03-13,3321220.5090253
2017-03-14,3573175.16833067
2017-03-15,3252505.60194202
2017-03-16,3504460.26124739
2017-03-17,3600869.26330221
2017-03-18,3712647.13922961
2017-03-19,3901826.61129226
2017-03-20,3216051.02506514
2017-03-21,3357935.62911213
2017-03-22,3759942.00724527
2017-03-23,3499820.23315912
2017-03-24,4161948.38537841
2017-03-25,3145108.72304164
2017-03-26,3925474.04530009
2017-03-27,3121461.28903381
2017-03-28,3665352.27121395
2017-03-29,3263345.8930808
2017-03-30,3942417.72740472
2017-03-31,3352999.96635802
2017-04-01,3278488.85599451
2017-04-02,3924251.81247828
2017-04-03,4371318.47465935
2017-04-04,3104629.59847965
2017-04-05,4023599.95962963
2017-04-06,3651044.40781207
2017-04-07,4023599.95962963
2017-04-08,3402674.03993369
2017-04-09,3949088.84926612
2017-04-10,3651044.40781207
2017-04-11,4147785.14356882
2017-04-12,3526859.22387288
2017-04-13,3274289.42119579
2017-04-14,3598646.52693503
2017-04-15,3883431.50388672
2017-04-16,3779873.33044974
2017-04-17,3572756.98357579
2017-04-18,3779873.33044974
2017-04-19,3702204.70037201
2017-04-20,3572756.98357579
2017-04-21,4323553.74099389
2017-04-22,3753983.7870905
2017-04-23,3961100.13396446
2017-04-24,3210303.37654636
2017-04-25,3831652.41716823
2017-04-26,3961100.13396446
2017-04-27,3813586.2247299
2017-04-28,3528859.19852578
2017-04-29,4488916.48047764
2017-04-30,3918071.61012788
2017-05-01,3892124.11602107
2017-05-02,4099704.06887553
2017-05-03,3425069.22209855
2017-05-04,4359179.0099436
2017-05-05,3347226.73977813
2017-05-06,4359179.0099436
2017-05-07,4333231.5158368
2017-05-08,4670548.93922529
2017-05-09,4021861.58655511
2017-05-10,4093329.66292194
2017-05-11,3757901.04949698
2017-05-12,4286790.8268336
2017-05-13,4398136.04311499
2017-05-14,4565153.86753708
2017-05-15,4732171.69195917
2017-05-16,3674392.13728594
2017-05-17,4314627.13090395
2017-05-18,3952755.17798942
2017-05-19,4565153.86753708
2017-05-20,4592990.17160743
2017-05-21,4091936.69834116
2017-05-22,4064100.39427081
2017-05-23,4887381.02634698
2017-05-24,4562009.63318436
2017-05-25,4828620.58577306
2017-05-26,4532386.19400784
2017-05-27,4976737.78165567
2017-05-28,4887867.46412611
2017-05-29,4473139.3156548
2017-05-30,5302595.61259742
2017-05-31,4858244.02494958
2017-06-01,5035984.66000872
2017-06-02,4325022.11977219
2017-06-03,5687700.3218922
2017-06-04,5049391.51326877
2017-06-05,5533581.08611424
2017-06-06,5094943.56099544
2017-06-07,5567322.43420031
2017-06-08,5567322.43420031
2017-06-09,5094943.56099544
2017-06-10,4757530.08013481
2017-06-11,4926236.82056512
2017-06-12,4959978.16865119
2017-06-13,4757530.08013481
2017-06-14,4723788.73204875
2017-06-15,5162426.25716756
2017-06-16,4993719.51673725
2017-06-17,4907231.27624732
2017-06-18,5129905.64430105
2017-06-19,5342177.60199627
2017-06-20,4882255.02698997
2017-06-21,4953012.34622171
2017-06-22,4917633.68660584
2017-06-23,5660585.53853909
2017-06-24,5165284.30391692
2017-06-25,4316196.47313606
2017-06-26,5023769.66545344
2017-06-27,4634604.40967888
2017-06-28,5554449.55969148
2017-06-29,4245439.15390432
2017-06-30,5448313.58084387
2017-07-01,5801798.16405462
2017-07-02,6622798.79067703
2017-07-03,5988701.03412285
2017-07-04,5389830.93071056
2017-07-05,5248920.31814296
2017-07-06,5002326.74614967
2017-07-07,5213692.66500107
2017-07-08,5812562.76841335
2017-07-09,4861416.13358208
2017-07-10,6939847.66895412
2017-07-11,6094383.99354854
2017-07-12,6235294.60611614
2017-07-13,5530741.54327816
2017-07-14,5287415.70544483
2017-07-15,5079131.87191812
2017-07-16,6518885.78836735
2017-07-17,5918988.32318017
2017-07-18,6598872.11705897
2017-07-19,5958981.48752598
2017-07-20,6478892.62402153
2017-07-21,6158947.30925504
2017-07-22,6398906.29532991
2017-07-23,6878824.26747965
2017-07-24,7118783.25355452
2017-07-25,5918988.32318017
2017-07-26,5878995.15883436
2017-07-27,6416436.63634687
2017-07-28,6414280.01814893
2017-07-29,6713613.08566255
2017-07-30,6285994.41778595
2017-07-31,6200470.68421063
2017-08-01,6371518.15136127
2017-08-02,6499803.75172425
2017-08-03,5901137.61669702
2017-08-04,7654374.15499106
2017-08-05,7568850.42141574
2017-08-06,5986661.35027234
2017-08-07,6542565.61851191
2017-08-08,7012946.15317617
2017-08-09,6107869.28310813
2017-08-10,6149818.07832045
2017-08-11,6608759.7259563
2017-08-12,6195712.24308403
2017-08-13,6792336.38501064
2017-08-14,5966241.41926611
2017-08-15,6975913.04406499
2017-08-16,5966241.41926611
2017-08-17,8215055.49268179
2017-08-18,6838230.54977423
2017-08-19,6930018.8793014
2017-08-20,5966241.41926611
2017-08-21,5277828.94781232
2017-08-22,4084580.6639591
2017-08-23,7297172.19741008
2017-08-24,4467992.01920994
2017-08-25,4459277.50765201
2017-08-26,4635882.55746001
2017-08-27,6843445.68006004
2017-08-28,5695512.85630802
2017-08-29,6578538.10534803
2017-08-30,7417412.09193603
2017-08-31,7196655.77967604
2017-09-01,7682319.66664803
2017-09-02,7240807.04212804
2017-09-03,6799294.41760804
2017-09-04,7726470.92910003
2017-09-05,8697798.70304403
2017-09-06,7283044.48578657
2017-09-07,8072925.27664423
2017-09-08,8027056.38302694
2017-09-09,7751843.02132316
2017-09-10,6329907.31918695
2017-09-11,7981187.48940964
2017-09-12,8623352.0000518
2017-09-13,8715089.78728639
2017-09-14,7981187.48940964
2017-09-15,8256400.85111342
2017-09-16,7751843.02132316
2017-09-17,8072925.27664423
2017-09-18,6687570.05931123
2017-09-19,8556655.83040941
2017-09-20,6417491.87280707
2017-09-21,9653662.9881542
2017-09-22,7624199.74632635
2017-09-23,9105159.4092818
2017-09-24,7953301.89364978
2017-09-25,6856294.73590499
2017-09-26,7569349.3884391
2017-09-27,8063002.60942426
2017-09-28,9708513.34604144
2017-09-29,9269710.48294352
2017-09-30,7569349.3884391
2017-10-01,7133598.09247187
2017-10-02,8380132.03962018
2017-10-03,10223761.0883366
2017-10-04,7486251.28872736
2017-10-05,6983443.36635015
2017-10-06,8882939.96199739
2017-10-07,8827072.41506659
2017-10-08,10167893.5414058
2017-10-09,8994675.05585899
2017-10-10,8938807.50892819
2017-10-11,7765589.02338137
2017-10-12,8547734.68041258
2017-10-13,7597986.38258896
2017-10-14,7877324.11724297
2017-10-15,11485102.1666364
2017-10-16,10351762.4275094
2017-10-17,9756833.55236517
2017-10-18,8983426.0146777
2017-10-19,10589733.9775671
2017-10-20,10649226.8650815
2017-10-21,9102411.78970654
2017-10-22,10827705.5276248
2017-10-23,10173283.7649661
2017-10-24,9935312.21490844
2017-10-25,11006184.190168
2017-10-26,11103293.0112987
2017-10-27,7510989.9435995
2017-10-28,6138789.8577496
2017-10-29,11122042.8010992
2017-10-30,10616495.4010493
2017-10-31,9966505.88669932
2017-11-01,11266484.9153992
2017-11-02,10833158.5724993
2017-11-03,8594305.80084942
2017-11-04,9388737.42949936
2017-11-05,10183169.0581493
2017-11-06,9605400.60094935
2017-11-07,11266484.9153992
2017-11-08,10399832.2295993
2017-11-09,11049821.7439492
2017-11-10,8468739.81561046
2017-11-11,5426063.16330811
2017-11-12,5426063.16330811
2017-11-13,9495610.5357892
2017-11-14,8681701.06129298
2017-11-15,10309520.0102854
2017-11-16,10309520.0102854
2017-11-17,11326906.8534057
2017-11-18,9224307.3776238
2017-11-19,10852126.3266162
2017-11-20,11869513.1697365
2017-11-21,11733861.5906538
2017-11-22,10038216.85212
2017-11-23,10648648.9579922
2017-11-24,10083527.0255049
2017-11-25,10445729.4715118
2017-11-26,10244850.0585982
2017-11-27,11383166.7317757
2017-11-28,10445729.4715118
2017-11-29,11584046.1446894
2017-11-30,11182287.318862
2017-12-01,12253644.187735
2017-12-02,10780528.4930347
2017-12-03,11784925.5576031
2017-12-04,12119724.5791259
2017-12-05,11918845.1662122
2017-12-06,13218896.9761819
2017-12-07,12020755.1114562
2017-12-08,12337090.772284
2017-12-09,13760601.2460091
2017-12-10,12969762.0939396
2017-12-11,13523349.5003882
2017-12-12,12337090.772284
2017-12-13,14709608.2284925
2017-12-14,14630524.3132855
2017-12-15,13365181.6699743
2017-12-16,13523349.5003882
2017-12-17,14630524.3132855
2017-12-18,15613766.2496263
2017-12-19,13035760.9505203
2017-12-20,12663310.6376483
2017-12-21,12290860.3247763
2017-12-22,14432449.6237903
2017-12-23,12942648.3723023
2017-12-24,14153111.8891363
2017-12-25,12570198.0594303
2017-12-26,13221986.1069563
2017-12-27,14525562.2020083
2017-12-28,13873774.1544823
2017-12-29,15363575.4059704
2017-12-30,13687548.9980463
2017-12-31,15177350.2495343
2018-01-01,14923655.7184224
2018-01-02,16415540.6673567
2018-01-03,15071578.273538
2018-01-04,16127548.7258241
2018-01-05,13727615.8797194
2018-01-06,16127548.7258241
2018-01-07,15551564.842759
2018-01-08,15935554.0981357
2018-01-09,15743559.4704474
2018-01-10,15935554.0981357
2018-01-11,18527481.5719289
2018-01-12,17087521.864266
2018-01-13,15881806.2094572
2018-01-14,17165770.5545811
2018-01-15,16612036.0205623
2018-01-16,17608758.1817961
2018-01-17,18494733.4362261
2018-01-18,19159214.8770486
2018-01-19,18273239.6226186
2018-01-20,19712949.4110673
2018-01-21,20709671.572301
2018-01-22,18494733.4362261
2018-01-23,19602202.5042636
2018-01-24,19491455.5974598
2018-01-25,19419246.3436515
2018-01-26,20056949.5413983
2018-01-27,20315748.8903196
2018-01-28,20445148.5647802
2018-01-29,19151151.8201739
2018-01-30,21609745.6349259
2018-01-31,15139761.9118942
2018-02-01,20703947.9137015
2018-02-02,21739145.3093865
2018-02-03,20445148.5647802
2018-02-04,23033142.0539929
2018-02-05,23938939.7752173
2018-02-06,22105953.9129441
2018-02-07,20149017.2119133
2018-02-08,18720008.8990117
2018-02-09,19291612.2241723
2018-02-10,20434818.8744937
2018-02-11,21578025.524815
2018-02-12,23721537.9941675
2018-02-13,23435736.3315871
2018-02-14,25579248.8009396
2018-02-15,18720008.8990117
2018-02-16,22435430.512556
2018-02-17,21292223.8622346
2018-02-18,23149934.6690068
2018-02-19,23149934.6690068
2018-02-20,20835108.4972582
2018-02-21,25265138.8267234
2018-02-22,22275181.569123
2018-02-23,22125683.706243
2018-02-24,21677190.1176029
2018-02-25,25564134.5524835
2018-02-26,21079198.6660828
2018-02-27,23919658.0608032
2018-02-28,23172168.7464031
2018-03-01,24667147.3752033
2018-03-02,23321666.6092831
2018-03-03,26909615.3184037
2018-03-04,22125683.706243
2018-03-05,24020983.5292903
2018-03-06,25517998.1075581
2018-03-07,25681575.018504
2018-03-08,26499459.5732334
2018-03-09,23882228.9980992
2018-03-10,22900767.5324239
2018-03-11,25027267.3747204
2018-03-12,26335882.6622875
2018-03-13,25845151.9294498
2018-03-14,23555075.1762074
2018-03-15,23555075.1762074
2018-03-16,25517998.1075581
2018-03-17,24372959.7309369
2018-03-18,25426608.9713916
2018-03-19,26679206.959874
2018-03-20,21859737.3155097
2018-03-21,26162835.2122636
2018-03-22,24613719.9694322
2018-03-23,22892480.8107306
2018-03-24,26851330.8757442
2018-03-25,23236728.6424709
2018-03-26,25818587.3805233
2018-03-27,26162835.2122636
2018-03-28,23236728.6424709
2018-03-29,26162835.2122636
2018-03-30,27884074.3709651
2018-03-31,22031861.2313799
2018-04-01,28151789.8209148
2018-04-02,27227579.616214
2018-04-03,28449329.9836082
2018-04-04,25656757.7152785
2018-04-05,27227579.616214
2018-04-06,24085935.8143431
2018-04-07,31416438.0187084
2018-04-08,28100258.450067
2018-04-09,25656757.7152785
2018-04-10,28623865.7503788
2018-04-11,28100258.450067
2018-04-12,26878508.0826727
2018-04-13,28798401.5171494
2018-04-14,25934796.2703183
2018-04-15,31109116.9538305
2018-04-16,26910340.4324546
2018-04-17,30918263.4755861
2018-04-18,30536556.5190974
2018-04-19,33971919.1274958
2018-04-20,26146926.5194772
2018-04-21,30345703.0408531
2018-04-22,30536556.5190974
2018-04-23,29200582.1713869
2018-04-24,30345703.0408531
2018-04-25,23474977.8240562
2018-04-26,26910340.4324546
2018-04-27,27882432.4329455
2018-04-28,25592018.8297845
2018-04-29,31590148.2430152
2018-04-30,30990335.3016921
2018-05-01,31590148.2430152
2018-05-02,27991270.5950767
2018-05-03,30190584.7132614
2018-05-04,27591395.3008614
2018-05-05,32189961.1843383
2018-05-06,27391457.6537537
2018-05-07,29990647.0661537
2018-05-08,27791332.9479691
2018-05-09,31990023.5372306
2018-05-10,30790397.6545844
2018-05-11,26155095.4999563
2018-05-12,33988897.1882542
2018-05-13,30487010.8112825
2018-05-14,27191117.7506033
2018-05-15,30075024.1786976
2018-05-16,36872803.6163485
2018-05-17,27191117.7506033
2018-05-18,30487010.8112825
2018-05-19,31722970.7090372
2018-05-20,29663037.5461127
2018-05-21,32340950.6579146
2018-05-22,31104990.7601599
2018-05-23,33370917.2393768
2018-05-24,30032592.1199289
2018-05-25,37681533.9302757
2018-05-26,34684139.1858219
2018-05-27,35112338.4350296
2018-05-28,33399541.4381989
2018-05-29,29759847.8199336
2018-05-30,37253334.681068
2018-05-31,36396936.1826526
2018-06-01,35540537.6842373
2018-06-02,32543142.9397835
2018-06-03,34898238.8104258
2018-06-04,39180231.3025025
2018-06-05,38570079.4652277
2018-06-06,36103754.4868986
2018-06-07,35121339.3988197
2018-06-08,35612546.9428592
2018-06-09,35121339.3988197
2018-06-10,31191679.0465042
2018-06-11,34384528.0827606
2018-06-12,35612546.9428592
2018-06-13,35121339.3988197
2018-06-14,37577377.119017
2018-06-15,37577377.119017
2018-06-16,40770226.1552733
2018-06-17,38559792.2070958
2018-06-18,40279018.6112339
2018-06-19,38748592.0678864
2018-06-20,39122596.1405431
2018-06-21,42908653.8315634
2018-06-22,38112980.756271
2018-06-23,40384615.3708832
2018-06-24,43161057.6776314
2018-06-25,39627403.8326791
2018-06-26,36850961.5259309
2018-06-27,30540865.3742304
2018-06-28,39627403.8326791
2018-06-29,38112980.756271
2018-06-30,35588942.2955908
2018-07-01,37103365.3719989
2018-07-02,36328697.2314513
2018-07-03,30929068.6931176
2018-07-04,35728406.9386013
2018-07-05,36528296.646182
2018-07-06,42660784.4043001
2018-07-07,41594264.7941926
2018-07-08,42127524.5992464
2018-07-09,36261666.7436551
2018-07-10,39727855.4765045
2018-07-11,35995036.8411282
2018-07-12,37594816.2562895
2018-07-13,38128076.0613432
2018-07-14,35461777.0360745
2018-07-15,35461777.0360745
2018-07-16,31995588.3032251
2018-07-17,41051426.467194
2018-07-18,44793365.5190134
2018-07-19,44021066.1135132
2018-07-20,39644702.8156786
2018-07-21,35268339.5178439
2018-07-22,46852830.6003474
2018-07-23,42733900.4376795
2018-07-24,40931868.4915123
2018-07-25,45565664.9245137
2018-07-26,42476467.3025127
2018-07-27,42991333.5728462
2018-07-28,37327804.5991779
2018-07-29,47480188.0482407
2018-07-30,39630250.2088987
2018-07-31,43474975.9754336
2018-08-01,44362220.3830956
2018-08-02,45249464.7907575
2018-08-03,49094190.5572924
2018-08-04,52051671.9161655
2018-08-05,47319701.7419686
2018-08-06,38743005.8012368
2018-08-07,44657968.5189829
2018-08-08,46432457.3343067
2018-08-09,44066472.2472083
2018-08-10,52051671.9161655
2018-08-11,52485702.5441051
2018-08-12,49230273.0794214
2018-08-13,47642199.7542788
2018-08-14,43195594.4438794
2018-08-15,51135961.0695926
2018-08-16,50183117.074507
2018-08-17,48277429.0843358
2018-08-18,50818346.404564
2018-08-19,46054126.4291361
2018-08-20,47642199.7542788
2018-08-21,47006970.4242217
2018-08-22,50818346.404564
2018-08-23,47324585.0892502
2018-08-24,47295605.0753526
2018-08-25,45145645.9144945
2018-08-26,57853309.2089448
2018-08-27,61866255.5124554
2018-08-28,51165065.3697604
2018-08-29,46483294.6823314
2018-08-30,51499477.5617197
2018-08-31,51833889.7536789
2018-09-01,50496240.985842
2018-09-02,48155355.6421275
2018-09-03,48155355.6421275
2018-09-04,42135936.1868616
2018-09-05,44142409.3386169
2018-09-06,50161828.7938828
2018-09-07,52746513.6394839
2018-09-08,52338942.9548858
2018-09-09,56874984.6776426
2018-09-10,47105048.6593973
2018-09-11,49198606.3775927
2018-09-12,58619616.1094721
2018-09-13,51641090.382154
2018-09-14,46058269.8002995
2018-09-15,48849680.0912268
2018-09-16,48500753.8048609
2018-09-17,47105048.6593973
2018-09-18,49547532.6639586
2018-09-19,54432500.6730812
2018-09-20,53860675.976615
2018-09-21,51200543.8778614
2018-09-22,55111696.535198
2018-09-23,53333899.8727723
2018-09-24,52622781.207802
2018-09-25,60089527.1899902
2018-09-26,49422747.2154357
2018-09-27,50844984.5453763
2018-09-28,54756137.2027129
2018-09-29,54045018.5377426
2018-09-30,57956171.1950792
2018-10-01,56178374.5326535
2018-10-02,48711628.5504654
2018-10-03,51556103.2103466
2018-10-04,54987108.4738221
2018-10-05,48176505.2061282
2018-10-06,46323562.6982002
2018-10-07,52623567.2251554
2018-10-08,50029447.7140562
2018-10-09,48176505.2061282
2018-10-10,53364744.2283266
2018-10-11,58923571.7521107
2018-10-12,48917682.2092994
2018-10-13,52252978.7235698
2018-10-14,42247089.1807586
2018-10-15,60035337.2568675
2018-10-16,50029447.7140562
2018-10-17,51141213.218813
2018-10-18,50884200.6681646
2018-10-19,50702736.5834671
2018-10-20,51059798.1087028
2018-10-21,49274490.4825244
2018-10-22,55344536.411531
2018-10-23,54987474.8862954
2018-10-24,40347952.3516322
2018-10-25,48917428.9572887
2018-10-26,51059798.1087028
2018-10-27,48560367.432053
2018-10-28,49988613.5329958
2018-10-29,52130982.6844099
2018-10-30,54987474.8862954
2018-10-31,58201028.6134165
2018-11-01,54989095.6997791
2018-11-02,51070835.0767113
2018-11-03,57499331.799654
2018-11-04,43928060.9401084
2018-11-05,51427973.7835415
2018-11-06,45713754.4742591
2018-11-07,46428031.8879194
2018-11-08,43213783.5264481
2018-11-09,45356615.767429
2018-11-10,46785170.5947495
2018-11-11,52142251.1972018
2018-11-12,49999418.9562209
2018-11-13,42856644.8196179
2018-11-14,48213725.4220701
2018-11-15,45356615.767429
2018-11-16,44814668.5643965
2018-11-17,47956936.4976081
2018-11-18,40680711.6496951
2018-11-19,41672924.128956
2018-11-20,43657349.0874777
2018-11-21,34727436.77413
2018-11-22,40349974.1566082
2018-11-23,41342186.635869
2018-11-24,47295461.5114342
2018-11-25,42003661.622043
2018-11-26,36711861.7326517
2018-11-27,43326611.5943908
2018-11-28,39027024.1842604
2018-11-29,34727436.77413
2018-11-30,33404486.8017821
2018-12-01,41011449.1427821
2018-12-02,37704074.2119126
2018-12-03,34851039.8061178
2018-12-04,38734427.5898648
2018-12-05,36488953.5266842
2018-12-06,37892374.8161721
2018-12-07,31998005.4003231
2018-12-08,35646900.7529915
2018-12-09,35927585.0108891
2018-12-10,34804847.9792988
2018-12-11,35085532.2371964
2018-12-12,33682110.9477085
2018-12-13,36769637.7845818
2018-12-14,40979901.6530454
2018-12-15,41821954.4267381
2018-12-16,32278689.6582207
2018-12-17,44909481.2636114
2018-12-18,35632316.4387212
2018-12-19,37822407.4037366
2018-12-20,34268624.1577479
2018-12-21,35537832.4598867
2018-12-22,44422290.5748584
2018-12-23,44676132.2352862
2018-12-24,38583932.3850198
2018-12-25,40360824.0080142
2018-12-26,39853140.6871587
2018-12-27,44168448.9144307
2018-12-28,42391557.2914363
2018-12-29,35030149.1390311
2018-12-30,44676132.2352862
2018-12-31,40567549.5659183
2019-01-01,41615985.2733756
2019-01-02,42174589.1025484
2019-01-03,43291796.7608941
2019-01-04,41615985.2733756
2019-01-05,45526212.0775854
2019-01-06,39381569.9566843
2019-01-07,39381569.9566843
2019-01-08,47202023.5651039
2019-01-09,45805513.9921718
2019-01-10,43571098.6754805
2019-01-11,41336683.3587892
2019-01-12,38543664.212925
2019-01-13,38264362.2983386
2019-01-14,43489353.9009638
2019-01-15,38609293.9848548
2019-01-16,38901788.6362552
2019-01-17,37146820.7278527
2019-01-18,40364261.8932572
2019-01-19,38901788.6362552
2019-01-20,45921660.2698651
2019-01-21,43874197.7100622
2019-01-22,38024304.6820539
2019-01-23,42704219.1044605
2019-01-24,47384133.5268671
2019-01-25,40364261.8932572
2019-01-26,43874197.7100622
2019-01-27,40071767.2418568
2019-01-28,42053315.6218028
2019-01-29,42201068.2451955
2019-01-30,39310584.1188122
2019-01-31,44802503.9589404
2019-02-01,45669649.1968553
2019-02-02,41622971.4199188
2019-02-03,39888680.9440889
2019-02-04,42490116.6578338
2019-02-05,42490116.6578338
2019-02-06,47403939.6726853
2019-02-07,50294423.7990685
2019-02-08,47114891.260047
2019-02-09,43357261.8957488
2019-02-10,41080343.9102215
2019-02-11,43691361.6410391
2019-02-12,38568926.1382966
2019-02-13,46101919.5246827
2019-02-14,42486082.6992174
2019-02-15,38267606.4028412
2019-02-16,45197960.3183164
2019-02-17,47909837.9374153
2019-02-18,46704558.9955936
2019-02-19,47005878.731049
2019-02-20,39171565.6092075
2019-02-21,35857048.5191977
2019-02-22,48813797.1437817
2019-02-23,43088722.1701283
2019-02-24,41300825.1419887
2019-02-25,43162133.9136362
2019-02-26,48595129.7908771
2019-02-27,42558467.7050539
2019-02-28,45274965.6436743
2019-03-01,48896962.8951683
2019-03-02,39841969.7664334
2019-03-03,44067633.2265097
2019-03-04,41351135.2878892
2019-03-05,44973132.5393832
2019-03-06,38634637.3492687
2019-03-07,42860300.809345
2019-03-08,44067633.2265097
2019-03-09,41652968.3921804
2019-03-10,41044308.6239489
2019-03-11,42839445.3543402
2019-03-12,43141131.5892299
2019-03-13,40727641.7101121
2019-03-14,46761366.4079065
2019-03-15,46157993.938127
2019-03-16,49174856.2870242
2019-03-17,44046190.293899
2019-03-18,48571483.8172448
2019-03-19,52493404.8708111
2019-03-20,48571483.8172448
2019-03-21,43141131.5892299
2019-03-22,48571483.8172448
2019-03-23,43744504.0590093
2019-03-24,47567250.8442935
2019-03-25,46933020.8330363
2019-03-26,42493410.7542356
2019-03-27,47250135.8386649
2019-03-28,46298790.821779
2019-03-29,46615905.8274077
2019-03-30,44078985.7823787
2019-03-31,44078985.7823787
2019-04-01,43127640.7654928
2019-04-02,49787055.8836939
2019-04-03,45030330.7992646
2019-04-04,44396100.7880073
2019-04-05,50104170.8893225
2019-04-06,44084457.1991955
2019-04-07,44809649.5150318
2019-04-08,47034242.0441469
2019-04-09,41949459.1204553
2019-04-10,47034242.0441469
2019-04-11,49894432.4387234
2019-04-12,47987638.842339
2019-04-13,42902855.9186475
2019-04-14,38771469.7931481
2019-04-15,46080845.2459547
2019-04-16,46080845.2459547
2019-04-17,43856252.7168397
2019-04-18,47352040.9768776
2019-04-19,48305437.7750698
2019-04-20,41631660.1877246
2019-04-21,51189192.6714095
2019-04-22,42318655.5416624
2019-04-23,36634060.0211406
2019-04-24,51477170.5469476
2019-04-25,45160953.3019233
2019-04-26,47687440.199933
2019-04-27,43266088.128416
2019-04-28,51477170.5469476
2019-04-29,51477170.5469476
2019-04-30,44213520.7151697
2019-05-01,54003657.4449573
2019-05-02,58109198.654223
2019-05-03,48003251.0621842
2019-05-04,43092854.4112328
2019-05-05,42978500.6950409
2019-05-06,50308167.4802416
2019-05-07,42312167.3509317
2019-05-08,50641334.1522962
2019-05-09,49975000.808187
2019-05-10,41645834.0068226
2019-05-11,43311667.3670955
2019-05-12,52640334.1846237
2019-05-13,55638834.2331149
2019-05-14,50641334.1522962
2019-05-15,49641834.1361325
2019-05-16,48642334.1199687
2019-05-17,50308167.4802416
2019-05-18,50987355.5821806
2019-05-19,54326123.0260991
2019-05-20,53659544.8294598
2019-05-21,50993232.0429028
2019-05-22,55659279.4193776
2019-05-23,52659677.5345009
2019-05-24,50993232.0429028
2019-05-25,46660473.7647477
2019-05-26,54992701.2227383
2019-05-27,55659279.4193776
2019-05-28,54659412.1244187
2019-05-29,57992303.107615
2019-05-30,53851726.7142329
2019-05-31,43386260.5763855
2019-06-01,55994233.7353351
2019-06-02,48577778.935953
2019-06-03,44127906.0563237
2019-06-04,57106701.9552424
2019-06-05,59331638.395057
2019-06-06,58219170.1751497
2019-06-07,58589992.9151188
2019-06-08,45982019.7561692
2019-06-09,54510942.7754586
2019-06-10,58219170.1751497
2019-06-11,53027651.8155822
2019-06-12,48577778.935953
2019-06-13,55994233.7353351
2019-06-14,62251625.6357354
2019-06-15,53775192.2320143
2019-06-16,47882020.4805607
2019-06-17,48986990.1839583
2019-06-18,60036687.2179338
2019-06-19,65193212.5004558
2019-06-20,53038545.7630826
2019-06-21,48986990.1839583
2019-06-22,51933576.0596851
2019-06-23,66666505.4383192
2019-06-24,65193212.5004558
2019-06-25,53775192.2320143
2019-06-26,60773333.6868655
2019-06-27,55670540.6800857
2019-06-28,64293187.5738047
2019-06-29,68631991.6432025
2019-06-30,59954383.5044069
2019-07-01,56404452.9021723
2019-07-02,62321003.9058966
2019-07-03,67843118.1760393
2019-07-04,65870934.5081312
2019-07-05,74548542.6469268
2019-07-06,70209738.577529
2019-07-07,60348820.2379885
2019-07-08,70209738.577529
2019-07-09,66020895.9353463
2019-07-10,58125055.93338185
2019-07-11,58125055.93338185
2019-07-12,73895419.94631507
2019-07-13,63532037.880673245
2019-07-14,65334365.19643704
2019-07-15,65784947.02537798
2019-07-16,72994256.28843316
2019-07-17,59927383.24914565
2019-07-18,54520401.301854275
2019-07-19,53168655.81503144
2019-07-20,79752983.72254743
2019-07-21,67136692.51220085
2019-07-22,71191928.97266938
2019-07-23,64200324.93722811
2019-07-24,62282811.34553916
2019-07-25,67211666.91964662
2019-07-26,74380911.39107564
2019-07-27,68107822.47857523
2019-07-28,78413611.40625447
2019-07-29,75277066.95000428
2019-07-30,63627044.68393211
2019-07-31,76621300.28839722
2019-08-01,63627044.68393211
2019-08-02,75725144.72946858
2019-08-03,77517455.84732585
2019-08-04,74828989.17053996
2019-08-05,70546861.81990622
2019-08-06,79916269.03403816
2019-08-07,75945274.29942758
2019-08-08,70485156.53933802
2019-08-09,72967028.24846964
2019-08-10,74952525.61577493
2019-08-11,75945274.29942758
2019-08-12,66017787.46290111
2019-08-13,77930771.66673285
2019-08-14,75448899.95760125
2019-08-15,77930771.66673285
2019-08-16,72967028.24846964
2019-08-17,63535915.753769495
2019-08-18,62789407.41868819
2019-08-19,82514504.79037575
2019-08-20,77452265.23268399
2019-08-21,68846457.984608
2019-08-22,71377577.76345386
2019-08-23,77452265.23268399
2019-08-24,80995832.92306823
2019-08-25,78464713.14422233
2019-08-26,69352681.94037716
2019-08-27,68340234.02883881
2019-08-28,76439817.32114564
2019-08-29,83526952.7019141
2019-08-30,80995832.92306823
2019-08-31,84033176.65768328
2019-09-01,76105398.3346369
2019-09-02,79786349.93155265
2019-09-03,87818532.81056806
2019-09-04,72825124.76973927
2019-09-05,88354011.66916907
2019-09-06,84605659.65896188
2019-09-07,80321828.79015365
2019-09-08,94779757.97238144
2019-09-09,78179913.35574953
2019-09-10,97457152.26538657
2019-09-11,98528109.9825886
2019-09-12,84605659.65896188
2019-09-13,81990003.47587636
2019-09-14,91618125.62606
2019-09-15,86889448.17439239
2019-09-16,96346803.07772762
2019-09-17,87480532.85585083
2019-09-18,102848734.57377057
2019-09-19,87480532.85585083
2019-09-20,89253786.90022619
2019-09-21,98120057.12210296
2019-09-22,98120057.12210296
2019-09-23,67383653.68626347
2019-09-24,92800294.9889769
2019-09-25,92209210.30751845
2019-09-26,102371761.97619785
2019-09-27,83726816.31844728
2019-09-28,100852756.01994783
2019-09-29,86263992.57052143
2019-09-30,82458228.1924102
2019-10-01,90704051.0116512
2019-10-02,93875521.32674389
2019-10-03,93241227.26372536
2019-10-04,93241227.26372536
2019-10-05,100218461.9569293
2019-10-06,94509815.38976245
2019-10-07,98315579.76787366
2019-10-08,102755638.20900345
2019-10-09,87532580.6965585
2019-10-10,103742972.6980896
2019-10-11,100875176.08460964
2019-10-12,86002553.969571
2019-10-13,91822275.66676003
2019-10-14,87295825.4578352
2019-10-15,98935268.85221331
2019-10-16,92468911.41089214
2019-10-17,96995361.61981696
2019-10-18,103461719.06113812
2019-10-19,91822275.66676003
2019-10-20,94408818.6432885
2019-10-21,102815083.317006
2019-10-22,109281440.75832719
2019-10-23,109314233.41859664
2019-10-24,90520752.85884188
2019-10-25,93923788.68060285
2019-10-26,95285003.00930724
2019-10-27,78269823.90050235
2019-10-28,91201360.02319407
2019-10-29,90520752.85884188
2019-10-30,91201360.02319407
2019-10-31,89840145.69448967
2019-11-01,88478931.36578529
2019-11-02,91201360.02319407
2019-11-03,93923788.68060285
2019-11-04,89840145.69448967
2019-11-05,98007431.66671602
2019-11-06,89840145.69448967
2019-11-07,91495629.00498703
2019-11-08,80936306.11613324
2019-11-09,91053344.3806499
2019-11-10,104964271.99436028
2019-11-11,95479548.62137593
2019-11-12,85362510.35685928
2019-11-13,85362510.35685928
2019-11-14,106861216.66895717
2019-11-15,99905752.86210199
2019-11-16,93582603.94677904
2019-11-17,97376493.29597281
2019-11-18,88524084.81452073
2019-11-19,92950289.05524676
2019-11-20,89788714.59758532
2019-11-21,87206195.79641934
2019-11-22,85127203.65307556
2019-11-23,111568229.03016719
2019-11-24,84482300.59509772
2019-11-25,80612882.24723066
2019-11-26,78678173.07329711
2019-11-27,89641525.05892047
2019-11-28,105119198.45038874
2019-11-29,87706815.88498695
2019-11-30,81257785.3052085
2019-12-01,89641525.05892047
2019-12-02,93510943.40678756
2019-12-03,101894683.16049953
2019-12-04,107698810.68230015
2019-12-05,93362398.66941905
2019-12-06,92816137.37716064
2019-12-07,99217250.29972345
2019-12-08,94736471.25392947
2019-12-09,94736471.25392947
2019-12-10,94736471.25392947
2019-12-11,84494690.57782899
2019-12-12,85134801.87008528
2019-12-13,97296916.4229546
2019-12-14,96656805.13069834
2019-12-15,79373800.23977876
2019-12-16,100497472.884236
2019-12-17,90255692.20813552
2019-12-18,85774913.16234156
2019-12-19,100640144.00517273
2019-12-20,100413778.96363248
2019-12-21,113287340.36922646
2019-12-22,108781593.87726857
2019-12-23,92045964.0499964
2019-12-24,80459758.78496182
2019-12-25,82390792.9958009
2019-12-26,107494237.73670918
2019-12-27,93333320.1905558
2019-12-28,95908032.4716746
2019-12-29,99770100.89335278
2019-12-30,106850559.66642946
2019-12-31,93333320.1905558
2020-01-01,112929774.50430365
2020-01-02,96717718.31238091
2020-01-03,115924073.72193182
2020-01-04,115238132.457305
2020-01-05,111808426.13417092
2020-01-06,92602070.72462001
2020-01-07,120725662.57431954
2020-01-08,97403659.57700774
2020-01-09,107692778.54641
2020-01-10,102205248.42939548
2020-01-11,111808426.13417092
2020-01-12,103577130.9586491
2020-01-13,98089600.84163456
2020-01-14,99850250.9686384
2020-01-15,110915119.36618419
2020-01-16,116791417.08094886
2020-01-17,116791417.08094886
2020-01-18,96958912.29361789
2020-01-19,110180582.1518386
2020-01-20,111649656.58052978
2020-01-21,112384193.79487537
2020-01-22,114587805.43791209
2020-01-23,116791417.08094886
2020-01-24,111649656.58052978
2020-01-25,120464103.15267676
2020-01-26,105038821.65141945
2020-01-27,94755300.65058112
2020-01-28,107492950.68599442
2020-01-29,123011831.71279211
2020-01-30,119936535.91997233
2020-01-31,110710648.54151301
2020-02-01,116092416.17894764
2020-02-02,109941824.59330806
2020-02-03,113785944.3343328
2020-02-04,101484761.16305356
2020-02-05,122243007.76458718
2020-02-06,103791233.00766842
2020-02-07,106866528.80048823
2020-02-08,106866528.80048823
2020-02-09,117630064.07535753
2020-02-10,93796521.681004
2020-02-11,114210895.7545908
2020-02-12,109742275.1892226
2020-02-13,108969442.26535484
2020-02-14,104332444.72214827
2020-02-15,109742275.1892226
2020-02-16,109742275.1892226
2020-02-17,121334769.04723918
2020-02-18,115924938.58016479
2020-02-19,108969442.26535484
2020-02-20,97376948.40733843
2020-02-21,119016270.27563587
2020-02-22,114379272.73242924
2020-02-23,109742275.1892226
2020-02-24,108969442.26535484
2020-02-25,111005384.3400511
2020-02-26,104700775.42728595
2020-02-27,113169220.49861053
2020-02-28,121637665.56993525
2020-02-29,107010351.35582903
2020-03-01,136264979.78404152
2020-03-02,114708937.78430595
2020-03-03,117788372.35569674
2020-03-04,128566393.35556455
2020-03-05,125486958.78417374
2020-03-06,119328089.64139213
2020-03-07,120867806.92708752
2020-03-08,121637665.56993525
2020-03-09,120142063.4511651
2020-03-10,108616241.39191228
2020-03-11,97919187.31543607
2020-03-12,124250397.34983888
2020-03-13,102856289.19688664
2020-03-14,105324840.13761191
2020-03-15,97919187.31543607
2020-03-16,97919187.31543607
2020-03-17,101210588.56973645
2020-03-18,82285031.35750929
2020-03-19,88044983.55253497
2020-03-20,89690684.17968515
2020-03-21,102033438.88331154
2020-03-22,104501989.82403682
2020-03-23,92159235.12041043
2020-03-24,108616241.39191228
2020-03-25,75702228.84890854
2020-03-26,111836546.3991491
2020-03-27,107197274.86378047
2020-03-28,93365368.42974424
2020-03-29,104430893.57697324
2020-03-30,101664512.29016598
2020-03-31,109963656.15058772
2020-04-01,105814084.22037683
2020-04-02,105814084.22037683
2020-04-03,91290582.4646388
2020-04-04,108580465.50718409
2020-04-05,121029181.2978167
2020-04-06,88524201.17783155
2020-04-07,116188014.04590404
2020-04-08,103260704.52088556
2020-04-09,112650577.82639459
2020-04-10,119234053.15391117
2020-04-11,116308064.11945938
2020-04-12,111919080.56778164
2020-04-13,125086031.2228148
2020-04-14,122891539.44697595
2020-04-15,123623036.70558889
2020-04-16,112650577.82639459
2020-04-17,92900151.8438449
2020-04-18,115576566.86084642
2020-04-19,111187583.3091687
2020-04-20,117771058.63668527
2020-04-21,116039619.81187667
2020-04-22,103923467.23346883
2020-04-23,112649865.24543951
2020-04-24,114236483.06579782
2020-04-25,107890011.7843646
2020-04-26,108683320.69454375
2020-04-27,111856556.33526036
2020-04-28,122169572.16758937
2020-04-29,115029791.97597697
2020-04-30,107096702.87418543
2020-05-01,111856556.33526036
2020-05-02,117409718.70651443
2020-05-03,133275896.91009754
2020-05-04,125342807.80830598
2020-05-05,126330903.87563805
2020-05-06,123288445.65559772
2020-05-07,117684425.39852506
2020-05-08,109678682.17413558
2020-05-09,108878107.85169664
2020-05-10,136097634.81462088
2020-05-11,125690168.62291455
2020-05-12,116883851.07608612
2020-05-13,95268344.37023449
2020-05-14,91265472.75803976
2020-05-15,100071790.3048682
2020-05-16,100872364.62730715
2020-05-17,81658580.88877237
2020-05-18,102473513.27218504
2020-05-19,92066047.08047871
2020-05-20,86731596.76375672
2020-05-21,98579623.70355071
2020-05-22,83529299.47400093
2020-05-23,89549429.16582084
2020-05-24,87291880.53138837
2020-05-25,94064526.43468578
2020-05-26,93312010.2232083
2020-05-27,103847237.18389316
2020-05-28,98579623.70355071
2020-05-29,95569558.85764076
2020-05-30,117392528.99048796
2020-05-31,112877431.72162303
2020-06-01,100837172.33798319
2020-06-02,97074591.28059575
2020-06-03,104599753.39537065
2020-06-04,108319274.22458893
2020-06-05,122192367.72521374
2020-06-06,133797229.46448
2020-06-07,108539589.20842996
2020-06-08,110587505.98594747
2020-06-09,109222228.13426913
2020-06-10,111952783.83762586
2020-06-11,126288201.28024888
2020-06-12,111270144.91178666
2020-06-13,107856950.28259078
2020-06-14,116048617.392661
2020-06-15,94204171.7658072
2020-06-16,106884937.53919552
2020-06-17,108283617.57348618
2020-06-18,96513659.14158547
2020-06-19,112206937.0507864
2020-06-20,107498953.67802612
2020-06-21,114560928.73716654
2020-06-22,112206937.0507864
2020-06-23,123976895.48268713
2020-06-24,109068281.46894622
2020-06-25,110637609.25986633
2020-06-26,128684878.8554474
2020-06-27,108283617.57348618
2020-06-28,117699584.31900674
2020-06-29,113776264.8417065
2020-06-30,115344545.21897343
2020-07-01,127111309.03923196
2020-07-02,128680584.45946935
2020-07-03,127895946.74935065
2020-07-04,123188120.4886384
2020-07-05,127895946.74935065
2020-07-06,120834207.3582823
2020-07-07,126326671.32911325
2020-07-08,118480294.22792618
2020-07-09,128680584.45946935
2020-07-10,126326671.32911325
2020-07-11,122403482.7785197
2020-07-12,119264931.93804488
2020-07-13,121474836.12740125
2020-07-14,124167138.54257391
2020-07-15,118993507.76996668
2020-07-16,117268964.1790976
2020-07-17,101748071.86127587
2020-07-18,112095333.40649036
2020-07-19,112957605.20192489
2020-07-20,121580323.1562703
2020-07-21,107783974.42931765
2020-07-22,124167138.54257391
2020-07-23,117268964.1790976
2020-07-24,138825759.0649611
2020-07-25,122442594.95170484
2020-07-26,136238943.6786575
2020-07-27,128082098.07778554
2020-07-28,121437040.3952344
2020-07-29,123949530.88617033
2020-07-30,113062072.09211469
2020-07-31,128137015.03773022
2020-08-01,114737065.75273862
2020-08-02,118087053.07398653
2020-08-03,135674486.51053798
2020-08-04,121437040.3952344
2020-08-05,108037091.11024292
2020-08-06,130649505.52866612
2020-08-07,127299518.20741823
2020-08-08,118924549.9042985
2020-08-09,130649505.52866612
2020-08-10,114926419.49958968
2020-08-11,129741892.84212302
2020-08-12,132269332.31307347
2020-08-13,123844534.076572
2020-08-14,140694130.54957497
2020-08-15,131426852.48942332
2020-08-16,128056933.19482274
2020-08-17,105309977.95626877
2020-08-18,117947175.31102097
2020-08-19,116262215.6637207
2020-08-20,123002054.25292186
2020-08-21,130584372.66577318
2020-08-22,114577256.0164204
2020-08-23,132269332.31307347
2020-08-24,128593100.89647324
2020-08-25,111720008.69546545
2020-08-26,123939384.64653216
2020-08-27,112592821.26339878
2020-08-28,142268448.5731322
2020-08-29,127430634.91826549
2020-08-30,110847196.12753214
2020-08-31,130921885.18999885
2020-09-01,134413135.46173215
2020-09-02,125685009.78239882
2020-09-03,112592821.26339878
2020-09-04,117829696.6709988
2020-09-05,123066572.07859881
2020-09-06,130921885.18999885
2020-09-07,151709442.06778005
2020-09-08,133652505.32879294
2020-09-09,128478859.9612268
2020-09-10,136239328.01257607
2020-09-11,118993843.45402217
2020-09-12,146586618.7477084
2020-09-13,139688424.92428684
2020-09-14,151760264.11527455
2020-09-15,134514779.55672064
2020-09-16,133652505.32879294
2020-09-17,153484812.57112998
2020-09-18,142275247.6080699
2020-09-19,128478859.9612268
2020-09-20,135654384.57842135
2020-09-21,139219832.7594406
2020-09-22,123857644.31701958
2020-09-23,136339422.42648664
2020-09-24,131538738.53823009
2020-09-25,162263115.42307213
2020-09-26,144020516.64769718
2020-09-27,145940790.2029998
2020-09-28,123857644.31701958
2020-09-29,135379285.64883533
2020-09-30,149781337.31360504
2020-10-01,119056960.428763
2020-10-02,130578601.76057877
2020-10-03,144980653.4253485
2020-10-04,151587945.74942547
2020-10-05,134303836.4311297
2020-10-06,124710705.25747761
2020-10-07,144856280.72214702
2020-10-08,155408725.0131643
2020-10-09,136222462.66586015
2020-10-10,137181775.7832253
2020-10-11,134303836.4311297
2020-10-12,142937654.4874166
2020-10-13,159245977.48262516
2020-10-14,142937654.4874166
2020-10-15,144856280.72214702
2020-10-16,148693533.19160783
2020-10-17,152593470.69353917
2020-10-18,119288755.69898535
2020-10-19,124259120.51977639
2020-10-20,143146506.83878234
2020-10-21,129229485.34056745
2020-10-22,136187996.0896749
2020-10-23,130223558.30472566
2020-10-24,151099090.55204803
2020-10-25,116306536.80651072
2020-10-26,109348026.05740325
2020-10-27,98413223.45166297
2020-10-28,99407296.41582118
2020-10-29,107359880.12908687
2020-10-30,110342099.02156149
2020-10-31,112330244.9498779
2020-11-01,124259120.51977639
2020-11-02,94436931.59503014
2020-11-03,123534519.48211516
2020-11-04,132689483.09191571
2020-11-05,122675182.48120517
2020-11-06,127682332.7865603
2020-11-07,121840657.43031262
2020-11-08,115164457.02317227
2020-11-09,154387134.41512182
2020-11-10,122675182.48120517
2020-11-11,122675182.48120517
2020-11-12,133524008.14280823
2020-11-13,115998982.3411126
2020-11-14,118502557.09321824
2020-11-15,125178757.6338828
2020-11-16,135735925.23468184
2020-11-17,137334451.1504863
2020-11-18,147831351.5740522
2020-11-19,119839616.50472265
2020-11-20,146956610.2686377
2020-11-21,147831351.5740522
2020-11-22,152205060.20050347
2020-11-23,128587033.61766668
2020-11-24,118964874.63947392
2020-11-25,135584967.55994713
2020-11-26,131211259.21341324
2020-11-27,134710225.69469845
2020-11-28,134710225.69469845
2020-11-29,135787629.27682322
2020-11-30,107610727.91731204
2020-12-01,144750713.6586849
2020-12-02,124752259.7979457
2020-12-03,149512250.29219425
2020-12-04,137132255.04506996
2020-12-05,137132255.04506996
2020-12-06,129513796.43145503
2020-12-07,142846099.0052812
2020-12-08,137132255.04506996
2020-12-09,132370718.71629885
2020-12-10,123799952.47124383
2020-12-11,131418411.08485878
2020-12-12,125704567.12464757
2020-12-13,148342069.0427936
2020-12-14,134574370.80097473
2020-12-15,129933875.82961448
2020-12-16,132718173.76280425
2020-12-17,119724785.58585908
2020-12-18,145711560.75178188
2020-12-19,146639659.56785926
2020-12-20,140142965.92487437
2020-12-21,126221478.78335665
2020-12-22,132718173.76280425
2020-12-23,142927263.4125759
2020-12-24,116940488.24665305
2020-12-25,133646272.28188917
2020-12-26,127149578.49040844
2020-12-27,137344635.42361856
2020-12-28,147934525.66917643
2020-12-29,140537799.38571763
2020-12-30,159029615.0943647
2020-12-31,153482070.67763954
2021-01-01,137764026.73355144
2021-01-02,139613208.60028526
2021-01-03,146085344.09831175
2021-01-04,159954206.02773148
2021-01-05,145160753.60874838
2021-01-06,163652569.02152643
2021-01-07,155331252.39643878
2021-01-08,136839436.2439882
2021-01-09,134307072.19635198
2021-01-10,162879650.92477036
2021-01-11,157757649.32336253
2021-01-12,151611247.72948113
2021-01-13,155708849.33841553
2021-01-14,150586847.08139154
2021-01-15,158782049.8075481
2021-01-16,150586846.5896793
2021-01-17,136245242.43354535
2021-01-18,148538046.4408284
2021-01-19,152635647.7219547
2021-01-20,144440445.15970212
2021-01-21,132147640.82461096
2021-01-22,144440445.15970212
2021-01-23,160859266.69140872
2021-01-24,143884925.71895775
2021-01-25,144920068.40457904
2021-01-26,166658079.04619855
2021-01-27,146990355.43205088
2021-01-28,150095785.47638997
2021-01-29,157341788.91318125
2021-01-30,140779494.68088102
2021-01-31,149060642.12827694
2021-02-01,123182058.42545108
2021-02-02,158376932.26129428
2021-02-03,155271502.21695518
2021-02-04,165622935.5324627
2021-02-05,174939225.66548
2021-02-06,169173097.2862373
2021-02-07,166219497.49211165
2021-02-08,172612555.61907768
2021-02-09,152367873.85185274
2021-02-10,152367873.85185274
2021-02-11,137450738.2222654
2021-02-12,151302363.39685816
2021-02-13,167285007.94710624
2021-02-14,157695421.52382416
2021-02-15,161957460.27513483
2021-02-16,128926662.25397788
2021-02-17,147040324.64554748
2021-02-18,145974815.72488672
2021-02-19,163253417.20803395
2021-02-20,157667240.26214835
2021-02-21,152267677.5909614
2021-02-22,143628376.07300296
2021-02-23,137148899.93453413
2021-02-24,171706104.45129374
2021-02-25,168466365.60452226
2021-02-26,150107852.2114718
2021-02-27,169546279.07180414
2021-02-28,141468550.69351333
2021-03-01,140388638.7813056
2021-03-02,154427502.970451
2021-03-03,164146716.40061718
2021-03-04,138228813.401816
2021-03-05,160906977.55384567
2021-03-06,162185767.0079194
2021-03-07,155665152.07723814
2021-03-08,165260949.11257935
2021-03-09,149267953.5419015
2021-03-10,158863750.5772427
2021-03-11,140738357.0301135
2021-03-12,159929951.1007959
2021-03-13,152466553.57723358
2021-03-14,167393348.6243582
2021-03-15,157797551.589017
2021-03-16,158863750.5772427
2021-03-17,145003154.51834372
2021-03-18,162062350.6125748
2021-03-19,158461331.28345832
2021-03-20,167389188.3483424
2021-03-21,169563074.09425303
2021-03-22,164128360.51207522
2021-03-23,174997789.2416285
2021-03-24,165215304.16762933
2021-03-25,167389188.3483424
2021-03-26,147824218.20034406
2021-03-27,172823903.49571785
2021-03-28,172823903.49571785
2021-03-29,164128360.51207522
2021-03-30,158693646.92989737
2021-03-31,170650017.74980718
2021-04-01,157606703.27434322
2021-04-02,160833893.90764642
2021-04-03,150672055.36305547
2021-04-04,167924581.3805305
2021-04-05,179426264.28801888
2021-04-06,165624244.46778432
2021-04-07,180576433.5725132
2021-04-08,154122561.56029594
2021-04-09,174825592.118769
2021-04-10,180576433.5725132
2021-04-11,166774412.0960362
2021-04-12,165624244.46778432
2021-04-13,163323907.55503815
2021-04-14,155272729.18854782
2021-04-15,198624496.4285958
2021-04-16,120743465.93956694
2021-04-17,106676264.94260553
2021-04-18,145361065.15215346
2021-04-19,113709865.44108623
2021-04-20,150050132.1511406
2021-04-21,118398932.44007337
2021-04-22,167634132.55331036
2021-04-23,158255998.5553361
2021-04-24,169978664.36473995
2021-04-25,165289599.0538168
2021-04-26,133638399.34274958
2021-04-27,166461864.9595316
2021-04-28,166461864.9595316
2021-04-29,143016531.6526599
2021-04-30,169978664.36473995
2021-05-01,158215613.46069756
2021-05-02,189527186.17245042
2021-05-03,181331416.76498824
2021-05-04,185429300.73110002
2021-05-05,160841991.03347486
2021-05-06,174160117.98024437
2021-05-07,176209059.22568092
2021-05-08,175184588.60296264
2021-05-09,190551658.27040735
2021-05-10,184404830.10838172
2021-05-11,176209059.22568092
2021-05-12,176209059.22568092
2021-05-13,186999513.86234707
2021-05-14,166839066.08152366
2021-05-15,153143321.7171525
2021-05-16,164348930.5795564
2021-05-17,150653186.21518525
2021-05-18,124506764.34097786
2021-05-19,155633457.21911976
2021-05-20,139447577.35278136
2021-05-21,136957441.8508141
2021-05-22,144427848.35671586
2021-05-23,148163050.713218
2021-05-24,156878524.07365468
2021-05-25,153143321.7171525
2021-05-26,151898253.06972018
2021-05-27,145672915.21125075
2021-05-28,148163050.713218
2021-05-29,144427848.35671586
2021-05-30,150864303.39569443
2021-05-31,147526659.5228379
2021-06-01,148572947.21506172
2021-06-02,173683868.40164092
2021-06-03,153804388.68949127
2021-06-04,137063775.06732357
2021-06-05,137063775.06732357
2021-06-06,156943254.77947322
2021-06-07,139156351.95842645
2021-06-08,155896965.58059415
2021-06-09,131832333.59289403
2021-06-10,123462026.02848256
2021-06-11,109860278.49629676
2021-06-12,138110064.26620263
2021-06-13,136447345.89779422
2021-06-14,133766696.21889953
2021-06-15,129803238.23607774
2021-06-16,121876323.69727893
2021-06-17,128812374.45379467
2021-06-18,122867187.479562
2021-06-19,102059035.21001478
2021-06-20,104040764.20142566
2021-06-21,104040764.20142566
2021-06-22,90168661.26154941
2021-06-23,100077306.21860388
2021-06-24,104040764.20142566
2021-06-25,108995085.96653052
2021-06-26,88186933.69698328
2021-06-27,57470136.470381595
2021-06-28,87196068.48785546
2021-06-29,89177797.47926635
2021-06-30,87196068.48785546
2021-07-01,95122984.45349903
2021-07-02,89177797.47926635
2021-07-03,97321703.03432867
2021-07-04,82108835.96327849
2021-07-05,94246664.36212581
2021-07-06,101386562.69452159
2021-07-07,87820755.45171145
2021-07-08,99244593.40043195
2021-07-09,93532673.91199899
2021-07-10,114952370.96547714
2021-07-11,89248735.3238197
2021-07-12,89962724.74580109
2021-07-13,97102623.07819687
2021-07-14,121378279.8758915
2021-07-15,91390704.61790934
2021-07-16,107098482.18295455
2021-07-17,101825980.8946451
2021-07-18,97872242.08868939
2021-07-19,115543619.56746827
2021-07-20,82919538.21875685
2021-07-21,98551910.00153977
2021-07-22,103989257.21923247
2021-07-23,91755226.9581463
2021-07-24,104668925.13208285
2021-07-25,103989257.21923247
2021-07-26,101950252.50195892
2021-07-27,115543619.56746827
2021-07-28,106707930.82807882
2021-07-29,108746935.54535238
2021-07-30,112824945.9586219
2021-07-31,112670630.57380447
2021-08-01,110975800.32998534
2021-08-02,103048958.33872564
2021-08-03,121785131.92177844
2021-08-04,98004602.83491194
2021-08-05,115299533.17424174
2021-08-06,114578911.55238023
2021-08-07,120343887.64035964
2021-08-08,113858288.89282294
2021-08-09,109534557.08626235
2021-08-10,118902643.35894084
2021-08-11,105931445.86386745
2021-08-12,108813934.42670505
2021-08-13,108438697.15589665
2021-08-14,126820808.67061575
2021-08-15,140740165.7062498
2021-08-16,124500916.20252627
2021-08-17,133007188.95670392
2021-08-18,104395177.76725549
2021-08-19,119087831.92106985
2021-08-20,123727617.97079739
2021-08-21,131460594.72034329
2021-08-22,126820808.67061575
2021-08-23,152339630.27379438
2021-08-24,119087831.92106985
2021-08-25,131199199.26766805
2021-08-26,127844614.26004224
2021-08-27,127844614.26004224
2021-08-28,123466374.33066267
2021-08-29,136601094.11880136
2021-08-30,118212485.65884729
2021-08-31,126093318.03610377
2021-09-01,119963781.88278574
2021-09-02,130471557.96548334
2021-09-03,129595910.48398069
2021-09-04,135725446.6372987
2021-09-05,143606279.01455522
2021-09-06,150611462.64937586
2021-09-07,134093473.52179763
2021-09-08,129989982.27183737
2021-09-09,125412870.50778997
2021-09-10,124497447.36405553
2021-09-11,135482517.1796192
2021-09-12,134567094.03588477
2021-09-13,145552163.85144845
2021-09-14,153790965.55401707
2021-09-15,129989982.27183737
2021-09-16,124497447.36405553
2021-09-17,134567094.03588477
2021-09-18,141890473.9129272
2021-09-19,146467585.67697462
2021-09-20,150129275.61549583
2021-09-21,114073685.15409195
2021-09-22,126546634.44445217
2021-09-23,155822347.18556657
2021-09-24,139767924.24494308
2021-09-25,135990412.4848302
2021-09-26,131268523.46464118
2021-09-27,146378569.14518854
2021-09-28,143545436.00505593
2021-09-29,122769122.6843393
2021-09-30,161488614.82573587
2021-10-01,132212900.72471735
2021-10-02,177543039.1262635
2021-10-03,141656680.12499952
2021-10-04,147634521.78479335
2021-10-05,162177735.98974445
2021-10-06,129544410.62214965
2021-10-07,139433297.74445093
2021-10-08,118666635.49961804
2021-10-09,148333295.4425223
2021-10-10,157233293.14059362
2021-10-11,144377740.59360176
2021-10-12,132511077.47083984
2021-10-13,167122178.8388953
2021-10-14,135477742.8955304
2021-10-15,139433297.74445093
2021-10-16,131522188.04660991
2021-10-17,158222181.14082393
2021-10-18,146581499.01401103
2021-10-19,154737198.8888614
2021-10-20,148747371.3620959
2021-10-21,147749067.49308088
2021-10-22,157732111.93346488
2021-10-23,144754153.0109189
2021-10-24,152740589.71327287
2021-10-25,181691420.60296836
2021-10-26,149745676.66866937
2021-10-27,156733808.06444988
2021-10-28,152740589.71327287
2021-10-29,170710070.85601085
2021-10-30,154737198.8888614
2021-10-31,140567236.29171762
2021-11-01,159350397.3506241
2021-11-02,170117315.37816852
2021-11-03,173347392.0267809
2021-11-04,153966938.33685192
2021-11-05,166887240.27999246
2021-11-06,165810547.54697624
2021-11-07,164733856.36439633
2021-11-08,145353402.67446736
2021-11-09,163657165.1818164
2021-11-10,160427088.53320405
2021-11-11,170117315.37816852
2021-11-12,152890245.6038357
2021-11-13,164733856.36439633
2021-11-14,175346393.03899404
2021-11-15,170197841.1880367
2021-11-16,169070703.8870979
2021-11-17,167943564.96308035
2021-11-18,162307875.21222878
2021-11-19,154417909.23642087
2021-11-20,163435012.5131676
2021-11-21,148782219.4855693
2021-11-22,158926461.6863336
2021-11-23,148782219.4855693
2021-11-24,176960669.86290583
2021-11-25,146527943.26061293
2021-11-26,148782219.4855693
2021-11-27,161180737.91128996
2021-11-28,155140985.08780918
2021-11-29,158774565.89045352
2021-11-30,148781761.08892423
2021-12-01,152112695.48981774
2021-12-02,172098305.0928763
2021-12-03,186532356.82816276
2021-12-04,172098305.0928763
2021-12-05,184311733.36128417
2021-12-06,190973602.1630712
2021-12-07,170987992.5600126
2021-12-08,186532356.82816276
2021-12-09,180980797.3615419
2021-12-10,173208616.0268912
2021-12-11,176623989.86056373
2021-12-12,168385593.1552785
2021-12-13,169588348.35705444
2021-12-14,178007627.84162176
2021-12-15,169588348.35705444
2021-12-16,138316737.3584049
2021-12-17,179210381.31143162
2021-12-18,153952542.85772967
2021-12-19,179210381.31143162
2021-12-20,173196610.49845013
2021-12-21,193643433.34094656
2021-12-22,178007627.84162176
2021-12-23,182818645.1847934
2021-12-24,181615889.98301744
2021-12-25,177168715.84969082
2021-12-26,161682279.2989218
2021-12-27,178574457.26635152
2021-12-28,161682279.2989218
2021-12-29,174954703.60370144
2021-12-30,143583516.198115
2021-12-31,179781040.66224742
2022-01-01,207532476.14266497
2022-01-02,190640298.17523527
2022-01-03,168921783.14925957
2022-01-04,177367872.13297442
2022-01-05,180987625.79562452
2022-01-06,176161288.73707855
2022-01-07,168921783.14925957
2022-01-08,174267690.69443855
2022-01-09,170826077.22420472
2022-01-10,172037608.9072826
2022-01-11,191422128.04877573
2022-01-12,168403012.11344224
2022-01-13,216864310.83947846
2022-01-14,192633661.47646034
2022-01-15,201114388.49182567
2022-01-16,212018180.6179535
2022-01-17,195056726.58722284
2022-01-18,164768413.57499513
2022-01-19,209595115.507191
2022-01-20,204748985.28566605
2022-01-21,176007153.4708342
2022-01-22,177474950.51551133
2022-01-23,186746029.7638628
2022-01-24,198665989.06991374
2022-01-25,201314869.12761322
2022-01-26,172177190.40011233
2022-01-27,173501629.47536534
2022-01-28,203963747.27811924
2022-01-29,197341548.08746725
2022-01-30,193368228.95451477
2022-01-31,189394909.82156226
2022-02-01,203963747.27811924
2022-02-02,202639308.20286623
2022-02-03,194692668.02976775
2022-02-04,172457231.3989618
2022-02-05,157888392.03489855
2022-02-06,206979739.90370578
2022-02-07,180443875.51955137
2022-02-08,204326153.27423212
2022-02-09,185751048.77849868
2022-02-10,195038601.0263654
2022-02-11,188404635.40797237
2022-02-12,248110329.79467425
2022-02-13,209633326.53317943
2022-02-14,202999360.9147864
2022-02-15,232188811.92841446
2022-02-16,206979739.90370578
2022-02-17,213573837.40352312
2022-02-18,186294129.77324113
2022-02-19,207147948.8360009
2022-02-20,200196675.81508097
2022-02-21,171001327.92603725
2022-02-22,211318714.25012627
2022-02-23,208538204.64136493
2022-02-24,183513620.16447982
2022-02-25,186294129.77324113
2022-02-26,173781837.53479856
2022-02-27,189074637.3800357
2022-02-28,214099221.8569208
2022-03-01,225221260.2919661
2022-03-02,189074637.3800357
2022-03-03,204804563.21490383
2022-03-04,190365287.083752
2022-03-05,168452736.32210043
2022-03-06,179409010.71686143
2022-03-07,202691097.01043913
2022-03-08,202691097.01043913
2022-03-09,188995751.55182588
2022-03-10,198582492.38679036
2022-03-11,188995751.55182588
2022-03-12,213647371.40520012
2022-03-13,206799699.66195828
2022-03-14,209538768.75368094
2022-03-15,190365287.083752
2022-03-16,212277837.84540358
2022-03-17,217498770.49195018
2022-03-18,195149455.6100258
2022-03-19,211525632.9748357
2022-03-20,210160950.38143575
2022-03-21,208796269.75317717
2022-03-22,203337543.30986008
2022-03-23,197878816.86654297
2022-03-24,195149455.6100258
2022-03-25,212890313.6030943
2022-03-26,219713722.63981134
2022-03-27,178773276.2800745
2022-03-28,216984359.4181528
2022-03-29,206066906.5315186
2022-03-30,184232002.72339162
2022-03-31,194529355.7761953
2022-04-01,200371606.9667937
2022-04-02,191845154.9534147
2022-04-03,197529456.29566738
2022-04-04,224529884.601845
2022-04-05,206055906.26269802
2022-04-06,213161283.96368802
2022-04-07,196108379.93693003
2022-04-08,190424080.64102572
2022-04-09,217424508.94720334
2022-04-10,198950530.60805637
2022-04-11,194687305.62454104
2022-04-12,217424508.94720334
2022-04-13,198950530.60805637
2022-04-14,194402491.26414412
2022-04-15,221692722.3840367
2022-04-16,188017879.7563923
2022-04-17,231514551.65214053
2022-04-18,188017879.7563923
2022-04-19,173986693.6444649
2022-04-20,224498959.6064222
2022-04-21,237127026.0969115
2022-04-22,189420997.3573397
2022-04-23,228708314.42975506
2022-04-24,239933263.31929696
2022-04-25,227305196.82880765
2022-04-26,196436589.40305808
2022-04-27,243520196.0268335
2022-04-28,195503621.29393408
2022-04-29,222163205.91889024
2022-04-30,222163205.91889024
2022-05-01,247341701.32425618
2022-05-02,236974085.31819177
2022-05-03,222163205.91889024
2022-05-04,216238853.30606294
2022-05-05,232530821.92495468
2022-05-06,210314500.6932356
2022-05-07,211795589.91282582
2022-05-08,229568645.618541
2022-05-09,229568645.618541
2022-05-10,227185770.43526816
2022-05-11,225257596.8970556
2022-05-12,209722591.14017218
2022-05-13,236132103.61132318
2022-05-14,219043595.9365268
2022-05-15,189527081.86659092
2022-05-16,254774110.96699148
2022-05-17,228364598.4958405
2022-05-18,208169091.45930022
2022-05-19,189527081.86659092
2022-05-20,198848086.66294557
2022-05-21,209722591.14017218
2022-05-22,189527081.86659092
2022-05-23,248560107.76942173
2022-05-24,186420080.26780605
2022-05-25,219464677.3862468
2022-05-26,209555370.5705583
2022-05-27,205096744.25322008
2022-05-28,219958828.41078094
2022-05-29,221445035.75646704
2022-05-30,228876076.7651775
2022-05-31,216986411.57926878
2022-06-01,202124327.42170793
2022-06-02,185776038.0586009
2022-06-03,212527787.4020705
2022-06-04,206582953.73904616
2022-06-05,216986411.57926878
2022-06-06,222931245.24229312
2022-06-07,240765744.0912262
2022-06-08,266501680.44994769
2022-06-09,219787040.62041968
2022-06-10,221292430.34450084
2022-06-11,231830164.91635683
2022-06-12,191184616.35301408
2022-06-13,200216961.2007889
2022-06-14,219787040.62041968
2022-06-15,248389462.7200627
2022-06-16,179141492.0570769
2022-06-17,162582194.25337106
2022-06-18,234840946.53228176
2022-06-19,200216961.2007889
2022-06-20,198711571.4767077
2022-06-21,225808603.85226956
2022-06-22,193096459.39267662
2022-06-23,223431041.43862218
2022-06-24,189622395.5064278
2022-06-25,221961099.20676234
2022-06-26,202851865.00959057
2022-06-27,199911982.66258603
2022-06-28,214611394.3976086
2022-06-29,221961099.20676234
2022-06-30,251359920.5600924
2022-07-01,196972102.43229666
2022-07-02,202851865.00959057
2022-07-03,227840863.90077138
2022-07-04,210201571.9354594
2022-07-05,173453043.65626052
2022-07-06,186599522.89308378
2022-07-07,227523378.27089575
2022-07-08,214480636.8679379
2022-07-09,194191928.48263425
2022-07-10,221726603.85028365
2022-07-11,178250799.86937034
2022-07-12,218828216.63997763
2022-07-13,159411284.0458004
2022-07-14,179699992.43110403
2022-07-15,205785475.23701978
2022-07-16,214480636.8679379
2022-07-17,179699992.43110403
2022-07-18,189844346.62375587
2022-07-19,199988700.81640768
2022-07-20,182598379.64141008
2022-07-21,198824710.56678498
2022-07-22,181711863.29949582
2022-07-23,211997172.19748574
2022-07-24,216126988.5789976
2022-07-25,195477912.61837205
2022-07-26,220256802.97819823
2022-07-27,227139827.63763633
2022-07-28,194101308.47940892
2022-07-29,200984333.13884702
2022-07-30,177582046.91798395
2022-07-31,209243963.9195595
2022-08-01,187218281.83765957
2022-08-02,213373778.31876013
2022-08-03,199607727.01757267
2022-08-04,183293576.20328617
2022-08-05,210085555.7118224
2022-08-06,225491829.9721472
2022-08-07,222690689.0141953
2022-08-08,201682132.83796665
2022-08-09,200281563.36740136
2022-08-10,207284414.75387046
2022-08-11,196079850.92206284
2022-08-12,215687835.61090487
2022-08-13,194679281.45149755
2022-08-14,186275858.57764184
2022-08-15,203082702.30853194
2022-08-16,207284414.75387046
2022-08-17,180673576.661738
2022-08-18,202447354.27677864
2022-08-19,250867150.56061098
2022-08-20,209995535.8811957
2022-08-21,205767438.51073447
2022-08-22,204358071.36758935
2022-08-23,242410953.7902015
2022-08-24,205767438.51073447
2022-08-25,224089197.16521153
2022-08-26,248048418.30380782
2022-08-27,204358071.36758935
2022-08-28,226907929.42201468
2022-08-29,221270464.90840834
2022-08-30,228317294.53567272
2022-08-31,220515247.03199774
2022-09-01,212503107.41825658
2022-09-02,198644209.06016544
2022-09-03,226362005.77634776
2022-09-04,258699436.75684294
2022-09-05,235601272.08754978
2022-09-06,218662618.29239127
2022-09-07,224822129.16652596
2022-09-08,195564453.62309808
2022-09-09,226362005.77634776
2022-09-10,241760782.96168447
2022-09-11,281797599.2087124
2022-09-12,235601272.08754978
2022-09-13,212237771.6665518
2022-09-14,202308898.9554361
2022-09-15,234168568.49770647
2022-09-16,203901883.69419253
2022-09-17,270807189.9623499
2022-09-18,245319452.49341667
2022-09-19,207087850.8778092
2022-09-20,242133487.6036962
2022-09-21,224610669.2407527
2022-09-22,203901883.69419253
2022-09-23,215052767.68990275
2022-09-24,232575586.05284625
2022-09-25,234168568.49770647
2022-09-26,238947520.42007956
2022-09-27,205494866.13905278
2022-09-28,234113533.83376324
2022-09-29,222928607.6727852
2022-09-30,263461080.36655265
2022-10-01,282168375.28330106
2022-10-02,244753785.44980425
2022-10-03,240076960.03696054
2022-10-04,254107431.7857407
2022-10-05,272814728.9473646
2022-10-06,247871668.3100749
2022-10-07,266578963.2268233
2022-10-08,272814728.9473646
2022-10-09,246312725.75750184
2022-10-10,282818946.6660149
2022-10-11,277924882.76934755
2022-10-12,242520438.8933889
2022-10-13,253141772.82091248
2022-10-14,276154659.1735337
2022-10-15,269073772.43763787
2022-10-16,254911993.86760643
2022-10-17,265533327.79513
2022-10-18,251371549.22509858
2022-10-19,267303548.841824
2022-10-20,256682214.9143004
2022-10-21,276154659.1735337
2022-10-22,240750215.297575
2022-10-23,274810664.8495725
2022-10-24,249031191.57743755
2022-10-25,223395628.20390147
2022-10-26,283822315.5587801
2022-10-27,247200081.03795677
2022-10-28,291146762.99030495
2022-10-29,261848975.90100646
2022-10-30,247200081.03795677
2022-10-31,316782326.363841
2022-11-01,263680086.44048724
2022-11-02,223395628.20390147
2022-11-03,300302320.96131057
2022-11-04,236213409.89066952
2022-11-05,276497868.12725526
2022-11-06,250862304.7537192
2022-11-07,263168681.007737
2022-11-08,297875785.74780756
2022-11-09,272291362.9163776
2022-11-10,268636444.9930961
2022-11-11,244879482.43907723
2022-11-12,305185621.59437066
2022-11-13,235742186.31510308
2022-11-14,224777435.1767992
2022-11-15,283256116.6862222
2022-11-16,274118823.1937887
2022-11-17,252189315.65409958
2022-11-18,254016775.9315107
2022-11-19,268636444.9930961
2022-11-20,272422405.8222946
2022-11-21,236949653.08915246
2022-11-22,231439196.90173662
2022-11-23,258991483.1288546
2022-11-24,236949653.08915246
2022-11-25,225928740.7143208
2022-11-26,200213272.3346683
2022-11-27,249807385.95646903
2022-11-28,255317844.78890425
2022-11-29,240623291.42910284
2022-11-30,253481024.29641938
2022-12-01,281033310.52353734
2022-12-02,229602379.05427116
2022-12-03,240623291.42910284
2022-12-04,257154662.63636974
2022-12-05,268175577.6562208
2022-12-06,230616963.69146737
2022-12-07,292794731.64825046
2022-12-08,284283257.4040977
2022-12-09,258748834.67163926
2022-12-10,262153422.40825662
2022-12-11,250237357.97618175
2022-12-12,243428180.05164233
2022-12-13,280878667.2161756
2022-12-14,251939654.29579514
2022-12-15,236618999.6757982
2022-12-16,221298345.05580127
2022-12-17,234916703.3561848
2022-12-18,246832767.78825966
2022-12-19,234239565.52880722
2022-12-20,246114014.59309366
2022-12-21,251387888.03406778
2022-12-22,237324228.90008143
2022-12-23,232050357.99056575
2022-12-24,156458196.4740352
2022-12-25,247871973.2505712
2022-12-26,226776484.54959166
2022-12-27,202165083.59657398
2022-12-28,295336819.0305875
2022-12-29,247871973.2505712
2022-12-30,277757245.1131045
2022-12-31,274241330.32960796
2023-01-01,272483374.20358884
2023-01-02,274241330.32960796
2023-01-03,261567697.33085108
2023-01-04,242356483.09554735
2023-01-05,266083690.58224788
2023-01-06,305064103.230472
2023-01-07,260999287.23473147
2023-01-08,259304487.7459012
2023-01-09,257609688.25707096
2023-01-10,286421296.6507751
2023-01-11,249135683.4913812
2023-01-12,255914886.32772788
2023-01-13,269473292.0004212
2023-01-14,289810898.0689484
2023-01-15,281119760.7470869
2023-01-16,274688842.3501408
2023-01-17,291506526.6305745
2023-01-18,261608421.54211786
2023-01-19,270951578.87773
2023-01-20,246659370.34330428
2023-01-21,257871158.0697071
2023-01-22,282163369.29496235
2023-01-23,295243790.10298526
2023-01-24,241053473.78927338
2023-01-25,327010528.27306205
2023-01-26,289637896.2397839
2023-01-27,287769263.1581637
2023-01-28,313930107.46503913
2023-01-29,311438925.8972278
2023-01-30,269948141.5759668
2023-01-31,224956785.116114
2023-02-01,267991996.86764714
2023-02-02,283641162.98475456
2023-02-03,260167412.40066835
2023-02-04,266035849.34247735
2023-02-05,297334187.21039253
2023-02-06,289509602.74341375
2023-02-07,277772726.04294556
2023-02-08,269948141.5759668
2023-02-09,316895645.5609893
2023-02-10,287553455.21824396
2023-02-11,289509602.74341375
2023-02-12,315851203.95835894
2023-02-13,303650130.99469703
2023-02-14,299757180.2739148
2023-02-15,317275457.11597276
2023-02-16,348419062.8822308
2023-02-17,321168407.83675504
2023-02-18,327007835.31939054
2023-02-19,315328983.1570438
2023-02-20,286131854.15263903
2023-02-21,325061358.5575373
2023-02-22,272506528.0313633
2023-02-23,332847259.9991018
2023-02-24,262774152.63086984
2023-02-25,228809606.14131212
2023-02-26,359556659.2106423
2023-02-27,299630547.8012448
2023-02-28,293209894.2181328
2023-03-01,363837095.9600217
2023-03-02,308191421.3000036
2023-03-03,359556659.2106423
2023-03-04,325313168.29752123
2023-03-05,331733821.88063323
2023-03-06,282508803.8856414
2023-03-07,353136002.54561603
2023-03-08,284649020.71937394
2023-03-09,288929457.4687534
2023-03-10,291688415.56457573
2023-03-11,357219694.88274616
2023-03-12,348559825.8912209
2023-03-13,339899953.782142
2023-03-14,316085307.0409517
2023-03-15,318250273.5094446
2023-03-16,290105693.8312686
2023-03-17,318250273.5094446
2023-03-18,350724792.3597138
2023-03-19,320415243.0954912
2023-03-20,333405048.1415559
2023-03-21,313920337.45490515
2023-03-22,344229889.8366814
2023-03-23,398970829.72571325
2023-03-24,377232885.49311525
2023-03-25,337646717.00662136
2023-03-26,335318120.4383247
2023-03-27,344632513.417874
2023-03-28,312032141.34263265
2023-03-29,342303913.496396
2023-03-30,360932699.4554946
2023-03-31,328332327.3802533
2023-04-01,326003727.4587754
2023-04-02,346961109.98617065
2023-04-03,305046344.9313801
2023-04-04,377232885.49311525
2023-04-05,323675130.8904787
2023-04-06,375586794.88083017
2023-04-07,338032941.7856073
2023-04-08,349935509.4099869
2023-04-09,347554997.25628686
2023-04-10,292803183.44178885
2023-04-11,366599104.7697063
2023-04-12,380882187.97572565
2023-04-13,338032941.7856073
2023-04-14,333271914.0502675
2023-04-15,376121160.2403859
2023-04-16,295183695.5954889
2023-04-17,368979620.3513461
2023-04-18,395165271.18174505
2023-04-19,330891401.89656746
2023-04-20,319518832.8346639
2023-04-21,351118489.414672
2023-04-22,360804517.52650416
2023-04-23,355961503.4705881
2023-04-24,341432464.7898097
2023-04-25,302688355.8294509
2023-04-26,314795889.2257562
2023-04-27,314795889.2257562
2023-04-28,355961503.4705881
2023-04-29,331746436.67797756
2023-04-30,358383012.2420311
2023-05-01,440714244.2186647
2023-05-02,312374380.4543132
2023-05-03,341432464.7898097
2023-05-04,351712781.63476974
2023-05-05,283977798.86046904
2023-05-06,355568839.3482855
2023-05-07,331705160.33113664
2023-05-08,326932423.8404329
2023-05-09,360341575.83898926
2023-05-10,405682570.78249
2023-05-11,360341575.83898926
2023-05-12,336477896.8218404
2023-05-13,346023366.366878
2023-05-14,415228040.3275276
2023-05-15,350796102.85758173
2023-05-16,365114312.329693
2023-05-17,381818888.3289712
2023-05-18,345151895.57295674
2023-05-19,369469366.9436957
2023-05-20,322669911.9767492
2023-05-21,371932494.472369
2023-05-22,354690591.130938
2023-05-23,379321880.60529494
2023-05-24,347301204.99801207
2023-05-25,371932494.472369
2023-05-26,376858753.0766216
2023-05-27,357153718.6596113
2023-05-28,394100656.4180527
2023-05-29,399026915.02230525
2023-05-30,379321880.60529494
2023-05-31,350148490.60783935
2023-06-01,336187210.7165766
2023-06-02,417687139.47589916
2023-06-03,331093464.7106818
2023-06-04,376937175.09623784
2023-06-05,351468445.06676406
2023-06-06,384577792.2713316
2023-06-07,343827827.8916703
2023-06-08,392218409.4464253
2023-06-09,430421502.65688765
2023-06-10,392218409.4464253
2023-06-11,415140264.63920337
2023-06-12,399859030.2890159
2023-06-13,374390300.25954205
2023-06-14,312665624.1002991
2023-06-15,385148460.99591213
2023-06-16,398160232.46596813
2023-06-17,364329623.6459102
2023-06-18,392955523.1284677
2023-06-19,369534332.9834107
2023-06-20,353920204.97090924
2023-06-21,314884890.5607413
2023-06-22,356522561.5133547
2023-06-23,325294309.2357423
2023-06-24,379943751.6584117
2023-06-25,398160232.46596813
2023-06-26,379943751.6584117
2023-06-27,364329623.6459102
2023-06-28,280122385.0259662
2023-06-29,367574940.7040657
2023-06-30,397786578.4244695
2023-07-01,334845664.3921468
2023-07-02,430515854.7363883
2023-07-03,344916211.5074136
2023-07-04,354986758.6226805
2023-07-05,392751304.8668361
2023-07-06,349951485.0650471
2023-07-07,440586401.8516551
2023-07-08,448139310.3754069
2023-07-09,425480581.17875487
2023-07-10,387716031.3092027
2023-07-11,339880937.9497802
2023-07-12,383801277.4233714
2023-07-13,321592672.2254732
2023-07-14,369831573.2522498
2023-07-15,369831573.2522498
2023-07-16,415390537.04825526
2023-07-17,364471694.9315955
2023-07-18,434150109.24098927
2023-07-19,396630964.85552126
2023-07-20,343032185.5080904
2023-07-21,300153162.8019681
2023-07-22,359111820.4700533
2023-07-23,393951023.7656381
2023-07-24,401990843.1761756
2023-07-25,369831573.2522498
2023-07-26,380796719.35454816
2023-07-27,358973120.0187306
2023-07-28,364175629.4388057
2023-07-29,343365595.50431174
2023-07-30,437010757.5740507
2023-07-31,366776886.0217465
2023-08-01,361574376.6016714
2023-08-02,400593191.63352495
2023-08-03,392789429.37631553
2023-08-04,314751795.5668019
2023-08-05,400593191.63352495
2023-08-06,426605738.7339005
2023-08-07,379783157.699031
2023-08-08,325156814.40695214
2023-08-09,421665740.3548995
2023-08-10,330756211.7722732
2023-08-11,393261324.2234607
2023-08-12,434931397.94081676
2023-08-13,351591250.5061046
2023-08-14,445348917.30773246
2023-08-15,445348917.30773246
2023-08-16,424513878.57390106
2023-08-17,406283221.55695194
2023-08-18,362008769.87302023
2023-08-19,364613147.83959585
2023-08-20,421909500.6073255
2023-08-21,429722638.2573589
2023-08-22,381739775.69656736
2023-08-23,392623891.4787874
2023-08-24,384329021.8498855
2023-08-25,373269193.02365756
2023-08-26,378799107.4367715
2023-08-27,320735012.0713819
2023-08-28,326264922.5029578
2023-08-29,436863202.80216116
2023-08-30,348384580.15541375
2023-08-31,398153805.89190143
2023-09-01,417508504.3470313
2023-09-02,420273463.5443573
2023-09-03,436863202.80216116
2023-09-04,411978589.9339173
2023-09-05,342854665.74229974
2023-09-06,364053703.2546238
2023-09-07,393005454.3704645
2023-09-08,358011817.1993768
2023-09-09,406464544.3974311
2023-09-10,395697270.82537055
2023-09-11,427999091.5415522
2023-09-12,379546364.3434979
2023-09-13,395697270.82537055
2023-09-14,436074544.78248847
2023-09-15,506061819.12466383
2023-09-16,417231817.9694916
2023-09-17,401080907.6114008
2023-09-18,419923634.42439765
2023-09-19,386415687.751435
2023-09-20,414558854.2037332
2023-09-21,391843298.7563836
2023-09-22,366288300.9225151
2023-09-23,442953294.4241206
2023-09-24,414558854.2037332
2023-09-25,411719407.7284147
2023-09-26,386164409.8945462
2023-09-27,445792740.8994391
2023-09-28,414558854.2037332
2023-09-29,417398296.5902521
2023-09-30,391843298.7563836
2023-10-01,400361634.09353954
2023-10-02,445792740.8994391
2023-10-03,466801496.99817747
2023-10-04,373280258.5727724
2023-10-05,401774937.148881
2023-10-06,455914820.2886373
2023-10-07,487258964.67074007
2023-10-08,421721210.10054034
2023-10-09,444516948.8581938
2023-10-10,461613756.003859
2023-10-11,455914820.2886373
2023-10-12,470162157.5250749
2023-10-13,393226531.5244317
2023-10-14,416022274.3853186
2023-10-15,475861093.2402966
2023-10-16,417078811.4760414
2023-10-17,491483968.44434166
2023-10-18,439908488.33259135
2023-10-19,424739231.01810473
2023-10-20,406536123.98821926
2023-10-21,455077750.01582444
2023-10-22,464179303.53076714
2023-10-23,476314711.12985504
2023-10-24,382265308.79004353
2023-10-25,436874638.61719257
2023-10-26,455077750.01582444
2023-10-27,467213153.24616593
2023-10-28,485416264.64479774
2023-10-29,415637677.503162
2023-10-30,482896145.81756824
2023-10-31,481286783.3729944
2023-11-01,462656325.7712219
2023-11-02,447130946.6720661
2023-11-03,422290336.5363693
2023-11-04,521652772.6078469
2023-11-05,506127389.0373817
2023-11-06,394344652.3693652
2023-11-07,412975109.97113776
2023-11-08,462656325.7712219
2023-11-09,444025872.64075875
2023-11-10,478181704.8703776
2023-11-11,496812162.47215015
2023-11-12,506634196.247056
2023-11-13,389037995.74489516
2023-11-14,443696223.8353265
2023-11-15,475848126.7972334
2023-11-16,475848126.7972334
2023-11-17,482278507.3896148
2023-11-18,479063314.77848727
2023-11-19,546582308.683555
2023-11-20,533721547.49879223
2023-11-21,488708887.9819962
2023-11-22,456556985.02008927
2023-11-23,472632934.1861059
2023-11-24,540151928.0911736
2023-11-25,511704247.8625202
2023-11-26,493217212.10255015
2023-11-27,439166011.3759895
2023-11-28,496595410.01969415
2023-11-29,459435208.60806966
2023-11-30,452678812.77378166
2023-12-01,570915812.8429431
2023-12-02,429031407.8953413
2023-12-03,557403011.4451509
2023-12-04,523621012.81527853
2023-12-05,466191609.30696577
2023-12-06,459435208.60806966
2023-12-07,388493008.56657284
2023-12-08,456057010.69092566
2023-12-09,530377413.51417464
2023-12-10,469156589.98176646
2023-12-11,528635574.132489
2023-12-12,481794448.28640914
2023-12-13,498523421.11458844
2023-12-14,488486038.38126975
2023-12-15,545364546.9606683
2023-12-16,508560808.6658516
2023-12-17,501869218.570991
2023-12-18,562093524.6067921
2023-12-19,542018754.3222103
2023-12-20,485140240.9248672
2023-12-21,488486038.38126975
2023-12-22,562093524.6067921
2023-12-23,561495983.9886068
2023-12-24,612085087.5512701
2023-12-25,497542850.09060687
2023-12-26,497542850.09060687
2023-12-27,461748397.66264915
2023-12-28,433112840.87468374
2023-12-29,540496187.8497554
2023-12-30,519019516.3929808
2023-12-31,558393411.4865339
2024-01-01,554813968.8209385
2024-01-02,468907288.1482407
2024-01-03,565552301.9721254
2024-01-04,608505644.8856747
2024-01-05,493963402.27061075
2024-01-06,509355148.2310429
2024-01-07,429363545.32436717
2024-01-08,447556920.0629499
2024-01-09,553078470.4920907
2024-01-10,483943659.060734
2024-01-11,629490625.5312515
2024-01-12,611297256.0323596
2024-01-13,578549188.8384776
2024-01-14,465750289.56184196
2024-01-15,414808852.869068
2024-01-16,454834268.91044486
2024-01-17,440279571.215455
2024-01-18,516691726.2546159
2024-01-19,480304987.2568318
2024-01-20,512668948.5237081
2024-01-21,489551346.64456606
2024-01-22,559487254.0274162
2024-01-23,538506480.3019457
2024-01-24,524519302.8536838
2024-01-25,632919954.5134856
2024-01-26,531512894.0955074
2024-01-27,597952003.3397532
2024-01-28,559487254.0274162
2024-01-29,545500071.5437692
2024-01-30,503538529.12821317
2024-01-31,458080188.57405275
2024-02-01,535009687.19872653
2024-02-02,677399664.675745
2024-02-03,566738184.0279739
2024-02-04,581751117.2721473
2024-02-05,585504347.880863
2024-02-06,638049614.2354698
2024-02-07,600517281.1250362
2024-02-08,517946153.68673813
2024-02-09,623036680.9912964
2024-02-10,570491420.041345
2024-02-11,514192923.07802254
2024-02-12,671828711.3325322
2024-02-13,506686456.45593584
2024-02-14,521699389.70010924
2024-02-15,606890743.6292629
2024-02-16,544386619.0220116
2024-02-17,609388005.4074552
2024-02-18,491572990.75567466
2024-02-19,552511787.2013328
2024-02-20,572824725.2000104
2024-02-21,560636961.2307789
2024-02-22,548449203.1116722
2024-02-23,645951285.6149
2024-02-24,556574377.1411183
2024-02-25,666264217.7634526
2024-02-26,540324029.0822262
2024-02-27,524073681.0233341
2024-02-28,605325415.4676697
2024-02-29,540324029.0822262
2024-03-01,607463923.1349978
2024-03-02,500960507.5972892
2024-03-03,611408497.2364956
2024-03-04,508849650.1201027
2024-03-05,658743346.6931944
2024-03-06,552239931.1554857
2024-03-07,710022770.2513908
2024-03-08,607463923.1349978
2024-03-09,642965061.6475674
2024-03-10,564073647.779797
2024-03-11,670577063.3175056
2024-03-12,556184505.2569835
2024-03-13,631131350.7034383
2024-03-14,580862770.2919041
2024-03-15,529980319.0136912
2024-03-16,600922569.4689919
2024-03-17,609268716.934864
2024-03-18,600922569.4689919
2024-03-19,655172524.9925482
2024-03-20,621787935.1290596
2024-03-21,500768805.88775134
2024-03-22,563364908.8771799
2024-03-23,650999448.2549993
2024-03-24,709422480.5161046
2024-03-25,550845690.6829845
2024-03-26,559191838.1488566
2024-03-27,567537979.6055032
2024-03-28,630471212.2216165
2024-03-29,595046224.9834744
2024-03-30,640501145.6086524
2024-03-31,566120367.485718
2024-04-01,619839819.6746066
2024-04-02,611575288.1108959
2024-04-03,586781693.4197637
2024-04-04,570252630.2923423
2024-04-05,611575288.1108959
2024-04-06,640501145.6086524
2024-04-07,702485129.3612516
2024-04-08,652897939.9789873
2024-04-09,603310756.5471852
2024-04-10,627214744.5940204
2024-04-11,566860611.5965838
2024-04-12,584038201.0151991
2024-04-13,704281364.0491091
2024-04-14,674220574.8366151
2024-04-15,605510198.6103525
2024-04-16,708575759.8577794
2024-04-17,588332603.0078033
2024-04-18,622687788.0289676
2024-04-19,648454181.4327914
2024-04-20,558271813.7953093
2024-04-21,601215796.6177483
2024-04-22,652748583.4253956
2024-04-23,721458959.6516582
2024-04-24,672198686.5397469
2024-04-25,626294685.533232
2024-04-26,582497851.0693291
2024-04-27,613155632.0406893
2024-04-28,613155632.0406893
2024-04-29,573738484.1765486
2024-04-30,617535318.6404514
2024-05-01,578118170.7763108
2024-05-02,635054046.1192689
2024-05-03,564979117.283768
2024-05-04,617535318.6404514
2024-05-05,608775951.7476709
2024-05-06,534321336.312408
2024-05-07,534321336.312408
2024-05-08,556219750.3909875
2024-05-09,612635655.6510732
2024-05-10,599332434.9336824
2024-05-11,657199019.7430513
2024-05-12,545599186.5386837
2024-05-13,607599089.9064494
2024-05-14,562132490.5322264
2024-05-15,582799130.9401395
2024-05-16,586932455.4505274
2024-05-17,640665709.7975173
2024-05-18,529065876.59314966
2024-05-19,636532379.3351383
2024-05-20,644799034.3079053
2024-05-21,570399145.5049934
2024-05-22,632399054.8247503
2024-05-23,706501036.6485612
2024-05-24,671140034.0912752
2024-05-25,671140034.0912752
2024-05-26,704697038.5139561
2024-05-27,515938903.7370268
2024-05-28,562079781.798083
2024-05-29,574663655.4364581
2024-05-30,515938903.7370268
2024-05-31,620804533.4975141
2024-06-01,591442157.6477985
2024-06-02,587247529.0748333
2024-06-03,658556160.4529
2024-06-04,562079781.798083
2024-06-05,515938903.7370268
2024-06-06,554745618.7245225
2024-06-07,590944002.2950455
2024-06-08,715791324.8666921
2024-06-09,636721355.3029393
2024-06-10,578459271.8356823
2024-06-11,511874032.7312927
2024-06-12,607590313.5693108
2024-06-13,603428732.7544087
2024-06-14,532681918.82778853
2024-06-15,557651385.7391865
2024-06-16,678337127.495931
2024-06-17,582620846.6579129
2024-06-18,632559780.4807087
2024-06-19,570136116.1985496
2024-06-20,553312848.2609435
2024-06-21,582332777.6713909
2024-06-22,632247019.8647388
2024-06-23,465866224.5329962
2024-06-24,632247019.8647388
2024-06-25,515780460.73663557
2024-06-26,503301903.18315285
2024-06-27,540737581.8333095
2024-06-28,561535179.7523502
2024-06-29,653044617.7837796
2024-06-30,503301903.18315285
2024-07-01,586492300.8490242
2024-07-02,615608939.1336229
2024-07-03,603130375.5904316
2024-07-04,582332777.6713909
2024-07-05,480652547.1920645
2024-07-06,652035051.0748852
2024-07-07,557193592.6181126
2024-07-08,628324689.305936
2024-07-09,608566046.9111612
2024-07-10,537434950.2233378
2024-07-11,553241861.8629625
2024-07-12,592759140.9620242
2024-07-13,608566046.9111612
2024-07-14,659938506.8946977
2024-07-15,604614321.846499
2024-07-16,580903954.3870618
2024-07-17,628324689.305936
2024-07-18,515736551.86932254
2024-07-19,599556359.5658232
2024-07-20,672971424.2421774
2024-07-21,689285884.3643016
2024-07-22,730072034.6696123
2024-07-23,689285884.3643016
2024-07-24,571006057.2887083
2024-07-25,664814194.1811152
2024-07-26,652578352.0261246
2024-07-27,628106661.8429382
2024-07-28,603634977.532957
2024-07-29,725993416.7024786
2024-07-30,611792207.594019
2024-07-31,615358184.0246311
2024-08-01,630987878.5179507
2024-08-02,563382038.5632738
2024-08-03,608452598.5330584
2024-08-04,644509051.7010149
2024-08-05,703100778.3637027
2024-08-06,630987878.5179507
2024-08-07,549860865.3802096
2024-08-08,581410258.657091
2024-08-09,585917318.5481662
2024-08-10,581410258.657091
2024-08-11,725636064.8387561
2024-08-12,617466711.8250475
2024-08-13,671551385.0868212
2024-08-14,593799520.5910221
2024-08-15,690944705.1107434
2024-08-16,613213425.7080535
2024-08-17,643442255.8959327
2024-08-18,673671086.0838118
2024-08-19,561392574.8457611
2024-08-20,647760663.7619168
2024-08-21,634805446.3824668
2024-08-22,690944705.1107434
2024-08-23,708218324.137675
2024-08-24,660715874.9228643
2024-08-25,574347786.0067085
2024-08-26,578666193.8726926
2024-08-27,613213425.7080535
2024-08-28,704440301.0132378
2024-08-29,587091198.731184
2024-08-30,631567801.6874318
2024-08-31,653806103.1655557
2024-09-01,631567801.6874318
2024-09-02,742759315.4826825
2024-09-03,662701425.0377315
2024-09-04,671596746.9099072
2024-09-05,689387390.6542588
2024-09-06,644910781.2933799
2024-09-07,702730370.2602069
2024-09-08,742759315.4826825
2024-09-09,644910781.2933799
2024-09-10,609329500.2093079
2024-09-11,496254188.9565946
2024-09-12,700222817.5061857
2024-09-13,566627674.5179347
2024-09-14,640335338.4711611
2024-09-15,695616084.7776585
2024-09-16,575841133.3412993
2024-09-17,691009358.6828212
2024-09-18,635728605.7426339
2024-09-19,562020941.7894076
2024-09-20,667975708.307565
2024-09-21,621908420.8244321
2024-09-22,626515146.9192694
2024-09-23,672582441.036092
2024-09-24,667975708.307565
2024-09-25,655944699.4434932
2024-09-26,571298869.5864017
2024-09-27,602061115.6314254
2024-09-28,566904259.3924077
2024-09-29,681164035.8409815
2024-09-30,602061115.6314254
2024-10-01,689953249.9007359
2024-10-02,681164035.8409815
2024-10-03,694347853.7664963
2024-10-04,742688527.9310287
2024-10-05,663585607.7214726
2024-10-06,667980217.9154667
2024-10-07,681164035.8409815
2024-10-08,733899313.8712744
2024-10-09,575872986.8706377
2024-10-10,709250576.1991408
2024-10-11,640613421.5382024
2024-10-12,654340856.4238901
2024-10-13,631461800.4774662
2024-10-14,636037614.3024176
2024-10-15,713826383.4349256
2024-10-16,645189235.3631539
2024-10-17,718402197.2598771
2024-10-18,622310179.41673
2024-10-19,791615159.1566001
2024-10-20,791615159.1566001
2024-10-21,782463538.0958639
2024-10-22,639026240.6203893
2024-10-23,718143297.5144315
2024-10-24,699119632.4620647
2024-10-25,727655130.0406147
2024-10-26,694363719.6232325
2024-10-27,765702460.1453481
2024-10-28,798993870.5627303
2024-10-29,746678795.0929815
2024-10-30,803749783.4015626
2024-10-31,751434707.9318137
2024-11-01,727655130.0406147
2024-11-02,670584141.7320336
2024-11-03,627780898.788468
2024-11-04,722003987.1010513
2024-11-05,702351990.309251
2024-11-06,773092476.7620561
2024-11-07,788251150.3516102
2024-11-08,717510663.898805
2024-11-09,702351990.309251
2024-11-10,747828018.3540778
2024-11-11,687193309.4435323
2024-11-12,737722233.5356535
2024-11-13,697299094.2619566
2024-11-14,641717281.3987055
2024-11-15,757933803.172502
2024-11-16,793304046.3989046
2024-11-17,757933803.172502
2024-11-18,789337179.1728685
2024-11-19,889845956.7430438
2024-11-20,747470599.8566331
2024-11-21,732216100.2096523
2024-11-22,727131269.4347124
2024-11-23,701707093.5935298
2024-11-24,681367763.1716092
2024-11-25,859336950.1269213
2024-11-26,706791931.6906307
2024-11-27,676282925.0745082
2024-11-28,722046431.3376114
2024-11-29,615264919.1644242
2024-11-30,833912781.6078997
2024-12-01,803403774.9917772
2024-12-02,649987948.1056839
2024-12-03,811042072.2804599
2024-12-04,759383337.5345526
2024-12-05,800710325.3312784
2024-12-06,702558733.033483
2024-12-07,733553973.8810275
2024-12-08,754217467.7793905
2024-12-09,862700799.5875101
2024-12-10,795544448.1372591
2024-12-11,733553973.8810275
2024-12-12,764549214.7285719
2024-12-13,878198423.730711
2024-12-14,821373819.2296414
2024-12-15,707724610.2275023
2024-12-16,797498864.7082182
2024-12-17,733677846.6894215
2024-12-18,776835370.7386128
2024-12-19,782230057.3605849
2024-12-20,814598200.3974782
2024-12-21,782230057.3605849
2024-12-22,836176962.4220738
2024-12-23,749861922.0920451
2024-12-24,712099092.4331796
2024-12-25,814598200.3974782
2024-12-26,706704398.0428538
2024-12-27,852361030.0563437
2024-12-28,771440684.1166407
2024-12-29,853362734.1174872
2024-12-30,867710158.6044941
2024-12-31,703991256.0098306
2025-01-01,764021519.2467396
2025-01-02,911368526.8668325
2025-01-03,774936113.276951
2025-01-04,813137188.4534372
2025-01-05,851338263.6299235
2025-01-06,725820444.0702534
2025-01-07,731277745.0146126
2025-01-08,682162075.8079149
2025-01-09,829509083.4280078
2025-01-10,774936113.276951
2025-01-11,753106925.2165282
2025-01-12,939920313.6991916
2025-01-13,702796045.256185
2025-01-14,845551487.3779281
2025-01-15,763192581.1983879
2025-01-16,702796045.256185
2025-01-17,823589117.1405907
2025-01-18,713777234.3280816
2025-01-19,823589117.1405907
2025-01-20,834570306.2124871
2025-01-21,730249013.9826986
2025-01-22,823589117.1405907
2025-01-23,746720793.6373154
2025-01-24,768683171.7811084
2025-01-25,702796045.256185
2025-01-26,752211392.1264914
2025-01-27,841019046.8641225
2025-01-28,795344640.9204767
2025-01-29,832962291.9147371
2025-01-30,779222784.9668734
2025-01-31,671743786.5481226
2025-02-01,988806850.4558095
2025-02-02,918945495.2928308
2025-02-03,822214390.5251644
2025-02-04,703987482.9783524
2025-02-05,773848838.1413312
2025-02-06,779222784.9668734
2025-02-07,929693396.6824036
2025-02-08,859832041.5194248
2025-02-09,796800432.702752
2025-02-10,788864729.4327155
2025-02-11,703735439.5557053
2025-02-12,754813011.8474292
2025-02-13,896695156.1941719
2025-02-14,862643446.7812971
2025-02-15,908045728.7226007
2025-02-16,856968156.4308769
2025-02-17,777514156.9042867
2025-02-18,794540011.6107242
2025-02-19,715086012.0841341
2025-02-20,737787157.1409917
2025-02-21,732111866.7905716
2025-02-22,788864729.4327155
2025-02-23,727639381.136543
2025-02-24,714530231.5962585
2025-02-25,807968795.7163498
2025-02-26,862932663.9471062
2025-02-27,824457960.142975
2025-02-28,857436273.1666324
2025-03-01,791479639.2045211
2025-03-02,692544684.3039559
2025-03-03,824457960.142975
2025-03-04,802472412.8506724
2025-03-05,736515778.888561
2025-03-06,934385688.6896913
2025-03-07,780486865.5583698
2025-03-08,753004935.4003898
2025-03-09,878405393.0064901
2025-03-10,858547238.6202688
2025-03-11,769347526.0381613
2025-03-12,852972260.0961258
2025-03-13,886422155.3249065
2025-03-14,791647456.1906817
2025-03-15,735897638.8373549
2025-03-16,808372399.7910849
2025-03-17,780497491.1144215
2025-03-18,791647456.1906817
2025-03-19,847397281.5719827
2025-03-20,791647456.1906817
2025-03-21,808372399.7910849
2025-03-22,836247316.4957225
2025-03-23,876971228.9099865
2025-03-24,870857127.4297615
2025-03-25,842582547.0624223
2025-03-26,859547301.7972896
2025-03-27,836927634.2461863
2025-03-28,870857127.4297615
2025-03-29,797343220.1032952
2025-03-30,774723552.5521919
2025-03-31,836927634.2461863
2025-04-01,763413718.7766402
2025-04-02,972645623.266647
2025-04-03,859547301.7972896
2025-04-04,1017884958.3688536
2025-04-05,950907688.4520772
2025-04-06,875826844.1440289
2025-04-07,875826844.1440289
2025-04-08,924148329.2792507
2025-04-09,791264253.8552574
2025-04-10,869786662.8510596
2025-04-11,893947405.4186704
2025-04-12,869786662.8510596
2025-04-13,1038911843.4286026
2025-04-14,899987586.7116399
2025-04-15,869786662.8510596
2025-04-16,893947405.4186704
2025-04-17,924148329.2792507
2025-04-18,821465177.7158377
2025-04-19,847825370.5576409
2025-04-20,753499805.3802223
2025-04-21,771877846.40168
2025-04-22,949532272.3473084
2025-04-23,698365673.494388
2025-04-24,863768069.1518909
2025-04-25,882146110.1733487
2025-04-26,814759947.9993888
2025-04-27,827011978.2875143
2025-04-28,863768069.1518909
2025-04-29,894398140.4614742
2025-04-30,808633937.2660565
2025-05-01,827011978.2875143
2025-05-02,974036332.9235594
2025-05-03,998934428.3048719
2025-05-04,823060872.6106743
2025-05-05,1036227716.8248533
2025-05-06,817139566.6454616
2025-05-07,894116484.5065093
2025-05-08,941486898.1215152
2025-05-09,828982170.049213
2025-05-10,888195187.0679705
2025-05-11,882273881.1027578
2025-05-12,858588674.295255
2025-05-13,769769161.5571295
2025-05-14,852667376.856716
2025-05-15,864509980.2604675
2025-05-16,805296963.2417102
2025-05-17,853949349.7167879
2025-05-18,979723251.299811
2025-05-19,852722091.9971637
2025-05-20,895055811.7647127
2025-05-21,870865112.2664987
2025-05-22,907151161.5138198
2025-05-23,937389531.5322618
2025-05-24,852722091.9971637
2025-05-25,913198832.0340477
2025-05-26,925294181.7831548
2025-05-27,852722091.9971637
2025-05-28,991818601.048918
2025-05-29,961580231.030476
2025-05-30,938712777.7441467
2025-05-31,1016284108.9276667
2025-06-01,839539042.158194
2025-06-02,839539042.158194
2025-06-03,908974603.1294426
2025-06-04,795352777.7382623
2025-06-05,845851370.8408961
2025-06-06,845851370.8408961
2025-06-07,902662283.5364864
2025-06-08,965785515.8250327
2025-06-09,883725306.5781256
2025-06-10,1066782692.9405546
2025-06-11,890037635.2608279
2025-06-12,934223899.6807595
2025-06-13,915286922.7223988
2025-06-14,949074580.5847822
2025-06-15,854616739.0187659
2025-06-16,917456210.4459594
2025-06-17,741505699.4987009
2025-06-18,879752527.5896434
2025-06-19,798061219.2587334
2025-06-20,948875941.6351146
2025-06-21,886036479.2568042
2025-06-22,672382294.5021127
2025-06-23,672382294.5021127
2025-06-24,735221756.8804231
2025-06-25,898604373.5422429
2025-06-26,986579624.4914306
2025-06-27,722653862.5949844
2025-06-28,911172258.7787985
2025-06-29,992910582.8334956
2025-06-30,843035675.6364994
2025-07-01,779081252.2306603
2025-07-02,889547992.7013457
2025-07-03,877919913.435134
2025-07-04,924432230.4999803
2025-07-05,912804151.2337688
2025-07-06,930246265.946978
2025-07-07,877919913.435134
2025-07-08,825593560.9232903
2025-07-09,953502424.4794011
2025-07-10,994200697.7250334
2025-07-11,872105877.9881365
2025-07-12,920455694.5281461
2025-07-13,859946007.0619583
2025-07-14,910161827.2116249
2025-07-15,1029424417.0149242
2025-07-16,822284135.1705719
2025-07-17,853669023.8939697
2025-07-18,903884853.0824847
2025-07-19,891330895.7853559
2025-07-20,935269741.8058825
2025-07-21,941546724.9738711
2025-07-22,941546724.9738711
2025-07-23,878776938.4882271
2025-07-24,922715784.5087537
2025-07-25,1004316502.4206666
2025-07-26,970368223.0482397
2025-07-27,869131964.3263083
2025-07-28,919884190.6853194
2025-07-29,710531242.1093705
2025-07-30,869131964.3263083
2025-07-31,976980451.0488331
2025-08-01,957948367.3061291
2025-08-02,919884190.6853194
2025-08-03,983324485.0533355
2025-08-04,1084828946.9067597
2025-08-05,875475989.1954089
2025-08-06,913540165.8162186
2025-08-07,1021388661.6741452
2025-08-08,870936594.9483013
2025-08-09,746374217.5096608
2025-08-10,868625162.1369319
2025-08-11,945836284.5717697
2025-08-12,881493684.0869608
2025-08-13,1003744628.7142318
2025-08-14,1042350194.5643183
2025-08-15,862190905.7945851
2025-08-16,978007594.0795094
2025-08-17,978007594.0795094
2025-08-18,990876106.7642031
2025-08-19,862190905.7945851
2025-08-20,907230727.9870183
2025-08-21,958704806.5217986
2025-08-22,939651300.6862692
2025-08-23,980001773.7404907
2025-08-24,1057370331.4047614
2025-08-25,909080592.0131477
2025-08-26,967107012.5824077
2025-08-27,967107012.5824077
2025-08-28,1025133433.1516676
2025-08-29,1063817707.3416893
2025-08-30,1018686047.9305124
2025-08-31,851054171.4438878
2025-09-01,1038028194.3097506
2025-09-02,1050922946.1836063
2025-09-03,883291069.6969817
2025-09-04,902633206.7919925
2025-09-05,959168799.5148377
2025-09-06,946761024.1894387
2025-09-07,1041437124.6607599
2025-09-08,1082012600.4648032
2025-09-09,1129350650.700464
2025-09-10,1149638393.4715424
2025-09-11,1014386817.1961777
2025-09-12,811509447.9140742
2025-09-13,953523608.3591694
2025-09-14,1034674550.2291428
2025-09-15,1102300333.4977684
2025-09-16,1082012600.4648032
2025-09-17,865610082.3194654
2025-09-18,1089165928.9937842
2025-09-19,1188749384.1862066
2025-09-20,1082611043.2192638
2025-09-21,1146294045.7615733
2025-09-22,1061383379.1015873
2025-09-23,1018928040.6769542
2025-09-24,1082611043.2192638
2025-09-25,997700376.5592777
2025-09-26,934017374.016968
2025-09-27,1096762822.6941414
2025-09-28,1167521709.8792498
2025-09-29,990624481.7271986
2025-09-30,1139218161.1187747
2025-10-01,1079018824.2422624
2025-10-02,1019764931.6764337
2025-10-03,884796043.0252874
2025-10-04,1004768398.0907607
2025-10-05,1117242464.7683752
2025-10-06,922287409.3820033
2025-10-07,1034761476.0596179
2025-10-08,1109744197.9755387
2025-10-09,899792587.4084716
2025-10-10,989771853.7075765
2025-10-11,1102245920.385191
2025-10-12,1087249376.0020068
2025-10-13,1139737286.741907
2025-10-14,1267207897.8027055
2025-10-15,1079751109.2091703
2025-10-16,1123253238.739343
2025-10-17,1159633835.7101064
2025-10-18,1203393595.9617257
2025-10-19,1013767943.699239
2025-10-20,1086700884.4535005
2025-10-21,1093994184.8303332
2025-10-22,1115874064.956143
2025-10-23,1035647823.8250486
2025-10-24,1305499727.7209737
2025-10-25,1166927125.5845947
2025-10-26,1072114294.2021794
2025-10-27,1072114294.2021794
2025-10-28,1181513715.835916
2025-10-29,932047920.0122601
2025-10-30,1240553836.426268
2025-10-31,1085484605.4773614
2025-11-01,1069977681.2659724
2025-11-02,1201786531.4802876
2025-11-03,1100991529.6887505
2025-11-04,1015703452.1086028
2025-11-05,1069977681.2659724
2025-11-06,1085484605.4773614
2025-11-07,1100991529.6887505
2025-11-08,930415374.5284549
2025-11-09,1093238073.1655483
2025-11-10,1085484605.4773614
2025-11-11,1186279607.2688985
2025-11-12,1085693709.7267337
2025-11-13,1135417896.8857453
2025-11-14,1090001177.5223117
2025-11-15,1082431729.7450786
2025-11-16,1203542970.4808898
2025-11-17,938612123.8775449
2025-11-18,1006737197.4726894
2025-11-19,1037015010.3816451
2025-11-20,991598291.0182115
2025-11-21,1142987344.6629784
2025-11-22,1082431729.7450786
2025-11-23,1074862271.067834
2025-11-24,1082431729.7450786
2025-11-25,870487050.2824004
2025-11-26,1240799633.4969137
2025-11-27,1061317862.9627874
2025-11-28,1113270484.2052977
2025-11-29,1016787040.1746085
2025-11-30,1239441132.7407093
2025-12-01,987099824.9824893
2025-12-02,942569002.1943104
2025-12-03,979678026.5281578
2025-12-04,979678026.5281578
2025-12-05,883194582.4974687
2025-12-06,1209753917.5485902
2025-12-07,1187488511.498199
2025-12-08,1098426876.6092381
2025-12-09,957412609.7903701
2025-12-10,1150379497.8517485
2025-12-11,1179627150.3762481
2025-12-12,1068190149.6701112
2025-12-13,1053456501.7977914
2025-12-14,942954068.4977604
2025-12-15,987155043.9394194
2025-12-16,1082923808.150664
2025-12-17,1016622350.2922922
2025-12-18,1060823325.7339513
2025-12-19,1068190149.6701112
2025-12-20,1082923808.150664
2025-12-21,1016622350.2922922
2025-12-22,1023989184.8366853
2025-12-23,1068190149.6701112
2025-12-24,1171325759.0339823
2025-12-25,1016989504.5854222
2025-12-26,1149714805.066739
2025-12-27,1002315469.4510928
2025-12-28,1142344843.0616953
2025-12-29,1134974870.4438994
2025-12-30,877026041.0760822
2025-12-31,980205572.823209
2026-01-01,1112864973.8160157
2026-01-02,1061275207.9424522
2026-01-03,1142344843.0616953
2026-01-04,1068645169.947496
2026-01-05,972835610.8181652
2026-01-06,958095676.1953254
2026-01-07,1083385104.5703359
2026-01-08,964845793.9226341
2026-01-09,1033929117.8333746
2026-01-10,1179552938.5755997
2026-01-11,888305297.0911496
2026-01-12,1033929117.8333746
2026-01-13,982960782.1463331
2026-01-14,902867680.2138635
2026-01-15,1012085548.3917611
2026-01-16,946554829.5820056
2026-01-17,1084897453.5204163
2026-01-18,1019366734.7106606
2026-01-19,1092178650.3242307
2026-01-20,968398399.023619
2026-01-21,997523165.2690471
2026-01-22,1162718505.7701015
2026-01-23,985930372.216906
2026-01-24,690151266.636433
2026-01-25,760574860.3057843
2026-01-26,873252616.2613451
2026-01-27,859167895.4992752
2026-01-28,774659581.0678542
2026-01-29,901422057.7854849
2026-01-30,922549133.8580906
2026-01-31,971845651.4548361
2026-02-01,838040819.4266695
2026-02-02,830998453.9751356
2026-02-03,929591499.3096247
2026-02-04,1000015092.9789759
2026-02-05,894379692.3339509
2026-02-06,1021142169.0515816
2026-02-07,1112468740.2429836
2026-02-08,1063649664.9870175
2026-02-09,1019852317.996721
2026-02-10,900973830.4794545
2026-02-11,982311747.733236
2026-02-12,1107447002.9675756
2026-02-13,944771168.4600127
2026-02-14,1038622612.138202
2026-02-15,1232582258.2019153
2026-02-16,1094933476.5431678
2026-02-17,1032365844.4211289
2026-02-18,957284694.8844204
2026-02-19,1025228859.3917797
2026-02-20,983397437.0251606
2026-02-21,854191934.5012189
2026-02-22,1177205690.811073
2026-02-23,1062356356.3827294
2026-02-24,1184383769.690652
2026-02-25,1119781018.4286811
2026-02-26,1004931684.0003375
2026-02-27,1012109773.2163565
2026-02-28,1026465941.3119545
2026-03-01,1069534435.2623082
2026-03-02,976219347.8091415
2026-03-03,961863190.0499837
2026-03-04,933150853.8587878
2026-03-05,1193001934.391659
2026-03-06,1052672433.1900946
2026-03-07,951731243.3842347
2026-03-08,966151414.8397179
2026-03-09,994991747.3681617
2026-03-10,994991747.3681617
2026-03-11,1002201838.2871646
2026-03-12,930100981.0097485
2026-03-13,872420305.5703381
2026-03-14,922890900.4732682
2026-03-15,901260648.4813046
2026-03-16,901260648.4813046
2026-03-17,915680809.5542653
2026-03-18,1002201838.2871646
2026-03-19,966151414.8397179
2026-03-20,956085963.7654023
2026-03-21,917823289.7687207
2026-03-22,1077444735.2152627
2026-03-23,1064142947.2966102
2026-03-24,831361682.6634102
2026-03-25,1017586694.3699702
2026-03-26,1097397412.3045979
2026-03-27,1010935805.1992873
2026-03-28,1157255453.1498902
2026-03-29,957728653.5246779
2026-03-30,904521501.8500684
2026-03-31,904521501.8500684
2026-04-01,1077444735.2152627
2026-04-02,964379542.6953608
2026-04-03,900036039.4277527
2026-04-04,828969678.3136718
2026-04-05,1098384831.4750333
2026-04-06,884234328.1768135
2026-04-07,953315130.5581044
2026-04-08,1022395942.8870316
2026-04-09,994763617.9554607
2026-04-10,863510089.4519535
2026-04-11,849693926.986168
2026-04-12,1070752506.5434624
2026-04-13,1022395942.8870316
2026-04-14,1132925232.6656787
2026-04-15,863510089.4519535
2026-04-16,1050028267.8186023
2026-04-17,967334466.916483
2026-04-18,1031290054.5634836
2026-04-19,1064992341.7713568
2026-04-20,876259525.6422594
2026-04-21,909961812.8501326
2026-04-22,882999979.2013303
2026-04-23,815595404.7855839
2026-04-24,1004328220.9146813
2026-04-25,943664100.0580058
2026-04-26,1004328220.9146813
2026-04-27,930183183.2336046
2026-04-28,936923646.4989349
2026-04-29,856038145.5525279
2026-04-30,943664100.0580058
2026-05-01,1064992341.7713568
2026-05-02,896831740.5704167
2026-05-03,1000953351.3604596
2026-05-04,981197686.8712952
2026-05-05,987782911.5285887
2026-05-06,928515937.0265276
2026-05-07,935101152.2011051
2026-05-08,968027247.0394244
2026-05-09,1126072515.539159
2026-05-10,987782911.5285887
2026-05-11,1086561196.0435464
2026-05-12,882419402.3563375
2026-05-13,915345497.1946567
2026-05-14,994368126.7031661
2026-05-15,964723444.1105754
2026-05-16,1025406922.0646993
2026-05-17,950708403.3976227
2026-05-18,950708403.3976227
2026-05-19,964289953.1351562
2026-05-20,1032197701.8228235
2026-05-21,862428334.9930127
2026-05-22,1059360791.5191754
2026-05-23,1113686990.4693093
2026-05-24,889591434.4680796
2026-05-25,1120477760.4487185
2026-05-26,943917633.4182135
2026-05-27,950708403.3976227
2026-05-28,1100105440.7317758
2026-05-29,960163852.3585032
2026-05-30,980866172.3203554
2026-05-31,994681189.9526772
2026-06-01,932513615.580635
2026-06-02,759825910.0968298
2026-06-03,746010892.4645079
2026-06-04,980866172.3203554
2026-06-05,932513615.580635
2026-06-06,842716005.943949
2026-06-07,808178466.8365502
2026-06-08,877253545.0513476
2026-06-09,856531023.5762708
2026-06-10,870346041.2085927
2026-06-11,932513615.580635
2026-06-12,1015403711.427754
2026-06-13,854439838.152652
2026-06-14,906725183.3927048
2026-06-15,931566971.1991993
2026-06-16,1006092325.6756399
2026-06-17,819778935.0130172
2026-06-18,1024723662.0589893
2026-06-19,937777413.6793015
2026-06-20,962619201.485796
2026-06-21,832199828.9162644
2026-06-22,968829643.9658982
2026-06-23,1074407237.6719782
2026-06-24,962619201.485796
2026-06-25,1055775901.2886288
2026-06-26,962619201.485796
2026-06-27,1113992357.1239762
2026-06-28,858457137.2107625
2026-06-29,831838318.6049633
2026-06-30,991551268.5708678
2026-07-01,951623035.8707803
2026-07-02,871766551.3050507
2026-07-03,1004860682.665156
2026-07-04,1024824799.0151997
2026-07-05,851802434.9550071
2026-07-06,771945959.9720548
2026-07-07,931658909.9379592
2026-07-08,885075965.399339
2026-07-09,831838318.6049633
2026-07-10,865111849.0492953
2026-07-11,913015248.2724111
2026-07-12,910321900.5977669
2026-07-13,929286937.1591473
2026-07-14,973538695.2045144
2026-07-15,885035179.1137803
2026-07-16,764923265.7196722
2026-07-17,802853338.8424331
2026-07-18,1049398859.6564744
2026-07-19,1043077174.7338681
2026-07-20,922965261.3397602
2026-07-21,872391818.3717868
2026-07-22,726993183.4936923
2026-07-23,834461745.249026
2026-07-24,973538695.2045144
2026-07-25,872065075.0995655
2026-07-26,916150330.2022572
2026-07-27,865950308.147995
2026-07-28,796925282.3413863
2026-07-29,897325326.4499104
2026-07-30,960075344.9817349
2026-07-31,985175356.0088658
2026-08-01,1029100370.7883435
2026-08-02,903600324.6886916
2026-08-03,941250341.2293881
2026-08-04,884775320.936345
2026-08-05,891050319.1751261
2026-08-06,803200289.6161706
2026-08-07,991450354.247647
2026-08-08,898876720.0592811
2026-08-09,906199297.8955107
2026-08-10,880851063.8721334
2026-08-11,817480478.8136902
2026-08-12,893525180.883822
2026-08-13,925210468.8503618
2026-08-14,944221639.805213
2026-08-15,918873405.7818357
2026-08-16,1020266341.8753448
2026-08-17,1001255161.79513
2026-08-18,944221639.805213
2026-08-19,779458136.9039879
2026-08-20,804806361.8020016
2026-08-21,868176946.8604448
2026-08-22,937551968.6517191
2026-08-23,850530898.7183249
2026-08-24,888054323.8990585
2026-08-25,888054323.8990585
2026-08-26,950593365.8669479
2026-08-27,913069940.6862142
2026-08-28,825515290.9367905
2026-08-29,913069940.6862142
2026-08-30,1019386298.5231942
2026-08-31,950593365.8669479
2026-09-01,888054323.8990585
2026-09-02,856784807.4179244
2026-09-03,1000624590.4356381
2026-09-04,894308232.5986581
2026-09-05,927947322.4043227
2026-09-06,1045376161.9707305
2026-09-07,880650225.8858426
2026-09-08,842636544.1170455
2026-09-09,1020033716.581482
2026-09-10,848972162.3068198
2026-09-11,1020033716.581482
2026-09-12,994691262.0689508
2026-09-13,956677580.3001537
2026-09-14,950341971.2336624
2026-09-15,1032704934.7144649
2026-09-16,861643380.4398026
2026-09-17,905992680.398374
2026-09-18,963013198.489928
2026-09-19,827043889.821377
2026-09-20,1016306042.9042339
2026-09-21,983309095.4339658
2026-09-22,917315200.4934297
2026-09-23,851321296.0497721
2026-09-24,923914586.1862347
2026-09-25,884318253.0231616
2026-09-26,1016306042.9042339
2026-09-27,963510928.8524293
2026-09-28,1088899333.0406966
2026-09-29,1049302999.8776234
2026-09-30,930513981.3821613
2026-10-01,897517024.4087716
2026-10-02,930513981.3821613
2026-10-03,884134504.0369
2026-10-04,943420805.5483648
2026-10-05,1167730645.367517
2026-10-06,1022588981.5138946
2026-10-07,1015991627.9749945
2026-10-08,917031410.3931277
2026-10-09,963212847.1647019
