date,value
2013-01-01,53992.054259000775
2013-01-02,50798.321059628994
2013-01-03,54205.52865122736
2013-01-04,51452.83339729688
2013-01-05,47444.408852980574
2013-01-06,48953.799841101616
2013-01-07,56935.4589627705
2013-01-08,45819.66584877259
2013-01-09,44918.10458386908
2013-01-10,51902.660244477
2013-01-11,41615.79178400046
2013-01-12,43353.57125094975
2013-01-13,47084.620988091876
2013-01-14,56198.03350710096
2013-01-15,43298.75419861178
2013-01-16,48168.09100695503
2013-01-17,43286.11427746215
2013-01-18,47540.2681498102
2013-01-19,60014.28663909987
2013-01-20,51088.67444637645
2013-01-21,55377.36441846873
2013-01-22,62280.64381928688
2013-01-23,55239.645581984114
2013-01-24,65914.235681502
2013-01-25,59619.66695008775
2013-01-26,68459.15378663712
2013-01-27,67438.97075595192
2013-01-28,69068.92341320869
2013-01-29,77083.12103528618
2013-01-30,75495.73357563568
2013-01-31,98968.67762304934
2013-02-01,75128.36293891005
2013-02-02,75107.3240232904
2013-02-03,95692.06952700183
2013-02-04,83806.00064184701
2013-02-05,86252.7642379162
2013-02-06,77411.26419126235
2013-02-07,85153.39593885971
2013-02-08,86022.30306348538
2013-02-09,84848.5500495179
2013-02-10,96198.66466233192
2013-02-11,97376.65896228832
2013-02-12,86804.58401559024
2013-02-13,105343.05774621315
2013-02-14,102991.02157164722
2013-02-15,121591.42980024846
2013-02-16,129210.62283022367
2013-02-17,126558.08146902407
2013-02-18,108388.69223914396
2013-02-19,116919.15691356671
2013-02-20,143880.56987338568
2013-02-21,131199.50322969028
2013-02-22,129508.7902628581
2013-02-23,122206.46363810636
2013-02-24,116543.10912036819
2013-02-25,154795.36878436588
2013-02-26,129295.48000528921
2013-02-27,150734.25972543834
2013-02-28,140176.23453366457
2013-03-01,131503.77672965752
2013-03-02,123770.24522457612
2013-03-03,138668.2554501608
2013-03-04,162783.78699701943
2013-03-05,141338.5151162046
2013-03-06,167729.36021770153
2013-03-07,167789.7628633548
2013-03-08,175611.715659848
2013-03-09,198104.27843700384
2013-03-10,210752.12595000782
2013-03-11,197927.8057665938
2013-03-12,149895.71524646415
2013-03-13,184538.54909245504
2013-03-14,209991.8924271152
2013-03-15,201680.8241656359
2013-03-16,206311.9436857102
2013-03-17,247317.53637010526
2013-03-18,243985.82285847454
2013-03-19,252869.05472355583
2013-03-20,335951.48600295174
2013-03-21,386500.5112790022
2013-03-22,399868.8340017386
2013-03-23,349278.4063101985
2013-03-24,338737.25437559816
2013-03-25,267530.72129842214
2013-03-26,296768.5953058332
2013-03-27,290990.561717768
2013-03-28,401104.7708708503
2013-03-29,392786.2922084745
2013-03-30,398721.57694944466
2013-03-31,396724.2823377851
2013-04-01,512722.71721025684
2013-04-02,527976.7476913078
2013-04-03,574808.5410294237
2013-04-04,512077.41383161827
2013-04-05,563372.958677675
2013-04-06,583058.428582102
2013-04-07,667694.0797651096
2013-04-08,722110.7521611628
2013-04-09,1015005.1854589108
2013-04-10,769696.0481313561
2013-04-11,331606.340151958
2013-04-12,482135.31406421866
2013-04-13,407517.87505829916
2013-04-14,339895.2046041061
2013-04-15,331586.24198053766
2013-04-16,302152.8888672414
2013-04-17,396993.75780521636
2013-04-18,399209.1682143642
2013-04-19,407617.0700937188
2013-04-20,493601.91223822325
2013-04-21,521326.2725276452
2013-04-22,483152.0894811968
2013-04-23,596934.315823377
2013-04-24,624239.775108225
2013-04-25,606337.2348975156
2013-04-26,586571.0417939525
2013-04-27,471233.0107991173
2013-04-28,595709.2953103455
2013-04-29,625575.1451377099
2013-04-30,518257.9371062239
2013-05-01,438329.5989272344
2013-05-02,356242.2987357975
2013-05-03,329885.1779388223
2013-05-04,447178.10456710093
2013-05-05,480515.9527863833
2013-05-06,465292.17421010905
2013-05-07,468758.6940685572
2013-05-08,466686.25515089737
2013-05-09,459095.5841138536
2013-05-10,506071.4585998842
2013-05-11,525523.9883656035
2013-05-12,482519.8373503788
2013-05-13,510709.38641059154
2013-05-14,415282.4312916433
2013-05-15,384178.65479982406
2013-05-16,417796.1339859731
2013-05-17,472070.5794564587
2013-05-18,440182.7906341324
2013-05-19,456432.1327293975
2013-05-20,379965.1026154307
2013-05-21,442626.4544418487
2013-05-22,464014.87697253
2013-05-23,538208.7788135589
2013-05-24,544902.8157656343
2013-05-25,531485.2754237276
2013-05-26,530396.2995251326
2013-05-27,556128.7859731164
2013-05-28,497323.1513004077
2013-05-29,544172.212039743
2013-05-30,566145.9810052614
2013-05-31,559197.1389173006
2013-06-01,685812.8795075977
2013-06-02,610067.8769871416
2013-06-03,654704.4255771489
2013-06-04,640011.5834964942
2013-06-05,556001.6496902384
2013-06-06,538719.2399057726
2013-06-07,443545.86906049
2013-06-08,494032.9176694775
2013-06-09,397116.8237068967
2013-06-10,453955.41483050806
2013-06-11,483783.842051433
2013-06-12,539868.940254239
2013-06-13,471156.12440093415
2013-06-14,446459.5993571014
2013-06-15,431959.53677673877
2013-06-16,458052.3745616598
2013-06-17,362957.8559322042
2013-06-18,365012.1173378155
2013-06-19,355018.3126826408
2013-06-20,401645.47387492604
2013-06-21,425950.8010520154
2013-06-22,440173.8372881344
2013-06-23,413798.3214494456
2013-06-24,371421.31209818815
2013-06-25,383993.6957261837
2013-06-26,429134.89830508473
2013-06-27,404156.48957609595
2013-06-28,377818.5408971363
2013-06-29,375168.5547194623
2013-06-30,342264.4717855055
2013-07-01,325255.21277761535
2013-07-02,335897.9850745176
2013-07-03,357380.12168322643
2013-07-04,326431.34219754545
2013-07-05,313631.4509151373
2013-07-06,310147.35815312696
2013-07-07,335309.2790338985
2013-07-08,355145.0580946814
2013-07-09,346375.0877776156
2013-07-10,414441.6857831679
2013-07-11,380614.3398305085
2013-07-12,346679.7900496785
2013-07-13,359500.94674167165
2013-07-14,386536.7578862066
2013-07-15,384564.2254237289
2013-07-16,376302.24617182935
2013-07-17,418744.21578024543
2013-07-18,341970.9596978377
2013-07-19,368670.84691350075
2013-07-20,394835.49503214477
2013-07-21,426180.1425526301
2013-07-22,353302.2431326711
2013-07-23,306594.1248392753
2013-07-24,350403.129003507
2013-07-25,329106.2366277032
2013-07-26,368934.3424897719
2013-07-27,398947.87327586225
2013-07-28,389532.53722969024
2013-07-29,415179.2027761544
2013-07-30,476048.2979982466
2013-07-31,465615.9946668616
2013-08-01,427313.4788793106
2013-08-02,461157.7472822909
2013-08-03,405903.5154880186
2013-08-04,431235.5327293982
2013-08-05,460815.70739333757
2013-08-06,463938.23137054325
2013-08-07,451302.0620689654
2013-08-08,483068.51782583277
2013-08-09,450804.78660140286
2013-08-10,489791.15268848627
2013-08-11,509065.086908241
2013-08-12,515410.94219754526
2013-08-13,447247.76851271203
2013-08-14,416309.40771478676
2013-08-15,416951.9158386909
2013-08-16,412822.03308007034
2013-08-17,473244.89582115714
2013-08-18,481013.4927527764
2013-08-19,454819.2543103437
2013-08-20,496376.0021916985
2013-08-21,542927.8583284647
2013-08-22,591425.3708942148
2013-08-23,527718.1008182341
2013-08-24,498138.23832554056
2013-08-25,426886.676884864
2013-08-26,465290.176607248
2013-08-27,497535.11598480365
2013-08-28,526512.4939801287
2013-08-29,561498.3906049082
2013-08-30,640037.5704631815
2013-08-31,715707.232700177
2013-09-01,721213.4553258349
2013-09-02,696413.8729544134
2013-09-03,626536.5975745182
2013-09-04,499306.6479032712
2013-09-05,547606.1305450008
2013-09-06,545107.8021259509
2013-09-07,434329.3368644055
2013-09-08,463375.24132086395
2013-09-09,615390.8086864431
2013-09-10,583579.1566542083
2013-09-11,635441.135300995
2013-09-12,675107.3529222703
2013-09-13,649779.5004091158
2013-09-14,677699.2023670375
2013-09-15,565970.790926358
2013-09-16,485887.9640414954
2013-09-17,567865.1944038557
2013-09-18,523478.25504091015
2013-09-19,589859.547340737
2013-09-20,614608.179427235
2013-09-21,583576.5136981296
2013-09-22,624859.0457627143
2013-09-23,645044.9197837523
2013-09-24,656125.9957334892
2013-09-25,636612.5048363551
2013-09-26,504976.981560489
2013-09-27,563393.7974868503
2013-09-28,561074.7413793106
2013-09-29,540211.6677381665
2013-09-30,513817.8169783748
2013-10-01,596415.1086645232
2013-10-02,497101.8187317348
2013-10-03,584938.0877849214
2013-10-04,548686.564874343
2013-10-05,664628.8797194608
2013-10-06,566448.0832846309
2013-10-07,483236.8030976031
2013-10-08,505304.4421683225
2013-10-09,560404.1653914393
2013-10-10,608182.322384568
2013-10-11,588555.7589859712
2013-10-12,684004.2570718868
2013-10-13,731596.5142022208
2013-10-14,845869.9682203375
2013-10-15,919710.405464643
2013-10-16,726221.590064292
2013-10-17,600144.2837814156
2013-10-18,733322.7464640576
2013-10-19,924182.8979690261
2013-10-20,828338.251629164
2013-10-21,949028.565758329
2013-10-22,1166217.0361630653
2013-10-23,1130416.9390780227
2013-10-24,1044953.9852371437
2013-10-25,1090657.2523024562
2013-10-26,818127.391905319
2013-10-27,870593.9463179419
2013-10-28,858701.7570134413
2013-10-29,817712.696668616
2013-10-30,964765.4221772873
2013-10-31,1072321.2532875512
2013-11-01,1055792.9712168071
2013-11-02,1034204.0508474566
2013-11-03,1009321.8365363904
2013-11-04,1115356.31447253
2013-11-05,1059841.2597457631
2013-11-06,1072579.0547476036
2013-11-07,1044447.2142606648
2013-11-08,1118064.6993151363
2013-11-09,1224889.2492694326
2013-11-10,1400313.2437112518
2013-11-11,1602111.7141656931
2013-11-12,1782093.5787624181
2013-11-13,1656918.879942606
2013-11-14,1906431.3376100676
2013-11-15,1694855.0089398017
2013-11-16,2113622.447421827
2013-11-17,2256815.082378726
2013-11-18,2565336.165112215
2013-11-19,2201185.549178844
2013-11-20,2440890.3085622448
2013-11-21,2702866.5947253075
2013-11-22,3452542.8149886644
2013-11-23,3545755.1949537983
2013-11-24,3390100.1210987736
2013-11-25,3530252.6471142606
2013-11-26,3641486.2115575694
2013-11-27,4164588.17594331
2013-11-28,4558426.91550263
2013-11-29,4881737.735680877
2013-11-30,4924905.545061348
2013-12-01,4701868.244228522
2013-12-02,4137212.6653930363
2013-12-03,5268105.1372414
2013-12-04,4851835.287047782
2013-12-05,4366500.03451475
2013-12-06,4287824.893756633
2013-12-07,3430773.3331253654
2013-12-08,3819920.0731297466
2013-12-09,3942748.8755113976
2013-12-10,4690393.763179425
2013-12-11,3611289.1413734644
2013-12-12,3558798.5843999875
2013-12-13,3824329.188559324
2013-12-14,4221637.796603739
2013-12-15,3823472.8360344823
2013-12-16,3406417.8866764624
2013-12-17,3464330.8714830517
2013-12-18,2617451.8572253822
2013-12-19,3873216.9786221525
2013-12-20,2670965.446459964
2013-12-21,2403059.8477565735
2013-12-22,2598430.0740232323
2013-12-23,2812636.361014613
2013-12-24,2749058.54837814
2013-12-25,2747075.140283458
2013-12-26,3374984.677302747
2013-12-27,3323824.6104663922
2013-12-28,2684446.361545879
2013-12-29,3054539.105786091
2013-12-30,3182084.1373611907
2013-12-31,3355964.8813886633
2014-01-01,3856073.318466044
2014-01-02,2629598.9864033605
2014-01-03,3249072.329594973
2014-01-04,2920822.270729691
2014-01-05,4354501.609768994
2014-01-06,4252238.817913501
2014-01-07,3554831.6981793093
2014-01-08,3959829.2958530076
2014-01-09,4302157.333772471
2014-01-10,3989172.146398519
2014-01-11,4670168.144876561
2014-01-12,4373865.144243281
2014-01-13,3476655.3765346278
2014-01-14,3301939.090983049
2014-01-15,3869013.343874929
2014-01-16,3773328.4513785783
2014-01-17,3012752.124607831
2014-01-18,3522558.348350279
2014-01-19,3542360.3057514583
2014-01-20,4040815.4308891003
2014-01-21,3418844.5496201064
2014-01-22,3931086.6543541774
2014-01-23,3588331.7314913794
2014-01-24,3690425.8784180307
2014-01-25,3318163.3683028915
2014-01-26,3095097.6492191707
2014-01-27,3230750.98112288
2014-01-28,3042179.1472229697
2014-01-29,3014860.814655758
2014-01-30,3517687.7112799534
2014-01-31,3694892.954410637
2014-02-01,3842462.3700495358
2014-02-02,3787382.547483927
2014-02-03,3651663.363385703
2014-02-04,3440336.397142605
2014-02-05,3294789.5096667223
2014-02-06,3474240.6891583847
2014-02-07,2757338.68449883
2014-02-08,3083454.4692832744
2014-02-09,2371550.888288135
2014-02-10,2673284.245464058
2014-02-11,2754788.735929984
2014-02-12,2909257.725057274
2014-02-13,2727486.946580949
2014-02-14,3193465.577697986
2014-02-15,3059212.7564289877
2014-02-16,3038345.319499269
2014-02-17,2446421.560686734
2014-02-18,2556132.4277680973
2014-02-19,3117700.68473115
2014-02-20,2494675.8828620706
2014-02-21,2205232.400697837
2014-02-22,2732060.850017535
2014-02-23,2562345.7597346576
2014-02-24,2589323.257350087
2014-02-25,2148173.268854908
2014-02-26,2702861.506176504
2014-02-27,2751351.4505552724
2014-02-28,2494608.835651664
2014-03-01,2043123.2475885432
2014-03-02,1954846.9750482156
2014-03-03,2503071.211293396
2014-03-04,2512554.962888223
2014-03-05,2614321.5192881045
2014-03-06,2887858.0070651677
2014-03-07,2621846.725135303
2014-03-08,2610401.2808840442
2014-03-09,2866590.529716102
2014-03-10,2339863.373343294
2014-03-11,2661682.12058679
2014-03-12,2887643.047912919
2014-03-13,2605900.0084795454
2014-03-14,2089126.0617694347
2014-03-15,2624401.931503143
2014-03-16,2711072.0516505716
2014-03-17,2506609.839815896
2014-03-18,2242229.725067506
2014-03-19,2442044.813898304
2014-03-20,2595738.611017241
2014-03-21,2649079.5086782565
2014-03-22,2399975.1134906486
2014-03-23,2990429.910049033
2014-03-24,2749609.2774392767
2014-03-25,2291301.9171943306
2014-03-26,2302494.305343951
2014-03-27,2089684.3545490927
2014-03-28,2169176.7809288157
2014-03-29,2141636.9780208943
2014-03-30,1606382.148965517
2014-03-31,2049099.093252486
2014-04-01,2047761.191585328
2014-04-02,2162131.600684832
2014-04-03,2292149.872749853
2014-04-04,2192384.3649678556
2014-04-05,1973662.042086294
2014-04-06,1731341.3890556197
2014-04-07,1693673.6633756373
2014-04-08,1516890.380966687
2014-04-09,1782422.889352117
2014-04-10,1421783.4809957254
2014-04-11,1782711.4061012552
2014-04-12,1707703.7059064894
2014-04-13,1946493.8537324688
2014-04-14,2224847.2897805814
2014-04-15,2373349.613207655
2014-04-16,2112640.340759696
2014-04-17,2111813.655276446
2014-04-18,1932080.054134424
2014-04-19,2004853.2408344897
2014-04-20,2231929.470798762
2014-04-21,2129311.367036749
2014-04-22,1884588.5136125085
2014-04-23,2023860.991116195
2014-04-24,1899926.5488831084
2014-04-25,2122239.0796163054
2014-04-26,1871348.8425116914
2014-04-27,1941288.934448995
2014-04-28,1677881.660778738
2014-04-29,1913959.9540505009
2014-04-30,1537399.325635481
2014-05-01,2024856.6723263604
2014-05-02,1820265.1135408466
2014-05-03,1558373.9874207461
2014-05-04,1648449.6298837613
2014-05-05,1351056.8094856062
2014-05-06,2086121.796163354
2014-05-07,1757676.9324810037
2014-05-08,1838681.5343220322
2014-05-09,1923966.4988251003
2014-05-10,2043982.412142022
2014-05-11,1668635.008942139
2014-05-12,1809251.9178842772
2014-05-13,1777973.3886908256
2014-05-14,1668180.7714786688
2014-05-15,1910760.6636031545
2014-05-16,2030558.245543542
2014-05-17,1942886.4012419626
2014-05-18,1921939.3581823509
2014-05-19,1879100.3985973129
2014-05-20,2169735.243103447
2014-05-21,2160959.0267022233
2014-05-22,2265301.440239626
2014-05-23,2160259.6961572194
2014-05-24,2031611.2860607833
2014-05-25,2307582.6466540047
2014-05-26,2310149.500730567
2014-05-27,1951356.1154346014
2014-05-28,2447074.872011982
2014-05-29,2010481.3210257154
2014-05-30,2592033.555537699
2014-05-31,2307504.646034482
2014-06-01,2756577.921719755
2014-06-02,3201415.117555522
2014-06-03,2992126.142255992
2014-06-04,2913590.343775569
2014-06-05,2513713.5209818827
2014-06-06,2259213.2727425476
2014-06-07,2545101.0531122144
2014-06-08,2236587.914552893
2014-06-09,2528511.6570718875
2014-06-10,2717660.3450175337
2014-06-11,2304934.931063708
2014-06-12,2545492.831735828
2014-06-13,2432958.373809175
2014-06-14,2561239.604646404
2014-06-15,2801192.070426652
2014-06-16,2775667.166218585
2014-06-17,2801768.013442433
2014-06-18,2400137.694301578
2014-06-19,2487262.4161163047
2014-06-20,2750621.5809906493
2014-06-21,2756354.22518995
2014-06-22,2698355.8509643483
2014-06-23,2594030.119228522
2014-06-24,2725876.4773524236
2014-06-25,2628456.946281416
2014-06-26,2482702.9594243127
2014-06-27,2958143.653981592
2014-06-28,2704475.884146696
2014-06-29,2358299.0347603727
2014-06-30,2108522.176095852
2014-07-01,2137830.6841174746
2014-07-02,2230696.84104325
2014-07-03,2246286.527227907
2014-07-04,2617137.337127412
2014-07-05,2395779.6992402086
2014-07-06,2253087.994330799
2014-07-07,2335706.171098774
2014-07-08,2343353.74159848
2014-07-09,2581047.230800701
2014-07-10,2296547.615488018
2014-07-11,2474528.074751608
2014-07-12,2499926.5348930736
2014-07-13,2519503.00175336
2014-07-14,2089791.4244228506
2014-07-15,2472190.0405756887
2014-07-16,2218866.7760374034
2014-07-17,2684314.882437173
2014-07-18,2712225.6031560507
2014-07-19,2784092.1375000016
2014-07-20,2422838.6203243714
2014-07-21,2407558.1591174756
2014-07-22,2200372.5888515487
2014-07-23,2262170.781224432
2014-07-24,2155294.7327659247
2014-07-25,2451432.4458503816
2014-07-26,1992253.7342782004
2014-07-27,2262776.0740064275
2014-07-28,2203098.7686294564
2014-07-29,2175818.665181182
2014-07-30,2420532.887814145
2014-07-31,2240605.9135154886
2014-08-01,2341289.029880186
2014-08-02,2403260.84078755
2014-08-03,2259001.8863091758
2014-08-04,1880346.673524256
2014-08-05,1963851.7115356515
2014-08-06,2387218.3228229103
2014-08-07,2344186.534190532
2014-08-08,2326646.429865574
2014-08-09,2679852.2720631207
2014-08-10,2607977.7465517223
2014-08-11,2609158.751870252
2014-08-12,2472137.7127118646
2014-08-13,1987841.885593221
2014-08-14,2272983.7486849786
2014-08-15,2063832.6230472678
2014-08-16,2060904.45340444
2014-08-17,2115499.8006282886
2014-08-18,2321341.6949736997
2014-08-19,2263593.7306253673
2014-08-20,2176383.4951709528
2014-08-21,2142144.890049677
2014-08-22,2025925.5225014605
2014-08-23,2013359.3259643484
2014-08-24,1855772.2081677385
2014-08-25,1718015.231860022
2014-08-26,2213761.2915327316
2014-08-27,2155435.8180011692
2014-08-28,2189683.280954122
2014-08-29,2162682.9305230863
2014-08-30,2280804.540838692
2014-08-31,2249003.6997662177
2014-09-01,1613441.0652250142
2014-09-02,1743532.7146770912
2014-09-03,2002477.6343220316
2014-09-04,1933743.04530976
2014-09-05,1735467.9629237275
2014-09-06,2150875.150883984
2014-09-07,1853666.315897135
2014-09-08,1688311.78527177
2014-09-09,1728318.8991963784
2014-09-10,1875280.2890488002
2014-09-11,2028400.398743423
2014-09-12,1824889.5368205733
2014-09-13,2162773.4073129767
2014-09-14,1878809.852790765
2014-09-15,1866989.7375073058
2014-09-16,1984359.9006136765
2014-09-17,2121980.494506135
2014-09-18,1910288.4786236116
2014-09-19,1683896.3827732329
2014-09-20,1808581.9082407956
2014-09-21,1641658.5758036252
2014-09-22,1683702.8130333137
2014-09-23,1644344.2537258912
2014-09-24,1652430.3578608995
2014-09-25,1761012.3243717141
2014-09-26,1357749.143863238
2014-09-27,1342007.7709088242
2014-09-28,1220537.4667592049
2014-09-29,1277746.1106735824
2014-09-30,1488934.9545738155
2014-10-01,1483773.7927381666
2014-10-02,1285213.66157218
2014-10-03,1305479.8547048497
2014-10-04,1265980.5354032721
2014-10-05,1363940.9550189932
2014-10-06,1315384.219235827
2014-10-07,1117460.152966101
2014-10-08,1275866.4035067228
2014-10-09,1338350.7721215677
2014-10-10,1390700.2643889554
2014-10-11,1302870.1571011115
2014-10-12,1398123.6017533587
2014-10-13,1518977.5596507885
2014-10-14,1322905.9537793682
2014-10-15,1489712.6966028626
2014-10-16,1414589.4624196384
2014-10-17,1356812.8030683808
2014-10-18,1604302.0260666262
2014-10-19,1292375.9556984233
2014-10-20,1305578.6905756856
2014-10-21,1473407.7232951054
2014-10-22,1513595.5841028641
2014-10-23,1348976.5939655162
2014-10-24,1421016.5249780812
2014-10-25,1340018.580727644
2014-10-26,1103381.1130187032
2014-10-27,1391312.4546610177
2014-10-28,1223555.6275423737
2014-10-29,1292697.4815897136
2014-10-30,1464589.8744886052
2014-10-31,1584759.6893337213
2014-11-01,1289375.9772063126
2014-11-02,1256463.1956823491
2014-11-03,1374653.8820572775
2014-11-04,1335113.7010958502
2014-11-05,1168879.8904295722
2014-11-06,1346306.1602279367
2014-11-07,1282999.8305084738
2014-11-08,1322364.972019287
2014-11-09,1363537.6939655175
2014-11-10,1343220.7832480993
2014-11-11,1186237.1310052595
2014-11-12,1553023.4671683232
2014-11-13,1529439.9597457645
2014-11-14,1533797.198845704
2014-11-15,1322978.4425774384
2014-11-16,1463271.83810637
2014-11-17,1395003.7136177677
2014-11-18,1439378.5736411465
2014-11-19,1331087.2279953244
2014-11-20,1228825.3654295723
2014-11-21,1113627.6268629455
2014-11-22,1356953.7312536512
2014-11-23,1305595.010008768
2014-11-24,1385453.772632962
2014-11-25,1243293.5791350096
2014-11-26,1258790.9626241971
2014-11-27,1302594.0514172981
2014-11-28,1398218.648071303
2014-11-29,1476099.6167445953
2014-11-30,1514761.588544712
2014-12-01,1232113.9316189373
2014-12-02,1436050.4861922862
2014-12-03,1090156.4559322044
2014-12-04,1346286.323524255
2014-12-05,1475870.4855639967
2014-12-06,1284847.4828535952
2014-12-07,1186415.3482758612
2014-12-08,1480103.8829485697
2014-12-09,1246429.2742402111
2014-12-10,1243675.9832700167
2014-12-11,1289794.1227060193
2014-12-12,1244996.9090882537
2014-12-13,1274736.7494739932
2014-12-14,1255181.0183153122
2014-12-15,1223510.5146917012
2014-12-16,1174792.6200029233
2014-12-17,1024952.3628287552
2014-12-18,1011075.075053652
2014-12-19,1089981.8936659833
2014-12-20,1105720.2904003512
2014-12-21,1059275.8112507307
2014-12-22,1360554.5962594976
2014-12-23,1260315.4821741674
2014-12-24,1235598.5390049694
2014-12-25,1260034.7702220909
2014-12-26,1250999.2992402122
2014-12-27,1200680.086791352
2014-12-28,1339369.2797779096
2014-12-29,1283568.679398013
2014-12-30,1202962.765853303
2014-12-31,1218516.6915838695
2015-01-01,1298452.9467781987
2015-01-02,1303263.7684102864
2015-01-03,1156871.6045295147
2015-01-04,1132338.6716832279
2015-01-05,1072515.0210403278
2015-01-06,1135820.6081092916
2015-01-07,1041374.4780829916
2015-01-08,1044958.2901446528
2015-01-09,1023753.9009351255
2015-01-10,1015147.2056326692
2015-01-11,1041427.6225160736
2015-01-12,953591.1736995917
2015-01-13,711543.2739114569
2015-01-14,636686.4470338969
2015-01-15,801587.3180230861
2015-01-16,721393.3368570999
2015-01-17,689395.6864260676
2015-01-18,807581.882919344
2015-01-19,780820.9016949144
2015-01-20,625163.5689655172
2015-01-21,848943.183752192
2015-01-22,788559.9170075977
2015-01-23,722711.8425189942
2015-01-24,784608.6902980725
2015-01-25,795368.5664450625
2015-01-26,869798.3775131516
2015-01-27,986207.9217635877
2015-01-28,966516.9458211585
2015-01-29,959225.2312098169
2015-01-30,789691.8553185265
2015-01-31,901928.4476037401
2015-02-01,880056.2924824673
2015-02-02,954367.3692212173
2015-02-03,723187.8341393936
2015-02-04,901455.0081750458
2015-02-05,862619.3255479251
2015-02-06,985557.9892241363
2015-02-07,908872.3314582122
2015-02-08,739318.7633547639
2015-02-09,888593.1877995329
2015-02-10,795197.3554646424
2015-02-11,867008.6459380464
2015-02-12,662185.1031122151
2015-02-13,863427.07795149
2015-02-14,1030510.78316774
2015-02-15,820560.310637053
2015-02-16,922713.0477936867
2015-02-17,908549.0836645224
2015-02-18,985280.0949371732
2015-02-19,1003769.8538720032
2015-02-20,969846.5623465793
2015-02-21,871865.8093366455
2015-02-22,893507.272917883
2015-02-23,848684.3632817072
2015-02-24,773578.3703609005
2015-02-25,946988.5414085337
2015-02-26,888916.5089859712
2015-02-27,969443.742723553
2015-02-28,905066.992416716
2015-03-01,912279.6578024535
2015-03-02,1091474.3240210414
2015-03-03,1116688.3086937477
2015-03-04,957066.377849211
2015-03-05,911687.0702805393
2015-03-06,1011277.024926944
2015-03-07,967411.7508766796
2015-03-08,1073818.3322033896
2015-03-09,1044468.2125073052
2015-03-10,1110817.4558153134
2015-03-11,1142269.3179573368
2015-03-12,968746.1293103441
2015-03-13,1043575.2459964928
2015-03-14,928817.2029807136
2015-03-15,1026990.7577293972
2015-03-16,1012587.6102571586
2015-03-17,912794.8689655168
2015-03-18,984119.5625365289
2015-03-19,897668.3468439499
2015-03-20,894086.0731735819
2015-03-21,985970.7230128588
2015-03-22,954592.926227353
2015-03-23,967070.2245762728
2015-03-24,1067561.7339421387
2015-03-25,999212.5038866143
2015-03-26,923272.0762127407
2015-03-27,1057544.7902542383
2015-03-28,936956.971683228
2015-03-29,929351.1245470474
2015-03-30,881596.1176212742
2015-03-31,917671.82130333
2015-04-01,815713.2040327281
2015-04-02,1052564.7922706017
2015-04-03,930141.0473115135
2015-04-04,971342.8709964926
2015-04-05,966114.9038573938
2015-04-06,807557.2687609592
2015-04-07,968361.2124488604
2015-04-08,768203.7825102281
2015-04-09,810836.615290766
2015-04-10,896313.2224430162
2015-04-11,830931.737288135
2015-04-12,758851.3355932191
2015-04-13,879471.9799532433
2015-04-14,818595.7067212154
2015-04-15,681107.4192431323
2015-04-16,788303.6628287564
2015-04-17,701772.9396259491
2015-04-18,815402.8610607833
2015-04-19,809404.9904661033
2015-04-20,865845.378725893
2015-04-21,898643.038676213
2015-04-22,888525.1912916404
2015-04-23,766783.2044856815
2015-04-24,717521.6362653429
2015-04-25,922767.4214202239
2015-04-26,793812.2644067795
2015-04-27,778591.5169710707
2015-04-28,862726.3356224423
2015-04-29,716499.9907583285
2015-04-30,791698.7197253067
2015-05-01,861162.3559906475
2015-05-02,865609.7835184112
2015-05-03,847636.4776446512
2015-05-04,764725.3161893632
2015-05-05,908690.026095852
2015-05-06,923661.9076842268
2015-05-07,835885.672793687
2015-05-08,916438.0230859163
2015-05-09,782726.6888442442
2015-05-10,776359.0356662777
2015-05-11,956886.8570572755
2015-05-12,908284.09519287
2015-05-13,958028.577001754
2015-05-14,912253.3293541784
2015-05-15,872755.5460914664
2015-05-16,778180.0436002329
2015-05-17,1013019.7445426661
2015-05-18,838381.858615548
2015-05-19,753916.952147866
2015-05-20,848939.8601694921
2015-05-21,912771.059248979
2015-05-22,829115.0527030966
2015-05-23,669097.1887784912
2015-05-24,878597.91789889
2015-05-25,835437.489954706
2015-05-26,852466.5405026316
2015-05-27,818352.4077001739
2015-05-28,781957.7104032738
2015-05-29,911089.1273816486
2015-05-30,791481.8180596156
2015-05-31,848967.027323203
2015-06-01,736832.9163647001
2015-06-02,844953.0037258912
2015-06-03,799506.3751168919
2015-06-04,787978.770916131
2015-06-05,775322.1980128583
2015-06-06,1001964.2835184123
2015-06-07,832208.5298144381
2015-06-08,897939.0935490954
2015-06-09,865873.7489187625
2015-06-10,965786.359409702
2015-06-11,774847.3896478665
2015-06-12,815829.8257113094
2015-06-13,926235.994528052
2015-06-14,860276.3022209246
2015-06-15,852447.46639392
2015-06-16,741726.3965517252
2015-06-17,979478.8047194631
2015-06-18,971148.6702220914
2015-06-19,899652.8045075997
2015-06-20,822701.4190531868
2015-06-21,757330.8062536544
2015-06-22,944843.4386615999
2015-06-23,854646.671537113
2015-06-24,937761.026651081
2015-06-25,920921.8592051432
2015-06-26,935426.7898743422
2015-06-27,811182.0786382246
2015-06-28,877930.457437171
2015-06-29,898275.778345995
2015-06-30,956472.0436355923
2015-07-01,870893.9355639983
2015-07-02,980776.3865283461
2015-07-03,1030750.3474045597
2015-07-04,989935.11057861
2015-07-05,963123.7266510807
2015-07-06,1217849.1789231463
2015-07-07,892674.2288281698
2015-07-08,1089068.9751680281
2015-07-09,896687.0134351257
2015-07-10,1099401.3061952074
2015-07-11,1087494.5791642326
2015-07-12,1051251.3446449433
2015-07-13,1082802.128229105
2015-07-14,1035867.4253652852
2015-07-15,1093655.0368351843
2015-07-16,933084.7100526006
2015-07-17,1029237.8633547649
2015-07-18,1033146.0164962027
2015-07-19,1046071.5600233768
2015-07-20,1088546.1328755117
2015-07-21,878371.4100818223
2015-07-22,1069392.8209672708
2015-07-23,968840.700029223
2015-07-24,1222317.7499926952
2015-07-25,1114604.4139099948
2015-07-26,1055933.4340151965
2015-07-27,1096739.6878360603
2015-07-28,1004394.4259140866
2015-07-29,1101452.178141438
2015-07-30,965591.473232028
2015-07-31,1074354.899503213
2015-08-01,1091466.77936879
2015-08-02,1066146.8492694334
2015-08-03,1107576.3303112197
2015-08-04,969974.4994155474
2015-08-05,938776.7989699013
2015-08-06,997409.8015488035
2015-08-07,957248.849145236
2015-08-08,1052337.359168614
2015-08-09,945514.1726183527
2015-08-10,1106077.8454120408
2015-08-11,1099258.0312828775
2015-08-12,844653.1857685552
2015-08-13,972741.7328828156
2015-08-14,945563.5925189933
2015-08-15,897133.6655099367
2015-08-16,893311.3199949169
2015-08-17,948184.5387711874
2015-08-18,768047.7379872029
2015-08-19,886151.1824079487
2015-08-20,883214.5616598488
2015-08-21,960302.5485894225
2015-08-22,911024.7344973683
2015-08-23,766054.7976767962
2015-08-24,821329.1806691976
2015-08-25,751460.7581458222
2015-08-26,910119.7182057274
2015-08-27,770419.0796317927
2015-08-28,899661.882159555
2015-08-29,919304.800701344
2015-08-30,858823.3967708925
2015-08-31,905456.1544491529
2015-09-01,877628.9461426063
2015-09-02,918008.722838108
2015-09-03,828940.9937171227
2015-09-04,901592.4973115152
2015-09-05,866943.5475526004
2015-09-06,866899.7000584452
2015-09-07,914407.73974284
2015-09-08,830194.8390414976
2015-09-09,889241.1753433655
2015-09-10,1020658.2900569838
2015-09-11,951337.7820617195
2015-09-12,797687.4335957044
2015-09-13,870321.8608730264
2015-09-14,877605.4171244903
2015-09-15,921594.36002338
2015-09-16,813103.6645821155
2015-09-17,839529.7122150792
2015-09-18,856918.6061221506
2015-09-19,725754.9002776156
2015-09-20,740359.4361192288
2015-09-21,748352.3783459954
2015-09-22,905208.2463106371
2015-09-23,909023.1291350072
2015-09-24,820119.539742839
2015-09-25,965706.7093804796
2015-09-26,862124.9180523073
2015-09-27,868831.3288573931
2015-09-28,858061.7235973104
2015-09-29,1032412.6169491509
2015-09-30,875937.4377556997
2015-10-01,887406.05659702
2015-10-02,820882.6752045581
2015-10-03,869042.6292372873
2015-10-04,916152.2377337829
2015-10-05,921676.6429128735
2015-10-06,876638.7687755685
2015-10-07,810417.1687755684
2015-10-08,850603.7153711265
2015-10-09,770013.9956019861
2015-10-10,983823.697253068
2015-10-11,907127.8037112812
2015-10-12,873632.4125803625
2015-10-13,857864.2049021032
2015-10-14,961940.8370543522
2015-10-15,1056976.0122621262
2015-10-16,945854.5076563428
2015-10-17,924565.192343657
2015-10-18,955121.080508474
2015-10-19,1090496.2539450622
2015-10-20,866663.0779661024
2015-10-21,964944.7837521912
2015-10-22,1019035.3388953845
2015-10-23,1037832.5981501467
2015-10-24,1028090.3930084762
2015-10-25,1108442.562134715
2015-10-26,1175483.8695499706
2015-10-27,1086193.7081896572
2015-10-28,1057936.2871420223
2015-10-29,1188669.97019287
2015-10-30,1404304.6729471069
2015-10-31,1154389.1925701327
2015-11-01,1261692.420740794
2015-11-02,1394658.6020821142
2015-11-03,1553577.0326563434
2015-11-04,1571241.5157071892
2015-11-05,1402845.4638369377
2015-11-06,1352035.8898305078
2015-11-07,1468717.2932203405
2015-11-08,1294090.4508766804
2015-11-09,1417346.2752410856
2015-11-10,1233081.3335330212
2015-11-11,1297473.180596145
2015-11-12,1358530.0291277028
2015-11-13,1349115.832846288
2015-11-14,1182317.2670368215
2015-11-15,1279712.086499124
2015-11-16,1432149.0356881926
2015-11-17,1251040.4531852724
2015-11-18,1284222.7315020454
2015-11-19,1109189.2947983653
2015-11-20,1344101.4850160705
2015-11-21,1417687.7555084724
2015-11-22,1391982.9542372886
2015-11-23,1316276.167090883
2015-11-24,1247849.2904559902
2015-11-25,1217153.6921391005
2015-11-26,1567523.287083578
2015-11-27,1194568.8410359423
2015-11-28,1372784.1920806551
2015-11-29,1384610.8565897148
2015-11-30,1528428.8514319106
2015-12-01,1513572.6689801302
2015-12-02,1445870.1767022205
2015-12-03,1282295.7417153714
2015-12-04,1389399.2416130905
2015-12-05,1703462.9447326139
2015-12-06,1563443.540751023
2015-12-07,1452898.7118278786
2015-12-08,1810369.13939217
2015-12-09,1754057.2192285212
2015-12-10,2244941.591291642
2015-12-11,1815445.92051432
2015-12-12,1765215.6756575084
2015-12-13,1542132.3056984232
2015-12-14,2159584.4870689684
2015-12-15,2125626.763084454
2015-12-16,1850630.6565385738
2015-12-17,1767930.5216189348
2015-12-18,1956917.627089422
2015-12-19,1810994.6386981294
2015-12-20,1823885.2090151962
2015-12-21,1630209.482225306
2015-12-22,1632256.4213179424
2015-12-23,1737462.978711281
2015-12-24,1572781.5599649332
2015-12-25,1845661.2446230263
2015-12-26,1787897.047421099
2015-12-27,2166367.709343952
2015-12-28,1589474.6204997094
2015-12-29,1714576.5847969023
2015-12-30,1757430.043834014
2015-12-31,1525353.8946376382
2016-01-01,1467038.2716978379
2016-01-02,1574844.5550847442
2016-01-03,1559243.6525423727
2016-01-04,1961356.5940897136
2016-01-05,1698227.7978229108
2016-01-06,1518139.4905756887
2016-01-07,1687592.8548436603
2016-01-08,1964131.3826271205
2016-01-09,1698165.6913354753
2016-01-10,1962538.44608416
2016-01-11,1908390.5008766798
2016-01-12,1877514.6681765043
2016-01-13,1599549.3873758048
2016-01-14,1429162.2222019301
2016-01-15,1121860.7596434825
2016-01-16,1377652.77618352
2016-01-17,1443869.8765341893
2016-01-18,1664541.8454120408
2016-01-19,1257387.7356735815
2016-01-20,1598367.1118396274
2016-01-21,1401847.224379018
2016-01-22,1676604.4212741076
2016-01-23,1729008.446507892
2016-01-24,1724735.6114333712
2016-01-25,1587543.6941116317
2016-01-26,1564571.740502628
2016-01-27,1529181.6801994438
2016-01-28,1382988.6340005863
2016-01-29,1601274.9781267948
2016-01-30,1763703.4921829368
2016-01-31,1657696.136433372
2016-02-01,1494174.3262396248
2016-02-02,1678174.3404441855
2016-02-03,1647239.4745543543
2016-02-04,1636836.9412039765
2016-02-05,1806672.5457203398
2016-02-06,1873157.77761543
2016-02-07,1650677.2374050245
2016-02-08,1372013.0962109878
2016-02-09,1643451.09658796
2016-02-10,1554238.7076855625
2016-02-11,1812667.9925189952
2016-02-12,1634308.8013588563
2016-02-13,1519433.8866417282
2016-02-14,1685525.2783898287
2016-02-15,1517216.950858562
2016-02-16,1404271.817665107
2016-02-17,1609380.9393629457
2016-02-18,1779948.8260984514
2016-02-19,1521146.1659618644
2016-02-20,1650734.1003068362
2016-02-21,1403899.5605807137
2016-02-22,1389174.561923758
2016-02-23,1428110.814872589
2016-02-24,1250785.5818965528
2016-02-25,1643352.1222238457
2016-02-26,1511167.846873174
2016-02-27,1591083.3340371118
2016-02-28,1450892.5800847444
2016-02-29,1455604.776358854
2016-03-01,1525647.7317168312
2016-03-02,1660588.1733642593
2016-03-03,1415032.2719973698
2016-03-04,1580961.8478959692
2016-03-05,1489929.2022939788
2016-03-06,1493709.1936148463
2016-03-07,1373987.6424824656
2016-03-08,1583989.9199883104
2016-03-09,1732670.9547282283
2016-03-10,1613321.0986995923
2016-03-11,1678047.736995908
2016-03-12,1476950.9878667449
2016-03-13,1369254.55920076
2016-03-14,1577102.4376504947
2016-03-15,1671447.2611762136
2016-03-16,1584691.6501811815
2016-03-17,1475583.9074736992
2016-03-18,1390265.3971770883
2016-03-19,1391023.0615429585
2016-03-20,1504007.8814728241
2016-03-21,1430316.164824664
2016-03-22,1541352.1191642326
2016-03-23,1554734.1657583278
2016-03-24,1519833.8816993004
2016-03-25,1519762.3399941546
2016-03-26,1594348.3447574524
2016-03-27,1499728.7334643481
2016-03-28,1797399.148962594
2016-03-29,1632265.5278638224
2016-03-30,1516958.0393381042
2016-03-31,1289466.1147866747
2016-04-01,1595792.525483637
2016-04-02,1458676.6220046757
2016-04-03,1491261.205099356
2016-04-04,1741094.020695501
2016-04-05,1637192.7870762725
2016-04-06,1655985.7255902982
2016-04-07,1464598.5896624771
2016-04-08,1507116.4579777897
2016-04-09,1695972.473205728
2016-04-10,1824953.162955875
2016-04-11,1619019.3933357676
2016-04-12,1581482.3589538292
2016-04-13,1741977.324284046
2016-04-14,1746012.03939217
2016-04-15,1496767.3551943325
2016-04-16,1491146.2799649334
2016-04-17,1695892.876490357
2016-04-18,1439350.7277761553
2016-04-19,1640882.7231881926
2016-04-20,1825979.3198714224
2016-04-21,1706921.7530902983
2016-04-22,1602080.5562638806
2016-04-23,1634093.0026884864
2016-04-24,1529163.4756867327
2016-04-25,1477378.3211542948
2016-04-26,1772773.0860768543
2016-04-27,1437515.0897209228
2016-04-28,1522327.7084964942
2016-04-29,1805189.3626388093
2016-04-30,1642136.7684687306
2016-05-01,1763166.5832115742
2016-05-02,1746362.2651797186
2016-05-03,1704898.9101841035
2016-05-04,1871936.264574811
2016-05-05,1741177.2808299223
2016-05-06,1869860.1425628276
2016-05-07,1730106.909336645
2016-05-08,1937791.2636469884
2016-05-09,1981301.0404208081
2016-05-10,1781764.689874341
2016-05-11,1509205.2149897728
2016-05-12,1583235.2143644055
2016-05-13,1737519.2302162468
2016-05-14,1649230.28942139
2016-05-15,1601480.5791934547
2016-05-16,1604664.8725642907
2016-05-17,1598748.8640341903
2016-05-18,1738409.654193455
2016-05-19,1313172.561426066
2016-05-20,1647928.077169786
2016-05-21,1565375.6803404423
2016-05-22,2026569.8767036842
2016-05-23,1998922.7577440115
2016-05-24,1637853.6218994725
2016-05-25,1554395.8687609604
2016-05-26,1533713.8130479238
2016-05-27,1639574.907616892
2016-05-28,1765277.7380040903
2016-05-29,1938745.1932495604
2016-05-30,1920575.336528347
2016-05-31,1685746.2246756267
2016-06-01,1921968.9018629456
2016-06-02,1858760.7890093501
2016-06-03,2024124.7582963181
2016-06-04,1708441.9498684981
2016-06-05,2444334.9617036814
2016-06-06,2489892.883401521
2016-06-07,2024642.342372881
2016-06-08,2099151.3071887777
2016-06-09,2380544.5112945638
2016-06-10,2087333.9768556396
2016-06-11,2361253.272238458
2016-06-12,2446932.1663500885
2016-06-13,2834895.157019288
2016-06-14,2260329.454032728
2016-06-15,2641005.5800701343
2016-06-16,2858639.6164742834
2016-06-17,2793804.511380042
2016-06-18,2995240.681507891
2016-06-19,3392944.5620689625
2016-06-20,2962239.5547048515
2016-06-21,2494275.6624167142
2016-06-22,1918336.343196959
2016-06-23,2196872.4947399194
2016-06-24,2141809.528820867
2016-06-25,2708934.370616599
2016-06-26,2301084.983807715
2016-06-27,2396999.668351842
2016-06-28,2394709.4430099367
2016-06-29,2330840.161607247
2016-06-30,2528568.0552308587
2016-07-01,2625360.4947399194
2016-07-02,2617703.9549824684
2016-07-03,2550817.8307714793
2016-07-04,2566405.261436295
2016-07-05,2422101.68220339
2016-07-06,2371779.6659848024
2016-07-07,2192182.3337083594
2016-07-08,2410812.442796608
2016-07-09,1996572.1117073353
2016-07-10,1267420.7148918763
2016-07-11,1162362.262993133
2016-07-12,1197666.3412916416
2016-07-13,1061562.9515816774
2016-07-14,1164846.7548502334
2016-07-15,1125155.2575284916
2016-07-16,1305603.4084709233
2016-07-17,1268529.383701052
2016-07-18,1248969.3715078898
2016-07-19,1079456.576504968
2016-07-20,1251197.559139393
2016-07-21,1108641.0166423144
2016-07-22,1049032.6950043829
2016-07-23,1076456.381592636
2016-07-24,1025160.6687463472
2016-07-25,1072758.308728083
2016-07-26,1055584.9718928991
2016-07-27,1050040.2349970783
2016-07-28,1115533.9707130336
2016-07-29,1208262.0302893037
2016-07-30,974850.573609732
2016-07-31,1202748.6377483923
2016-08-01,1159948.9366569258
2016-08-02,1014438.710543541
2016-08-03,1183470.109891877
2016-08-04,1116024.3772443014
2016-08-05,1227953.5894761828
2016-08-06,1225900.4611849794
2016-08-07,1100254.799438924
2016-08-08,1094514.1751578036
2016-08-09,911294.8142460545
2016-08-10,1113566.031344974
2016-08-11,1105473.5337887194
2016-08-12,1093644.4473085918
2016-08-13,1192678.2976081239
2016-08-14,1164201.1399181758
2016-08-15,1033980.1054105787
2016-08-16,976075.1844827585
2016-08-17,882008.0070433961
2016-08-18,1103531.6445865
2016-08-19,1104870.0314947392
2016-08-20,1127231.8233854466
2016-08-21,1183364.092376534
2016-08-22,1155319.4979982462
2016-08-23,1070578.485845997
2016-08-24,1099533.4801870259
2016-08-25,936054.3344535354
2016-08-26,955143.1781414375
2016-08-27,1026361.7887434246
2016-08-28,1092699.941852718
2016-08-29,1068012.0108357691
2016-08-30,1180176.1817650509
2016-08-31,958556.8702001756
2016-09-01,1001387.9785797773
2016-09-02,1103219.4426285804
2016-09-03,945589.6906779661
2016-09-04,1366080.8185658979
2016-09-05,1063172.1873027466
2016-09-06,1042092.279059029
2016-09-07,1169753.656312099
2016-09-08,1134990.3096084169
2016-09-09,1105785.744178842
2016-09-10,1210458.2408606084
2016-09-11,1246905.6856370538
2016-09-12,1238203.7718885157
2016-09-13,1255431.9861557574
2016-09-14,1188355.5209526585
2016-09-15,1168610.255495325
2016-09-16,1056063.6861082697
2016-09-17,1237539.7037200476
2016-09-18,1108404.3968220341
2016-09-19,1012248.5467438629
2016-09-20,1148301.675532583
2016-09-21,1238662.445014612
2016-09-22,1049682.8129018117
2016-09-23,1024043.9343658683
2016-09-24,1250576.2714421384
2016-09-25,1388910.7519104325
2016-09-26,1160464.4753433678
2016-09-27,1263253.9936710985
2016-09-28,1118670.014620105
2016-09-29,1081799.579489334
2016-09-30,1080736.8673071314
2016-10-01,1207739.1397289596
2016-10-02,1078206.869283314
2016-10-03,1156264.2807159561
2016-10-04,1204765.5656779658
2016-10-05,1277858.4927264764
2016-10-06,1231168.7363252488
2016-10-07,1104506.447943454
2016-10-08,1308273.3662039752
2016-10-09,1234202.08264173
2016-10-10,958032.06
2016-10-11,1117180.1603623612
2016-10-12,1145876.277966102
2016-10-13,1016710.5525189952
2016-10-14,1087296.3535067206
2016-10-15,1131178.6727966103
2016-10-16,1044733.6941408527
2016-10-17,998652.4007342203
2016-10-18,1231429.4853959673
2016-10-19,983813.6063066188
2016-10-20,1052903.159360024
2016-10-21,1293357.7169491516
2016-10-22,1219022.325192869
2016-10-23,1173531.5221507885
2016-10-24,1161923.5612872585
2016-10-25,1139439.4775847462
2016-10-26,1164564.524570426
2016-10-27,1390209.737296903
2016-10-28,1311742.2443834008
2016-10-29,1332517.186601402
2016-10-30,1468600.1630742245
2016-10-31,1284224.5751914098
2016-11-01,1315041.2640210402
2016-11-02,1230860.2298071305
2016-11-03,1336757.2134753068
2016-11-04,1022876.4241525427
2016-11-05,1298780.5107345846
2016-11-06,1369152.782575249
2016-11-07,1288780.7206122142
2016-11-08,1503753.2259022505
2016-11-09,1325759.0245068672
2016-11-10,1498155.9927703089
2016-11-11,1458245.4954229996
2016-11-12,1478079.8573933386
2016-11-13,1248936.9226592644
2016-11-14,1517133.7059468143
2016-11-15,1389076.94802747
2016-11-16,1586132.126353009
2016-11-17,1461444.6850686728
2016-11-18,1386720.645493863
2016-11-19,1333404.529441848
2016-11-20,1168561.3017884272
2016-11-21,1279680.88457408
2016-11-22,1252896.110593221
2016-11-23,1362029.0842197554
2016-11-24,1493143.826357394
2016-11-25,1405401.8803331384
2016-11-26,1405023.720767096
2016-11-27,1309934.0085096438
2016-11-28,1496669.0916919936
2016-11-29,1362691.4865100817
2016-11-30,1317412.9010841604
2016-12-01,1375456.710952659
2016-12-02,1380490.509128799
2016-12-03,1647137.5065166585
2016-12-04,1417803.2573348926
2016-12-05,1430074.3798597315
2016-12-06,1423344.985827002
2016-12-07,1663848.138940678
2016-12-08,1506531.228345632
2016-12-09,1302585.1668541795
2016-12-10,1279533.0261601403
2016-12-11,1801034.7517862373
2016-12-12,1518087.8681765043
2016-12-13,1733120.7954061949
2016-12-14,1349974.8830793395
2016-12-15,1232180.6414231441
2016-12-16,1300457.7339289887
2016-12-17,1421285.277966102
2016-12-18,1393490.6035020892
2016-12-19,1491651.6722910586
2016-12-20,1379616.2232904742
2016-12-21,1646611.3125131512
2016-12-22,1706271.5999890405
2016-12-23,1739568.6328462888
2016-12-24,1526103.4034080948
2016-12-25,1848006.7635775865
2016-12-26,1603182.2127849208
2016-12-27,1805604.0804003521
2016-12-28,2008919.996683227
2016-12-29,1825242.2989479844
2016-12-30,1886320.9666255116
2016-12-31,1792595.604485681
2017-01-01,1944651.8480566924
2017-01-02,2021442.298603895
2017-01-03,2116848.5590298036
2017-01-04,2169724.451738741
2017-01-05,1750871.7256282875
2017-01-06,1796083.7107254537
2017-01-07,1558456.9142708941
2017-01-08,1904812.4313997657
2017-01-09,1535964.7335651664
2017-01-10,1812997.894798364
2017-01-11,1507651.7795821163
2017-01-12,1735286.142127411
2017-01-13,1550150.4888953832
2017-01-14,1763097.088144361
2017-01-15,1721241.9985352128
2017-01-16,1755145.3490794853
2017-01-17,1789402.9855216246
2017-01-18,1652362.153820865
2017-01-19,1962423.9171610165
2017-01-20,2114849.7944973703
2017-01-21,2091609.4371127996
2017-01-22,2006365.8933050844
2017-01-23,1585474.6586177675
2017-01-24,1653421.698461425
2017-01-25,1668222.6869381936
2017-01-26,1776043.220328025
2017-01-27,1955965.7348772648
2017-01-28,1753272.402279369
2017-01-29,1911381.8483138515
2017-01-30,1656563.8694097025
2017-01-31,1755404.6290254232
2017-02-01,2370078.216995909
2017-02-02,1977619.81824517
2017-02-03,1891000.0484767612
2017-02-04,1860814.75139685
2017-02-05,2016453.6530435453
2017-02-06,1598933.5643446874
2017-02-07,1988716.1664187664
2017-02-08,1920570.9527703018
2017-02-09,2076063.4720894222
2017-02-10,1831344.6563705446
2017-02-11,1757264.6223385371
2017-02-12,1761018.813530095
2017-02-13,2037404.6143958229
2017-02-14,2138300.9417073363
2017-02-15,1761657.9228733196
2017-02-16,1956972.957229687
2017-02-17,1998239.4746398248
2017-02-18,2002012.3692113587
2017-02-19,1773467.2205873723
2017-02-20,2014073.594061958
2017-02-21,1947275.3807042602
2017-02-22,1948735.5888690765
2017-02-23,2229115.8478229064
2017-02-24,2415433.6166021354
2017-02-25,2403974.8882349543
2017-02-26,2629306.6765560997
2017-02-27,2149474.410262998
2017-02-28,2272814.886658384
2017-03-01,2211227.371104624
2017-03-02,2478503.004747949
2017-03-03,2433673.0232320353
2017-03-04,2093752.096271187
2017-03-05,2345152.8923911513
2017-03-06,2276002.0155245513
2017-03-07,2360936.233706905
2017-03-08,2045047.4159117565
2017-03-09,2207892.724196384
2017-03-10,2142133.7906195177
2017-03-11,2191832.6910907375
2017-03-12,2386512.440977503
2017-03-13,2246405.7870762665
2017-03-14,2430746.301504963
2017-03-15,2234106.2021142556
2017-03-16,2252964.68510154
2017-03-17,2063758.8859672784
2017-03-18,1889041.7727257456
2017-03-19,2104204.272917876
2017-03-20,1764185.78799532
2017-03-21,1973477.4178696584
2017-03-22,2061638.8581421596
2017-03-23,1902119.784123328
2017-03-24,2057139.6916423144
2017-03-25,1610203.2849298653
2017-03-26,1998137.963270017
2017-03-27,1720816.676335482
2017-03-28,2025003.1800116962
2017-03-29,1793462.8622209313
2017-03-30,2127874.7059234437
2017-03-31,1825442.2087193194
2017-04-01,1797715.873518411
2017-04-02,2183486.8376198183
2017-04-03,2518262.49622442
2017-04-04,1784252.9979726719
2017-04-05,2300018.578645529
2017-04-06,2195070.994111632
2017-04-07,2413256.188439511
2017-04-08,2028315.3460805032
2017-04-09,2412097.852855064
2017-04-10,2226406.6475409097
2017-04-11,2567176.047438624
2017-04-12,2158603.0029427316
2017-04-13,1861436.364248985
2017-04-14,2040403.993289007
2017-04-15,2204179.104398006
2017-04-16,2141986.76830801
2017-04-17,2056029.5725204493
2017-04-18,2193889.910916138
2017-04-19,2162090.124629596
2017-04-20,2131760.3035432566
2017-04-21,2603814.0466496306
2017-04-22,2253935.08654661
2017-04-23,2390627.836670069
2017-04-24,1948721.1354967845
2017-04-25,2367749.727220932
2017-04-26,2479528.4373765294
2017-04-27,2473072.793542155
2017-04-28,2291574.764389253
2017-04-29,2936059.235518696
2017-04-30,2608442.6527103987
2017-05-01,2694265.2900350625
2017-05-02,2891042.6602257416
2017-05-03,2507024.7583869016
2017-05-04,3233643.10825248
2017-05-05,2466883.8393629454
2017-05-06,3303899.570189946
2017-05-07,3186083.973449739
2017-05-08,3791444.616715365
2017-05-09,3331004.2762711826
2017-05-10,3297623.15
2017-05-11,3097385.237616896
2017-05-12,3281473.659092629
2017-05-13,3515184.5069666803
2017-05-14,3678916.7786382213
2017-05-15,3690876.0479909326
2017-05-16,2899094.4651373485
2017-05-17,3504445.500354332
2017-05-18,3362288.89458138
2017-05-19,4033468.3727673907
2017-05-20,4224242.710865348
2017-05-21,3758096.331184973
2017-05-22,3794071.8875533263
2017-05-23,4740305.564026893
2017-05-24,4648888.911303329
2017-05-25,4726187.80903493
2017-05-26,4359388.041202512
2017-05-27,4293031.049631786
2017-05-28,4590508.037419631
2017-05-29,4312401.067756429
2017-05-30,4849254.26931839
2017-05-31,4713836.851027178
2017-06-01,5099761.217873328
2017-06-02,4524948.60715371
2017-06-03,6118924.683646992
2017-06-04,5081550.090014606
2017-06-05,5504903.779266508
2017-06-06,5419657.416002711
2017-06-07,5582692.518262344
2017-06-08,5780287.315305381
2017-06-09,5294196.403811368
2017-06-10,5140027.85287917
2017-06-11,5427941.570549381
2017-06-12,4897733.633549828
2017-06-13,4771330.414837083
2017-06-14,4276692.789903573
2017-06-15,4608908.436480862
2017-06-16,4581264.326458217
2017-06-17,4808119.0960805025
2017-06-18,4546138.25095339
2017-06-19,4887949.677762281
2017-06-20,4714815.809587968
2017-06-21,4618707.299853885
2017-06-22,4668050.056129454
2017-06-23,5371740.94202222
2017-06-24,4675995.196456742
2017-06-25,3809036.635603448
2017-06-26,4306797.965876681
2017-06-27,4143440.8152038315
2017-06-28,5029479.818496857
2017-06-29,3810664.54742841
2017-06-30,4721470.723758038
2017-07-01,4945350.73695791
2017-07-02,5919349.64033313
2017-07-03,5422845.792438638
2017-07-04,4972011.834207331
2017-07-05,4857595.359812972
2017-07-06,4620671.965816773
2017-07-07,4617194.706087075
2017-07-08,5266581.701130544
2017-07-09,4323148.793389827
2017-07-10,5711440.984773527
2017-07-11,5015199.590339712
2017-07-12,5254435.864525869
2017-07-13,4599586.508434031
2017-07-14,3848258.8497881433
2017-07-15,3158542.6895054127
2017-07-16,3893152.191036671
2017-07-17,4099130.6478638286
2017-07-18,4751507.363376675
2017-07-19,4203784.001836651
2017-07-20,5718393.300876671
2017-07-21,5132318.957714795
2017-07-22,5659508.10993572
2017-07-23,5919474.309605499
2017-07-24,6130229.94140196
2017-07-25,4733582.048053763
2017-07-26,4634771.537555523
2017-07-27,5130409.026999564
2017-07-28,5238437.784117469
2017-07-29,5311409.627212895
2017-07-30,5051994.069654446
2017-07-31,5188482.964724568
2017-08-01,5079762.351472821
2017-08-02,5111276.776753355
2017-08-03,4812312.388974284
2017-08-04,6399860.486770891
2017-08-05,7162799.191293108
2017-08-06,5652704.240648745
2017-08-07,6488275.625656784
2017-08-08,7022637.064026884
2017-08-09,5773946.619542671
2017-08-10,5757028.860403272
2017-08-11,6588936.967118634
2017-08-12,6532451.560454417
2017-08-13,7518031.947527763
2017-08-14,6994981.388215957
2017-08-15,7904058.03717124
2017-08-16,7092602.68378142
2017-08-17,9640306.477440832
2017-08-18,7652094.589571164
2017-08-19,7852627.512337086
2017-08-20,6639441.89078755
2017-08-21,5739399.925661165
2017-08-22,4532692.638141437
2017-08-23,8241994.248657941
2017-08-24,5461343.240344091
2017-08-25,5495828.862856886
2017-08-26,5698847.065765639
2017-08-27,8418250.42424021
2017-08-28,7062369.322112077
2017-08-29,8568350.847692875
2017-08-30,9631928.747077728
2017-08-31,9658475.793581964
2017-09-01,10697011.582627116
2017-09-02,9419791.036542952
2017-09-03,8903695.4052893
2017-09-04,9569773.27357905
2017-09-05,10968104.374079479
2017-09-06,9330220.972859439
2017-09-07,10197246.126767963
2017-09-08,9505688.623246638
2017-09-09,9158941.162569413
2017-09-10,7351680.073794569
2017-09-11,9162290.972033901
2017-09-12,9786150.670485104
2017-09-13,9231906.643629456
2017-09-14,7063244.507415262
2017-09-15,8323251.623758035
2017-09-16,7839982.5657948535
2017-09-17,8166083.648743416
2017-09-18,6477680.15328755
2017-09-19,7655185.570967278
2017-09-20,5697573.977465662
2017-09-21,7957935.624780834
2017-09-22,6288383.835534782
2017-09-23,7834371.232751316
2017-09-24,6664375.711334751
2017-09-25,6123028.236411453
2017-09-26,6710406.86611631
2017-09-27,7731809.504401662
2017-09-28,9265440.674353443
2017-09-29,8777458.87810492
2017-09-30,7477089.45657511
2017-10-01,7120891.209270897
2017-10-02,8225391.965772937
2017-10-03,9851266.618625805
2017-10-04,7062947.075927812
2017-10-05,6749095.180997953
2017-10-06,8677257.474426499
2017-10-07,8766740.467833139
2017-10-08,10466683.037288137
2017-10-09,9614788.497063112
2017-10-10,9482155.82992402
2017-10-11,8366005.36762859
2017-10-12,10315391.929525862
2017-10-13,9543931.774839278
2017-10-14,10197363.780223561
2017-10-15,13869046.08280976
2017-10-16,12519623.665677963
2017-10-17,11460353.464962006
2017-10-18,10539555.42864918
2017-10-19,12700996.404843658
2017-10-20,13426976.0041204
2017-10-21,11532772.594889691
2017-10-22,13642260.765787562
2017-10-23,12586134.410604188
2017-10-24,11518356.050018258
2017-10-25,13264541.166149171
2017-10-26,13275714.890488027
2017-10-27,7503528.560023379
2017-10-28,6122537.862909118
2017-10-29,11886353.026293091
2017-10-30,11244133.60557422
2017-10-31,11089187.748918753
2017-11-01,13116503.077469317
2017-11-02,13207083.635483643
2017-11-03,10707965.264746485
2017-11-04,12058309.377739625
2017-11-05,12991632.540035067
2017-11-06,11613001.140568389
2017-11-07,13880494.960476339
2017-11-08,13412183.016014028
2017-11-09,13612674.020010227
2017-11-10,9930851.004529515
2017-11-11,6346721.44915254
2017-11-12,5829097.82758621
2017-11-13,11409029.051212747
2017-11-14,10547799.035417888
2017-11-15,13789009.103097616
2017-11-16,14884038.42340737
2017-11-17,16134356.951161593
2017-11-18,13253462.209848035
2017-11-19,16036641.37697252
2017-11-20,18090349.938175768
2017-11-21,17498945.85573496
2017-11-22,15261755.060900062
2017-11-23,15840652.024594545
2017-11-24,15332886.595470475
2017-11-25,17082322.612171244
2017-11-26,17824315.08941774
2017-11-27,20677798.23140707
2017-11-28,19367778.651022796
2017-11-29,21192559.580603454
2017-11-30,20868142.503937755
2017-12-01,24725492.185717504
2017-12-02,22006405.721182812
2017-12-03,24670673.84202212
2017-12-04,26159315.882656273
2017-12-05,26114277.799547143
2017-12-06,32881510.992489796
2017-12-07,32361357.41513739
2017-12-08,31782050.31044706
2017-12-09,32733797.75021187
2017-12-10,31723749.06366168
2017-12-11,36067101.515268855
2017-12-12,33996164.93942136
2017-12-13,38397729.7303185
2017-12-14,38394189.607703865
2017-12-15,37395479.58860688
2017-12-16,41981598.42577071
2017-12-17,44516706.44244956
2017-12-18,43184106.93017967
2017-12-19,30893320.65648745
2017-12-20,27971166.34263597
2017-12-21,25795825.52331972
2017-12-22,27717329.29083873
2017-12-23,25907615.95728008
2017-12-24,26650059.04570419
2017-12-25,23761590.063888036
2017-12-26,27915683.225672122
2017-12-27,30008551.11917013
2017-12-28,26614104.740243293
2017-12-29,30054226.294363633
2017-12-30,23793265.43467642
2017-12-31,28365016.806929518
2018-01-01,26256074.54267967
2018-01-02,31537363.71286901
2018-01-03,29457686.588128258
2018-01-04,31647631.67717718
2018-01-05,30382543.991708122
2018-01-06,35917537.4872881
2018-01-07,32869182.373816386
2018-01-08,30995136.310549404
2018-01-09,29476101.745704234
2018-01-10,30438358.151190758
2018-01-11,31813046.299320687
2018-01-12,30681512.15226472
2018-01-13,26505656.682784162
2018-01-14,26507064.330946736
2018-01-15,25484430.368753623
2018-01-16,22719192.20908818
2018-01-17,23295682.932857253
2018-01-18,24319560.916719038
2018-01-19,23595527.095923338
2018-01-20,28409700.20300984
2018-01-21,26699846.580208905
2018-01-22,22414219.330406208
2018-01-23,24004279.53297404
2018-01-24,24696971.58445352
2018-01-25,21982668.27111342
2018-01-26,21381387.05663727
2018-01-27,22217403.988595907
2018-01-28,22941518.454778
2018-01-29,20595225.480625276
2018-01-30,20790553.768337235
2018-01-31,14698265.103397103
2018-02-01,18079730.15020456
2018-02-02,18450762.49777908
2018-02-03,18035898.136594106
2018-02-04,18357422.343527175
2018-02-05,15839567.168432195
2018-02-06,16444618.414304508
2018-02-07,13438349.37406122
2018-02-08,13457926.144889686
2018-02-09,14614515.227005396
2018-02-10,15247898.38856663
2018-02-11,15282575.008449012
2018-02-12,18483415.621705145
2018-02-13,17474132.210417878
2018-02-14,21183086.060732033
2018-02-15,16549775.424357174
2018-02-16,19996533.598560832
2018-02-17,20646927.04677828
2018-02-18,21165486.253842756
2018-02-19,22557195.35439797
2018-02-20,19820955.71037401
2018-02-21,22094352.50016795
2018-02-22,18398071.030822612
2018-02-23,18794271.383138504
2018-02-24,17556965.726165265
2018-02-25,20526898.73315313
2018-02-26,18175544.56922119
2018-02-27,21308214.5897136
2018-02-28,19969860.87238818
2018-03-01,22529988.652414445
2018-03-02,21477414.01117767
2018-03-03,25707781.2722823
2018-03-04,21205778.915458806
2018-03-05,21494483.57206684
2018-03-06,20820218.700175244
2018-03-07,19434804.40884717
2018-03-08,18894212.79222677
2018-03-09,16932604.011521038
2018-03-10,15376480.74050263
2018-03-11,18194636.452052895
2018-03-12,18410128.988449752
2018-03-13,18092072.292255983
2018-03-14,14799829.030274682
2018-03-15,14883460.420397436
2018-03-16,16334963.771580948
2018-03-17,14679595.32695792
2018-03-18,15456769.057433525
2018-03-19,16540467.770181919
2018-03-20,14121681.146876829
2018-03-21,16871229.08749269
2018-03-22,15570313.571537117
2018-03-23,14583028.262810487
2018-03-24,16791427.606911164
2018-03-25,14243530.931819849
2018-03-26,15320970.664633255
2018-03-27,14890804.106867334
2018-03-28,13388022.10635228
2018-03-29,13506284.54520749
2018-03-30,13835101.859329347
2018-03-31,11075650.07504384
2018-04-01,13779162.880603459
2018-04-02,13714856.238690829
2018-04-03,15119881.05030684
2018-04-04,12459248.867577443
2018-04-05,13256924.102367036
2018-04-06,11403099.303397134
2018-04-07,15494556.311879018
2018-04-08,14107617.159953982
2018-04-09,12379040.56370909
2018-04-10,13974273.16163062
2018-04-11,13976381.537415983
2018-04-12,15215835.779909419
2018-04-13,16333070.932659999
2018-04-14,13710990.727914967
2018-04-15,16997377.36910798
2018-04-16,14182806.010377698
2018-04-17,15972669.364786685
2018-04-18,16325669.72355348
2018-04-19,18407352.277871136
2018-04-20,15137645.688698132
2018-04-21,17616287.397731587
2018-04-22,17601918.17416716
2018-04-23,17080125.611659843
2018-04-24,19183774.9050811
2018-04-25,13615344.990002189
2018-04-26,16329082.089987583
2018-04-27,15941862.152571594
2018-04-28,14946919.495499711
2018-04-29,18559070.318753663
2018-04-30,17880657.562043395
2018-05-01,17917533.295967266
2018-05-02,16107223.37098189
2018-05-03,18404446.52634059
2018-05-04,16726709.019739926
2018-05-05,19714300.616277028
2018-05-06,16431586.17822911
2018-05-07,17511582.838435125
2018-05-08,16006492.240319988
2018-05-09,18586084.5470485
2018-05-10,17397246.229938634
2018-05-11,13366366.757459098
2018-05-12,17501911.48778127
2018-05-13,16087291.22353886
2018-05-14,14307272.388340157
2018-05-15,15491445.744038574
2018-05-16,18633354.50050774
2018-05-17,13283351.794900637
2018-05-18,15231209.942285223
2018-05-19,15841754.651241962
2018-05-20,15320607.89438925
2018-05-21,16482297.885823349
2018-05-22,15114206.329423593
2018-05-23,15229757.050248396
2018-05-24,13541428.768676952
2018-05-25,16335826.483810635
2018-05-26,14835763.952542378
2018-05-27,15043295.741057863
2018-05-28,13866106.569213912
2018-05-29,12950688.597212885
2018-05-30,16039905.181779668
2018-05-31,15892326.467453243
2018-06-01,15603659.15487289
2018-06-02,14511151.680829922
2018-06-03,15693146.788650643
2018-06-04,17125719.194064137
2018-06-05,16649390.302819991
2018-06-06,14058300.54560198
2018-06-07,13702881.864563856
2018-06-08,13815966.723516952
2018-06-09,13506656.909884566
2018-06-10,10707268.084077293
2018-06-11,11986542.20280538
2018-06-12,11829643.170021188
2018-06-13,11272892.287854321
2018-06-14,12679435.362525577
2018-06-15,12239376.613862514
2018-06-16,13477779.266540034
2018-06-17,12659486.92166496
2018-06-18,13742815.808912922
2018-06-19,13044235.817778345
2018-06-20,13084338.225051146
2018-06-21,14280793.123027474
2018-06-22,11437449.434139397
2018-06-23,12348451.55873758
2018-06-24,13138116.379131367
2018-06-25,12252938.302903999
2018-06-26,11125434.998348927
2018-06-27,9285524.395879596
2018-06-28,11497572.714717265
2018-06-29,11741974.637211423
2018-06-30,11236891.420419345
2018-07-01,11689077.16516657
2018-07-02,11647247.114596725
2018-07-03,9422546.395762715
2018-07-04,11020383.405450035
2018-07-05,11191698.51460404
2018-07-06,13196918.19170076
2018-07-07,13138819.356706602
2018-07-08,13242216.960753946
2018-07-09,11328840.958971368
2018-07-10,11750668.957619824
2018-07-11,10762835.362982167
2018-07-12,10856060.016824955
2018-07-13,11098561.709749425
2018-07-14,10399124.49578462
2018-07-15,10552892.105219899
2018-07-16,10066211.156195205
2018-07-17,14549682.22040838
2018-07-18,16042883.387923734
2018-07-19,15960785.812127404
2018-07-20,14104969.114647873
2018-07-21,12690593.6249306
2018-07-22,16833825.524269436
2018-07-23,16011029.151877556
2018-07-24,16690262.83672925
2018-07-25,18148518.87478449
2018-07-26,16322482.230037274
2018-07-27,17062754.50116891
2018-07-28,14845027.602754232
2018-07-29,17487912.407218013
2018-07-30,13687831.194805674
2018-07-31,14194931.953546898
2018-08-01,14243808.772464937
2018-08-02,14425403.540871568
2018-08-03,15378539.319053179
2018-08-04,15404859.03623612
2018-08-05,14063175.50204558
2018-08-06,11347860.089275278
2018-08-07,12688866.791887049
2018-08-08,12299750.271906048
2018-08-09,12214455.49105421
2018-08-10,13498654.088836929
2018-08-11,13416717.287587665
2018-08-12,12234715.083028935
2018-08-13,11748465.082188787
2018-08-14,10514209.445558148
2018-08-15,12618807.282294717
2018-08-16,12424232.149196368
2018-08-17,12469848.748568095
2018-08-18,12798574.89362946
2018-08-19,11764422.980402553
2018-08-20,11761786.366525425
2018-08-21,11975190.672983628
2018-08-22,12730019.66335476
2018-08-23,12136811.809851697
2018-08-24,12223360.67867475
2018-08-25,11382928.2099284
2018-08-26,14466842.43291205
2018-08-27,15815555.07734878
2018-08-28,13565312.408372296
2018-08-29,12220581.26830436
2018-08-30,13411405.206655474
2018-08-31,13611210.261725599
2018-09-01,13575565.433105648
2018-09-02,13116002.023904148
2018-09-03,13063446.385038
2018-09-04,11590128.07936148
2018-09-05,11204980.591963768
2018-09-06,12165142.381648162
2018-09-07,12176441.88264172
2018-09-08,11602107.191883394
2018-09-09,12732839.357327592
2018-09-10,10623468.266839575
2018-09-11,11065723.427443737
2018-09-12,13287826.362799527
2018-09-13,12008187.785490941
2018-09-14,10716247.540283455
2018-09-15,11417289.918030394
2018-09-16,11289240.668585617
2018-09-17,10561378.851439212
2018-09-18,11254117.327571595
2018-09-19,12448706.157817058
2018-09-20,12509818.688763877
2018-09-21,12134057.218001172
2018-09-22,12991859.84908315
2018-09-23,12568381.59281852
2018-09-24,12166608.255946824
2018-09-25,13554737.995682348
2018-09-26,11229897.576194484
2018-09-27,11936747.123378148
2018-09-28,12749517.857707476
2018-09-29,12510548.380391588
2018-09-30,13456638.245254975
2018-10-01,12959582.318717133
2018-10-02,11146184.60740795
2018-10-03,11716828.029131357
2018-10-04,12272410.62700905
2018-10-05,10700868.067139104
2018-10-06,10235122.368589282
2018-10-07,11652108.66164523
2018-10-08,11145406.400058448
2018-10-09,10709446.510995034
2018-10-10,11752384.384804212
2018-10-11,12241512.639680738
2018-10-12,10216267.418381063
2018-10-13,10923421.039863387
2018-10-14,8810603.06554646
2018-10-15,13046498.713522794
2018-10-16,10904518.956257308
2018-10-17,11113710.457802461
2018-10-18,11033927.675869377
2018-10-19,11329963.166269729
2018-10-20,11454751.784095567
2018-10-21,11066462.367540916
2018-10-22,12415565.168961864
2018-10-23,12312276.258708369
2018-10-24,9059497.643118061
2018-10-25,10963981.321288723
2018-10-26,11447344.037251605
2018-10-27,10895989.056896556
2018-10-28,11211608.192869665
2018-10-29,11430051.165751033
2018-10-30,12073922.876841037
2018-10-31,12849120.747578172
2018-11-01,12210231.688625066
2018-11-02,11347351.341576573
2018-11-03,12744023.6925884
2018-11-04,9871398.825449303
2018-11-05,11525304.31016949
2018-11-06,10305832.35020456
2018-11-07,10563913.433262719
2018-11-08,9690213.817913499
2018-11-09,10051063.792763742
2018-11-10,10403222.102045586
2018-11-11,11562130.922253061
2018-11-12,11061148.09409701
2018-11-13,9401906.9868498
2018-11-14,9406560.963800408
2018-11-15,8792464.964932792
2018-11-16,8656225.564063407
2018-11-17,9970729.867055077
2018-11-18,8541391.120287847
2018-11-19,7547715.037280832
2018-11-20,7123925.605625367
2018-11-21,5970985.138040619
2018-11-22,6563013.711477201
2018-11-23,6702957.583284625
2018-11-24,6803791.503254674
2018-11-25,6265625.763018703
2018-11-26,5134146.814863383
2018-11-27,6184110.2949590925
2018-11-28,6207501.021982754
2018-11-29,5563739.328408096
2018-11-30,5016334.241039595
2018-12-01,6429514.274678543
2018-12-02,5840714.138530097
2018-12-03,5477666.74902834
2018-12-04,6715341.591057854
2018-12-05,6027971.394688782
2018-12-06,5926447.656432636
2018-12-07,4806518.861922852
2018-12-08,5410122.52146406
2018-12-09,5664703.321566336
2018-12-10,5291068.505450031
2018-12-11,5238381.562773969
2018-12-12,5134519.37682642
2018-12-13,5338809.3411930185
2018-12-14,5838079.139501751
2018-12-15,5932200.406640862
2018-12-16,4593408.423144361
2018-12-17,6998312.96376388
2018-12-18,5855243.80689656
2018-12-19,6887013.377454714
2018-12-20,6864307.381867326
2018-12-21,6718398.939728227
2018-12-22,8673319.629419921
2018-12-23,8673867.390999425
2018-12-24,7676087.000233787
2018-12-25,7476148.221489625
2018-12-26,7472527.752564282
2018-12-27,7798376.665677961
2018-12-28,8101702.072150782
2018-12-29,6594913.612565746
2018-12-30,8415896.41835184
2018-12-31,7143949.883931176
2019-01-01,7092619.46149912
2019-01-02,7357847.7586352965
2019-01-03,7332252.979763296
2019-01-04,7128764.5570499785
2019-01-05,7739675.933306551
2019-01-06,7131064.02841175
2019-01-07,7051794.715327289
2019-01-08,8434415.642405756
2019-01-09,8208731.023085924
2019-01-10,7074411.727556979
2019-01-11,6704698.629032725
2019-01-12,6239363.085096428
2019-01-13,6008597.560162179
2019-01-14,6829685.423352577
2019-01-15,5909133.475555233
2019-01-16,5996615.1820791885
2019-01-17,5778704.994867759
2019-01-18,6226261.119805672
2019-01-19,6130139.510385009
2019-01-20,6943940.681326722
2019-01-21,6629293.861959375
2019-01-22,5813126.06841759
2019-01-23,6482206.223611927
2019-01-24,7224367.590670653
2019-01-25,6143329.608971357
2019-01-26,6669449.8411017
2019-01-27,6058164.198695929
2019-01-28,6226032.681673738
2019-01-29,6197378.368015784
2019-01-30,5844422.972472238
2019-01-31,6607130.0060271835
2019-02-01,6803973.535300989
2019-02-02,6231483.211455288
2019-02-03,5887462.288128281
2019-02-04,6268425.379657358
2019-02-05,6296129.458441693
2019-02-06,6903388.048232022
2019-02-07,7305550.077966092
2019-02-08,7360427.224178109
2019-02-09,6789877.726841025
2019-02-10,6373539.128506725
2019-02-11,6507996.001588982
2019-02-12,5740643.945295152
2019-02-13,6839263.275076712
2019-02-14,6277877.625745179
2019-02-15,5659448.491419486
2019-02-16,6721380.004931325
2019-02-17,7200230.390115439
2019-02-18,7490625.358178699
2019-02-19,7596098.661426074
2019-02-20,6388872.472201928
2019-02-21,5789739.418980136
2019-02-22,7995308.533803324
2019-02-23,7346895.129277471
2019-02-24,6429039.740184827
2019-02-25,6831858.420295141
2019-02-26,7639802.325116883
2019-02-27,6696410.761608701
2019-02-28,7111776.980566912
2019-03-01,7716531.202469316
2019-03-02,6285911.595149043
2019-03-03,6902846.913208659
2019-03-04,6333102.176782578
2019-03-05,7152238.491437761
2019-03-06,6163197.480771488
2019-03-07,6844263.623772651
2019-03-08,7006601.234029798
2019-03-09,6745373.012331974
2019-03-10,6636650.31654003
2019-03-11,6836534.835987734
2019-03-12,6897810.247519727
2019-03-13,6500178.22453974
2019-03-14,7466705.076033755
2019-03-15,7462410.920689652
2019-03-16,8129209.506593366
2019-03-17,7240036.877367035
2019-03-18,7988498.293465084
2019-03-19,8691665.190254245
2019-03-20,8111693.742672415
2019-03-21,7107589.50703171
2019-03-22,8017573.887215084
2019-03-23,7216969.059851704
2019-03-24,7445000.6025350625
2019-03-25,7230241.851578017
2019-03-26,6562253.698524251
2019-03-27,7500302.247059472
2019-03-28,7319960.868169199
2019-03-29,7514384.661064441
2019-03-30,7109660.679116011
2019-03-31,7113877.2030903
2019-04-01,7035310.273115143
2019-04-02,9623549.444310354
2019-04-03,8804403.9948758
2019-04-04,8594721.979295742
2019-04-05,9940620.330295157
2019-04-06,8764570.019817362
2019-04-07,9145809.821712447
2019-04-08,9774332.595952667
2019-04-09,8572703.549561663
2019-04-10,9826721.966054939
2019-04-11,9911932.04186076
2019-04-12,9593900.952952944
2019-04-13,8563709.29372443
2019-04-14,7864126.161944768
2019-04-15,9140252.150953384
2019-04-16,9435807.860381352
2019-04-17,9015457.571212737
2019-04-18,9831210.607444469
2019-04-19,10050907.316312097
2019-04-20,8701631.216733634
2019-04-21,10723861.002045587
2019-04-22,9017864.9586879
2019-04-23,8040050.932203394
2019-04-24,11067593.886261692
2019-04-25,9165715.786705138
2019-04-26,9720935.797007604
2019-04-27,8873845.79524547
2019-04-28,10490414.34143775
2019-04-29,10490681.005055515
2019-04-30,9216581.854398012
2019-05-01,11361187.26583869
2019-05-02,12404197.565692583
2019-05-03,10751017.737901822
2019-05-04,9528275.507349506
2019-05-05,9236967.119831234
2019-05-06,10743061.806019865
2019-05-07,9248370.017708937
2019-05-08,11270421.13045003
2019-05-09,11531513.333942138
2019-05-10,9933536.708704703
2019-05-11,11903259.648012865
2019-05-12,13711680.769672714
2019-05-13,16280215.723904885
2019-05-14,15115559.59646405
2019-05-15,15300822.736517392
2019-05-16,14348280.67426652
2019-05-17,13829562.787052162
2019-05-18,13919151.215027764
2019-05-19,16747725.928444631
2019-05-20,16062043.000156336
2019-05-21,15269033.712992406
2019-05-22,16006745.664739188
2019-05-23,15597505.805033602
2019-05-24,15275329.453075679
2019-05-25,14107785.58126826
2019-05-26,18008770.22148963
2019-05-27,18405042.253696676
2019-05-28,17874207.989085335
2019-05-29,18825687.50084745
2019-05-30,16543243.92635884
2019-05-31,12513474.94638735
2019-06-01,16147198.834680004
2019-06-02,14318879.258207927
2019-06-03,12157934.389933515
2019-06-04,14726133.2140415
2019-06-05,15597088.93278784
2019-06-06,15261799.90252045
2019-06-07,15847301.433763875
2019-06-08,12306697.990064295
2019-06-09,14027595.816967422
2019-06-10,15686856.231951337
2019-06-11,14161439.48347457
2019-06-12,13340313.154807135
2019-06-13,15539367.231853448
2019-06-14,18374535.171730723
2019-06-15,16152317.289225604
2019-06-16,14656715.135921966
2019-06-17,15528701.26384424
2019-06-18,18433532.966871705
2019-06-19,20543185.684396546
2019-06-20,17184095.600759786
2019-06-21,16763795.996486682
2019-06-22,18832832.847788498
2019-06-23,24422392.663051605
2019-06-24,24346807.78719817
2019-06-25,21400431.491211277
2019-06-26,26530887.66277022
2019-06-27,19719891.16927825
2019-06-28,25179848.714856137
2019-06-29,25978964.61546602
2019-06-30,20600971.75087663
2019-07-01,18893073.714209516
2019-07-02,21263014.549531735
2019-07-03,25696853.52105209
2019-07-04,23332009.165651273
2019-07-05,25983717.874854706
2019-07-06,24938301.96117035
2019-07-07,21909951.142488968
2019-07-08,27411160.89866301
2019-07-09,24214782.16082695
2019-07-10,19522187.476764303
2019-07-11,18212668.320707925
2019-07-12,24217313.617589056
2019-07-13,19998800.47363024
2019-07-14,18638074.867796674
2019-07-15,19940644.000248376
2019-07-16,19179060.251133837
2019-07-17,16084492.09163501
2019-07-18,16153334.66810349
2019-07-19,15534999.025431056
2019-07-20,24033609.912284505
2019-07-21,19723328.33905093
2019-07-22,20379157.827250052
2019-07-23,17636634.98093951
2019-07-24,17014968.34471801
2019-07-25,18557225.223809175
2019-07-26,20411145.835381348
2019-07-27,17948676.89894214
2019-07-28,20846412.982356805
2019-07-29,19958733.72350672
2019-07-30,17020668.84068527
2019-07-31,21501121.090601172
2019-08-01,18460544.95052024
2019-08-02,22243979.534946617
2019-08-03,23377536.858379506
2019-08-04,22934337.38950836
2019-08-05,21074667.788424965
2019-08-06,22989787.716028716
2019-08-07,22887410.659289088
2019-08-08,21190366.43429567
2019-08-09,21789701.768457737
2019-08-10,21335791.43557417
2019-08-11,22051498.4008146
2019-08-12,18927057.509940747
2019-08-13,21326594.963104874
2019-08-14,19046321.22423152
2019-08-15,20233543.51922129
2019-08-16,19060978.996404923
2019-08-17,16331448.89865568
2019-08-18,16271813.212258905
2019-08-19,22177433.165341835
2019-08-20,20600287.92554283
2019-08-21,17164611.38053769
2019-08-22,17835996.850029267
2019-08-23,19917050.730076652
2019-08-24,20294174.3097604
2019-08-25,19569441.25810195
2019-08-26,17746026.94640845
2019-08-27,17158873.902166124
2019-08-28,18355559.958631642
2019-08-29,19557267.953335036
2019-08-30,19155357.64699006
2019-08-31,19930425.757459097
2019-09-01,17451249.095452584
2019-09-02,19327792.74126237
2019-09-03,21768502.086981226
2019-09-04,17981309.84267675
2019-09-05,21821630.94290623
2019-09-06,20403428.219139356
2019-09-07,19677200.559249
2019-09-08,23026075.266982675
2019-09-09,18856747.607437123
2019-09-10,22945540.627812758
2019-09-11,23326940.53886043
2019-09-12,20546635.94228517
2019-09-13,19397510.15049675
2019-09-14,20079189.98661593
2019-09-15,18937586.76393184
2019-09-16,20900313.876643863
2019-09-17,18861880.68518411
2019-09-18,22100868.53453397
2019-09-19,18996526.36395377
2019-09-20,19196111.156697072
2019-09-21,20721792.674357094
2019-09-22,20847552.960352138
2019-09-23,13812155.993293395
2019-09-24,16904329.82520019
2019-09-25,16427107.41049094
2019-09-26,17295998.702125948
2019-09-27,13508186.404804211
2019-09-28,16301433.28921683
2019-09-29,13709663.706014022
2019-09-30,13458843.86294565
2019-10-01,14862260.60984438
2019-10-02,15470681.854792519
2019-10-03,15167349.585151223
2019-10-04,15004448.302933965
2019-10-05,16079726.584741393
2019-10-06,14629210.776665695
2019-10-07,15937920.39423217
2019-10-08,16584983.119514903
2019-10-09,14832122.563290473
2019-10-10,17370633.01810344
2019-10-11,16165215.356414378
2019-10-12,13838234.614512717
2019-10-13,14716969.90629164
2019-10-14,14084496.736740207
2019-10-15,15607362.90014684
2019-10-16,14306892.462620543
2019-10-17,15135917.591795737
2019-10-18,15918663.98714202
2019-10-19,14108547.2735827
2019-10-20,14990018.996677386
2019-10-21,16320663.43549094
2019-10-22,16961696.350211874
2019-10-23,15661875.299298668
2019-10-24,12392892.017199013
2019-10-25,14932730.181285808
2019-10-26,16186881.831677392
2019-10-27,13739849.31326344
2019-10-28,15609623.38729983
2019-10-29,15679381.843490649
2019-10-30,15381282.234154005
2019-10-31,15106207.542974873
2019-11-01,15033494.601862945
2019-11-02,15577819.652849216
2019-11-03,15886626.750745175
2019-11-04,15540294.215531861
2019-11-05,16795417.001344237
2019-11-06,15435640.08078025
2019-11-07,15543137.625273962
2019-11-08,14066134.295920512
2019-11-09,15859412.211513745
2019-11-10,18763998.25064583
2019-11-11,16446179.967069698
2019-11-12,14831366.86624051
2019-11-13,14793855.91398306
2019-11-14,18263483.135154877
2019-11-15,16720108.829875803
2019-11-16,15683726.949254815
2019-11-17,16372435.354777906
2019-11-18,14321183.47362654
2019-11-19,14914657.985882526
2019-11-20,14335884.521645231
2019-11-21,13036025.198232023
2019-11-22,12007915.050832849
2019-11-23,15839958.236115586
2019-11-24,11369785.824280385
2019-11-25,11154757.321833
2019-11-26,10927292.538668903
2019-11-27,13077925.881238319
2019-11-28,15151535.377727197
2019-11-29,13171154.671537122
2019-11-30,11901005.110914681
2019-12-01,12888301.020459523
2019-12-02,13264441.445762718
2019-12-03,14430231.310794855
2019-12-04,15061354.969827594
2019-12-05,13419907.315889832
2019-12-06,13655752.645127112
2019-12-07,14554618.967595702
2019-12-08,13928539.498451198
2019-12-09,13579420.799313262
2019-12-10,13379369.799941551
2019-12-11,11880766.335894208
2019-12-12,11958111.502823638
2019-12-13,13765317.068088844
2019-12-14,13346714.632937606
2019-12-15,11022494.338436589
2019-12-16,13506701.748324076
2019-12-17,11648295.489461567
2019-12-18,12201747.685089128
2019-12-19,14024353.988866165
2019-12-20,14009227.385523085
2019-12-21,15708655.62481589
2019-12-22,15800237.586667879
2019-12-23,13087625.843874188
2019-12-24,11305670.443454126
2019-12-25,11505878.665108128
2019-12-26,15018810.49551066
2019-12-27,13117335.18569915
2019-12-28,13608623.161707334
2019-12-29,14321183.385195063
2019-12-30,15000998.983834017
2019-12-31,12990903.536546618
2020-01-01,15596124.314618642
2020-01-02,12243779.536860747
2020-01-03,15453591.023666704
2020-01-04,15420644.808217425
2020-01-05,14966518.784578461
2020-01-06,13104783.677235544
2020-01-07,17899391.052191705
2020-01-08,14305966.663747817
2020-01-09,15341129.582944917
2020-01-10,15141785.875869382
2020-01-11,16365211.196128005
2020-01-12,15410588.112093067
2020-01-13,14517942.13087302
2020-01-14,16004679.270656781
2020-01-15,16631608.482243571
2020-01-16,17328390.40855056
2020-01-17,17713677.03449737
2020-01-18,14731498.248348914
2020-01-19,16288790.318709824
2020-01-20,16408891.69379311
2020-01-21,16697784.208880033
2020-01-22,16863405.92428405
2020-01-23,16628189.420262275
2020-01-24,16004442.820490947
2020-01-25,17106787.866379317
2020-01-26,15325801.222133258
2020-01-27,14354409.346841022
2020-01-28,16502864.263829637
2020-01-29,18623895.08708358
2020-01-30,18542395.88161894
2020-01-31,16843112.60833431
2020-02-01,17708309.87905464
2020-02-02,16694154.375328751
2020-02-03,17167653.16295149
2020-02-04,15116684.876239039
2020-02-05,19135921.842025865
2020-02-06,16435035.736542957
2020-02-07,17027985.457195345
2020-02-08,17220872.297123026
2020-02-09,19413946.625141755
2020-02-10,15055351.856411451
2020-02-11,19003611.72836653
2020-02-12,18389240.020666316
2020-02-13,18040064.03111493
2020-02-14,17485226.477180775
2020-02-15,17593310.680428106
2020-02-16,17664882.73554062
2020-02-17,19003043.769367334
2020-02-18,19116194.607137624
2020-02-19,16983454.051380776
2020-02-20,15142097.442847757
2020-02-21,18675960.192675345
2020-02-22,17899210.75650206
2020-02-23,17701795.30097749
2020-02-24,17004613.893980123
2020-02-25,16819716.852168318
2020-02-26,14958111.212565754
2020-02-27,16131466.672958065
2020-02-28,17282422.055843066
2020-02-29,14911381.89564071
2020-03-01,18898674.74030174
2020-03-02,16587824.983903416
2020-03-03,16770350.299661746
2020-03-04,18278921.48192577
2020-03-05,18465079.69809687
2020-03-06,17722477.30175701
2020-03-07,17462927.402622737
2020-03-08,16016488.718762422
2020-03-09,14805722.474758912
2020-03-10,13051380.994497368
2020-03-11,11809770.235477798
2020-03-12,9360704.069637645
2020-03-13,8793269.356827157
2020-03-14,8232276.010286384
2020-03-15,7970933.361740205
2020-03-16,7456729.489330068
2020-03-17,8328260.367694331
2020-03-18,6740609.794929863
2020-03-19,8297250.307915694
2020-03-20,8412278.66110097
2020-03-21,9572538.084424322
2020-03-22,9256015.55511908
2020-03-23,9080972.120268846
2020-03-24,11178845.071244879
2020-03-25,7693464.364786677
2020-03-26,13508920.67212156
2020-03-27,12575916.116602141
2020-03-28,10516196.064779375
2020-03-29,11145418.695068672
2020-03-30,11827814.224072188
2020-03-31,12784361.693751462
2020-04-01,12704947.89165474
2020-04-02,12991119.4997516
2020-04-03,11140639.210441258
2020-04-04,13462728.74352133
2020-04-05,14854902.283916581
2020-04-06,11677077.992285216
2020-04-07,15093946.006955003
2020-04-08,13269950.575195787
2020-04-09,14051689.936710984
2020-04-10,13976888.699806405
2020-04-11,13680324.680057345
2020-04-12,13346699.273153119
2020-04-13,14670892.702208502
2020-04-14,14438630.857241388
2020-04-15,13996317.574903566
2020-04-16,13721000.143297775
2020-04-17,11241714.877494877
2020-04-18,14344014.878610454
2020-04-19,13585464.00937172
2020-04-20,13792212.747258173
2020-04-21,12796164.138746353
2020-04-22,11664988.206385162
2020-04-23,13292274.16837814
2020-04-24,13511597.969666863
2020-04-25,12814154.955499716
2020-04-26,13158967.343382515
2020-04-27,13707828.801507154
2020-04-28,14957056.919462292
2020-04-29,15880829.86980932
2020-04-30,14600943.547706025
2020-05-01,15607880.89270091
2020-05-02,16607971.154947395
2020-05-03,18683270.84063706
2020-05-04,17541859.751388073
2020-05-05,17747112.208730273
2020-05-06,17838615.165634148
2020-05-07,18363521.462472238
2020-05-08,16884091.67290692
2020-05-09,16281476.168053769
2020-05-10,18519445.74809322
2020-05-11,15303881.700224658
2020-05-12,8045741.246523961
2020-05-13,6933979.169021407
2020-05-14,6983404.51000511
2020-05-15,7286621.764775719
2020-05-16,7398936.869077294
2020-05-17,6172614.456752633
2020-05-18,7781480.01767388
2020-05-19,7010832.300820061
2020-05-20,6839411.208001532
2020-05-21,7425081.006521773
2020-05-22,6356009.179766953
2020-05-23,6830348.705523081
2020-05-24,6384517.226440681
2020-05-25,6960306.704321304
2020-05-26,6847231.371354473
2020-05-27,7908312.041324516
2020-05-28,7834014.392151888
2020-05-29,7486978.08341065
2020-05-30,9449388.478895381
2020-05-31,8844322.356224429
2020-06-01,8541775.607923739
2020-06-02,7669329.392248689
2020-06-03,8376725.016554644
2020-06-04,9261359.140933666
2020-06-05,10786866.252738887
2020-06-06,11844121.409753064
2020-06-07,9686657.73535213
2020-06-08,9891459.141003067
2020-06-09,9779422.16566335
2020-06-10,10135655.279060489
2020-06-11,10727052.914521845
2020-06-12,9633464.562063485
2020-06-13,9343067.126172563
2020-06-14,9926890.362507312
2020-06-15,8143193.019728957
2020-06-16,8925086.201508619
2020-06-17,8149498.196024253
2020-06-18,7218555.401665326
2020-06-19,8299354.977247227
2020-06-20,8012181.672698345
2020-06-21,8472352.051794272
2020-06-22,8655629.290116522
2020-06-23,9491579.423268557
2020-06-24,8073244.70345193
2020-06-25,8149025.762386756
2020-06-26,9388423.716364698
2020-06-27,7764367.844820277
2020-06-28,8538811.569915254
2020-06-29,8323224.175688558
2020-06-30,8401020.218995284
2020-07-01,9356856.35754529
2020-07-02,9321746.968961135
2020-07-03,9236691.147171611
2020-07-04,8955102.938283531
2020-07-05,9249856.780928006
2020-07-06,8988732.244005697
2020-07-07,9309984.724691339
2020-07-08,8903873.508907435
2020-07-09,9462289.906203972
2020-07-10,9343253.646776006
2020-07-11,9006241.73297779
2020-07-12,8824643.078068376
2020-07-13,8486146.922948936
2020-07-14,8334321.28816482
2020-07-15,7932175.794612798
2020-07-16,7762703.465283453
2020-07-17,6752895.673448273
2020-07-18,7455423.0632305695
2020-07-19,7547927.1419776445
2020-07-20,8078586.687613243
2020-07-21,7334823.710777688
2020-07-22,8578131.68714202
2020-07-23,8167791.70806546
2020-07-24,9607776.356604327
2020-07-25,8610926.851545151
2020-07-26,9809732.722309323
2020-07-27,10287060.88186075
2020-07-28,9918555.512129212
2020-07-29,10282088.43584889
2020-07-30,9395485.925217329
2020-07-31,10842151.207135122
2020-08-01,10101679.69584491
2020-08-02,9776605.727891413
2020-08-03,11376546.876544422
2020-08-04,10152403.29258472
2020-08-05,9450409.767723953
2020-08-06,11475076.380420802
2020-08-07,11019020.60557861
2020-08-08,10421920.16357031
2020-08-09,11388504.432006098
2020-08-10,10164003.922658537
2020-08-11,10965419.935111757
2020-08-12,11358471.614817733
2020-08-13,10816855.456158347
2020-08-14,12289538.612920104
2020-08-15,11570237.60227647
2020-08-16,11304660.61591468
2020-08-17,9621689.388013203
2020-08-18,10493608.996727062
2020-08-19,10123032.318151692
2020-08-20,10829112.313855195
2020-08-21,11164552.106991485
2020-08-22,9929945.777822915
2020-08-23,11446879.099645719
2020-08-24,10962123.75004584
2020-08-25,9086763.4562244
2020-08-26,10181443.594404612
2020-08-27,9122455.703704309
2020-08-28,11744030.839086961
2020-08-29,10485320.642321784
2020-08-30,9286062.06741454
2020-08-31,10948451.462704593
2020-09-01,11521476.174059775
2020-09-02,10273068.84029805
2020-09-03,8273329.867680822
2020-09-04,8835721.66124339
2020-09-05,8925867.160241812
2020-09-06,9612468.654387094
2020-09-07,11339866.950074906
2020-09-08,9792740.592329035
2020-09-09,9520272.499740671
2020-09-10,10205447.846088497
2020-09-11,8958805.389943777
2020-09-12,11089288.946778163
2020-09-13,10451555.160030663
2020-09-14,11728991.9035652
2020-09-15,10509896.499332296
2020-09-16,10625560.529500246
2020-09-17,12166625.68499266
2020-09-18,11261366.370324366
2020-09-19,10312457.20389648
2020-09-20,9692581.063594421
2020-09-21,9475188.090836821
2020-09-22,8481620.326067396
2020-09-23,9082053.367249385
2020-09-24,9195305.319932055
2020-09-25,11284584.80081642
2020-09-26,10070653.518958218
2020-09-27,10220883.07545003
2020-09-28,8648946.137384573
2020-09-29,9553757.043570269
2020-09-30,10503042.972632924
2020-10-01,8220128.432729428
2020-10-02,8984589.82612218
2020-10-03,9961947.003296636
2020-10-04,10532298.389662463
2020-10-05,9426056.149642037
2020-10-06,8609553.508876368
2020-10-07,10067164.709484253
2020-10-08,11038810.980751717
2020-10-09,9828267.015802886
2020-10-10,10101926.018506376
2020-10-11,9955979.712405037
2020-10-12,10754448.949669424
2020-10-13,11863780.11435564
2020-10-14,10632181.931078687
2020-10-15,10855561.044345416
2020-10-16,10984643.827295793
2020-10-17,11149749.675840138
2020-10-18,8617216.923787275
2020-10-19,9176415.599658437
2020-10-20,10736511.52565754
2020-10-21,10439398.626936013
2020-10-22,11129108.811406318
2020-10-23,10605620.564386655
2020-10-24,12458173.57698718
2020-10-25,9536700.008645184
2020-10-26,8992951.116766512
2020-10-27,8461730.430157825
2020-10-28,8306455.531122125
2020-10-29,9095771.677973377
2020-10-30,9437286.663049735
2020-10-31,9751358.737801379
2020-11-01,10731952.6650625
2020-11-02,8072366.576472122
2020-11-03,12247300.973772649
2020-11-04,14040841.019277832
2020-11-05,14338441.40348298
2020-11-06,14935642.4257397
2020-11-07,13565550.127856521
2020-11-08,13368750.609950326
2020-11-09,17713541.8432386
2020-11-10,14074584.527520455
2020-11-11,14453077.765940972
2020-11-12,16289814.897720635
2020-11-13,14186742.02967563
2020-11-14,14290533.890042376
2020-11-15,14987582.803678406
2020-11-16,16743053.93980129
2020-11-17,17350628.51476841
2020-11-18,18806203.83781049
2020-11-19,15257235.04199664
2020-11-20,19596970.94578317
2020-11-21,19758834.985535137
2020-11-22,20099928.237012707
2020-11-23,16880430.566806693
2020-11-24,16277713.391233198
2020-11-25,18162506.409501024
2020-11-26,16044109.566956459
2020-11-27,16460292.904882379
2020-11-28,17079925.663232025
2020-11-29,17053937.700394504
2020-11-30,13887987.872205578
2020-12-01,17879577.400116894
2020-12-02,15732176.637532508
2020-12-03,19105242.872914232
2020-12-04,16859670.381899472
2020-12-05,17203169.817825828
2020-12-06,16452866.625277616
2020-12-07,17983290.7807934
2020-12-08,16506880.323927525
2020-12-09,16136767.788741965
2020-12-10,14864563.148085918
2020-12-11,15578268.02218005
2020-12-12,15520959.10905903
2020-12-13,18677180.44291349
2020-12-14,17478618.36493643
2020-12-15,17003514.906049088
2020-12-16,19100081.284788165
2020-12-17,18373846.854208454
2020-12-18,22616600.225555237
2020-12-19,23558563.850238144
2020-12-20,22205069.64154659
2020-12-21,19496805.59201053
2020-12-22,21232719.336897284
2020-12-23,22433248.242993858
2020-12-24,18669761.022203393
2020-12-25,22202247.88983051
2020-12-26,22671845.81507887
2020-12-27,24448542.352405004
2020-12-28,27039349.0199883
2020-12-29,25869643.282524835
2020-12-30,31007959.70406489
2020-12-31,30111021.590597607
2021-01-01,27360771.038658638
2021-01-02,30221405.248356223
2021-01-03,32861862.36377124
2021-01-04,34386071.134099245
2021-01-05,33375427.156681042
2021-01-06,40536625.98038796
2021-01-07,41176433.70648738
2021-01-08,37717249.22115721
2021-01-09,35072030.29113091
2021-01-10,38089781.790528245
2021-01-11,33946906.95329481
2021-01-12,31184033.40439806
2021-01-13,35431720.15137342
2021-01-14,35873069.97501465
2021-01-15,35563120.00536965
2021-01-16,33237858.63288648
2021-01-17,29983137.181779996
2021-01-18,33163581.114141945
2021-01-19,33757948.6388442
2021-01-20,31298016.76133111
2021-01-21,25012254.266368378
2021-01-22,29069296.510739308
2021-01-23,31235375.215546418
2021-01-24,27987740.602348767
2021-01-25,28367242.702951513
2021-01-26,32844643.13724799
2021-01-27,26943554.56715373
2021-01-28,30369604.38310378
2021-01-29,32457841.954652216
2021-01-30,29197429.530976016
2021-01-31,29842049.31706602
2021-02-01,24967889.686111942
2021-02-02,34038817.394623026
2021-02-03,35229724.88146556
2021-02-04,37129202.9376972
2021-02-05,40185468.123889506
2021-02-06,39095841.286981255
2021-02-07,38027936.87722097
2021-02-08,46698458.248378105
2021-02-09,41602419.77966467
2021-02-10,40288577.21304756
2021-02-11,38613602.9902798
2021-02-12,42178623.1145821
2021-02-13,46323463.30780282
2021-02-14,45167590.44642024
2021-02-15,45704729.64681474
2021-02-16,37162414.384963065
2021-02-17,45044009.98579775
2021-02-18,44225372.393461436
2021-02-19,53378357.33618864
2021-02-20,50973911.26747446
2021-02-21,50672506.07218989
2021-02-22,44847727.462738186
2021-02-23,38544888.17158459
2021-02-24,49257549.778514005
2021-02-25,46378927.8908241
2021-02-26,40163848.08381501
2021-02-27,44975116.23566994
2021-02-28,37138061.284464456
2021-03-01,40327988.2763004
2021-03-02,43172330.52981223
2021-03-03,48155943.82434248
2021-03-04,38778236.38012856
2021-03-05,45445761.16597748
2021-03-06,46521998.26250731
2021-03-07,46616402.21372732
2021-03-08,50460710.28364256
2021-03-09,47896743.34745764
2021-03-10,52258063.099609174
2021-03-11,47723985.32196083
2021-03-12,53751226.438851565
2021-03-13,54776859.75158245
2021-03-14,58782388.1241635
2021-03-15,51912037.77971943
2021-03-16,52616040.36144793
2021-03-17,49880606.08509644
2021-03-18,54844905.849032745
2021-03-19,53805512.77809762
2021-03-20,56063589.03010664
2021-03-21,56011734.69437461
2021-03-22,51390148.37486233
2021-03-23,54904634.52048248
2021-03-24,49965640.75759794
2021-03-25,49614107.71180595
2021-03-26,46595178.545382835
2021-03-27,55669713.3223926
2021-03-28,55364831.651311375
2021-03-29,54332851.47193887
2021-03-30,53549650.40785357
2021-03-31,57689841.17456896
2021-04-01,53304697.9956038
2021-04-02,51652592.26682494
2021-04-03,46899956.50528928
2021-04-04,53109506.94519361
2021-04-05,57286956.216277026
2021-04-06,52275659.78082996
2021-04-07,55211831.526033714
2021-04-08,48544301.10201048
2021-04-09,55149174.42857981
2021-04-10,58533092.256706625
2021-04-11,54314218.39883478
2021-04-12,53915342.73701346
2021-04-13,56308004.00406195
2021-04-14,53046136.90184833
2021-04-15,67973500.21117765
2021-04-16,39636402.120817505
2021-04-17,34284748.3249883
2021-04-18,43701907.43550556
2021-04-19,33827620.603020914
2021-04-20,45179499.00689656
2021-04-21,34103785.98141436
2021-04-22,46369590.95575691
2021-04-23,42993205.363785826
2021-04-24,45566203.279555075
2021-04-25,43134491.529628105
2021-04-26,38434636.85959233
2021-04-27,48836489.99901373
2021-04-28,48623798.60263006
2021-04-29,40844899.41027616
2021-04-30,52328184.00248937
2021-05-01,50268994.153703995
2021-05-02,65412065.09743932
2021-05-03,63325114.77607763
2021-05-04,60775398.221621186
2021-05-05,56266862.68044637
2021-05-06,60060312.54014468
2021-05-07,61641648.589058995
2021-05-08,62774234.55037808
2021-05-09,67760294.79533024
2021-05-10,62890793.70740797
2021-05-11,60858010.34739915
2021-05-12,54795281.71233193
2021-05-13,49677168.31445425
2021-05-14,41872819.067180045
2021-05-15,36168121.81235022
2021-05-16,37968565.5599255
2021-05-17,32891124.08427822
2021-05-18,26743630.87010519
2021-05-19,29408218.751369845
2021-05-20,28559581.50330215
2021-05-21,25557352.632214356
2021-05-22,27291479.353813536
2021-05-23,25863316.621300768
2021-05-24,30421447.180932228
2021-05-25,29419886.513715293
2021-05-26,29886079.909734838
2021-05-27,28161064.21180777
2021-05-28,26475058.97607321
2021-05-29,25144318.31610168
2021-05-30,32086951.89327882
2021-05-31,32882059.12799826
2021-06-01,32536973.08014097
2021-06-02,39050935.26103889
2021-06-03,35978388.1921354
2021-06-04,30199080.848297402
2021-06-05,28991583.175003257
2021-06-06,33488066.582481
2021-06-07,28033829.568669286
2021-06-08,31173639.309950333
2021-06-09,29431228.755113956
2021-06-10,27159176.63620688
2021-06-11,24402914.239479825
2021-06-12,29427066.307407945
2021-06-13,32113471.02891584
2021-06-14,34134409.11094574
2021-06-15,32958495.889354177
2021-06-16,29416636.77522284
2021-06-17,30890147.628159706
2021-06-18,27678591.861012574
2021-06-19,22889159.80535541
2021-06-20,23362461.857722115
2021-06-21,20813073.659712862
2021-06-22,18424403.494641293
2021-06-23,21216626.113190405
2021-06-24,22744950.949861217
2021-06-25,21782408.450321473
2021-06-26,17739188.77337814
2021-06-27,12508603.059110172
2021-06-28,18906903.69644065
2021-06-29,20212750.24755992
2021-06-30,19286006.38434833
2021-07-01,20103048.29610756
2021-07-02,19002907.094886057
2021-07-03,27454403.031491075
2021-07-04,25411843.169765506
2021-07-05,27977196.918366466
2021-07-06,30285033.64167881
2021-07-07,26084931.82813416
2021-07-08,28512079.217738513
2021-07-09,27767808.87952221
2021-07-10,33821014.25018262
2021-07-11,26764407.335805077
2021-07-12,26093998.280501157
2021-07-13,27745679.566864364
2021-07-14,34848177.30143187
2021-07-15,25366152.02945648
2021-07-16,29489735.23301428
2021-07-17,28195981.38411197
2021-07-18,28536933.46744593
2021-07-19,32813686.605369695
2021-07-20,22697076.510198716
2021-07-21,29108439.360910974
2021-07-22,30893531.866079435
2021-07-23,28214658.87429133
2021-07-24,32885655.35504095
2021-07-25,33583440.1731772
2021-07-26,35104483.60333866
2021-07-27,41571949.05614407
2021-07-28,39190334.15493857
2021-07-29,40086164.3950906
2021-07-30,43356779.61437026
2021-07-31,41270897.32624924
2021-08-01,38470132.618622124
2021-08-02,35128116.49094685
2021-08-03,40442571.82615722
2021-08-04,33807824.64658098
2021-08-05,40941650.434249
2021-08-06,42522917.59516001
2021-08-07,46431114.98685345
2021-08-08,43422647.25539162
2021-08-09,43952360.33363529
2021-08-10,46910315.98937021
2021-08-11,41965124.84434543
2021-08-12,41907925.0037405
2021-08-13,42349268.25338983
2021-08-14,48302310.20048213
2021-08-15,53547096.68275126
2021-08-16,46272124.4064911
2021-08-17,48067654.058115095
2021-08-18,37930244.411473535
2021-08-19,44897604.198531605
2021-08-20,49240835.6049094
2021-08-21,52137131.03082996
2021-08-22,50597398.997647546
2021-08-23,61058766.52763373
2021-08-24,46128642.379763305
2021-08-25,49002316.6049094
2021-08-26,43061189.80610027
2021-08-27,44756733.97508039
2021-08-28,43051238.129587926
2021-08-29,47724639.25897132
2021-08-30,39762367.18790178
2021-08-31,42497319.90824082
2021-09-01,41689560.28341792
2021-09-02,45975427.21830804
2021-09-03,46120994.10126534
2021-09-04,48359590.76478303
2021-09-05,53041334.952929616
2021-09-06,56588632.502104074
2021-09-07,44804520.57648851
2021-09-08,40991828.46093004
2021-09-09,39771763.44737175
2021-09-10,38050484.23983052
2021-09-11,41716197.27141142
2021-09-12,42428437.69431732
2021-09-13,44710325.114404954
2021-09-14,49373748.64777908
2021-09-15,42748380.5637639
2021-09-16,40627729.07521921
2021-09-17,43377673.35643816
2021-09-18,46697638.22533421
2021-09-19,47218473.9964933
2021-09-20,43926898.10344829
2021-09-21,31154738.707873646
2021-09-22,36496216.95382089
2021-09-23,46263213.59643297
2021-09-24,39593059.6234731
2021-09-25,38461739.24167155
2021-09-26,37470311.81660026
2021-09-27,41168760.686732896
2021-09-28,39162596.96062537
2021-09-29,33681331.948184535
2021-09-30,46791527.3040528
2021-10-01,42068365.110059924
2021-10-02,56156116.05333869
2021-10-03,45189958.98535209
2021-10-04,48056288.77787117
2021-10-05,52847000.56520898
2021-10-06,45374961.58663971
2021-10-07,47415794.52919861
2021-10-08,40450145.693161875
2021-10-09,51572739.82046316
2021-10-10,54359396.70408202
2021-10-11,52276382.64205137
2021-10-12,47064301.80507379
2021-10-13,60574768.10130221
2021-10-14,49135081.608186014
2021-10-15,54149361.53143815
2021-10-16,50649777.544910826
2021-10-17,61462222.3722969
2021-10-18,57328778.235074505
2021-10-19,62281807.202531435
2021-10-20,61520048.05022286
2021-10-21,57695844.19913797
2021-10-22,59991580.27968144
2021-10-23,55507887.38241525
2021-10-24,58202583.7437701
2021-10-25,71698527.92547855
2021-10-26,56619356.50670297
2021-10-27,57465273.440164536
2021-10-28,57914872.08230569
2021-10-29,66509173.45183188
2021-10-30,59813450.39051537
2021-10-31,53369892.74208243
2021-11-01,56510187.92976472
2021-11-02,62236937.88931907
2021-11-03,63349456.64902288
2021-11-04,54870789.16785949
2021-11-05,59099408.307669155
2021-11-06,59150489.11587672
2021-11-07,60285661.53769725
2021-11-08,56988356.2100289
2021-11-09,63740806.387127474
2021-11-10,60304097.60854474
2021-11-11,64150894.65280535
2021-11-12,56870084.133196935
2021-11-13,61580387.84103595
2021-11-14,63812871.42379379
2021-11-15,60167368.60655502
2021-11-16,56552341.73719678
2021-11-17,56018699.66598659
2021-11-18,51114740.06440674
2021-11-19,49674549.99674169
2021-11-20,54147960.65201273
2021-11-21,48701914.88394655
2021-11-22,49688017.428309426
2021-11-23,47554869.28340882
2021-11-24,56070421.05883807
2021-11-25,47944532.57689217
2021-11-26,44385509.71716106
2021-11-27,48830819.95120543
2021-11-28,49734694.923727
2021-11-29,51766635.21492186
2021-11-30,47818748.215203136
2021-12-01,48960897.17888296
2021-12-02,54814678.33885515
2021-12-03,56355196.87149324
2021-12-04,47623494.05466464
2021-12-05,51176859.60993941
2021-12-06,54325582.11500579
2021-12-07,48677930.10318969
2021-12-08,53025687.068942174
2021-12-09,48836657.024180345
2021-12-10,46251298.24821743
2021-12-11,46547419.800703175
2021-12-12,43869500.724758886
2021-12-13,41229570.159906454
2021-12-14,44670731.08138514
2021-12-15,43031985.97769035
2021-12-16,34258118.42117001
2021-12-17,43148987.99123502
2021-12-18,37523898.94026888
2021-12-19,43653672.57299455
2021-12-20,42259287.13048512
2021-12-21,49388825.35704412
2021-12-22,45040191.33372152
2021-12-23,48177322.22985099
2021-12-24,47927243.73491199
2021-12-25,46479976.76222715
2021-12-26,42543581.76570356
2021-12-27,46986649.348064
2021-12-28,39926174.387885734
2021-12-29,42113728.927436456
2021-12-30,35032456.859075435
2021-12-31,43168203.013818316
2022-01-01,51127010.08527181
2022-01-02,46760650.78461791
2022-01-03,40646753.30786087
2022-01-04,42176101.78097605
2022-01-05,40810260.036437064
2022-01-06,39369780.82969022
2022-01-07,36323686.50822616
2022-01-08,37619831.59637643
2022-01-09,36912476.853342324
2022-01-10,37112544.06229541
2022-01-11,42233576.37898522
2022-01-12,38191141.81020964
2022-01-13,47688805.65781518
2022-01-14,42833256.07044673
2022-01-15,44826924.77434616
2022-01-16,47215940.26094936
2022-01-17,42475090.839470714
2022-01-18,36066547.17198128
2022-01-19,45182974.42640271
2022-01-20,43048658.259734765
2022-01-21,30562290.55021549
2022-01-22,29309477.433375936
2022-01-23,31963863.04607505
2022-01-24,34368492.39434175
2022-01-25,35104957.4345704
2022-01-26,29920982.486977644
2022-01-27,30311711.02785286
2022-01-28,36352515.70299897
2022-01-29,35469721.206070624
2022-01-30,34659949.57592049
2022-01-31,34376013.460164
2022-02-01,37333415.4293176
2022-02-02,35326103.77904481
2022-02-03,34046717.94763478
2022-02-04,33377423.696610175
2022-02-05,30872007.63385444
2022-02-06,41299269.54395824
2022-02-07,37305633.10184105
2022-02-08,42511165.61476843
2022-02-09,38854439.053733185
2022-02-10,40070677.35202736
2022-02-11,37592123.04573346
2022-02-12,49290230.66937829
2022-02-13,41668149.81086347
2022-02-14,40780392.27775319
2022-02-15,48684899.90877045
2022-02-16,42964066.53570281
2022-02-17,39848586.30663907
2022-02-18,33537034.656757753
2022-02-19,37339295.07550189
2022-02-20,34696460.24710695
2022-02-21,28519115.18129022
2022-02-22,36292464.37773232
2022-02-23,34976501.93852278
2022-02-24,31584127.0817358
2022-02-25,32933657.55576491
2022-02-26,30512951.681491096
2022-02-27,32015062.390444174
2022-02-28,41560032.46975089
2022-03-01,44888638.3021881
2022-03-02,37386897.1877528
2022-03-03,39305816.3711426
2022-03-04,33973689.53136143
2022-03-05,30276361.473337997
2022-03-06,31439461.775714114
2022-03-07,35285729.2027396
2022-03-08,35821066.466927275
2022-03-09,36215859.93047558
2022-03-10,35780796.73596398
2022-03-11,33486876.813500106
2022-03-12,37977351.765385695
2022-03-13,35681599.54663609
2022-03-14,37914399.59143044
2022-03-15,34191232.07567573
2022-03-16,39817338.311037034
2022-03-17,40710376.8266675
2022-03-18,37382091.23846617
2022-03-19,40874625.23822872
2022-03-20,39746171.38118204
2022-03-21,39267860.851052046
2022-03-22,39469326.614346184
2022-03-23,38727868.782256335
2022-03-24,39302293.01950067
2022-03-25,43238358.42266948
2022-03-26,44798176.40701522
2022-03-27,38298837.10672487
2022-03-28,46928505.055493906
2022-03-29,44793876.00775312
2022-03-30,39760281.96851253
2022-03-31,39297406.69991602
2022-04-01,40758108.853662
2022-04-02,38761788.38815024
2022-04-03,40345222.47306398
2022-04-04,46079716.624875784
2022-04-05,41409313.02489409
2022-04-06,40598378.6240685
2022-04-07,37578303.18393844
2022-04-08,35360982.76841027
2022-04-09,40813701.215911
2022-04-10,36981405.46712448
2022-04-11,33859571.56338763
2022-04-12,38342150.919718005
2022-04-13,36008661.020309776
2022-04-14,34427978.13143995
2022-04-15,40020740.30729102
2022-04-16,33868155.05132234
2022-04-17,40945558.47920629
2022-04-18,34185810.82965372
2022-04-19,32154489.445905898
2022-04-20,41395644.58346
2022-04-21,42733230.08857579
2022-04-22,33528915.14407695
2022-04-23,40324625.90085479
2022-04-24,42228071.33425449
2022-04-25,40979670.17162113
2022-04-26,33313700.76453825
2022-04-27,41669696.2185674
2022-04-28,32792091.277276486
2022-04-29,36196411.78787991
2022-04-30,35356964.0441445
2022-05-01,40141818.15947215
2022-05-02,38566062.8877849
2022-05-03,35347879.98310566
2022-05-04,36173190.11106081
2022-05-05,35817611.59963767
2022-05-06,31988162.108120203
2022-05-07,31735910.47662187
2022-05-08,32994565.852206264
2022-05-09,29506111.762547527
2022-05-10,29634890.502472963
2022-05-11,26096879.619703416
2022-05-12,24494659.066508964
2022-05-13,27821637.938237835
2022-05-14,26483268.384194214
2022-05-15,23776748.70011686
2022-05-16,30636852.78763883
2022-05-17,27965091.148816474
2022-05-18,24095897.150884032
2022-05-19,23071637.50189951
2022-05-20,23379396.7987376
2022-05-21,24823191.053641893
2022-05-22,23128054.795569126
2022-05-23,29088251.5419638
2022-05-24,22232762.8167738
2022-05-25,26619533.8921683
2022-05-26,25849253.32870399
2022-05-27,24677885.63017239
2022-05-28,26867106.586842477
2022-05-29,27406751.737635896
2022-05-30,30545856.660498217
2022-05-31,29046161.191682495
2022-06-01,25352033.869403895
2022-06-02,23831459.374771718
2022-06-03,26511012.18023669
2022-06-04,25882154.170182314
2022-06-05,27297810.98715666
2022-06-06,29375322.206019845
2022-06-07,31564720.33435126
2022-06-08,33629166.97699448
2022-06-09,27433843.04514908
2022-06-10,26708430.027653825
2022-06-11,27297260.301026486
2022-06-12,21296537.881856352
2022-06-13,18550388.66452918
2022-06-14,20141490.506589744
2022-06-15,23224565.72779076
2022-06-16,15105694.132448124
2022-06-17,13813827.133939246
2022-06-18,18538520.57231148
2022-06-19,17034220.35866816
2022-06-20,16971594.11039598
2022-06-21,19395436.060509186
2022-06-22,16127554.472127032
2022-06-23,20042247.691481575
2022-06-24,17172380.81946964
2022-06-25,20260748.854072865
2022-06-26,18169960.56335113
2022-06-27,17638393.94167157
2022-06-28,18490187.920945384
2022-06-29,18951394.756633524
2022-06-30,20662049.838356633
2022-07-01,16198810.366416581
2022-07-02,16587454.848458515
2022-07-03,18674123.5806911
2022-07-04,18077254.261652566
2022-07-05,14892590.31043104
2022-07-06,16320169.776316814
2022-07-07,21245455.033396006
2022-07-08,20177753.089611385
2022-07-09,18077548.211038854
2022-07-10,19919905.180702105
2022-07-11,15352959.53043542
2022-07-12,18251326.090528235
2022-07-13,13856925.389099926
2022-07-14,15928496.74742106
2022-07-15,18488153.896716826
2022-07-16,19606770.957181484
2022-07-17,16141613.671658412
2022-07-18,18262797.313873474
2022-07-19,20157662.29437101
2022-07-20,18333736.83857394
2022-07-21,20113655.589123677
2022-07-22,18732518.933258295
2022-07-23,21641292.01054571
2022-07-24,22228606.581770547
2022-07-25,19090236.458847854
2022-07-26,21181659.1967855
2022-07-27,23613990.539207682
2022-07-28,21007728.253909644
2022-07-29,21855050.596654005
2022-07-30,19046394.437414125
2022-07-31,22188363.610432506
2022-08-01,19831726.29241668
2022-08-02,22311694.793295205
2022-08-03,20671333.619173754
2022-08-04,18668373.967745453
2022-08-05,21795910.78344169
2022-08-06,23140001.764328294
2022-08-07,23008948.10591579
2022-08-08,21423285.46388664
2022-08-09,20722748.24840229
2022-08-10,22128829.09682199
2022-08-11,20942634.174094062
2022-08-12,23481447.264552873
2022-08-13,21220280.861866273
2022-08-14,20211180.52181112
2022-08-15,21826083.289724577
2022-08-16,22078657.90153416
2022-08-17,18814931.325646564
2022-08-18,20899053.54257742
2022-08-19,23258777.524484977
2022-08-20,19692822.284513827
2022-08-21,19668021.506687656
2022-08-22,19304107.427701246
2022-08-23,23149602.928543296
2022-08-24,19550287.701172557
2022-08-25,21452915.587050665
2022-08-26,22270782.13068379
2022-08-27,18164866.797139842
2022-08-28,19796500.851495788
2022-08-29,19890879.87678626
2022-08-30,20073281.496686853
2022-08-31,18272512.840439778
2022-09-01,17340961.49875071
2022-09-02,16083765.752496354
2022-09-03,18194771.81656012
2022-09-04,20960007.48524256
2022-09-05,18931643.178934082
2022-09-06,16725958.601946937
2022-09-07,17604777.705497492
2022-09-08,15334555.350684926
2022-09-09,19627430.30587194
2022-09-10,21308429.803139564
2022-09-11,24856963.609102905
2022-09-12,21386266.923721544
2022-09-13,17266317.350120526
2022-09-14,16070553.046179844
2022-09-15,18096499.189534593
2022-09-16,15793262.09351256
2022-09-17,21378246.24262128
2022-09-18,18698584.0028039
2022-09-19,15890856.278546926
2022-09-20,17929302.37340737
2022-09-21,16309082.909263566
2022-09-22,15531631.7159556
2022-09-23,16307042.191865128
2022-09-24,17268850.605873745
2022-09-25,17266212.21568525
2022-09-26,18001060.988365687
2022-09-27,15404808.249010101
2022-09-28,18239003.63447906
2022-09-29,17464649.354454625
2022-09-30,20528424.39310897
2022-10-01,21846543.46825649
2022-10-02,18658756.064989362
2022-10-03,18897178.8639429
2022-10-04,20721345.74264314
2022-10-05,22044640.295468654
2022-10-06,19825856.872010164
2022-10-07,20882460.06629892
2022-10-08,21236443.84433447
2022-10-09,19185512.543223966
2022-10-10,20112124.446391005
2022-10-11,18682295.529598955
2022-10-12,16403105.527173422
2022-10-13,17327876.35208505
2022-10-14,18698251.750577196
2022-10-15,18116381.180873726
2022-10-16,17335574.80905906
2022-10-17,18334707.94747228
2022-10-18,17165499.204489354
2022-10-19,18055970.739048827
2022-10-20,17248997.021716107
2022-10-21,18695504.440024815
2022-10-22,16326484.231706586
2022-10-23,18953993.189235084
2022-10-24,16440241.17859435
2022-10-25,15322407.855194304
2022-10-26,20147123.612525526
2022-10-27,17111397.764295395
2022-10-28,20475835.017009433
2022-10-29,18593485.553959657
2022-10-30,17395343.474074002
2022-10-31,22155740.40808558
2022-11-01,18435569.8778784
2022-11-02,15363066.972249396
2022-11-03,20703063.96568239
2022-11-04,17058028.722819287
2022-11-05,20086276.322444886
2022-11-06,17935700.099526964
2022-11-07,18511708.60651662
2022-11-08,18868239.37296538
2022-11-09,14674908.756361382
2022-11-10,16116308.513382196
2022-11-11,14167862.403638208
2022-11-12,17504984.538721833
2022-11-13,13158401.784627032
2022-11-14,12783911.531277409
2022-11-15,16328856.480274687
2022-11-16,15618380.938687125
2022-11-17,14382341.905143214
2022-11-18,14474698.069438543
2022-11-19,15339453.72842816
2022-11-20,15129874.126221914
2022-11-21,12721026.532566868
2022-11-22,12736150.358821627
2022-11-23,14605891.899547078
2022-11-24,13370466.502781667
2022-11-25,12701586.372117953
2022-11-26,11205636.890880708
2022-11-27,13970660.15352131
2022-11-28,14084680.10526372
2022-11-29,13462736.39636542
2022-11-30,14815075.121339832
2022-12-01,16219235.287773995
2022-12-02,13339929.01332375
2022-12-03,13836471.669920739
2022-12-04,14981500.6096581
2022-12-05,15477233.505340481
2022-12-06,14403247.730019027
2022-12-07,18111870.711199578
2022-12-08,17985332.536427867
2022-12-09,16279341.550832866
2022-12-10,16482056.629230019
2022-12-11,15705443.855698433
2022-12-12,15368500.465354733
2022-12-13,18330382.776839204
2022-12-14,16473994.777308632
2022-12-15,15067647.309454288
2022-12-16,13492464.517223088
2022-12-17,14467907.381841747
2022-12-18,15203355.057468243
2022-12-19,13960511.677878406
2022-12-20,14789089.819257775
2022-12-21,15015476.342632212
2022-12-22,14187000.301194515
2022-12-23,13843926.508364948
2022-12-24,9365921.769604774
2022-12-25,14826889.345572773
2022-12-26,13609450.195802873
2022-12-27,12002342.475955207
2022-12-28,17363108.910184067
2022-12-29,14655710.217995677
2022-12-30,16386267.718395662
2022-12-31,16111112.357393332
2023-01-01,16087791.04189805
2023-01-02,16271501.291116305
2023-01-03,16044949.481805187
2023-01-04,15058227.14749782
2023-01-05,16509335.179217167
2023-01-06,19077595.058043562
2023-01-07,16307280.017036855
2023-01-08,16312898.196906036
2023-01-09,16323203.859526634
2023-01-10,18414572.330141366
2023-01-11,16384721.76592633
2023-01-12,17808283.606982436
2023-01-13,19744545.21581131
2023-01-14,22455423.657050017
2023-01-15,21267433.716534514
2023-01-16,19459503.47774694
2023-01-17,20648841.91135301
2023-01-18,18120960.028528612
2023-01-19,19096349.032574117
2023-01-20,18695091.47726476
2023-01-21,19667736.506830838
2023-01-22,21438486.60435599
2023-01-23,22642412.08245913
2023-01-24,18230221.045972757
2023-01-25,25275561.192650452
2023-01-26,22289667.930477466
2023-01-27,22205352.841028664
2023-01-28,24159249.93817944
2023-01-29,23923590.09521296
2023-01-30,19664506.01308084
2023-01-31,16624724.812618753
2023-02-01,20316417.232705697
2023-02-02,21301954.389035992
2023-02-03,19489332.203698456
2023-02-04,19852195.72837523
2023-02-05,21809363.931005307
2023-02-06,21039277.65932934
2023-02-07,20648813.918267865
2023-02-08,19783662.70286748
2023-02-09,22090926.432466373
2023-02-10,19863895.732572332
2023-02-11,20224997.943329964
2023-02-12,22044289.041814003
2023-02-13,21253747.82391149
2023-02-14,21389074.479690224
2023-02-15,24760324.476185326
2023-02-16,26561864.63468911
2023-02-17,25376314.843165584
2023-02-18,25868352.943439476
2023-02-19,24671578.14517463
2023-02-20,22783018.28927346
2023-02-21,25467906.425635584
2023-02-22,21143271.608635314
2023-02-23,25553849.062368527
2023-02-24,19554601.671856772
2023-02-25,15488126.575757938
2023-02-26,24719201.24951781
2023-02-27,20566165.74064876
2023-02-28,19818718.94059578
2023-03-01,25086325.28344173
2023-03-02,21123022.93343073
2023-03-03,23467601.04577728
2023-03-04,21217571.00068676
2023-03-05,21719197.85350303
2023-03-06,18492130.22717709
2023-03-07,22867606.237297285
2023-03-08,18039275.967648637
2023-03-09,17170155.70871386
2023-03-10,17204345.69042955
2023-03-11,21228522.90183003
2023-03-12,22203892.41116855
2023-03-13,23701533.549156222
2023-03-14,22601728.53184107
2023-03-15,22426505.359557666
2023-03-16,20973712.534256306
2023-03-17,25220264.7445573
2023-03-18,27323057.691419467
2023-03-19,26071314.00707188
2023-03-20,26790548.504913077
2023-03-21,25531595.519332614
2023-03-22,27170672.39768777
2023-03-23,32468648.901061196
2023-03-24,27807426.50717052
2023-03-25,24911865.36016947
2023-03-26,25244452.52200467
2023-03-27,25118371.642482452
2023-03-28,22850319.349996336
2023-03-29,26082661.821489617
2023-03-30,27145884.60408755
2023-03-31,25128562.901136074
2023-04-01,24932743.400533326
2023-04-02,26225860.671244867
2023-04-03,22802989.828822665
2023-04-04,28465383.00018628
2023-04-05,24490333.20803437
2023-04-06,28049074.4763296
2023-04-07,24793913.78160067
2023-04-08,25691972.08580327
2023-04-09,25876499.13415769
2023-04-10,22822315.73572836
2023-04-11,29112829.822369948
2023-04-12,29913003.5463472
2023-04-13,26954104.58905975
2023-04-14,26651598.786309175
2023-04-15,29962783.369560897
2023-04-16,23492521.411309205
2023-04-17,28548583.03924061
2023-04-18,31505630.095656745
2023-04-19,25017171.43276225
2023-04-20,23483873.490058795
2023-04-21,24733394.12658895
2023-04-22,25914403.695097867
2023-04-23,25361804.87131977
2023-04-24,24252175.961829662
2023-04-25,22111479.857813437
2023-04-26,23062190.152067542
2023-04-27,23940760.534628842
2023-04-28,26966058.42082845
2023-04-29,25020921.7971307
2023-04-30,27159930.28767529
2023-05-01,31980759.250573542
2023-05-02,23131780.92795147
2023-05-03,25595943.94416829
2023-05-04,26330969.91995178
2023-05-05,21980021.08322986
2023-05-06,26912624.881739516
2023-05-07,24986760.26475382
2023-05-08,23741488.13155686
2023-05-09,26087541.52814508
2023-05-10,29373880.2084855
2023-05-11,25468293.318302505
2023-05-12,23594009.71649803
2023-05-13,24325017.20153603
2023-05-14,29273609.4877119
2023-05-15,25019052.34977897
2023-05-16,25843343.01578392
2023-05-17,27401044.0610754
2023-05-18,23655600.92641548
2023-05-19,25208909.654533125
2023-05-20,22188827.723171785
2023-05-21,25270886.03286452
2023-05-22,24172863.35733486
2023-05-23,26205848.781023547
2023-05-24,23213385.755599752
2023-05-25,24995063.90274329
2023-05-26,25551367.01556835
2023-05-27,24336927.21054024
2023-05-28,28097521.1259497
2023-05-29,28112136.280241784
2023-05-30,26673273.150036495
2023-05-31,23985583.371144403
2023-06-01,22130931.359723836
2023-06-02,27936608.694009386
2023-06-03,22002019.377282992
2023-06-04,25121385.47683375
2023-06-05,22240296.905139577
2023-06-06,25682995.927025486
2023-06-07,22224019.805906653
2023-06-08,25527130.090506274
2023-06-09,27959653.19178838
2023-06-10,24893343.331271898
2023-06-11,26392581.17950943
2023-06-12,25421000.336628813
2023-06-13,23778040.10056805
2023-06-14,18980048.943324465
2023-06-15,23642207.57963913
2023-06-16,25179802.96525967
2023-06-17,23199899.9308153
2023-06-18,24871552.282018963
2023-06-19,23765531.304379795
2023-06-20,24059607.388734665
2023-06-21,22762758.484166753
2023-06-22,25646837.78921504
2023-06-23,23936213.878488436
2023-06-24,27875977.362123746
2023-06-25,29134489.854332224
2023-06-26,27608496.088329215
2023-06-27,26833691.7579997
2023-06-28,20320229.20844536
2023-06-29,27795473.59250074
2023-06-30,30103446.9670222
2023-07-01,25421028.952586174
2023-07-02,32697568.856266446
2023-07-03,26659649.944449518
2023-07-04,27142453.695488784
2023-07-05,29735376.57508041
2023-07-06,26044890.271975413
2023-07-07,33173309.507917468
2023-07-08,33668276.84297196
2023-07-09,31859902.24082229
2023-07-10,29254855.996380053
2023-07-11,25832458.485644344
2023-07-12,27347047.90669197
2023-07-13,23576051.602863826
2023-07-14,26142954.617643215
2023-07-15,26125893.13892097
2023-07-16,29304467.560627952
2023-07-17,25622184.333240766
2023-07-18,30208694.250252005
2023-07-19,27669552.254792556
2023-07-20,23844485.25657512
2023-07-21,20943785.44447693
2023-07-22,24895533.062711827
2023-07-23,27623663.436853483
2023-07-24,27354712.222749844
2023-07-25,25203332.31097315
2023-07-26,26425432.58223258
2023-07-27,25186454.62137273
2023-07-28,25651773.940714512
2023-07-29,24222310.347786374
2023-07-30,30725978.57047047
2023-07-31,25749966.541361053
2023-08-01,25627766.674136076
2023-08-02,28050283.763435107
2023-08-03,27550275.46330176
2023-08-04,21974547.765561055
2023-08-05,27963604.608887352
2023-08-06,29774244.410775855
2023-08-07,26612477.21098042
2023-08-08,23265243.268739063
2023-08-09,29952731.040550154
2023-08-10,23360189.429949578
2023-08-11,27746046.848022036
2023-08-12,30702672.26032105
2023-08-13,24710161.73432023
2023-08-14,31430838.51799205
2023-08-15,31172869.525177125
2023-08-16,29293435.390597638
2023-08-17,25994048.658313807
2023-08-18,22619961.57997879
2023-08-19,22832234.082006127
2023-08-20,26503678.066284392
2023-08-21,26945433.297824766
2023-08-22,23218024.91169635
2023-08-23,23476321.809574094
2023-08-24,22697652.576914072
2023-08-25,21971993.559002437
2023-08-26,22267786.556060024
2023-08-27,18912611.913135614
2023-08-28,19251166.472629316
2023-08-29,27326319.35399258
2023-08-30,21497960.751483038
2023-08-31,23359379.93416134
2023-09-01,24351381.67500545
2023-09-02,24574881.292723514
2023-09-03,25638015.724353433
2023-09-04,24025808.296042126
2023-09-05,19981330.72053627
2023-09-06,21730604.288354747
2023-09-07,23917176.664381176
2023-09-08,21533280.389341038
2023-09-09,24438048.188988492
2023-09-10,23732658.266850553
2023-09-11,24977945.382028017
2023-09-12,22788862.217276074
2023-09-13,24095933.828844585
2023-09-14,26888007.65509935
2023-09-15,31340323.896142613
2023-09-16,25725772.474932473
2023-09-17,24680389.91075943
2023-09-18,26095516.108825214
2023-09-19,23643075.108673647
2023-09-20,24759230.89774257
2023-09-21,22918000.939293507
2023-09-22,21431050.26187717
2023-09-23,25911381.9769506
2023-09-24,23986559.957031734
2023-09-25,23824233.609904703
2023-09-26,22265357.20486562
2023-09-27,25842281.04861191
2023-09-28,24668000.715418573
2023-09-29,24724712.291729968
2023-09-30,23268260.482188743
2023-10-01,24631065.59800553
2023-10-02,27049028.871151775
2023-10-03,28125120.795317043
2023-10-04,22758999.400763467
2023-10-05,24169466.612885386
2023-10-06,27941963.3760959
2023-10-07,29895878.240893427
2023-10-08,25841101.657042664
2023-10-09,26901563.09278932
2023-10-10,27762544.6450577
2023-10-11,26828172.5710111
2023-10-12,27577007.492785677
2023-10-13,23151610.339392204
2023-10-14,24511565.179292116
2023-10-15,28317257.627763405
2023-10-16,25121611.925359756
2023-10-17,28788620.216653228
2023-10-18,25672317.98649365
2023-10-19,25104063.2860535
2023-10-20,24877925.24513812
2023-10-21,28052387.25416419
2023-10-22,28672352.349459395
2023-10-23,32336278.378563322
2023-10-24,26681253.364797648
2023-10-25,31039793.02898892
2023-10-26,32045148.986429717
2023-10-27,32625803.333533026
2023-10-28,34091589.0327294
2023-10-29,29604276.673290465
2023-10-30,33632727.3952294
2023-10-31,33554038.146396488
2023-11-01,32996030.865833197
2023-11-02,31394625.60298068
2023-11-03,29501988.59840732
2023-11-04,36845630.121566385
2023-11-05,35763261.564591214
2023-11-06,27795311.39908314
2023-11-07,29441608.914914493
2023-11-08,33336789.354631808
2023-11-09,32778572.999826495
2023-11-10,35966213.333335765
2023-11-11,36979931.2405026
2023-11-12,37284924.43300335
2023-11-13,27635846.49085697
2023-11-14,30696964.57445206
2023-11-15,35002511.977768816
2023-11-16,33448374.117087957
2023-11-17,34284105.05013516
2023-11-18,34062726.995600164
2023-11-19,39782899.04398013
2023-11-20,38922902.25974214
2023-11-21,34233281.43189655
2023-11-22,33195193.311188668
2023-11-23,34280142.02939075
2023-11-24,39604723.37121563
2023-11-25,37563875.30513767
2023-11-26,34202968.79248248
2023-11-27,30248761.74105053
2023-11-28,34754902.76189185
2023-11-29,32169825.15432492
2023-11-30,31584395.86362875
2023-12-01,40880628.57667302
2023-12-02,31323184.692243177
2023-12-03,41227542.067038625
2023-12-04,40600602.62279002
2023-12-05,38007792.22333428
2023-12-06,37183959.23210112
2023-12-07,31109381.850069392
2023-12-08,37298012.8012949
2023-12-09,42919881.27288868
2023-12-10,38266123.07875516
2023-12-11,40694771.10559248
2023-12-12,37320546.21285798
2023-12-13,39987000.33119342
2023-12-14,39267737.65489481
2023-12-15,42765186.33869631
2023-12-16,40093053.342752755
2023-12-17,38839374.1739115
2023-12-18,44767519.85067212
2023-12-19,42800261.31353745
2023-12-20,39517172.22166311
2023-12-21,40031592.38859216
2023-12-22,46209976.73793102
2023-12-23,43768806.7518995
2023-12-24,46060783.716983914
2023-12-25,37898133.16258948
2023-12-26,36914163.02628034
2023-12-27,35021048.53797304
2023-12-28,32269701.536738407
2023-12-29,39636181.90612943
2023-12-30,38247820.670550816
2023-12-31,41161729.82156635
2024-01-01,42672927.50493133
2024-01-02,36795575.15411126
2024-01-03,42238980.89809324
2024-01-04,47016416.846288756
2024-01-05,38076202.89941552
2024-01-06,38428232.337887175
2024-01-07,32335094.512931038
2024-01-08,36116893.05526553
2024-01-09,43779805.50539155
2024-01-10,38917594.89854615
2024-01-11,50149316.56147351
2024-01-12,44958302.062434286
2024-01-13,42579161.004463725
2024-01-14,33510521.04547048
2024-01-15,30301854.964896254
2024-01-16,33727693.14385773
2024-01-17,32283786.397516087
2024-01-18,36619943.01076857
2024-01-19,34325654.16474282
2024-01-20,37241392.05419347
2024-01-21,36344973.31169635
2024-01-22,39577099.8603156
2024-01-23,38247165.073210075
2024-01-24,37595490.841887094
2024-01-25,45156854.17154078
2024-01-26,39767694.49358562
2024-01-27,45021415.88786532
2024-01-28,41983020.2744009
2024-01-29,42137888.40506281
2024-01-30,38655048.71493279
2024-01-31,34870129.2223809
2024-02-01,41138218.91997919
2024-02-02,50707577.61363968
2024-02-03,40564620.17931946
2024-02-04,41245782.2018008
2024-02-05,41553792.41697109
2024-02-06,45796625.40475232
2024-02-07,44253031.4731151
2024-02-08,39098928.98100525
2024-02-09,48946102.75799975
2024-02-10,45403252.35488023
2024-02-11,41271933.80620435
2024-02-12,55926092.90787912
2024-02-13,41873704.441454194
2024-02-14,45039729.473681316
2024-02-15,50965288.280210726
2024-02-16,43681749.133091
2024-02-17,48445139.86137497
2024-02-18,39436973.80574953
2024-02-19,44034084.3806546
2024-02-20,46096471.85715957
2024-02-21,44629477.559406035
2024-02-22,43277899.435974956
2024-02-23,50471711.031071
2024-02-24,44163863.64718728
2024-02-25,53040140.94115286
2024-02-26,45346205.29472711
2024-02-27,45996472.37764832
2024-02-28,58166564.70220086
2024-02-29,51034412.41409994
2024-03-01,60179736.74892603
2024-03-02,49251881.55994116
2024-03-03,61022959.71974541
2024-03-04,54899045.05214968
2024-03-05,66748359.76935817
2024-03-06,57840756.347530715
2024-03-07,75454176.5420076
2024-03-08,65780825.64446595
2024-03-09,69786927.31438671
2024-03-10,61563512.13473845
2024-03-11,76710468.0050774
2024-03-12,62950091.81602311
2024-03-13,73081575.9053185
2024-03-14,63014021.74987211
2024-03-15,55106025.62667303
2024-03-16,58890313.71057861
2024-03-17,62310143.866894364
2024-03-18,60993797.87209239
2024-03-19,60807383.0230859
2024-03-20,63183550.239456095
2024-03-21,49091051.7924459
2024-03-22,53566721.71850345
2024-03-23,62752211.83211575
2024-03-24,71495163.69553621
2024-03-25,57784666.84957626
2024-03-26,58684502.04213914
2024-03-27,58877704.784351245
2024-03-28,67285552.0278492
2024-03-29,62925338.70631206
2024-03-30,67486042.78525898
2024-03-31,60988505.59859546
2024-04-01,65429650.99740647
2024-04-02,60618723.222545296
2024-04-03,58690566.91240866
2024-04-04,59027891.458671786
2024-04-05,62812041.26587526
2024-04-06,66975568.8571194
2024-04-07,73729725.69898817
2024-04-08,70816387.31799385
2024-04-09,63030519.45073785
2024-04-10,66609351.85747736
2024-04-11,57788406.72477353
2024-04-12,57033396.63819405
2024-04-13,66165439.49473998
2024-04-14,64417894.77350238
2024-04-15,55865367.802781604
2024-04-16,65778095.96945318
2024-04-17,52508862.02957155
2024-04-18,57556068.90863344
2024-04-19,59378950.146780066
2024-04-20,26368872.089887112
2024-04-21,28423584.271168187
2024-04-22,31798683.14330803
2024-04-23,34852282.65326561
2024-04-24,31092015.704704836
2024-04-25,28830313.776787158
2024-04-26,26507511.592308946
2024-04-27,27750323.1096581
2024-04-28,27553127.439673413
2024-04-29,26162496.696390998
2024-04-30,26717881.21572821
2024-05-01,23983483.127980694
2024-05-02,26811455.592425868
2024-05-03,25390286.11472
2024-05-04,28147623.14549056
2024-05-05,27829362.008945815
2024-05-06,24105714.31988786
2024-05-07,23788856.143379245
2024-05-08,24240837.038541064
2024-05-09,28546190.934454463
2024-05-10,27593790.855534982
2024-05-11,30231650.296622984
2024-05-12,25340400.808759492
2024-05-13,28888687.809454475
2024-05-14,26161115.97698713
2024-05-15,29205300.14952331
2024-05-16,28963234.269069605
2024-05-17,32432026.084038023
2024-05-18,26791040.2765634
2024-05-19,31887370.142544553
2024-05-20,34711073.762770325
2024-05-21,30281191.085669916
2024-05-22,33026443.320801083
2024-05-23,35785079.629114896
2024-05-24,34304499.1398305
2024-05-25,34641396.29880185
2024-05-26,35933628.65045294
2024-05-27,26655566.490706258
2024-05-28,28618556.062960252
2024-05-29,28934512.699715078
2024-05-30,26281823.5974969
2024-05-31,31162215.208149485
2024-06-01,29836636.631989688
2024-06-02,29664899.9387237
2024-06-03,33771339.2035122
2024-06-04,29544524.950102292
2024-06-05,27324236.02454795
2024-06-06,29421470.884196926
2024-06-07,30768807.31256028
2024-06-08,37254183.72823642
2024-06-09,33298546.627129607
2024-06-10,30174266.05764173
2024-06-11,25894676.285283647
2024-06-12,31122562.074488588
2024-06-13,30261269.03164727
2024-06-14,26392874.60783168
2024-06-15,27723303.678977933
2024-06-16,33935886.84121036
2024-06-17,29086696.855128586
2024-06-18,30928258.42597166
2024-06-19,27776199.496557213
2024-06-20,26973107.04225415
2024-06-21,28037646.403747793
2024-06-22,30522614.365553774
2024-06-23,22170757.656633563
2024-06-24,28623003.83279516
2024-06-25,23924120.516003046
2024-06-26,22987911.259599667
2024-06-27,25012781.39243317
2024-06-28,25440460.904423602
2024-06-29,29873827.454258278
2024-06-30,23732365.131324902
2024-07-01,27686848.021346275
2024-07-02,28688235.380340427
2024-07-03,27285552.6639301
2024-07-04,25120480.88433301
2024-07-05,21447623.635014243
2024-07-06,30039911.22682275
2024-07-07,24724602.283693753
2024-07-08,28168795.21901574
2024-07-09,27903564.19654992
2024-07-10,24531854.824905023
2024-07-11,25072124.323074937
2024-07-12,27121462.632186938
2024-07-13,28552099.153287567
2024-07-14,31842220.838096313
2024-07-15,30951307.684302833
2024-07-16,29913960.996196482
2024-07-17,31900056.10657967
2024-07-18,25793671.8252703
2024-07-19,30665937.991481606
2024-07-20,34642522.308911085
2024-07-21,35942402.501702204
2024-07-22,37777501.19882377
2024-07-23,34812103.06034574
2024-07-24,28592106.278090294
2024-07-25,33477174.919522543
2024-07-26,33956121.65458795
2024-07-27,32762235.795346316
2024-07-28,31528934.47304939
2024-07-29,37194861.79784849
2024-07-30,31025116.25913206
2024-07-31,28504310.623246625
2024-08-01,28515399.276519574
2024-08-02,24026081.987415977
2024-08-03,25602853.117739975
2024-08-04,26055611.93890454
2024-08-05,26492518.49272353
2024-08-06,24520768.68792005
2024-08-07,21018213.770622097
2024-08-08,24956980.83669181
2024-08-09,24667882.18354582
2024-08-10,24538845.63870819
2024-08-11,29601915.01231188
2024-08-12,25428126.014607698
2024-08-13,28187189.443467833
2024-08-14,24271766.755384292
2024-08-15,28822093.8439509
2024-08-16,26148978.950765267
2024-08-17,27664957.737320095
2024-08-18,28661687.996087834
2024-08-19,24135929.600635614
2024-08-20,27714046.999789968
2024-08-21,28082983.657660004
2024-08-22,30197236.8874927
2024-08-23,32854736.49406783
2024-08-24,30611105.267697956
2024-08-25,26806988.873111498
2024-08-26,26374316.66116854
2024-08-27,26424428.382070046
2024-08-28,29735077.298519667
2024-08-29,24477663.78533021
2024-08-30,26244679.609049894
2024-08-31,27084716.13176595
2024-09-01,25448654.568613034
2024-09-02,30873615.591437746
2024-09-03,26837589.191334557
2024-09-04,27384510.139197655
2024-09-05,27179711.58035779
2024-09-06,24395775.787605956
2024-09-07,26695304.71291824
2024-09-08,28629675.481800668
2024-09-09,25889650.9637182
2024-09-10,24687613.986058023
2024-09-11,19375603.33488823
2024-09-12,27609204.858109303
2024-09-13,23268863.807467327
2024-09-14,26065614.577661105
2024-09-15,27901930.883754916
2024-09-16,22745103.20958594
2024-09-17,28236664.558874577
2024-09-18,26438313.296811063
2024-09-19,24016694.930143192
2024-09-20,28616634.42161019
2024-09-21,26733260.928303998
2024-09-22,27018079.67352428
2024-09-23,28897055.764589403
2024-09-24,29155326.316075213
2024-09-25,28376832.11252193
2024-09-26,26429725.621858567
2024-09-27,28156802.236970343
2024-09-28,26513743.958046265
2024-09-29,31783603.017780162
2024-09-30,27083205.715955574
2024-10-01,29858578.272681355
2024-10-02,29394829.355005287
2024-10-03,30002835.645240363
2024-10-04,32771481.86998646
2024-10-05,29270620.432986908
2024-10-06,29825193.691401213
2024-10-07,30232996.464494437
2024-10-08,32422177.099857524
2024-10-09,24056680.594831254
2024-10-10,29169603.685874496
2024-10-11,27327361.233635314
2024-10-12,28243787.312499106
2024-10-13,27065004.66764685
2024-10-14,28707738.95315971
2024-10-15,32630312.731439963
2024-10-16,29813988.843574665
2024-10-17,33037660.890844163
2024-10-18,29065978.464078013
2024-10-19,36955988.766446866
2024-10-20,37309803.45358432
2024-10-21,36038497.15156066
2024-10-22,29077356.982249044
2024-10-23,31449188.39468424
2024-10-24,31297675.753218118
2024-10-25,31681297.70618975
2024-10-26,30579398.857267298
2024-10-27,34212574.21137859
2024-10-28,36677823.287200466
2024-10-29,35658029.68548911
2024-10-30,38262806.43921227
2024-10-31,34743746.71657838
2024-11-01,33221838.136405982
2024-11-02,30509615.023764443
2024-11-03,28356386.28187827
2024-11-04,31983261.387222372
2024-11-05,30205579.250146095
2024-11-06,36192167.50856863
2024-11-07,37036494.08289012
2024-11-08,33950179.78429461
2024-11-09,33359675.411948413
2024-11-10,37189295.03706531
2024-11-11,37765499.3406414
2024-11-12,40172241.68005186
2024-11-13,38971795.97426761
2024-11-14,34609189.49003232
2024-11-15,42721445.832526684
2024-11-16,44434775.73071302
2024-11-17,42062329.88872552
2024-11-18,44161502.069820285
2024-11-19,50451482.035975836
2024-11-20,43254768.69006519
2024-11-21,44345505.99595266
2024-11-22,44213074.95292317
2024-11-23,42136164.64798183
2024-11-24,41029212.218086995
2024-11-25,49296787.229979716
2024-11-26,39908450.70110591
2024-11-27,39895461.469493344
2024-11-28,42483711.00026668
2024-11-29,36828974.84540657
2024-11-30,49437607.760231614
2024-12-01,48125617.1986448
2024-12-02,37991431.55996311
2024-12-03,47105336.735586815
2024-12-04,45441491.141732715
2024-12-05,46959993.699440196
2024-12-06,42480069.90469025
2024-12-07,44365104.476276666
2024-12-08,45989536.251207314
2024-12-09,50825510.029922165
2024-12-10,46602085.2117731
2024-12-11,44956402.09302116
2024-12-12,46292036.8467891
2024-12-13,53810218.98773556
2024-12-14,50366664.36005241
2024-12-15,44761054.05730313
2024-12-16,48958248.406366676
2024-12-17,45099261.9977716
2024-12-18,45211396.7956167
2024-12-19,44268973.86890889
2024-12-20,46063230.540551946
2024-12-21,43995274.27211333
2024-12-22,46087848.13410469
2024-12-23,41179078.476989895
2024-12-24,40688064.88492111
2024-12-25,46826689.221634805
2024-12-26,39147836.577590786
2024-12-27,46521116.18464349
2024-12-28,42508350.30847642
2024-12-29,46144679.29563855
2024-12-30,45972446.65787826
2024-12-31,37647735.955058254
2025-01-01,41324411.00020091
2025-01-02,50544321.07828118
2025-01-03,43541053.82493972
2025-01-04,45738366.0334627
2025-01-05,47977220.897011966
2025-01-06,42468379.77742839
2025-01-07,40608279.48530283
2025-01-08,37124719.10980422
2025-01-09,43864430.35051142
2025-01-10,42049359.338424146
2025-01-11,40799056.57928477
2025-01-12,50715154.20150863
2025-01-13,37750291.96411456
2025-01-14,46474060.1935071
2025-01-15,43512388.849776074
2025-01-16,39991091.92939804
2025-01-17,48889025.64102703
2025-01-18,42411750.981133215
2025-01-19,47322455.75718703
2025-01-20,48729774.38202785
2025-01-21,44051216.24319642
2025-01-22,48652091.653821096
2025-01-23,44278462.116079725
2025-01-24,45813304.63584875
2025-01-25,41946434.1395676
2025-01-26,44025536.22010245
2025-01-27,49679880.06959738
2025-01-28,46776391.630544886
2025-01-29,50335666.55035431
2025-01-30,47572436.65492592
2025-01-31,39946501.43396602
2025-02-01,57850917.00288557
2025-02-02,52061367.29346871
2025-02-03,48569089.16074941
2025-02-04,40056586.30767459
2025-02-05,43451699.740327306
2025-02-06,43745276.871159956
2025-02-07,52107660.00052784
2025-02-08,48301659.078609
2025-02-09,43038420.9793496
2025-02-10,42297363.512967564
2025-02-11,37124924.989947386
2025-02-12,40630044.337809585
2025-02-13,47664028.18766985
2025-02-14,46271820.51653274
2025-02-15,48791621.5883986
2025-02-16,45386006.84928038
2025-02-17,41010312.521249466
2025-02-18,41756763.9503945
2025-02-19,38055115.86100052
2025-02-20,39971839.26316848
2025-02-21,38719750.59527872
2025-02-22,41963104.892825834
2025-02-23,38736939.54405408
2025-02-24,37322047.07687389
2025-02-25,40778597.30343915
2025-02-26,41206561.29922378
2025-02-27,39668165.22022027
2025-02-28,41068841.73183446
2025-03-01,38629965.85327296
2025-03-02,37141653.71876278
2025-03-03,40460592.44584674
2025-03-04,39841433.85942248
2025-03-05,37946877.559621595
2025-03-06,47930474.33028017
2025-03-07,38408156.535974964
2025-03-08,36892078.79460113
2025-03-09,40071873.84165148
2025-03-10,38021618.31216027
2025-03-11,35684712.83267097
2025-03-12,39985669.346424796
2025-03-13,40301674.87126863
2025-03-14,37321963.63857757
2025-03-15,34795561.8870215
2025-03-16,37379234.094279654
2025-03-17,36756102.03917663
2025-03-18,36689607.90719791
2025-03-19,41217761.6592855
2025-03-20,37330456.008980505
2025-03-21,38093950.5815678
2025-03-22,39291197.01814547
2025-03-23,41808429.70717418
2025-03-24,42023987.70608928
2025-03-25,40706261.089543745
2025-03-26,41247421.145390145
2025-03-27,40335237.357839
2025-03-28,40573743.95837046
2025-03-29,36350319.60580799
2025-03-30,35198924.79587866
2025-03-31,38138420.452947825
2025-04-01,35955019.88171209
2025-04-02,44373651.82177092
2025-04-03,39392556.26475015
2025-04-04,47122976.10238898
2025-04-05,42692362.93253943
2025-04-06,35320680.7232521
2025-04-07,35988005.12354343
2025-04-08,36505527.24421848
2025-04-09,33863747.053386174
2025-04-10,35801530.12136178
2025-04-11,38553953.52604834
2025-04-12,38371162.28039158
2025-04-13,44918313.00935124
2025-04-14,39386768.21753636
2025-04-15,37652104.78711281
2025-04-16,38920085.28728084
2025-04-17,40612216.65513953
2025-04-18,35884778.41719756
2025-04-19,36976050.89991231
2025-04-20,32710983.678169724
2025-04-21,34398283.458001524
2025-04-22,45286936.42751862
2025-04-23,33379107.545004744
2025-04-24,41352604.158905625
2025-04-25,42647135.76031563
2025-04-26,39357406.1765205
2025-04-27,39577307.2881082
2025-04-28,41888465.58540419
2025-04-29,42934420.88799496
2025-04-30,38872652.16215663
2025-05-01,40673703.7674514
2025-05-02,48118419.483812466
2025-05-03,49171100.81841762
2025-05-04,40995352.496342584
2025-05-05,51873133.51688065
2025-05-06,41692354.94188524
2025-05-07,45836699.16251917
2025-05-08,51212677.33756734
2025-05-09,45036601.290382184
2025-05-10,49023197.721681565
2025-05-11,48413889.16263516
2025-05-12,46635658.843485296
2025-05-13,42309195.429007
2025-05-14,46607723.8389099
2025-05-15,47320554.551000796
2025-05-16,44015664.4062243
2025-05-17,46113049.73498035
2025-05-18,53670442.986015245
2025-05-19,46536974.63561324
2025-05-20,49438165.23947615
2025-05-21,49367185.02878445
2025-05-22,52254850.68180141
2025-05-23,51969508.71979579
2025-05-24,47551072.777474575
2025-05-25,51394207.37601624
2025-05-26,52293480.41042083
2025-05-27,48057358.54619826
2025-05-28,55296393.72973043
2025-05-29,52536063.45267098
2025-05-30,50365943.620242015
2025-05-31,52681697.58807189
2025-06-01,43952410.13546622
2025-06-02,44014561.53513932
2025-06-03,47467793.498013
2025-06-04,41258245.17951321
2025-06-05,42573973.52052872
2025-06-06,43726315.336183116
2025-06-07,47228096.27344023
2025-06-08,50551075.51173121
2025-06-09,48211694.437335625
2025-06-10,58132894.1400883
2025-06-11,47872049.26156116
2025-06-12,49024530.94674546
2025-06-13,48042497.50834225
2025-06-14,49767291.93775205
2025-06-15,44842938.9110463
2025-06-16,48930044.589111134
2025-06-17,38581721.21950419
2025-06-18,45855848.07502913
2025-06-19,41556670.429440826
2025-06-20,48732871.20242068
2025-06-21,44744674.03066365
2025-06-22,33738181.419560954
2025-06-23,35275541.818748966
2025-06-24,38743111.3156286
2025-06-25,47951951.01106723
2025-06-26,52503166.19806376
2025-06-27,38485813.40900344
2025-06-28,48646420.28072039
2025-06-29,57228101.20839857
2025-06-30,48553748.95219789
2025-07-01,44205911.82536895
2025-07-02,52080786.191614784
2025-07-03,51732675.08797102
2025-07-04,53702943.51756481
2025-07-05,53107599.51179614
2025-07-06,54590002.7727935
2025-07-07,51080186.09880544
2025-07-08,48349505.31824974
2025-07-09,57101113.444024086
2025-07-10,61920117.334442474
2025-07-11,55133721.13457063
2025-07-12,54656167.21436215
2025-07-13,50903949.94929057
2025-07-14,54316590.46464534
2025-07-15,60326831.64154363
2025-07-16,48605170.62720344
2025-07-17,50788207.10262995
2025-07-18,53081330.04586485
2025-07-19,52321907.849967
2025-07-20,54620457.69412616
2025-07-21,55046454.203773595
2025-07-22,56281877.7134625
2025-07-23,51909631.884990685
2025-07-24,54379472.01475379
2025-07-25,58760086.67519
2025-07-26,56410719.69878834
2025-07-27,51134464.06333842
2025-07-28,53479007.535752326
2025-07-29,41254979.81338405
2025-07-30,50404288.06724789
2025-07-31,55752013.61782745
2025-08-01,53455011.858578786
2025-08-02,50997258.376854
2025-08-03,55346476.755912825
2025-08-04,61559964.5491692
2025-08-05,49210524.439189315
2025-08-06,51765605.43703965
2025-08-07,59089472.31816998
2025-08-08,49979606.93052016
2025-08-09,42235475.20552344
2025-08-10,50282942.973866016
2025-08-11,54547126.02547084
2025-08-12,51441070.36282685
2025-08-13,60178306.41334687
2025-08-14,59995824.835920185
2025-08-15,49124069.16560566
2025-08-16,55794652.75195925
2025-08-17,55860927.3101468
2025-08-18,55975590.05403221
2025-08-19,47271054.99283631
2025-08-20,50353444.504076734
2025-08-21,52311619.507646866
2025-08-22,53290445.77225205
2025-08-23,54758211.24382115
2025-08-24,58177012.76813051
2025-08-25,48508200.6165447
2025-08-26,52450919.76342516
2025-08-27,52149519.016903594
2025-08-28,55889072.84922916
2025-08-29,55931561.008971654
2025-08-30,53693411.96977018
2025-08-31,44680534.344109125
2025-09-01,54836763.321852945
2025-09-02,56612419.95954146
2025-09-03,47856130.84834535
2025-09-04,48519027.11817919
2025-09-05,49474080.676021785
2025-09-06,48231597.1994815
2025-09-07,53566871.252648115
2025-09-08,56056155.787551
2025-09-09,58181963.31947691
2025-09-10,60525710.09995091
2025-09-11,54115224.81217875
2025-09-12,43555940.26198425
2025-09-13,51097354.63977746
2025-09-14,55173680.668080814
2025-09-15,58792537.1428296
2025-09-16,58399433.525453
2025-09-17,46630311.0515464
2025-09-18,57775873.213823415
2025-09-19,60696495.58438987
2025-09-20,55344482.47488749
2025-09-21,58381184.782205045
2025-09-22,52841113.002248436
2025-09-23,50423576.9769099
2025-09-24,54183335.6550168
2025-09-25,48101422.07642885
2025-09-26,45238504.643830165
2025-09-27,53109166.42935891
2025-09-28,57837660.264702655
2025-09-29,50024249.37799537
2025-09-30,57342033.09469132
2025-10-01,55866824.46354664
2025-10-02,51237402.452980526
2025-10-03,45115872.067349195
2025-10-04,51246517.93301636
2025-10-05,57515754.621137336
2025-10-06,47979399.3781997
2025-10-07,52434695.2958286
2025-10-08,57068038.306290425
2025-10-09,45601249.79478375
2025-10-10,46923876.58537054
2025-10-11,50963114.70712304
2025-10-12,52178665.536016986
2025-10-13,54782820.14154717
2025-10-14,59850863.8135573
2025-10-15,49888292.61842505
2025-10-16,51702070.592766434
2025-10-17,52979629.11115096
2025-10-18,55246080.622799344
2025-10-19,47219457.07243581
2025-10-20,51516866.1806491
2025-10-21,50953304.0961975
2025-10-22,51478585.68386987
2025-10-23,48839540.70375528
2025-10-24,62104577.57284753
2025-10-25,55807267.928843
2025-10-26,52624668.0240647
2025-10-27,52409071.091710925
2025-10-28,57196472.209683806
2025-10-29,42360565.00598523
2025-10-30,54009861.9209525
2025-10-31,47929979.83712006
2025-11-01,47439783.83761883
2025-11-02,53469753.55376077
2025-11-03,47257512.488013245
2025-11-04,41490048.679481
2025-11-05,44813725.31626969
2025-11-06,44293188.484110124
2025-11-07,45896384.337701075
2025-11-08,38375633.03970637
2025-11-09,46127068.45992741
2025-11-10,46411084.193655126
2025-11-11,49234637.68306107
2025-11-12,44803687.056405425
2025-11-13,46891551.630579844
2025-11-14,42526146.42115722
2025-11-15,42695025.51554557
2025-11-16,46796836.821388245
2025-11-17,35615695.14702659
2025-11-18,38585146.16932716
2025-11-19,39096580.98517497
2025-11-20,35579312.64291532
2025-11-21,40084859.357520245
2025-11-22,37883828.81555379
2025-11-23,38549651.756733984
2025-11-24,39493741.09133091
2025-11-25,31421791.62573972
2025-11-26,46355254.497096
2025-11-27,40815864.39524129
2025-11-28,42651621.84865392
2025-11-29,38891762.856059134
2025-11-30,47285894.56024805
2025-12-01,35953489.676485784
2025-12-02,36325184.75556326
2025-12-03,38613751.21967051
2025-12-04,38034807.0936952
2025-12-05,33200938.441103537
2025-12-06,45420743.127985284
2025-12-07,45033923.699737
2025-12-08,41936329.30516514
2025-12-09,37413568.401124135
2025-12-10,44612356.763195865
2025-12-11,46311859.9354179
2025-12-12,40931510.01509533
2025-12-13,40328353.80867731
2025-12-14,35238553.04570428
2025-12-15,36160142.98244082
2025-12-16,40311272.0873128
2025-12-17,37113181.89665947
2025-12-18,38445386.7902981
2025-12-19,39951158.45537607
2025-12-20,40559345.8896561
2025-12-21,38180042.11144066
2025-12-22,38431094.5325449
2025-12-23,39587715.93485169
2025-12-24,43539005.17358086
2025-12-25,37618500.18143995
2025-12-26,42575718.793154575
2025-12-27,37270551.76075397
2025-12-28,42502767.5593951
2025-12-29,41933001.87960624
2025-12-30,32884345.56421685
2025-12-31,36374243.996917896
2026-01-01,41847865.29676905
2026-01-02,40473081.07521916
2026-01-03,43883469.30750019
2026-01-04,41397392.91856462
2026-01-05,38753790.14901372
2026-01-06,38014554.13933738
2026-01-07,41899114.28224358
2026-01-08,37577477.91412919
2026-01-09,40176948.93278603
2026-01-10,45768109.595799245
2026-01-11,34585934.907712966
2026-01-12,40443885.24545772
2026-01-13,40206585.21789617
2026-01-14,37604547.18128288
2026-01-15,41502854.44876534
2026-01-16,38792459.04635449
2026-01-17,44284187.77789579
2026-01-18,41239331.62620543
2026-01-19,43371675.920788266
2026-01-20,36673321.57679354
2026-01-21,38359726.80270312
2026-01-22,44977211.93271296
2026-01-23,39129900.20231224
2026-01-24,27312918.10157071
2026-01-25,29175413.825014617
2026-01-26,34230763.638566636
2026-01-27,34030520.08077698
2026-01-28,30654865.054938644
2026-01-29,33808158.92425484
2026-01-30,34394473.30571304
2026-01-31,33940403.74800919
2026-02-01,28601297.602795348
2026-02-02,29026746.917025864
2026-02-03,31219965.98645166
2026-02-04,32435991.212434266
2026-02-05,25199454.476865675
2026-02-06,32012238.255429003
2026-02-07,35879997.085761234
2026-02-08,37465125.53339603
2026-02-09,35780589.342824005
2026-02-10,30909956.9010228
2026-02-11,32866829.702975217
2026-02-12,36628791.697306015
2026-02-13,32493709.423958044
2026-02-14,36207753.54628325
2026-02-15,42250319.11024802
2026-02-16,37596255.17191157
2026-02-17,34789760.592768274
2026-02-18,31738275.515792146
2026-02-19,33257012.505270123
2026-02-20,29102785.527472954
2026-02-21,25295185.823715106
2026-02-22,34619387.3393885
2026-02-23,29919084.452995323
2026-02-24,33063809.149606384
2026-02-25,33168779.56247076
2026-02-26,29539678.23153493
2026-02-27,29021384.84439475
2026-02-28,29925268.27878798
2026-03-01,30607170.836589534
2026-03-02,29292115.326431934
2026-03-03,28655554.12534884
2026-03-04,29521156.867137283
2026-03-05,36824727.84781197
2026-03-06,31128434.335443463
2026-03-07,27767665.57681912
2026-03-08,27722379.734391443
2026-03-09,29552932.215144675
2026-03-10,30140849.038626917
2026-03-11,30535943.668963674
2026-03-12,28435674.570740774
2026-03-13,26820411.271261327
2026-03-14,28454487.16797196
2026-03-15,28403182.107731212
2026-03-16,29189045.919327147
2026-03-17,29402886.651304048
2026-03-18,30950937.974769887
2026-03-19,29291103.896184605
2026-03-20,29526238.240882497
2026-03-21,30061266.660156693
2026-03-22,34434190.20005479
2026-03-23,35363105.5230859
2026-03-24,27582038.559436172
2026-03-25,34081370.315630466
2026-03-26,35435282.35327018
2026-03-27,31451731.46888514
2026-03-28,36078395.68554025
2026-03-29,29685038.577264763
2026-03-30,28326773.60161453
2026-03-31,28991318.916518137
2026-04-01,34484138.50165657
2026-04-02,30317831.590042394
2026-04-03,27592843.669023972
2026-04-04,25235674.09267241
2026-04-05,34245522.401552476
2026-04-06,27497165.3234366
2026-04-07,31074634.88089019
2026-04-08,32876839.496241227
2026-04-09,32304905.902162485
2026-04-10,28494168.251616366
2026-04-11,28105157.566804864
2026-04-12,34238225.94937171
2026-04-13,34517644.83335036
2026-04-14,38013923.03466175
2026-04-15,29203892.44319844
2026-04-16,35670478.50257891
2026-04-17,33978568.3836399
2026-04-18,36238080.48095778
2026-04-19,36490694.525211856
2026-04-20,30799496.537788592
2026-04-21,32107827.64125056
2026-04-22,32061325.742625833
2026-04-23,29582111.667692494
2026-04-24,36059987.88211756
2026-04-25,33960811.27345121
2026-04-26,36569616.34453625
2026-04-27,33316778.15018445
2026-04-28,33140871.329026364
2026-04-29,30081144.535413302
2026-04-30,33381082.056253664
2026-05-01,38577992.86894907
2026-05-02,33452828.960987713
2026-05-03,37358357.31241964
2026-05-04,37169031.45232136
2026-05-05,37939103.82433519
2026-05-06,35851285.744155474
2026-05-07,35495118.18837487
2026-05-08,36832546.14835258
2026-05-09,43104627.095265
2026-05-10,38557866.158405155
2026-05-11,42134163.869516194
2026-05-12,33720079.51652905
2026-05-13,34442423.84138663
2026-05-14,38304843.41830069
2026-05-15,35825609.72960808
2026-05-16,36883871.20609108
2026-05-17,33905242.4871055
2026-05-18,33676961.14994886
2026-05-19,34083310.79929866
2026-05-20,36768881.799247496
2026-05-21,30795668.88691114
2026-05-22,36839177.233515784
2026-05-23,39267681.63713377
2026-05-24,31501811.38045119
2026-05-25,39829232.58686553
2026-05-26,32932592.930870514
2026-05-27,32492589.34333103
2026-05-28,37209643.58278308
2026-05-29,32078766.624045357
2026-05-30,32718344.75309606
2026-05-31,33119802.333594404
2026-06-01,30091808.48229835
2026-06-02,22873363.108261805
2026-06-03,21678495.841160506
2026-06-04,28239917.395919878
2026-06-05,25695396.092962082
2026-06-06,23169176.813586406
2026-06-07,23092236.610475905
2026-06-08,25046629.12684988
2026-06-09,23885678.32845573
2026-06-10,24190061.702954095
2026-06-11,26778650.27032914
2026-06-12,29159121.028916735
2026-06-13,24964123.510540918
2026-06-14,29936992.76615382
2026-06-15,31041837.483261798
2026-06-16,33229310.74854619
2026-06-17,26565299.114574824
2026-06-18,32399411.592672404
2026-06-19,29873121.99557918
2026-06-20,31106822.315522708
2026-06-21,26534276.69981919
2026-06-22,31162742.74882012
2026-06-23,33839529.26552453
2026-06-24,29502403.452517714
2026-06-25,31802442.487909127
2026-06-26,29043857.072513334
2026-06-27,31476672.160585944
2026-06-28,23992659.06641674
2026-06-29,23506039.282469142
2026-06-30,27250738.21519122
2026-07-01,26841814.960039813
2026-07-02,25151258.790314514
2026-07-03,29522677.293578316
2026-07-04,30362259.46063339
2026-07-05,25447952.41659848
2026-07-06,23222859.70614408
2026-07-07,27762927.725014605
2026-07-08,25857711.39377921
2026-07-09,24683354.07450871
2026-07-10,26048189.413583066
2026-07-11,27753395.337195903
2026-07-12,28688522.24561661
2026-07-13,28539375.80852389
2026-07-14,31249700.502909493
2026-07-15,28334711.703006275
2026-07-16,24116866.096732542
2026-07-17,25366630.015630476
2026-07-18,33603412.03182714
2026-07-19,33336728.775158893
2026-07-20,29739252.895664092
2026-07-21,28636335.35050227
2026-07-22,23712707.486183137
2026-07-23,26851444.28628725
2026-07-24,30848179.878251024
2026-07-25,27742884.96698385
2026-07-26,29806260.03684794
2026-07-27,27478492.59670882
2026-07-28,25292228.672614697
2026-07-29,28557388.010545723
2026-07-30,30995681.985611483
2026-07-31,30848134.664185785
2026-08-01,32160338.063730992
2026-08-02,28550557.334614273
2026-08-03,29746897.552326843
2026-08-04,28271148.106582396
2026-08-05,28670823.927838262
2026-08-06,25684906.92647576
2026-08-07,32029151.896807417
2026-08-08,29005296.32749579
2026-08-09,28986514.38240795
2026-08-10,27759927.982409783
2026-08-11,25617560.37617072
2026-08-12,27917734.256899297
2026-08-13,28923972.403066546
2026-08-14,29299314.100967992
2026-08-15,28562477.437500026
2026-08-16,31605513.140381172
2026-08-17,31814356.481001616
2026-08-18,30124159.46685143
2026-08-19,26624820.959655378
2026-08-20,29000025.750492383
2026-08-21,33547519.9611846
2026-08-22,35621810.49879518
2026-08-23,32977036.91237243
2026-08-24,35009433.47910221
2026-08-25,34879372.67158725
2026-08-26,37503646.08659088
2026-08-27,36635686.99890661
2026-08-28,32058093.064778797
2026-08-29,35698794.01469722
2026-08-30,39572931.465414695
2026-08-31,37303597.41255843
2026-09-01,34349667.38740287
2026-09-02,33046412.44635174
2026-09-03,40621621.9639889
2026-09-04,35607695.13835204
2026-09-05,36915512.22646842
2026-09-06,41414986.14931198
2026-09-07,34347343.48957872
2026-09-08,32603987.156955004
2026-09-09,39348140.69686457
2026-09-10,32107980.302842196
2026-09-11,38829586.44459509
2026-09-12,37901963.90561138
2026-09-13,36220775.135542795
2026-09-14,36693183.96796463
2026-09-15,38534437.16582914
2026-09-16,32335010.221537396
2026-09-17,34135396.7782492
2026-09-18,38448473.71231004
2026-09-19,32250993.39045081
2026-09-20,39074970.569137484
2026-09-21,40279029.26402192
2026-09-22,37445414.93751318
2026-09-23,34037584.792522624
2026-09-24,36919127.79163722
2026-09-25,35201027.78015384
2026-09-26,40611001.25645616
2026-09-27,38504065.524252325
2026-09-28,43063330.912026614
2026-09-29,41575845.189623706
2026-09-30,36827293.819982775
2026-10-01,36030327.52989132
2026-10-02,37240531.757396184
2026-10-03,35491633.94654418
2026-10-04,38663982.553019084
2026-10-05,47477223.57340731
2026-10-06,41425315.39020454
2026-10-07,40075479.85573738
2026-10-08,35502285.434385754
2026-10-09,37669165.83483642
