date,value
2013-01-01,1.77533304
2013-01-02,1.7682754
2013-01-03,1.78037669
2013-01-04,1.78670376
2013-01-05,1.78641402
2013-01-06,1.79112313
2013-01-07,1.79609055
2013-01-08,1.82064961
2013-01-09,1.82378518
2013-01-10,1.85730887
2013-01-11,1.86676138
2013-01-12,1.86299654
2013-01-13,1.85333941
2013-01-14,1.87068729
2013-01-15,1.86625363
2013-01-16,1.91141576
2013-01-17,2.0121271
2013-01-18,2.01889919
2013-01-19,1.99859889
2013-01-20,2.01174993
2013-01-21,2.13015937
2013-01-22,2.1703499
2013-01-23,2.18559134
2013-01-24,2.09953529
2013-01-25,2.15223509
2013-01-26,2.16087068
2013-01-27,2.18079976
2013-01-28,2.27526587
2013-01-29,2.32416991
2013-01-30,2.32557517
2013-01-31,2.38254625
2013-02-01,2.33077644
2013-02-02,2.2350697
2013-02-03,2.32891208
2013-02-04,2.30317042
2013-02-05,2.31494333
2013-02-06,2.36137756
2013-02-07,2.44320117
2013-02-08,2.48951622
2013-02-09,2.57029343
2013-02-10,2.57573299
2013-02-11,2.61956557
2013-02-12,2.64695645
2013-02-13,2.58643345
2013-02-14,2.81731895
2013-02-15,2.76388477
2013-02-16,2.75541364
2013-02-17,2.69341809
2013-02-18,2.67527962
2013-02-19,2.87905367
2013-02-20,2.88625353
2013-02-21,2.8644687
2013-02-22,2.89510636
2013-02-23,2.81513609
2013-02-24,2.78872419
2013-02-25,2.77552491
2013-02-26,2.82058485
2013-02-27,2.81550442
2013-02-28,2.93242114
2013-03-01,2.99916694
2013-03-02,2.94238341
2013-03-03,2.95351788
2013-03-04,3.07990408
2013-03-05,3.34059331
2013-03-06,3.41073072
2013-03-07,3.24461202
2013-03-08,3.35334641
2013-03-09,3.50857536
2013-03-10,3.41442475
2013-03-11,3.52669627
2013-03-12,3.21775227
2013-03-13,3.35448171
2013-03-14,3.31080577
2013-03-15,3.27320999
2013-03-16,3.26643484
2013-03-17,3.25507816
2013-03-18,3.46957223
2013-03-19,3.86035942
2013-03-20,4.00566845
2013-03-21,4.23461019
2013-03-22,4.05568242
2013-03-23,3.70672564
2013-03-24,4.02556381
2013-03-25,4.02378239
2013-03-26,4.15075356
2013-03-27,4.49610198
2013-03-28,4.28052357
2013-03-29,4.30087359
2013-03-30,4.24924608
2013-03-31,4.26532297
2013-04-01,4.45266486
2013-04-02,4.75336825
2013-04-03,4.85046378
2013-04-04,4.73920513
2013-04-05,4.71276367
2013-04-06,4.6145611
2013-04-07,5.04960835
2013-04-08,5.33290242
2013-04-09,5.64074143
2013-04-10,3.7993504
2013-04-11,2.09881888
2013-04-12,2.84072926
2013-04-13,2.50198944
2013-04-14,2.29456796
2013-04-15,2.11528578
2013-04-16,1.81094891
2013-04-17,2.42321708
2013-04-18,2.78425484
2013-04-19,3.00006559
2013-04-20,3.18525555
2013-04-21,2.91485166
2013-04-22,3.07341776
2013-04-23,3.38292483
2013-04-24,3.50996743
2013-04-25,3.16156158
2013-04-26,3.0583438
2013-04-27,2.83739563
2013-04-28,2.9627086
2013-04-29,3.11966325
2013-04-30,3.00006777
2013-05-01,2.52047369
2013-05-02,2.32100761
2013-05-03,2.10886798
2013-05-04,2.45598818
2013-05-05,2.53233335
2013-05-06,2.43394807
2013-05-07,2.41884231
2013-05-08,2.44959787
2013-05-09,2.42161822
2013-05-10,2.54554421
2013-05-11,2.486801
2013-05-12,2.46930854
2013-05-13,2.5169175
2013-05-14,2.31657619
2013-05-15,2.33507149
2013-05-16,2.41471463
2013-05-17,2.50090692
2013-05-18,2.50453812
2013-05-19,2.47744864
2013-05-20,2.48938747
2013-05-21,2.4741524
2013-05-22,2.50485148
2013-05-23,2.59511089
2013-05-24,2.69072496
2013-05-25,2.65472177
2013-05-26,2.67740913
2013-05-27,2.59424673
2013-05-28,2.57846403
2013-05-29,2.63946924
2013-05-30,2.56977125
2013-05-31,2.58656508
2013-06-01,2.59949225
2013-06-02,2.47023042
2013-06-03,2.47098358
2013-06-04,2.41037014
2013-06-05,2.41605705
2013-06-06,2.36554851
2013-06-07,2.19162685
2013-06-08,2.17144932
2013-06-09,1.98865953
2013-06-10,2.07770045
2013-06-11,2.13557988
2013-06-12,2.11326913
2013-06-13,2.01619261
2013-06-14,1.97525553
2013-06-15,1.98785838
2013-06-16,1.97078129
2013-06-17,1.99247389
2013-06-18,2.07413684
2013-06-19,2.07549068
2013-06-20,2.07320647
2013-06-21,2.01650897
2013-06-22,1.9886398
2013-06-23,1.99397986
2013-06-24,1.96797679
2013-06-25,1.94416036
2013-06-26,1.95910003
2013-06-27,1.92349796
2013-06-28,1.78128607
2013-06-29,1.76821188
2013-06-30,1.78301213
2013-07-01,1.65189371
2013-07-02,1.74762367
2013-07-03,1.55181119
2013-07-04,1.58276019
2013-07-05,1.36137275
2013-07-06,1.34844416
2013-07-07,1.46501861
2013-07-08,1.50296907
2013-07-09,1.52222014
2013-07-10,1.71733658
2013-07-11,1.76516035
2013-07-12,1.81083744
2013-07-13,1.83583015
2013-07-14,1.80117415
2013-07-15,1.87663807
2013-07-16,1.83749352
2013-07-17,1.8238974
2013-07-18,1.7072557
2013-07-19,1.7344736
2013-07-20,1.70903901
2013-07-21,1.72424963
2013-07-22,1.72449453
2013-07-23,1.75049177
2013-07-24,1.77287254
2013-07-25,1.81143598
2013-07-26,1.80661592
2013-07-27,1.76941732
2013-07-28,1.85884089
2013-07-29,1.869772
2013-07-30,1.93317595
2013-07-31,1.95512089
2013-08-01,1.92448734
2013-08-02,1.90836477
2013-08-03,1.88398021
2013-08-04,1.89918712
2013-08-05,1.91794773
2013-08-06,1.91969225
2013-08-07,1.90613164
2013-08-08,1.85073304
2013-08-09,1.81530455
2013-08-10,1.83035886
2013-08-11,1.84834368
2013-08-12,1.87013093
2013-08-13,1.90506811
2013-08-14,1.92870802
2013-08-15,1.90518517
2013-08-16,1.90684121
2013-08-17,1.92994937
2013-08-18,1.91982911
2013-08-19,1.98520771
2013-08-20,2.01417621
2013-08-21,2.12829753
2013-08-22,2.10024403
2013-08-23,2.06093411
2013-08-24,2.08130944
2013-08-25,2.15729459
2013-08-26,2.13483001
2013-08-27,2.23422335
2013-08-28,2.23736392
2013-08-29,2.23910779
2013-08-30,2.34219842
2013-08-31,2.39605237
2013-09-01,2.42498554
2013-09-02,2.39758629
2013-09-03,2.37429811
2013-09-04,2.2514393
2013-09-05,2.24501895
2013-09-06,2.16099099
2013-09-07,2.19342788
2013-09-08,2.15970205
2013-09-09,2.21003514
2013-09-10,2.22281192
2013-09-11,2.30280245
2013-09-12,2.28428174
2013-09-13,2.29152617
2013-09-14,2.22795516
2013-09-15,2.23809743
2013-09-16,2.25259491
2013-09-17,2.26165636
2013-09-18,2.25652894
2013-09-19,2.19436054
2013-09-20,2.17030968
2013-09-21,2.17848848
2013-09-22,2.16687478
2013-09-23,2.16034239
2013-09-24,2.17210146
2013-09-25,2.16519894
2013-09-26,2.18059655
2013-09-27,2.21042861
2013-09-28,2.21128719
2013-09-29,2.21364079
2013-09-30,2.19174983
2013-10-01,2.21273466
2013-10-02,1.81680607
2013-10-03,2.04455417
2013-10-04,2.11654681
2013-10-05,2.10462698
2013-10-06,2.12014896
2013-10-07,2.126249
2013-10-08,2.13762894
2013-10-09,2.15267013
2013-10-10,2.16263506
2013-10-11,2.16817047
2013-10-12,2.174057
2013-10-13,2.2466238
2013-10-14,2.28766824
2013-10-15,2.37863355
2013-10-16,2.31116231
2013-10-17,2.38998533
2013-10-18,2.52745724
2013-10-19,2.71725799
2013-10-20,2.71537286
2013-10-21,2.87138391
2013-10-22,2.97641992
2013-10-23,3.12646993
2013-10-24,2.94581752
2013-10-25,2.72008931
2013-10-26,2.63011758
2013-10-27,2.83044183
2013-10-28,2.84330802
2013-10-29,2.92026025
2013-10-30,2.81514522
2013-10-31,2.87412323
2013-11-01,2.85280581
2013-11-02,2.86731813
2013-11-03,2.92760426
2013-11-04,3.1028572
2013-11-05,3.23550814
2013-11-06,3.44238515
2013-11-07,3.65033333
2013-11-08,4.05004446
2013-11-09,3.9318261
2013-11-10,3.83414476
2013-11-11,3.93601752
2013-11-12,3.97746675
2013-11-13,4.2842717
2013-11-14,4.37591685
2013-11-15,4.19286144
2013-11-16,4.38705732
2013-11-17,4.73725385
2013-11-18,5.88406778
2013-11-19,4.73213355
2013-11-20,4.91891962
2013-11-21,5.68827806
2013-11-22,5.68433725
2013-11-23,5.59412815
2013-11-24,5.296892
2013-11-25,5.13246251
2013-11-26,5.08521124
2013-11-27,5.07240404
2013-11-28,5.00804872
2013-11-29,5.25316203
2013-11-30,5.06423911
2013-12-01,4.31245878
2013-12-02,4.55216972
2013-12-03,4.5167953
2013-12-04,4.71817918
2013-12-05,4.1962207
2013-12-06,3.37225697
2013-12-07,2.86818513
2013-12-08,3.17322401
2013-12-09,3.60228356
2013-12-10,3.88194448
2013-12-11,3.43846013
2013-12-12,3.41655496
2013-12-13,3.40755236
2013-12-14,3.3146272
2013-12-15,3.34036895
2013-12-16,2.62754698
2013-12-17,2.64569174
2013-12-18,2.04906035
2013-12-19,2.65997338
2013-12-20,2.33082877
2013-12-21,2.28074868
2013-12-22,2.38571042
2013-12-23,2.54494127
2013-12-24,2.46859013
2013-12-25,2.56119713
2013-12-26,2.81662728
2013-12-27,2.69881739
2013-12-28,2.67127051
2013-12-29,2.70995202
2013-12-30,2.73973508
2013-12-31,2.71424112
2014-01-01,2.79859382
2014-01-02,2.90688604
2014-01-03,2.97276592
2014-01-04,3.00082617
2014-01-05,3.23751863
2014-01-06,3.25855458
2014-01-07,2.85648041
2014-01-08,2.89105715
2014-01-09,2.91922133
2014-01-10,2.98942387
2014-01-11,3.08800818
2014-01-12,2.92251348
2014-01-13,2.83904175
2014-01-14,2.80186801
2014-01-15,2.87183201
2014-01-16,2.77584537
2014-01-17,2.69438096
2014-01-18,2.74847429
2014-01-19,2.83776277
2014-01-20,2.79830469
2014-01-21,2.77609902
2014-01-22,2.75067841
2014-01-23,2.72035724
2014-01-24,2.61463948
2014-01-25,2.68630023
2014-01-26,2.7159709
2014-01-27,2.47713004
2014-01-28,2.62930512
2014-01-29,2.63373693
2014-01-30,2.64884556
2014-01-31,2.65797129
2014-02-01,2.67963991
2014-02-02,2.68024654
2014-02-03,2.65176796
2014-02-04,2.627458
2014-02-05,2.49283475
2014-02-06,2.4248508
2014-02-07,2.26379227
2014-02-08,2.15811443
2014-02-09,2.18797536
2014-02-10,2.1809637
2014-02-11,2.13932234
2014-02-12,2.08400611
2014-02-13,1.95543342
2014-02-14,2.12998114
2014-02-15,2.08368328
2014-02-16,1.98508729
2014-02-17,2.01155832
2014-02-18,1.99849686
2014-02-19,1.9894402
2014-02-20,1.80129677
2014-02-21,1.85383269
2014-02-22,1.93944631
2014-02-23,1.94857991
2014-02-24,1.7420652
2014-02-25,1.72827883
2014-02-26,1.89989181
2014-02-27,1.89448535
2014-02-28,1.78120748
2014-03-01,1.83532329
2014-03-02,1.80787101
2014-03-03,2.18083347
2014-03-04,2.17294282
2014-03-05,2.15549405
2014-03-06,2.14266138
2014-03-07,1.96402906
2014-03-08,1.93041869
2014-03-09,1.95221351
2014-03-10,1.9107893
2014-03-11,1.92512349
2014-03-12,1.92370225
2014-03-13,1.94782915
2014-03-14,1.90343662
2014-03-15,1.92641386
2014-03-16,1.91927821
2014-03-17,1.88442201
2014-03-18,1.85742156
2014-03-19,1.84533875
2014-03-20,1.77477734
2014-03-21,1.71786219
2014-03-22,1.7024792
2014-03-23,1.68536505
2014-03-24,1.76264446
2014-03-25,1.75724218
2014-03-26,1.74314104
2014-03-27,1.4579435
2014-03-28,1.50668923
2014-03-29,1.47991892
2014-03-30,1.38999605
2014-03-31,1.38223661
2014-04-01,1.45469684
2014-04-02,1.33564877
2014-04-03,1.36778873
2014-04-04,1.36964635
2014-04-05,1.41084013
2014-04-06,1.40141439
2014-04-07,1.37167544
2014-04-08,1.38533994
2014-04-09,1.35469234
2014-04-10,1.1286601
2014-04-11,1.30082437
2014-04-12,1.30827456
2014-04-13,1.28401659
2014-04-14,1.42132931
2014-04-15,1.60547388
2014-04-16,1.62848084
2014-04-17,1.53010414
2014-04-18,1.48000554
2014-04-19,1.54481447
2014-04-20,1.53703688
2014-04-21,1.52622244
2014-04-22,1.50076937
2014-04-23,1.5016104
2014-04-24,1.53947611
2014-04-25,1.42807837
2014-04-26,1.4063299
2014-04-27,1.34395279
2014-04-28,1.35421878
2014-04-29,1.37364362
2014-04-30,1.37742743
2014-05-01,1.41200262
2014-05-02,1.38757157
2014-05-03,1.34737725
2014-05-04,1.34079342
2014-05-05,1.32836701
2014-05-06,1.32260352
2014-05-07,1.36002582
2014-05-08,1.35471389
2014-05-09,1.39224562
2014-05-10,1.4045981
2014-05-11,1.3505933
2014-05-12,1.3576711
2014-05-13,1.35114784
2014-05-14,1.36967388
2014-05-15,1.37634402
2014-05-16,1.38233452
2014-05-17,1.38379554
2014-05-18,1.37668474
2014-05-19,1.37835145
2014-05-20,1.50867507
2014-05-21,1.51856262
2014-05-22,1.61686251
2014-05-23,1.60608676
2014-05-24,1.61622687
2014-05-25,1.7510962
2014-05-26,1.78420425
2014-05-27,1.7360648
2014-05-28,1.74983943
2014-05-29,1.72220405
2014-05-30,1.86223265
2014-05-31,1.87963895
2014-06-01,1.88300736
2014-06-02,1.97543263
2014-06-03,1.99693718
2014-06-04,1.90998921
2014-06-05,1.95863649
2014-06-06,1.92408683
2014-06-07,1.94195206
2014-06-08,1.94276934
2014-06-09,1.91093556
2014-06-10,1.91468487
2014-06-11,1.8557786
2014-06-12,1.71579412
2014-06-13,1.72900225
2014-06-14,1.6672379
2014-06-15,1.70763012
2014-06-16,1.70895309
2014-06-17,1.76144005
2014-06-18,1.75639628
2014-06-19,1.72175665
2014-06-20,1.70893923
2014-06-21,1.71186032
2014-06-22,1.73072722
2014-06-23,1.70033791
2014-06-24,1.67166269
2014-06-25,1.62093285
2014-06-26,1.67219737
2014-06-27,1.72780213
2014-06-28,1.70918053
2014-06-29,1.72411286
2014-06-30,1.82938369
2014-07-01,1.83761917
2014-07-02,1.85565119
2014-07-03,1.83854971
2014-07-04,1.79270708
2014-07-05,1.79121232
2014-07-06,1.80217443
2014-07-07,1.76756914
2014-07-08,1.77273738
2014-07-09,1.76136723
2014-07-10,1.74495565
2014-07-11,1.79446067
2014-07-12,1.80030291
2014-07-13,1.77957268
2014-07-14,1.74898486
2014-07-15,1.75571279
2014-07-16,1.73946637
2014-07-17,1.76036866
2014-07-18,1.77738508
2014-07-19,1.77274463
2014-07-20,1.76080313
2014-07-21,1.74762284
2014-07-22,1.74270129
2014-07-23,1.74066345
2014-07-24,1.69279908
2014-07-25,1.68863136
2014-07-26,1.66914747
2014-07-27,1.65995112
2014-07-28,1.64850401
2014-07-29,1.63937643
2014-07-30,1.58077127
2014-07-31,1.63310806
2014-08-01,1.67172212
2014-08-02,1.65218507
2014-08-03,1.64362281
2014-08-04,1.64417187
2014-08-05,1.61859835
2014-08-06,1.61916711
2014-08-07,1.62893008
2014-08-08,1.63661291
2014-08-09,1.63562717
2014-08-10,1.63601768
2014-08-11,1.59181557
2014-08-12,1.57747585
2014-08-13,1.52247712
2014-08-14,1.40529956
2014-08-15,1.39272818
2014-08-16,1.4519714
2014-08-17,1.38521881
2014-08-18,1.30849176
2014-08-19,1.35854035
2014-08-20,1.43685004
2014-08-21,1.44883851
2014-08-22,1.43998218
2014-08-23,1.38794257
2014-08-24,1.41936719
2014-08-25,1.40049218
2014-08-26,1.4286897
2014-08-27,1.42412594
2014-08-28,1.41962708
2014-08-29,1.4275503
2014-08-30,1.40634187
2014-08-31,1.34266216
2014-09-01,1.33136652
2014-09-02,1.33208957
2014-09-03,1.33099316
2014-09-04,1.37428858
2014-09-05,1.34365527
2014-09-06,1.34865874
2014-09-07,1.34317011
2014-09-08,1.31734021
2014-09-09,1.33112394
2014-09-10,1.34373558
2014-09-11,1.34256122
2014-09-12,1.33422001
2014-09-13,1.34529696
2014-09-14,1.33870825
2014-09-15,1.33078173
2014-09-16,1.30741226
2014-09-17,1.28560635
2014-09-18,1.20503333
2014-09-19,1.11512348
2014-09-20,1.16620763
2014-09-21,1.1367134
2014-09-22,1.13884767
2014-09-23,1.2456203
2014-09-24,1.20431489
2014-09-25,1.16485544
2014-09-26,1.15453429
2014-09-27,1.14181027
2014-09-28,1.07103907
2014-09-29,1.0668785
2014-09-30,1.1140296
2014-10-01,1.09708972
2014-10-02,1.06843242
2014-10-03,1.02941189
2014-10-04,0.9484552
2014-10-05,0.93172895
2014-10-06,0.95087199
2014-10-07,0.97154668
2014-10-08,1.03194969
2014-10-09,1.05462843
2014-10-10,1.04743744
2014-10-11,1.05694518
2014-10-12,1.10393506
2014-10-13,1.14335604
2014-10-14,1.16884486
2014-10-15,1.15308824
2014-10-16,1.11729203
2014-10-17,1.11813531
2014-10-18,1.14449554
2014-10-19,1.13688775
2014-10-20,1.11540138
2014-10-21,1.1273598
2014-10-22,1.11497797
2014-10-23,1.04769288
2014-10-24,1.04955841
2014-10-25,1.01613431
2014-10-26,1.03785791
2014-10-27,1.02988218
2014-10-28,1.04388822
2014-10-29,0.98355448
2014-10-30,1.01672909
2014-10-31,0.99675714
2014-11-01,0.95963351
2014-11-02,0.95980572
2014-11-03,0.96404683
2014-11-04,0.97805226
2014-11-05,1.00559416
2014-11-06,1.03634538
2014-11-07,1.01476248
2014-11-08,1.02534954
2014-11-09,1.07917955
2014-11-10,1.0847227
2014-11-11,1.09194006
2014-11-12,1.25193043
2014-11-13,1.24597359
2014-11-14,1.1770509
2014-11-15,1.11736503
2014-11-16,1.15327838
2014-11-17,1.14624262
2014-11-18,1.10670813
2014-11-19,1.1187722
2014-11-20,1.05691479
2014-11-21,1.04171403
2014-11-22,1.04704666
2014-11-23,1.09252099
2014-11-24,1.11975677
2014-11-25,1.11940193
2014-11-26,1.09262566
2014-11-27,1.09877029
2014-11-28,1.13429879
2014-11-29,1.12906205
2014-11-30,1.13677757
2014-12-01,1.13825789
2014-12-02,1.1510639
2014-12-03,1.13011906
2014-12-04,1.11229742
2014-12-05,1.1410958
2014-12-06,1.13129289
2014-12-07,1.13597735
2014-12-08,1.10418082
2014-12-09,1.06761307
2014-12-10,1.06041309
2014-12-11,1.06328138
2014-12-12,1.07767689
2014-12-13,1.06591465
2014-12-14,1.08689147
2014-12-15,1.06028962
2014-12-16,1.00469489
2014-12-17,0.98028857
2014-12-18,0.96077271
2014-12-19,0.97619248
2014-12-20,1.01306177
2014-12-21,0.98778637
2014-12-22,1.0214974
2014-12-23,1.03954357
2014-12-24,0.99961153
2014-12-25,0.98749454
2014-12-26,1.01929944
2014-12-27,0.97876537
2014-12-28,0.98276009
2014-12-29,0.97130504
2014-12-30,0.9677018
2014-12-31,1.00093553
2015-01-01,0.98274685
2015-01-02,0.98668726
2015-01-03,0.89443575
2015-01-04,0.826303
2015-01-05,0.86470946
2015-01-06,0.90423431
2015-01-07,0.93577843
2015-01-08,0.89651769
2015-01-09,0.9241025
2015-01-10,0.87375367
2015-01-11,0.85069708
2015-01-12,0.85146752
2015-01-13,0.71350593
2015-01-14,0.56357972
2015-01-15,0.68179854
2015-01-16,0.66753485
2015-01-17,0.64325099
2015-01-18,0.68000493
2015-01-19,0.69895138
2015-01-20,0.68366065
2015-01-21,0.73912676
2015-01-22,0.75789177
2015-01-23,0.75661441
2015-01-24,0.8081469
2015-01-25,0.8258294
2015-01-26,0.89147229
2015-01-27,0.86202293
2015-01-28,0.76846781
2015-01-29,0.76357085
2015-01-30,0.74804548
2015-01-31,0.71163625
2015-02-01,0.74387279
2015-02-02,0.78676033
2015-02-03,0.74694335
2015-02-04,0.7443882
2015-02-05,0.71333929
2015-02-06,0.73237364
2015-02-07,0.75214553
2015-02-08,0.73731062
2015-02-09,0.72729218
2015-02-10,0.72810409
2015-02-11,0.72439005
2015-02-12,0.73482642
2015-02-13,0.78098836
2015-02-14,0.85038033
2015-02-15,0.7743708
2015-02-16,0.77684571
2015-02-17,0.80607357
2015-02-18,0.78023417
2015-02-19,0.80139075
2015-02-20,0.81236962
2015-02-21,0.81269734
2015-02-22,0.78366869
2015-02-23,0.79211394
2015-02-24,0.79522354
2015-02-25,0.79086428
2015-02-26,0.78721981
2015-02-27,0.8470053
2015-02-28,0.84675657
2015-03-01,0.86514949
2015-03-02,0.91679724
2015-03-03,0.9391453
2015-03-04,0.90841341
2015-03-05,0.91835146
2015-03-06,0.90850025
2015-03-07,0.91980286
2015-03-08,0.91749265
2015-03-09,0.96777239
2015-03-10,0.9731036
2015-03-11,0.98702529
2015-03-12,0.98143882
2015-03-13,0.95005909
2015-03-14,0.94250473
2015-03-15,0.95476771
2015-03-16,0.96883474
2015-03-17,0.94842564
2015-03-18,0.85686576
2015-03-19,0.87346947
2015-03-20,0.87674824
2015-03-21,0.87101347
2015-03-22,0.89689624
2015-03-23,0.89015559
2015-03-24,0.8245462
2015-03-25,0.82488492
2015-03-26,0.834809
2015-03-27,0.82811622
2015-03-28,0.84785463
2015-03-29,0.81383575
2015-03-30,0.83226724
2015-03-31,0.82051756
2015-04-01,0.83080879
2015-04-02,0.85233643
2015-04-03,0.85676268
2015-04-04,0.85381712
2015-04-05,0.87790912
2015-04-06,0.86213123
2015-04-07,0.85722526
2015-04-08,0.82735719
2015-04-09,0.82153081
2015-04-10,0.7967323
2015-04-11,0.80216867
2015-04-12,0.80176151
2015-04-13,0.76357046
2015-04-14,0.74489185
2015-04-15,0.75926768
2015-04-16,0.77719921
2015-04-17,0.75827898
2015-04-18,0.76055574
2015-04-19,0.76035314
2015-04-20,0.76631946
2015-04-21,0.80085177
2015-04-22,0.79730639
2015-04-23,0.80445024
2015-04-24,0.78956794
2015-04-25,0.77276772
2015-04-26,0.75294572
2015-04-27,0.77665961
2015-04-28,0.77087913
2015-04-29,0.77154151
2015-04-30,0.80792304
2015-05-01,0.7959527
2015-05-02,0.80559481
2015-05-03,0.8223728
2015-05-04,0.81741779
2015-05-05,0.80768013
2015-05-06,0.78562752
2015-05-07,0.81202047
2015-05-08,0.83681725
2015-05-09,0.83113721
2015-05-10,0.82457424
2015-05-11,0.83050336
2015-05-12,0.83069449
2015-05-13,0.81161902
2015-05-14,0.81336253
2015-05-15,0.81536167
2015-05-16,0.80981981
2015-05-17,0.81389832
2015-05-18,0.80026593
2015-05-19,0.79745588
2015-05-20,0.80520035
2015-05-21,0.81004487
2015-05-22,0.82662537
2015-05-23,0.8221977
2015-05-24,0.82826864
2015-05-25,0.81597835
2015-05-26,0.8155281
2015-05-27,0.81731823
2015-05-28,0.81693429
2015-05-29,0.81601049
2015-05-30,0.80519424
2015-05-31,0.79414393
2015-06-01,0.77376466
2015-06-02,0.78141163
2015-06-03,0.781559
2015-06-04,0.77606861
2015-06-05,0.78040202
2015-06-06,0.78204257
2015-06-07,0.77660755
2015-06-08,0.79532581
2015-06-09,0.79751177
2015-06-10,0.79522298
2015-06-11,0.79912895
2015-06-12,0.79991673
2015-06-13,0.81144066
2015-06-14,0.80992401
2015-06-15,0.8248878
2015-06-16,0.87513216
2015-06-17,0.86325931
2015-06-18,0.86709753
2015-06-19,0.85251691
2015-06-20,0.85520736
2015-06-21,0.85070324
2015-06-22,0.86017515
2015-06-23,0.85051054
2015-06-24,0.8379559
2015-06-25,0.8448489
2015-06-26,0.84717268
2015-06-27,0.87686139
2015-06-28,0.86825845
2015-06-29,0.89447788
2015-06-30,0.91895089
2015-07-01,0.89877462
2015-07-02,0.88759905
2015-07-03,0.89360593
2015-07-04,0.90895603
2015-07-05,0.94652746
2015-07-06,0.93879668
2015-07-07,0.92913382
2015-07-08,0.94328042
2015-07-09,0.94097662
2015-07-10,0.99548676
2015-07-11,1.02415822
2015-07-12,1.08367916
2015-07-13,1.0183322
2015-07-14,1.00130096
2015-07-15,0.9949258
2015-07-16,0.96964467
2015-07-17,0.97483547
2015-07-18,0.96571539
2015-07-19,0.95860718
2015-07-20,0.97272012
2015-07-21,0.96438518
2015-07-22,0.96830559
2015-07-23,0.96492102
2015-07-24,1.00796633
2015-07-25,1.00828547
2015-07-26,1.02127006
2015-07-27,1.02492676
2015-07-28,1.02815783
2015-07-29,1.00910193
2015-07-30,1.00375693
2015-07-31,0.99098704
2015-08-01,0.98089158
2015-08-02,0.98353023
2015-08-03,0.98277599
2015-08-04,0.99397021
2015-08-05,0.98382413
2015-08-06,0.97232925
2015-08-07,0.97419688
2015-08-08,0.91166096
2015-08-09,0.93317694
2015-08-10,0.92856137
2015-08-11,0.95127646
2015-08-12,0.93998135
2015-08-13,0.92822959
2015-08-14,0.93435614
2015-08-15,0.91933993
2015-08-16,0.90950511
2015-08-17,0.90668516
2015-08-18,0.76798027
2015-08-19,0.80186184
2015-08-20,0.83203851
2015-08-21,0.82326318
2015-08-22,0.81611734
2015-08-23,0.8092317
2015-08-24,0.75213176
2015-08-25,0.79407506
2015-08-26,0.80814493
2015-08-27,0.80418084
2015-08-28,0.82998858
2015-08-29,0.82198826
2015-08-30,0.81927215
2015-08-31,0.82540167
2015-09-01,0.81598508
2015-09-02,0.82188383
2015-09-03,0.81397546
2015-09-04,0.82872426
2015-09-05,0.8456626
2015-09-06,0.86322379
2015-09-07,0.86259401
2015-09-08,0.87516289
2015-09-09,0.85581756
2015-09-10,0.85661875
2015-09-11,0.86421443
2015-09-12,0.84831164
2015-09-13,0.82782905
2015-09-14,0.82963832
2015-09-15,0.82794791
2015-09-16,0.82333716
2015-09-17,0.83834106
2015-09-18,0.83835706
2015-09-19,0.83518355
2015-09-20,0.83222368
2015-09-21,0.81585049
2015-09-22,0.82986426
2015-09-23,0.82892525
2015-09-24,0.84398148
2015-09-25,0.8484784
2015-09-26,0.84518839
2015-09-27,0.84044962
2015-09-28,0.86502832
2015-09-29,0.85547192
2015-09-30,0.85345406
2015-10-01,0.85908051
2015-10-02,0.85804128
2015-10-03,0.86449878
2015-10-04,0.86381713
2015-10-05,0.86904243
2015-10-06,0.89045639
2015-10-07,0.87953074
2015-10-08,0.87738611
2015-10-09,0.88249178
2015-10-10,0.88802862
2015-10-11,0.89733993
2015-10-12,0.88965466
2015-10-13,0.9052258
2015-10-14,0.91550869
2015-10-15,0.92101163
2015-10-16,0.94954679
2015-10-17,0.98206419
2015-10-18,0.9516082
2015-10-19,0.95474467
2015-10-20,0.97727168
2015-10-21,0.96713256
2015-10-22,0.99332361
2015-10-23,1.00428416
2015-10-24,1.02166516
2015-10-25,1.02981363
2015-10-26,1.03170839
2015-10-27,1.06222316
2015-10-28,1.09230955
2015-10-29,1.12707436
2015-10-30,1.17145113
2015-10-31,1.11900853
2015-11-01,1.17301764
2015-11-02,1.29040009
2015-11-03,1.40849617
2015-11-04,1.41400867
2015-11-05,1.33554498
2015-11-06,1.29585462
2015-11-07,1.33922357
2015-11-08,1.29084893
2015-11-09,1.31634235
2015-11-10,1.1732578
2015-11-11,1.07637834
2015-11-12,1.17484219
2015-11-13,1.17320189
2015-11-14,1.15846495
2015-11-15,1.113692
2015-11-16,1.15257372
2015-11-17,1.16708912
2015-11-18,1.16637111
2015-11-19,1.13381269
2015-11-20,1.11922908
2015-11-21,1.13292142
2015-11-22,1.12503742
2015-11-23,1.12274649
2015-11-24,1.11232756
2015-11-25,1.14323112
2015-11-26,1.23571942
2015-11-27,1.24471977
2015-11-28,1.23492724
2015-11-29,1.28597204
2015-11-30,1.30285581
2015-12-01,1.25175777
2015-12-02,1.2400996
2015-12-03,1.24663471
2015-12-04,1.25296246
2015-12-05,1.34032565
2015-12-06,1.35140208
2015-12-07,1.35604281
2015-12-08,1.41573376
2015-12-09,1.4230962
2015-12-10,1.4147374
2015-12-11,1.53766856
2015-12-12,1.47529212
2015-12-13,1.46917519
2015-12-14,1.49347951
2015-12-15,1.5607304
2015-12-16,1.52430436
2015-12-17,1.52913908
2015-12-18,1.54887254
2015-12-19,1.5407991
2015-12-20,1.47646827
2015-12-21,1.46115451
2015-12-22,1.45244997
2015-12-23,1.47498552
2015-12-24,1.51648924
2015-12-25,1.51327284
2015-12-26,1.39046843
2015-12-27,1.40524438
2015-12-28,1.39984175
2015-12-29,1.43330598
2015-12-30,1.41549314
2015-12-31,1.42597532
2016-01-01,1.44202141
2016-01-02,1.44085731
2016-01-03,1.42578556
2016-01-04,1.4358758
2016-01-05,1.43257229
2016-01-06,1.42542709
2016-01-07,1.51365061
2016-01-08,1.49531085
2016-01-09,1.48063286
2016-01-10,1.47362064
2016-01-11,1.4731839
2016-01-12,1.44857001
2016-01-13,1.41794151
2016-01-14,1.4098903
2016-01-15,1.21085056
2016-01-16,1.2771992
2016-01-17,1.25902054
2016-01-18,1.26741248
2016-01-19,1.24584593
2016-01-20,1.3822596
2016-01-21,1.34524409
2016-01-22,1.25973209
2016-01-23,1.27705234
2016-01-24,1.33208711
2016-01-25,1.29373682
2016-01-26,1.29079002
2016-01-27,1.3020216
2016-01-28,1.25165178
2016-01-29,1.2534027
2016-01-30,1.24726247
2016-01-31,1.21190019
2016-02-01,1.23041296
2016-02-02,1.236387
2016-02-03,1.22129665
2016-02-04,1.29128531
2016-02-05,1.27387646
2016-02-06,1.24218056
2016-02-07,1.24380766
2016-02-08,1.23006764
2016-02-09,1.23955252
2016-02-10,1.25743769
2016-02-11,1.25239109
2016-02-12,1.26735993
2016-02-13,1.29090383
2016-02-14,1.34395157
2016-02-15,1.32080872
2016-02-16,1.34439265
2016-02-17,1.36891644
2016-02-18,1.387065
2016-02-19,1.37990407
2016-02-20,1.44479793
2016-02-21,1.43896168
2016-02-22,1.43388713
2016-02-23,1.37701655
2016-02-24,1.38888584
2016-02-25,1.38869889
2016-02-26,1.4125491
2016-02-27,1.41577688
2016-02-28,1.41489813
2016-02-29,1.42718873
2016-03-01,1.40836687
2016-03-02,1.37665947
2016-03-03,1.36370699
2016-03-04,1.32762119
2016-03-05,1.29300875
2016-03-06,1.31351951
2016-03-07,1.34309201
2016-03-08,1.33712484
2016-03-09,1.3411659
2016-03-10,1.35270133
2016-03-11,1.36229072
2016-03-12,1.33231582
2016-03-13,1.33700014
2016-03-14,1.34667706
2016-03-15,1.34702813
2016-03-16,1.3520056
2016-03-17,1.35638731
2016-03-18,1.32505057
2016-03-19,1.32598423
2016-03-20,1.33522284
2016-03-21,1.33302131
2016-03-22,1.34807127
2016-03-23,1.35020487
2016-03-24,1.33729801
2016-03-25,1.34555077
2016-03-26,1.34628144
2016-03-27,1.37287033
2016-03-28,1.36375683
2016-03-29,1.3408893
2016-03-30,1.3308193
2016-03-31,1.34039332
2016-04-01,1.3439179
2016-04-02,1.35165651
2016-04-03,1.35223224
2016-04-04,1.35014818
2016-04-05,1.35890201
2016-04-06,1.35566372
2016-04-07,1.35117853
2016-04-08,1.34214463
2016-04-09,1.34233375
2016-04-10,1.35084023
2016-04-11,1.35449753
2016-04-12,1.36654458
2016-04-13,1.35807492
2016-04-14,1.36084658
2016-04-15,1.37555561
2016-04-16,1.37971516
2016-04-17,1.37038391
2016-04-18,1.37101446
2016-04-19,1.39507656
2016-04-20,1.41003606
2016-04-21,1.43844551
2016-04-22,1.42445756
2016-04-23,1.44126699
2016-04-24,1.46984701
2016-04-25,1.47288881
2016-04-26,1.48393742
2016-04-27,1.40953828
2016-04-28,1.4252343
2016-04-29,1.44285983
2016-04-30,1.42025882
2016-05-01,1.43481218
2016-05-02,1.40306525
2016-05-03,1.42352585
2016-05-04,1.41279571
2016-05-05,1.41534562
2016-05-06,1.45231269
2016-05-07,1.45028008
2016-05-08,1.44965118
2016-05-09,1.45525025
2016-05-10,1.41626148
2016-05-11,1.42414735
2016-05-12,1.42876187
2016-05-13,1.43336991
2016-05-14,1.43505829
2016-05-15,1.44303466
2016-05-16,1.42545539
2016-05-17,1.41546718
2016-05-18,1.41776705
2016-05-19,1.36583656
2016-05-20,1.37946798
2016-05-21,1.38433791
2016-05-22,1.37324466
2016-05-23,1.38378129
2016-05-24,1.38792754
2016-05-25,1.40185071
2016-05-26,1.41287581
2016-05-27,1.46115986
2016-05-28,1.63473944
2016-05-29,1.61944736
2016-05-30,1.63256643
2016-05-31,1.62098355
2016-06-01,1.63749336
2016-06-02,1.63594156
2016-06-03,1.72607424
2016-06-04,1.73508921
2016-06-05,1.73449123
2016-06-06,1.76124697
2016-06-07,1.73648602
2016-06-08,1.74643017
2016-06-09,1.7262705
2016-06-10,1.73124783
2016-06-11,1.80308386
2016-06-12,1.97978904
2016-06-13,2.05438766
2016-06-14,1.99146107
2016-06-15,2.00817303
2016-06-16,2.18424554
2016-06-17,2.12593041
2016-06-18,2.14155867
2016-06-19,2.15941186
2016-06-20,2.03279428
2016-06-21,1.88290437
2016-06-22,1.68209991
2016-06-23,1.77191858
2016-06-24,1.86988311
2016-06-25,1.87909186
2016-06-26,1.7731205
2016-06-27,1.83085813
2016-06-28,1.81560781
2016-06-29,1.79144978
2016-06-30,1.88463722
2016-07-01,1.89054098
2016-07-02,1.95662702
2016-07-03,1.84470645
2016-07-04,1.89000024
2016-07-05,1.85502138
2016-07-06,1.87853142
2016-07-07,1.77579285
2016-07-08,1.8419359
2016-07-09,1.80354226
2016-07-10,1.79645545
2016-07-11,1.79504742
2016-07-12,1.84676287
2016-07-13,1.81377039
2016-07-14,1.81967435
2016-07-15,1.83455167
2016-07-16,1.82935184
2016-07-17,1.86895135
2016-07-18,1.8515086
2016-07-19,1.8472273
2016-07-20,1.82663887
2016-07-21,1.82456417
2016-07-22,1.7803472
2016-07-23,1.79860084
2016-07-24,1.80565737
2016-07-25,1.78771375
2016-07-26,1.78522608
2016-07-27,1.78796338
2016-07-28,1.78683669
2016-07-29,1.78935642
2016-07-30,1.78228347
2016-07-31,1.7008979
2016-08-01,1.6531908
2016-08-02,1.44664432
2016-08-03,1.56457026
2016-08-04,1.59778327
2016-08-05,1.59141223
2016-08-06,1.61723105
2016-08-07,1.62732927
2016-08-08,1.6187062
2016-08-09,1.6089797
2016-08-10,1.61532499
2016-08-11,1.61439329
2016-08-12,1.60770275
2016-08-13,1.60245343
2016-08-14,1.56450982
2016-08-15,1.55189891
2016-08-16,1.58343489
2016-08-17,1.5706748
2016-08-18,1.56943471
2016-08-19,1.57097556
2016-08-20,1.58942926
2016-08-21,1.5862522
2016-08-22,1.5971444
2016-08-23,1.5907111
2016-08-24,1.58033884
2016-08-25,1.5702844
2016-08-26,1.57746065
2016-08-27,1.55410904
2016-08-28,1.56720759
2016-08-29,1.56317394
2016-08-30,1.56851349
2016-08-31,1.55808288
2016-09-01,1.55789624
2016-09-02,1.57001279
2016-09-03,1.63244029
2016-09-04,1.65865731
2016-09-05,1.64951295
2016-09-06,1.66267259
2016-09-07,1.6686166
2016-09-08,1.70667998
2016-09-09,1.68507108
2016-09-10,1.68900378
2016-09-11,1.64409449
2016-09-12,1.64235516
2016-09-13,1.64324029
2016-09-14,1.64445893
2016-09-15,1.63757095
2016-09-16,1.63843679
2016-09-17,1.63684292
2016-09-18,1.64735892
2016-09-19,1.63980889
2016-09-20,1.63608322
2016-09-21,1.60558003
2016-09-22,1.60186568
2016-09-23,1.61963842
2016-09-24,1.62065676
2016-09-25,1.61373559
2016-09-26,1.62933517
2016-09-27,1.62414841
2016-09-28,1.62251024
2016-09-29,1.62353046
2016-09-30,1.63296882
2016-10-01,1.64973693
2016-10-02,1.63963562
2016-10-03,1.64023485
2016-10-04,1.63178451
2016-10-05,1.63673816
2016-10-06,1.63502177
2016-10-07,1.65057413
2016-10-08,1.65345115
2016-10-09,1.6471487
2016-10-10,1.64905635
2016-10-11,1.71172286
2016-10-12,1.69165254
2016-10-13,1.68770306
2016-10-14,1.69764855
2016-10-15,1.6909697
2016-10-16,1.70485941
2016-10-17,1.69213973
2016-10-18,1.6808924
2016-10-19,1.66452177
2016-10-20,1.66126571
2016-10-21,1.66533193
2016-10-22,1.72581278
2016-10-23,1.71807394
2016-10-24,1.71141678
2016-10-25,1.72432365
2016-10-26,1.77111563
2016-10-27,1.79615707
2016-10-28,1.80415758
2016-10-29,1.8651885
2016-10-30,1.8226058
2016-10-31,1.81838639
2016-11-01,1.89570499
2016-11-02,1.91748494
2016-11-03,1.78730294
2016-11-04,1.82526343
2016-11-05,1.82779984
2016-11-06,1.84962453
2016-11-07,1.82330887
2016-11-08,1.83441017
2016-11-09,1.85565551
2016-11-10,1.83311387
2016-11-11,1.83712016
2016-11-12,1.80622068
2016-11-13,1.80498214
2016-11-14,1.80858594
2016-11-15,1.82341234
2016-11-16,1.89261677
2016-11-17,1.87204522
2016-11-18,1.90458043
2016-11-19,1.90689799
2016-11-20,1.85356329
2016-11-21,1.86694042
2016-11-22,1.89259128
2016-11-23,1.86965336
2016-11-24,1.85483303
2016-11-25,1.85929274
2016-11-26,1.84525241
2016-11-27,1.82681448
2016-11-28,1.83082068
2016-11-29,1.83343351
2016-11-30,1.85741761
2016-12-01,1.88258493
2016-12-02,1.92399804
2016-12-03,1.89395129
2016-12-04,1.89327742
2016-12-05,1.85781173
2016-12-06,1.87197007
2016-12-07,1.88398255
2016-12-08,1.88724567
2016-12-09,1.89591358
2016-12-10,1.90150182
2016-12-11,1.8880226
2016-12-12,1.90486371
2016-12-13,1.90337593
2016-12-14,1.89626794
2016-12-15,1.89136263
2016-12-16,1.90373524
2016-12-17,1.91920336
2016-12-18,1.91892195
2016-12-19,1.91635095
2016-12-20,1.93543766
2016-12-21,1.99546268
2016-12-22,2.05790608
2016-12-23,2.17751843
2016-12-24,2.11635351
2016-12-25,2.12388831
2016-12-26,2.13574409
2016-12-27,2.18144466
2016-12-28,2.2923126
2016-12-29,2.26582772
2016-12-30,2.23030531
2016-12-31,2.2443903
2017-01-01,2.30193946
2017-01-02,2.33524167
2017-01-03,2.35770988
2017-01-04,2.55770131
2017-01-05,2.23704042
2017-01-06,2.00164999
2017-01-07,2.0252978
2017-01-08,2.04304794
2017-01-09,2.02053011
2017-01-10,2.02492109
2017-01-11,1.76845775
2017-01-12,1.81077416
2017-01-13,1.85366729
2017-01-14,1.83889611
2017-01-15,1.84823542
2017-01-16,1.86155157
2017-01-17,2.0228738
2017-01-18,1.96641888
2017-01-19,2.01003826
2017-01-20,1.99263298
2017-01-21,2.05421871
2017-01-22,2.04635127
2017-01-23,2.03609568
2017-01-24,1.96451725
2017-01-25,1.97868447
2017-01-26,2.02100235
2017-01-27,2.02710253
2017-01-28,2.03067894
2017-01-29,2.00928142
2017-01-30,2.01726706
2017-01-31,2.11732767
2017-02-01,2.1532295
2017-02-02,2.19051199
2017-02-03,2.19895326
2017-02-04,2.23392412
2017-02-05,2.18915215
2017-02-06,2.20253705
2017-02-07,2.25911131
2017-02-08,2.25075614
2017-02-09,2.10032332
2017-02-10,2.12395089
2017-02-11,2.15345527
2017-02-12,2.14002159
2017-02-13,2.12270941
2017-02-14,2.14502476
2017-02-15,2.14664641
2017-02-16,2.19057597
2017-02-17,2.22822443
2017-02-18,2.22851853
2017-02-19,2.22135058
2017-02-20,2.27876692
2017-02-21,2.35331243
2017-02-22,2.3431243
2017-02-23,2.45151251
2017-02-24,2.42731203
2017-02-25,2.35507801
2017-02-26,2.41199874
2017-02-27,2.42985611
2017-02-28,2.41245373
2017-03-01,2.48115883
2017-03-02,2.53571034
2017-03-03,2.57132568
2017-03-04,2.52422599
2017-03-05,2.53213829
2017-03-06,2.53275359
2017-03-07,2.43376828
2017-03-08,2.27006537
2017-03-09,2.34691879
2017-03-10,2.16260738
2017-03-11,2.31121876
2017-03-12,2.41252703
2017-03-13,2.41079093
2017-03-14,2.41809563
2017-03-15,2.43048179
2017-03-16,2.27079494
2017-03-17,2.07020764
2017-03-18,1.86260387
2017-03-19,1.97134108
2017-03-20,2.00477708
2017-03-21,2.1395375
2017-03-22,1.99485875
2017-03-23,1.97800188
2017-03-24,1.8009221
2017-03-25,1.86294639
2017-03-26,1.85054884
2017-03-27,1.99869446
2017-03-28,1.9993941
2017-03-29,1.98727297
2017-03-30,1.98163667
2017-03-31,2.0572416
2017-04-01,2.06862352
2017-04-02,2.09581972
2017-04-03,2.16252803
2017-04-04,2.15325451
2017-04-05,2.13735782
2017-04-06,2.23959041
2017-04-07,2.22647362
2017-04-08,2.21001181
2017-04-09,2.2586269
2017-04-10,2.24975256
2017-04-11,2.27711178
2017-04-12,2.24625621
2017-04-13,2.16504122
2017-04-14,2.16522828
2017-04-15,2.1659084
2017-04-16,2.16125164
2017-04-17,2.18766073
2017-04-18,2.20166725
2017-04-19,2.21134437
2017-04-20,2.25276621
2017-04-21,2.26940479
2017-04-22,2.26016436
2017-04-23,2.26874872
2017-04-24,2.27570599
2017-04-25,2.3093693
2017-04-26,2.33216845
2017-04-27,2.4099622
2017-04-28,2.40107994
2017-04-29,2.41223986
2017-04-30,2.44637619
2017-05-01,2.52560356
2017-05-02,2.55708418
2017-05-03,2.6373993
2017-05-04,2.64748386
2017-05-05,2.61101197
2017-05-06,2.6710611
2017-05-07,2.58516798
2017-05-08,2.82026827
2017-05-09,2.8500152
2017-05-10,2.92992045
2017-05-11,2.98180004
2017-05-12,2.75847679
2017-05-13,2.86505128
2017-05-14,2.87984317
2017-05-15,2.77569902
2017-05-16,2.7951762
2017-05-17,2.85141326
2017-05-18,2.96696988
2017-05-19,3.05210147
2017-05-20,3.14988555
2017-05-21,3.12275546
2017-05-22,3.12461059
2017-05-23,3.32739524
2017-05-24,3.49513899
2017-05-25,3.29706174
2017-05-26,3.20703848
2017-05-27,2.87538901
2017-05-28,3.1100624
2017-05-29,3.1715195
2017-05-30,2.99605054
2017-05-31,3.14282004
2017-06-01,3.24185226
2017-06-02,3.32189022
2017-06-03,3.38499502
2017-06-04,3.33016911
2017-06-05,3.49837338
2017-06-06,3.68734337
2017-06-07,3.45563714
2017-06-08,3.54000799
2017-06-09,3.50908106
2017-06-10,3.60375711
2017-06-11,3.64019441
2017-06-12,3.22800548
2017-06-13,3.24114582
2017-06-14,2.919798
2017-06-15,2.87371971
2017-06-16,2.93413098
2017-06-17,3.1272984
2017-06-18,2.93677553
2017-06-19,3.00723619
2017-06-20,3.14552423
2017-06-21,3.02520974
2017-06-22,3.0574306
2017-06-23,3.04158628
2017-06-24,2.89910643
2017-06-25,2.82389576
2017-06-26,2.74177101
2017-06-27,2.84709982
2017-06-28,2.86973355
2017-06-29,2.83338619
2017-06-30,2.7235698
2017-07-01,2.67604439
2017-07-02,2.78455696
2017-07-03,2.8067694
2017-07-04,2.84851858
2017-07-05,2.84213614
2017-07-06,2.82784137
2017-07-07,2.70091753
2017-07-08,2.7563821
2017-07-09,2.70314378
2017-07-10,2.50667922
2017-07-11,2.5040635
2017-07-12,2.5607933
2017-07-13,2.52324473
2017-07-14,2.38547763
2017-07-15,2.15162881
2017-07-16,2.0725336
2017-07-17,2.38704005
2017-07-18,2.47286929
2017-07-19,2.41800668
2017-07-20,2.98008325
2017-07-21,2.80324324
2017-07-22,2.956705
2017-07-23,2.86830102
2017-07-24,2.8571688
2017-07-25,2.63175728
2017-07-26,2.58755545
2017-07-27,2.70895213
2017-07-28,2.77596935
2017-07-29,2.65045335
2017-07-30,2.63429117
2017-07-31,2.66440296
2017-08-01,2.51234417
2017-08-02,2.45667542
2017-08-03,2.51633659
2017-08-04,2.52690325
2017-08-05,2.8058202
2017-08-06,2.74360243
2017-08-07,2.8173808
2017-08-08,2.79701154
2017-08-09,2.70304955
2017-08-10,2.74911842
2017-08-11,2.89608699
2017-08-12,3.02040239
2017-08-13,3.12865374
2017-08-14,3.25544228
2017-08-15,3.11536106
2017-08-16,3.22936466
2017-08-17,3.14349195
2017-08-18,2.97541172
2017-08-19,2.97749577
2017-08-20,2.88932289
2017-08-21,2.8086644
2017-08-22,2.84203031
2017-08-23,2.86484514
2017-08-24,2.96780825
2017-08-25,2.96751747
2017-08-26,2.94348577
2017-08-27,2.93116239
2017-08-28,2.93365297
2017-08-29,3.03875355
2017-08-30,3.00669499
2017-08-31,3.06677185
2017-09-01,3.14249768
2017-09-02,2.91990917
2017-09-03,2.92473488
2017-09-04,2.75162247
2017-09-05,2.78742564
2017-09-06,2.86204183
2017-09-07,2.84583752
2017-09-08,2.66619471
2017-09-09,2.65540041
2017-09-10,2.59879339
2017-09-11,2.56454296
2017-09-12,2.53102364
2017-09-13,2.36797159
2017-09-14,1.99521056
2017-09-15,2.26320938
2017-09-16,2.26588756
2017-09-17,2.26478555
2017-09-18,2.47915064
2017-09-19,2.38109715
2017-09-20,2.3596557
2017-09-21,2.19309389
2017-09-22,2.19168978
2017-09-23,2.28253357
2017-09-24,2.22242941
2017-09-25,2.34287282
2017-09-26,2.32052467
2017-09-27,2.4968666
2017-09-28,2.47501585
2017-09-29,2.44954557
2017-09-30,2.54204123
2017-10-01,2.56194858
2017-10-02,2.55136556
2017-10-03,2.49742904
2017-10-04,2.44055834
2017-10-05,2.48286744
2017-10-06,2.50112549
2017-10-07,2.535902
2017-10-08,2.61523452
2017-10-09,2.68982061
2017-10-10,2.65170924
2017-10-11,2.68235621
2017-10-12,2.9735157
2017-10-13,3.05039678
2017-10-14,3.12159957
2017-10-15,3.05072713
2017-10-16,3.05813234
2017-10-17,2.95026635
2017-10-18,2.93164856
2017-10-19,2.96891932
2017-10-20,3.09805688
2017-10-21,3.09579617
2017-10-22,3.04834116
2017-10-23,2.93951363
2017-10-24,2.73999189
2017-10-25,2.83167233
2017-10-26,2.89701261
2017-10-27,2.82258819
2017-10-28,2.81072114
2017-10-29,2.99284618
2017-10-30,2.94639905
2017-10-31,3.07051562
2017-11-01,3.17194342
2017-11-02,3.26783421
2017-11-03,3.2996631
2017-11-04,3.37458714
2017-11-05,3.31955857
2017-11-06,3.12842422
2017-11-07,3.16064437
2017-11-08,3.2777098
2017-11-09,3.10220792
2017-11-10,2.86889448
2017-11-11,2.7353594
2017-11-12,2.4696982
2017-11-13,2.72664306
2017-11-14,2.74071229
2017-11-15,2.97614814
2017-11-16,3.15562228
2017-11-17,3.06551771
2017-11-18,3.06748215
2017-11-19,3.12664738
2017-11-20,3.18401839
2017-11-21,3.07693153
2017-11-22,3.11368282
2017-11-23,3.0255203
2017-11-24,3.04932356
2017-11-25,3.19796528
2017-11-26,3.34857257
2017-11-27,3.43189779
2017-11-28,3.42405668
2017-11-29,3.31618599
2017-11-30,3.33958212
2017-12-01,3.55287307
2017-12-02,3.54526509
2017-12-03,3.59996863
2017-12-04,3.65371219
2017-12-05,3.65310274
2017-12-06,4.21096815
2017-12-07,4.7166582
2017-12-08,4.34686442
2017-12-09,3.96460494
2017-12-10,4.00840979
2017-12-11,4.25607302
2017-12-12,4.23927385
2017-12-13,3.93575963
2017-12-14,3.8994793
2017-12-15,4.07868942
2017-12-16,4.43076633
2017-12-17,4.25193445
2017-12-18,4.12995773
2017-12-19,3.80550806
2017-12-20,3.49226172
2017-12-21,3.30154348
2017-12-22,3.01016272
2017-12-23,3.11960008
2017-12-24,2.92511724
2017-12-25,2.92950297
2017-12-26,3.23788307
2017-12-27,3.13118795
2017-12-28,2.90015736
2017-12-29,2.94080172
2017-12-30,2.60242905
2017-12-31,2.78726716
2018-01-01,2.69423548
2018-01-02,2.92544313
2018-01-03,2.96026687
2018-01-04,2.94402195
2018-01-05,3.26196426
2018-01-06,3.24692954
2018-01-07,3.04278121
2018-01-08,2.80152545
2018-01-09,2.69017079
2018-01-10,2.73334467
2018-01-11,2.45400706
2018-01-12,2.55762013
2018-01-13,2.63127775
2018-01-14,2.52606465
2018-01-15,2.50804935
2018-01-16,2.12079726
2018-01-17,2.07376393
2018-01-18,2.09352287
2018-01-19,2.129939
2018-01-20,2.37080852
2018-01-21,2.12617327
2018-01-22,2.00268788
2018-01-23,2.02766184
2018-01-24,2.09753554
2018-01-25,2.08000559
2018-01-26,2.05791562
2018-01-27,2.10883443
2018-01-28,2.15410037
2018-01-29,2.06552658
2018-01-30,1.85916763
2018-01-31,1.87794381
2018-02-01,1.69691999
2018-02-02,1.66151934
2018-02-03,1.72878243
2018-02-04,1.56184746
2018-02-05,1.30831891
2018-02-06,1.48101152
2018-02-07,1.46484643
2018-02-08,1.58085047
2018-02-09,1.6660923
2018-02-10,1.64139497
2018-02-11,1.55971533
2018-02-12,1.71364615
2018-02-13,1.64241903
2018-02-14,1.81957973
2018-02-15,1.93482187
2018-02-16,1.9474862
2018-02-17,2.11360732
2018-02-18,1.99108492
2018-02-19,2.11485368
2018-02-20,2.12780635
2018-02-21,1.97827013
2018-02-22,1.84607258
2018-02-23,1.89577059
2018-02-24,1.8093287
2018-02-25,1.7940982
2018-02-26,1.92409125
2018-02-27,1.98459986
2018-02-28,1.91774992
2018-03-01,2.0275908
2018-03-02,2.0411051
2018-03-03,2.11464502
2018-03-04,2.11715719
2018-03-05,2.124487
2018-03-06,1.96727059
2018-03-07,1.82720774
2018-03-08,1.72480924
2018-03-09,1.72471755
2018-03-10,1.6363096
2018-03-11,1.76958222
2018-03-12,1.70331347
2018-03-13,1.70702426
2018-03-14,1.53691592
2018-03-15,1.54749227
2018-03-16,1.56958433
2018-03-17,1.47896206
2018-03-18,1.5372127
2018-03-19,1.60262445
2018-03-20,1.66984764
2018-03-21,1.66685407
2018-03-22,1.6366036
2018-03-23,1.64830412
2018-03-24,1.61787156
2018-03-25,1.58785272
2018-03-26,1.54056226
2018-03-27,1.47972397
2018-03-28,1.49995286
2018-03-29,1.34902071
2018-03-30,1.30076662
2018-03-31,1.31875342
2018-04-01,1.29804435
2018-04-02,1.34269917
2018-04-03,1.41752889
2018-04-04,1.29795987
2018-04-05,1.30312944
2018-04-06,1.26963243
2018-04-07,1.32349168
2018-04-08,1.34758367
2018-04-09,1.29733763
2018-04-10,1.3143587
2018-04-11,1.33919481
2018-04-12,1.52215846
2018-04-13,1.52369622
2018-04-14,1.54037773
2018-04-15,1.60406337
2018-04-16,1.54777167
2018-04-17,1.51791712
2018-04-18,1.57002305
2018-04-19,1.58612722
2018-04-20,1.69131108
2018-04-21,1.69378446
2018-04-22,1.68092587
2018-04-23,1.70339486
2018-04-24,1.83531084
2018-04-25,1.68455575
2018-04-26,1.75708104
2018-04-27,1.70402847
2018-04-28,1.77091583
2018-04-29,1.78054751
2018-04-30,1.74740041
2018-05-01,1.71724649
2018-05-02,1.7386519
2018-05-03,1.83904816
2018-05-04,1.82662477
2018-05-05,1.84393794
2018-05-06,1.80577797
2018-05-07,1.75762436
2018-05-08,1.73387152
2018-05-09,1.74723256
2018-05-10,1.69887071
2018-05-11,1.58493865
2018-05-12,1.5974431
2018-05-13,1.63680889
2018-05-14,1.62361239
2018-05-15,1.58958164
2018-05-16,1.56132079
2018-05-17,1.50426871
2018-05-18,1.5392871
2018-05-19,1.53821787
2018-05-20,1.59036292
2018-05-21,1.56883389
2018-05-22,1.49717102
2018-05-23,1.40810171
2018-05-24,1.41826534
2018-05-25,1.39150485
2018-05-26,1.37360478
2018-05-27,1.37644815
2018-05-28,1.33597351
2018-05-29,1.40088628
2018-05-30,1.38664652
2018-05-31,1.40689168
2018-06-01,1.41524122
2018-06-02,1.43730299
2018-06-03,1.44919617
2018-06-04,1.40952829
2018-06-05,1.43371987
2018-06-06,1.44133056
2018-06-07,1.44450247
2018-06-08,1.43712165
2018-06-09,1.42518183
2018-06-10,1.27551954
2018-06-11,1.29750932
2018-06-12,1.23858038
2018-06-13,1.20092906
2018-06-14,1.2632478
2018-06-15,1.22097074
2018-06-16,1.23955794
2018-06-17,1.23172728
2018-06-18,1.28056779
2018-06-19,1.28664559
2018-06-20,1.29123078
2018-06-21,1.28466547
2018-06-22,1.16113556
2018-06-23,1.18384639
2018-06-24,1.17963703
2018-06-25,1.19907224
2018-06-26,1.17183193
2018-06-27,1.19000509
2018-06-28,1.13776355
2018-06-29,1.20834141
2018-06-30,1.23851505
2018-07-01,1.23860628
2018-07-02,1.28633397
2018-07-03,1.26579418
2018-07-04,1.28137705
2018-07-05,1.27324533
2018-07-06,1.28661278
2018-07-07,1.31378163
2018-07-08,1.30865599
2018-07-09,1.30098801
2018-07-10,1.2330456
2018-07-11,1.24746562
2018-07-12,1.20621817
2018-07-13,1.21722522
2018-07-14,1.22667095
2018-07-15,1.24480827
2018-07-16,1.31568081
2018-07-17,1.43309368
2018-07-18,1.44339934
2018-07-19,1.46018625
2018-07-20,1.43265396
2018-07-21,1.44833778
2018-07-22,1.44583406
2018-07-23,1.50619599
2018-07-24,1.63581402
2018-07-25,1.59635249
2018-07-26,1.5404035
2018-07-27,1.58953743
2018-07-28,1.59195773
2018-07-29,1.59809411
2018-07-30,1.5863148
2018-07-31,1.50002457
2018-08-01,1.47548838
2018-08-02,1.46550321
2018-08-03,1.44098379
2018-08-04,1.36290424
2018-08-05,1.36894032
2018-08-06,1.35040999
2018-08-07,1.31126727
2018-08-08,1.22457474
2018-08-09,1.28263103
2018-08-10,1.20148237
2018-08-11,1.23709272
2018-08-12,1.237715
2018-08-13,1.22859486
2018-08-14,1.21462636
2018-08-15,1.23272558
2018-08-16,1.23701888
2018-08-17,1.28997856
2018-08-18,1.25820087
2018-08-19,1.27574994
2018-08-20,1.23354388
2018-08-21,1.27272294
2018-08-22,1.25162869
2018-08-23,1.28108729
2018-08-24,1.31632801
2018-08-25,1.32478942
2018-08-26,1.31333891
2018-08-27,1.34163355
2018-08-28,1.38993223
2018-08-29,1.37670606
2018-08-30,1.36359134
2018-08-31,1.37493819
2018-09-01,1.40711254
2018-09-02,1.42507788
2018-09-03,1.41924297
2018-09-04,1.43842941
2018-09-05,1.32907873
2018-09-06,1.27139307
2018-09-07,1.25683206
2018-09-08,1.21428401
2018-09-09,1.22689803
2018-09-10,1.23657997
2018-09-11,1.23448848
2018-09-12,1.24485106
2018-09-13,1.27856168
2018-09-14,1.27941999
2018-09-15,1.28532707
2018-09-16,1.28016559
2018-09-17,1.23381568
2018-09-18,1.25024052
2018-09-19,1.25910583
2018-09-20,1.28206545
2018-09-21,1.3314931
2018-09-22,1.32462421
2018-09-23,1.32411544
2018-09-24,1.29944603
2018-09-25,1.26947306
2018-09-26,1.27892467
2018-09-27,1.3210537
2018-09-28,1.31014502
2018-09-29,1.30289231
2018-09-30,1.3069717
2018-10-01,1.29942083
2018-10-02,1.28953035
2018-10-03,1.2814305
2018-10-04,1.29764795
2018-10-05,1.30556584
2018-10-06,1.298913
2018-10-07,1.30175802
2018-10-08,1.30960738
2018-10-09,1.30696334
2018-10-10,1.29493068
2018-10-11,1.22741162
2018-10-12,1.23438108
2018-10-13,1.23595286
2018-10-14,1.23348719
2018-10-15,1.28526524
2018-10-16,1.28989252
2018-10-17,1.28666145
2018-10-18,1.27802221
2018-10-19,1.2749913
2018-10-20,1.28642152
2018-10-21,1.28793139
2018-10-22,1.28689576
2018-10-23,1.28492912
2018-10-24,1.2887609
2018-10-25,1.28694965
2018-10-26,1.28863398
2018-10-27,1.28980748
2018-10-28,1.28937475
2018-10-29,1.26107732
2018-10-30,1.26329155
2018-10-31,1.27073654
2018-11-01,1.27883905
2018-11-02,1.27995054
2018-11-03,1.276901
2018-11-04,1.29459494
2018-11-05,1.29123581
2018-11-06,1.2989943
2018-11-07,1.31084446
2018-11-08,1.29195817
2018-11-09,1.2768824
2018-11-10,1.28133653
2018-11-11,1.27781403
2018-11-12,1.27501457
2018-11-13,1.26499475
2018-11-14,1.12750028
2018-11-15,1.12835655
2018-11-16,1.12138354
2018-11-17,1.12295891
2018-11-18,1.13432294
2018-11-19,0.98256686
2018-11-20,0.89259762
2018-11-21,0.94205218
2018-11-22,0.89310508
2018-11-23,0.89181194
2018-11-24,0.79317203
2018-11-25,0.82453777
2018-11-26,0.77562836
2018-11-27,0.7940544
2018-11-28,0.88549955
2018-11-29,0.89130855
2018-11-30,0.8373706
2018-12-01,0.8734641
2018-12-02,0.86368527
2018-12-03,0.80763958
2018-12-04,0.81335924
2018-12-05,0.78473772
2018-12-06,0.74841821
2018-12-07,0.72100902
2018-12-08,0.72908961
2018-12-09,0.75773343
2018-12-10,0.73200608
2018-12-11,0.7222971
2018-12-12,0.73845418
2018-12-13,0.7044642
2018-12-14,0.69277432
2018-12-15,0.69048064
2018-12-16,0.69338644
2018-12-17,0.75972613
2018-12-18,0.79650093
2018-12-19,0.80573894
2018-12-20,0.88611656
2018-12-21,0.8376707
2018-12-22,0.86519497
2018-12-23,0.86090691
2018-12-24,0.88260111
2018-12-25,0.82260882
2018-12-26,0.83308567
2018-12-27,0.78552581
2018-12-28,0.85252346
2018-12-29,0.84031284
2018-12-30,0.8415034
2018-12-31,0.81213582
2019-01-01,0.8391035
2019-01-02,0.85907301
2019-01-03,0.83487141
2019-01-04,0.8447265
2019-01-05,0.83856669
2019-01-06,0.89346662
2019-01-07,0.8841578
2019-01-08,0.88278743
2019-01-09,0.88542141
2019-01-10,0.80976747
2019-01-11,0.80976244
2019-01-12,0.80855945
2019-01-13,0.784834
2019-01-14,0.82050798
2019-01-15,0.80090242
2019-01-16,0.80691139
2019-01-17,0.81482992
2019-01-18,0.80838072
2019-01-19,0.82616434
2019-01-20,0.79319975
2019-01-21,0.79297133
2019-01-22,0.80398567
2019-01-23,0.79874618
2019-01-24,0.80256605
2019-01-25,0.80172488
2019-01-26,0.8011809
2019-01-27,0.79718191
2019-01-28,0.77522856
2019-01-29,0.76708054
2019-01-30,0.77747695
2019-01-31,0.77173662
2019-02-01,0.78014383
2019-02-02,0.78422167
2019-02-03,0.77343528
2019-02-04,0.77384742
2019-02-05,0.77765737
2019-02-06,0.76510945
2019-02-07,0.76378864
2019-02-08,0.8216013
2019-02-09,0.82367897
2019-02-10,0.8284814
2019-02-11,0.81717159
2019-02-12,0.81707553
2019-02-13,0.81622357
2019-02-14,0.81324408
2019-02-15,0.81432592
2019-02-16,0.81951471
2019-02-17,0.82849268
2019-02-18,0.88420768
2019-02-19,0.89133025
2019-02-20,0.89885411
2019-02-21,0.89047082
2019-02-22,0.90331002
2019-02-23,0.94072884
2019-02-24,0.8599356
2019-02-25,0.87606044
2019-02-26,0.87035678
2019-02-27,0.8713884
2019-02-28,0.87032071
2019-03-01,0.87459349
2019-03-02,0.87461492
2019-03-03,0.86848471
2019-03-04,0.85007558
2019-03-05,0.88264283
2019-03-06,0.88556451
2019-03-07,0.88659022
2019-03-08,0.88315552
2019-03-09,0.89955742
2019-03-10,0.89825462
2019-03-11,0.88665284
2019-03-12,0.88880804
2019-03-13,0.88736975
2019-03-14,0.88808394
2019-03-15,0.89930632
2019-03-16,0.92006352
2019-03-17,0.91484274
2019-03-18,0.91560369
2019-03-19,0.92168535
2019-03-20,0.92967286
2019-03-21,0.91748018
2019-03-22,0.9194745
2019-03-23,0.91913227
2019-03-24,0.91670464
2019-03-25,0.90273487
2019-03-26,0.90526912
2019-03-27,0.93039612
2019-03-28,0.92674903
2019-03-29,0.94438915
2019-03-30,0.944965
2019-03-31,0.94641855
2019-04-01,0.95655086
2019-04-02,1.12892016
2019-04-03,1.14051964
2019-04-04,1.12838804
2019-04-05,1.15614507
2019-04-06,1.15841744
2019-04-07,1.19121228
2019-04-08,1.21179209
2019-04-09,1.19099798
2019-04-10,1.21651316
2019-04-11,1.15695368
2019-04-12,1.16368455
2019-04-13,1.16156591
2019-04-14,1.18135304
2019-04-15,1.15555322
2019-04-16,1.19224124
2019-04-17,1.1961381
2019-04-18,1.20765693
2019-04-19,1.20719787
2019-04-20,1.21246475
2019-04-21,1.20835451
2019-04-22,1.22794551
2019-04-23,1.2632969
2019-04-24,1.238908
2019-04-25,1.17030753
2019-04-26,1.17673094
2019-04-27,1.18413668
2019-04-28,1.17650667
2019-04-29,1.17708337
2019-04-30,1.20333737
2019-05-01,1.21799733
2019-05-02,1.23567987
2019-05-03,1.2951638
2019-05-04,1.32099457
2019-05-05,1.30956777
2019-05-06,1.29939268
2019-05-07,1.32870246
2019-05-08,1.35126305
2019-05-09,1.39928506
2019-05-10,1.44472955
2019-05-11,1.6543368
2019-05-12,1.56569495
2019-05-13,1.74753483
2019-05-14,1.77133721
2019-05-15,1.81667469
2019-05-16,1.72799889
2019-05-17,1.61073752
2019-05-18,1.59950822
2019-05-19,1.80201739
2019-05-20,1.74723194
2019-05-21,1.74497388
2019-05-22,1.67542929
2019-05-23,1.72268374
2019-05-24,1.73899884
2019-05-25,1.75307893
2019-05-26,1.89396436
2019-05-27,1.90714924
2019-05-28,1.88105961
2019-05-29,1.84071984
2019-05-30,1.75787076
2019-05-31,1.81476063
2019-06-01,1.81246057
2019-06-02,1.8504971
2019-06-03,1.72701182
2019-06-04,1.62636908
2019-06-05,1.65612566
2019-06-06,1.651342
2019-06-07,1.70183629
2019-06-08,1.6835165
2019-06-09,1.61842434
2019-06-10,1.69111483
2019-06-11,1.67511723
2019-06-12,1.72008481
2019-06-13,1.73649236
2019-06-14,1.82901577
2019-06-15,1.85878621
2019-06-16,1.88896018
2019-06-17,1.9511578
2019-06-18,1.88755922
2019-06-19,1.93150882
2019-06-20,1.98086596
2019-06-21,2.08422475
2019-06-22,2.19688103
2019-06-23,2.2136737
2019-06-24,2.24706654
2019-06-25,2.37982686
2019-06-26,2.57176389
2019-06-27,2.21524309
2019-06-28,2.44168454
2019-06-29,2.35329242
2019-06-30,2.13021037
2019-07-01,2.07558255
2019-07-02,2.11000412
2019-07-03,2.33157806
2019-07-04,2.17425127
2019-07-05,2.13840364
2019-07-06,2.17712562
2019-07-07,2.22256119
2019-07-08,2.37905472
2019-07-09,2.41917807
2019-07-10,2.31328701
2019-07-11,2.15704038
2019-07-12,2.24857787
2019-07-13,2.15890911
2019-07-14,1.95875859
2019-07-15,2.07837284
2019-07-16,1.80452153
2019-07-17,1.84011447
2019-07-18,2.02312657
2019-07-19,1.9920017
2019-07-20,2.0519756
2019-07-21,1.99813946
2019-07-22,1.94697902
2019-07-23,1.86302934
2019-07-24,1.84274782
2019-07-25,1.86177246
2019-07-26,1.84937883
2019-07-27,1.7764295
2019-07-28,1.79184692
2019-07-29,1.75506806
2019-07-30,1.76975529
2019-07-31,1.85482085
2019-08-01,1.91516898
2019-08-02,1.93668955
2019-08-03,1.98633631
2019-08-04,2.0166431
2019-08-05,2.15209305
2019-08-06,2.07763358
2019-08-07,2.16935722
2019-08-08,2.15713659
2019-08-09,2.13982687
2019-08-10,2.03923311
2019-08-11,2.07768124
2019-08-12,2.04944243
2019-08-13,1.95417056
2019-08-14,1.8019476
2019-08-15,1.85280853
2019-08-16,1.86332594
2019-08-17,1.83353888
2019-08-18,1.85527013
2019-08-19,1.95283046
2019-08-20,1.92992501
2019-08-21,1.80967076
2019-08-22,1.81392145
2019-08-23,1.85888092
2019-08-24,1.81099778
2019-08-25,1.8021966
2019-08-26,1.8474094
2019-08-27,1.81156248
2019-08-28,1.73309226
2019-08-29,1.69107373
2019-08-30,1.70811556
2019-08-31,1.71310224
2019-09-01,1.7403943
2019-09-02,1.84745992
2019-09-03,1.88765943
2019-09-04,1.87870879
2019-09-05,1.8773914
2019-09-06,1.81873604
2019-09-07,1.84632204
2019-09-08,1.83013043
2019-09-09,1.81652807
2019-09-10,1.77328813
2019-09-11,1.77786135
2019-09-12,1.82231036
2019-09-13,1.81108514
2019-09-14,1.813611
2019-09-15,1.80307986
2019-09-16,1.79436332
2019-09-17,1.78283665
2019-09-18,1.77473473
2019-09-19,1.79282081
2019-09-20,1.77523927
2019-09-21,1.74318445
2019-09-22,1.7535283
2019-09-23,1.69241697
2019-09-24,1.5076985
2019-09-25,1.47778949
2019-09-26,1.42454001
2019-09-27,1.44132571
2019-09-28,1.44491153
2019-09-29,1.42120643
2019-09-30,1.45994759
2019-10-01,1.46687818
2019-10-02,1.47560342
2019-10-03,1.45721375
2019-10-04,1.44209083
2019-10-05,1.43793767
2019-10-06,1.38789488
2019-10-07,1.45350223
2019-10-08,1.44711351
2019-10-09,1.5187746
2019-10-10,1.51523934
2019-10-11,1.4650268
2019-10-12,1.47085893
2019-10-13,1.46532541
2019-10-14,1.46837588
2019-10-15,1.43701211
2019-10-16,1.41022441
2019-10-17,1.42275851
2019-10-18,1.40337963
2019-10-19,1.40147566
2019-10-20,1.4480022
2019-10-21,1.44819078
2019-10-22,1.41660892
2019-10-23,1.31849373
2019-10-24,1.32043974
2019-10-25,1.53033296
2019-10-26,1.63052996
2019-10-27,1.68313273
2019-10-28,1.63844571
2019-10-29,1.65571824
2019-10-30,1.61181743
2019-10-31,1.60646394
2019-11-01,1.62077063
2019-11-02,1.62876338
2019-11-03,1.61294847
2019-11-04,1.64848919
2019-11-05,1.63757092
2019-11-06,1.64148312
2019-11-07,1.61571232
2019-11-08,1.54350145
2019-11-09,1.54712396
2019-11-10,1.58742033
2019-11-11,1.52978275
2019-11-12,1.5426696
2019-11-13,1.5361222
2019-11-14,1.51523438
2019-11-15,1.48420069
2019-11-16,1.48640991
2019-11-17,1.4912036
2019-11-18,1.43585132
2019-11-19,1.42462588
2019-11-20,1.41836156
2019-11-21,1.33896278
2019-11-22,1.28344958
2019-11-23,1.29339001
2019-11-24,1.22636138
2019-11-25,1.26222308
2019-11-26,1.26841696
2019-11-27,1.33297166
2019-11-28,1.31736129
2019-11-29,1.37249236
2019-11-30,1.33947241
2019-12-01,1.31531292
2019-12-02,1.29871273
2019-12-03,1.29767248
2019-12-04,1.28246605
2019-12-05,1.31656246
2019-12-06,1.34019312
2019-12-07,1.33632666
2019-12-08,1.33937263
2019-12-09,1.30638835
2019-12-10,1.28784015
2019-12-11,1.28292787
2019-12-12,1.28218893
2019-12-13,1.29164777
2019-12-14,1.26106197
2019-12-15,1.26826677
2019-12-16,1.22841184
2019-12-17,1.18120445
2019-12-18,1.30300236
2019-12-19,1.27839546
2019-12-20,1.28507153
2019-12-21,1.27731542
2019-12-22,1.33772206
2019-12-23,1.30974111
2019-12-24,1.29430833
2019-12-25,1.28852354
2019-12-26,1.28945009
2019-12-27,1.29743017
2019-12-28,1.30991222
2019-12-29,1.32663778
2019-12-30,1.29751611
2019-12-31,1.28681852
2020-01-01,1.28743526
2020-01-02,1.24755453
2020-01-03,1.31328518
2020-01-04,1.31850725
2020-01-05,1.31891454
2020-01-06,1.39343235
2020-01-07,1.45871525
2020-01-08,1.44434936
2020-01-09,1.40023893
2020-01-10,1.45520178
2020-01-11,1.43755242
2020-01-12,1.46084233
2020-01-13,1.45276596
2020-01-14,1.57463765
2020-01-15,1.56868373
2020-01-16,1.55078627
2020-01-17,1.58368313
2020-01-18,1.58583813
2020-01-19,1.54314165
2020-01-20,1.53413892
2020-01-21,1.5503965
2020-01-22,1.53544323
2020-01-23,1.48547764
2020-01-24,1.49494018
2020-01-25,1.4807681
2020-01-26,1.52095733
2020-01-27,1.5779271
2020-01-28,1.64585254
2020-01-29,1.64528656
2020-01-30,1.67702648
2020-01-31,1.64732688
2020-02-01,1.650978
2020-02-02,1.64356756
2020-02-03,1.6319591
2020-02-04,1.61069803
2020-02-05,1.69086813
2020-02-06,1.70571675
2020-02-07,1.7097118
2020-02-08,1.72664271
2020-02-09,1.76640757
2020-02-10,1.71346985
2020-02-11,1.7792319
2020-02-12,1.79208365
2020-02-13,1.76851563
2020-02-14,1.7883096
2020-02-15,1.71075719
2020-02-16,1.71695434
2020-02-17,1.67061779
2020-02-18,1.75425426
2020-02-19,1.65794069
2020-02-20,1.65435215
2020-02-21,1.66881312
2020-02-22,1.66379813
2020-02-23,1.71384131
2020-02-24,1.65765413
2020-02-25,1.60369037
2020-02-26,1.51151916
2020-02-27,1.50901158
2020-02-28,1.50435395
2020-02-29,1.47581569
2020-03-01,1.46928146
2020-03-02,1.53109223
2020-03-03,1.50704354
2020-03-04,1.50859699
2020-03-05,1.56090164
2020-03-06,1.57478419
2020-03-07,1.53210003
2020-03-08,1.39731984
2020-03-09,1.36296685
2020-03-10,1.3667676
2020-03-11,1.37532279
2020-03-12,0.87746909
2020-03-13,1.00230839
2020-03-14,0.91943052
2020-03-15,0.9586443
2020-03-16,0.9005596
2020-03-17,0.97465625
2020-03-18,0.97098752
2020-03-19,1.11612479
2020-03-20,1.11275432
2020-03-21,1.11317824
2020-03-22,1.05120625
2020-03-23,1.16908967
2020-03-24,1.21902362
2020-03-25,1.20405859
2020-03-26,1.21539093
2020-03-27,1.168733
2020-03-28,1.12273873
2020-03-29,1.06488351
2020-03-30,1.16111925
2020-03-31,1.16086021
2020-04-01,1.20232747
2020-04-02,1.2293196
2020-04-03,1.22207588
2020-04-04,1.24154011
2020-04-05,1.22896481
2020-04-06,1.31870276
2020-04-07,1.29919781
2020-04-08,1.33180003
2020-04-09,1.3184332
2020-04-10,1.24393645
2020-04-11,1.24828502
2020-04-12,1.26554137
2020-04-13,1.24500204
2020-04-14,1.24727346
2020-04-15,1.20252464
2020-04-16,1.29329091
2020-04-17,1.28483033
2020-04-18,1.31739282
2020-04-19,1.29699559
2020-04-20,1.24397211
2020-04-21,1.2473842
2020-04-22,1.29301523
2020-04-23,1.35798226
2020-04-24,1.3603772
2020-04-25,1.36573263
2020-04-26,1.39182404
2020-04-27,1.40592618
2020-04-28,1.40416612
2020-04-29,1.57124906
2020-04-30,1.54783671
2020-05-01,1.58149669
2020-05-02,1.60183196
2020-05-03,1.58639791
2020-05-04,1.58241067
2020-05-05,1.59959352
2020-05-06,1.64574813
2020-05-07,1.76246608
2020-05-08,1.73504927
2020-05-09,1.68527866
2020-05-10,1.53444392
2020-05-11,1.51427708
2020-05-12,1.55398556
2020-05-13,1.64026769
2020-05-14,1.72149026
2020-05-15,1.63770129
2020-05-16,1.64923495
2020-05-17,1.69855053
2020-05-18,1.7030904
2020-05-19,1.70545218
2020-05-20,1.66337697
2020-05-21,1.58611169
2020-05-22,1.60231403
2020-05-23,1.60568496
2020-05-24,1.54008682
2020-05-25,1.55903037
2020-05-26,1.54624899
2020-05-27,1.60359036
2020-05-28,1.67222784
2020-05-29,1.64770853
2020-05-30,1.69215433
2020-05-31,1.64704955
2020-06-01,1.77456298
2020-06-02,1.65555855
2020-06-03,1.67699652
2020-06-04,1.70498933
2020-06-05,1.67491159
2020-06-06,1.67895972
2020-06-07,1.69210512
2020-06-08,1.6929366
2020-06-09,1.69357425
2020-06-10,1.71128591
2020-06-11,1.60651966
2020-06-12,1.63695561
2020-06-13,1.63756141
2020-06-14,1.61687359
2020-06-15,1.63326898
2020-06-16,1.64602728
2020-06-17,1.63347313
2020-06-18,1.61930293
2020-06-19,1.601515
2020-06-20,1.61343538
2020-06-21,1.6005863
2020-06-22,1.66795041
2020-06-23,1.65453862
2020-06-24,1.60043802
2020-06-25,1.59283584
2020-06-26,1.57369557
2020-06-27,1.5467905
2020-06-28,1.56486434
2020-06-29,1.57752462
2020-06-30,1.56990039
2020-07-01,1.5861884
2020-07-02,1.56106575
2020-07-03,1.5561961
2020-07-04,1.56620843
2020-07-05,1.55815127
2020-07-06,1.60183713
2020-07-07,1.58667765
2020-07-08,1.61561301
2020-07-09,1.58050888
2020-07-10,1.58940706
2020-07-11,1.58104284
2020-07-12,1.58969582
2020-07-13,1.58057885
2020-07-14,1.58381858
2020-07-15,1.57234112
2020-07-16,1.56130786
2020-07-17,1.56536628
2020-07-18,1.56854068
2020-07-19,1.57544863
2020-07-20,1.56656719
2020-07-21,1.6036542
2020-07-22,1.62670582
2020-07-23,1.6387837
2020-07-24,1.62771038
2020-07-25,1.6530963
2020-07-26,1.69125357
2020-07-27,1.87222939
2020-07-28,1.84950049
2020-07-29,1.87484925
2020-07-30,1.87475515
2020-07-31,1.90517626
2020-08-01,1.97908671
2020-08-02,1.8599879
2020-08-03,1.87772343
2020-08-04,1.87038652
2020-08-05,1.95126913
2020-08-06,1.95155359
2020-08-07,1.91764781
2020-08-08,1.93742923
2020-08-09,1.92470744
2020-08-10,1.95320633
2020-08-11,1.87194792
2020-08-12,1.89982911
2020-08-13,1.92924287
2020-08-14,1.9265623
2020-08-15,1.93989709
2020-08-16,1.94366153
2020-08-17,2.00437877
2020-08-18,1.95013602
2020-08-19,1.90751141
2020-08-20,1.92666487
2020-08-21,1.86965642
2020-08-22,1.89433444
2020-08-23,1.89095764
2020-08-24,1.90603293
2020-08-25,1.83853818
2020-08-26,1.8556766
2020-08-27,1.82960462
2020-08-28,1.86186629
2020-08-29,1.85563351
2020-08-30,1.88762446
2020-08-31,1.88187726
2020-09-01,1.92471346
2020-09-02,1.83478767
2020-09-03,1.65212902
2020-09-04,1.68560929
2020-09-05,1.63131545
2020-09-06,1.65140122
2020-09-07,1.67005527
2020-09-08,1.62894233
2020-09-09,1.64757745
2020-09-10,1.66531058
2020-09-11,1.67381361
2020-09-12,1.68190081
2020-09-13,1.66341746
2020-09-14,1.71735678
2020-09-15,1.7348274
2020-09-16,1.76292263
2020-09-17,1.75667708
2020-09-18,1.75269523
2020-09-19,1.77573693
2020-09-20,1.75066035
2020-09-21,1.67690819
2020-09-22,1.68568673
2020-09-23,1.64062817
2020-09-24,1.72053475
2020-09-25,1.71066582
2020-09-26,1.71935636
2020-09-27,1.72167524
2020-09-28,1.71621999
2020-09-29,1.73140353
2020-09-30,1.71995233
2020-10-01,1.69356781
2020-10-02,1.68748627
2020-10-03,1.68506329
2020-10-04,1.70216949
2020-10-05,1.71835152
2020-10-06,1.69012311
2020-10-07,1.70039927
2020-10-08,1.73638098
2020-10-09,1.76179817
2020-10-10,1.79700041
2020-10-11,1.80770338
2020-10-12,1.83284911
2020-10-13,1.81348383
2020-10-14,1.80880169
2020-10-15,1.82050458
2020-10-16,1.7940757
2020-10-17,1.79732641
2020-10-18,1.81665683
2020-10-19,1.85166488
2020-10-20,1.87699868
2020-10-21,2.013415
2020-10-22,2.02018679
2020-10-23,2.00849858
2020-10-24,2.02902772
2020-10-25,2.01568826
2020-10-26,2.01954164
2020-10-27,2.10370037
2020-10-28,2.04049323
2020-10-29,2.06357066
2020-10-30,2.0801745
2020-10-31,2.10747626
2020-11-01,2.09316771
2020-11-02,2.06586073
2020-11-03,2.09497527
2020-11-04,2.10823433
2020-11-05,2.30749272
2020-11-06,2.29919169
2020-11-07,2.18711473
2020-11-08,2.26976446
2020-11-09,2.23751677
2020-11-10,2.23228692
2020-11-11,2.28563276
2020-11-12,2.35643005
2020-11-13,2.35455292
2020-11-14,2.317866766319
2020-11-15,2.29883051
2020-11-16,2.39979607
2020-11-17,2.51738625
2020-11-18,2.51023261
2020-11-19,2.504430386254
2020-11-20,2.596127396527
2020-11-21,2.589987418208
2020-11-22,2.55377715
2020-11-23,2.52775968
2020-11-24,2.61774563
2020-11-25,2.555478063978
2020-11-26,2.326869284941
2020-11-27,2.31953985
2020-11-28,2.40313103
2020-11-29,2.45853128
2020-11-30,2.63721867
2020-12-01,2.51290662
2020-12-02,2.55197705
2020-12-03,2.57495934
2020-12-04,2.47230116
2020-12-05,2.51909742
2020-12-06,2.54722977
2020-12-07,2.51748691
2020-12-08,2.40341294
2020-12-09,2.422360712922
2020-12-10,2.38235433
2020-12-11,2.34803699
2020-12-12,2.43833504
2020-12-13,2.46411643
2020-12-14,2.474236613553
2020-12-15,2.48407194
2020-12-16,2.70395115
2020-12-17,2.838980097189
2020-12-18,2.82221791
2020-12-19,2.906877174893
2020-12-20,2.850832494921
2020-12-21,2.76690892
2020-12-22,2.831513764707
2020-12-23,2.75180066
2020-12-24,2.77320466
2020-12-25,2.87742129
2020-12-26,3.06732801
2020-12-27,3.033869719213
2020-12-28,3.03336124
2020-12-29,3.00690895
2020-12-30,3.14848763
2020-12-31,3.140996404211
2021-01-01,3.145922773591
2021-01-02,3.36183826
2021-01-03,3.43360474
2021-01-04,3.2392637
2021-01-05,3.40781574
2021-01-06,3.60095708
2021-01-07,3.742047073313
2021-01-08,3.78863874
2021-01-09,3.6883279
2021-01-10,3.47615243
2021-01-11,3.17723254
2021-01-12,3.024579234512
2021-01-13,3.31893271605
2021-01-14,3.43968572
2021-01-15,3.21691863
2021-01-16,3.16002808
2021-01-17,3.14208979
2021-01-18,3.16789734
2021-01-19,3.12779915
2021-01-20,3.05640832
2021-01-21,2.671999724485
2021-01-22,2.83570647
2021-01-23,2.75080418
2021-01-24,2.763770318383
2021-01-25,2.777191691556
2021-01-26,2.79160837
2021-01-27,2.58416695
2021-01-28,2.83537151
2021-01-29,2.87127647
2021-01-30,2.878188037248
2021-01-31,2.77012967
2021-02-01,2.798474060738
2021-02-02,2.95247741
2021-02-03,3.10161426
2021-02-04,3.046232040351
2021-02-05,3.09428668
2021-02-06,3.18428793
2021-02-07,3.141200247585
2021-02-08,3.65741696
2021-02-09,3.61855022
2021-02-10,3.46683384
2021-02-11,3.64585169
2021-02-12,3.57975153
2021-02-13,3.54773666
2021-02-14,3.65475277
2021-02-15,3.56148121
2021-02-16,3.6125173
2021-02-17,3.79432537
2021-02-18,3.70969063
2021-02-19,3.90986635
2021-02-20,3.87796973
2021-02-21,3.95810037
2021-02-22,3.68695731
2021-02-23,3.28933195
2021-02-24,3.32994398
2021-02-25,3.17682646
2021-02-26,3.06572143
2021-02-27,3.04478896
2021-02-28,3.00886446
2021-03-01,3.269931
2021-03-02,3.17061495
2021-03-03,3.3135168
2021-03-04,3.161905493951
2021-03-05,3.17106851
2021-03-06,3.175929809802
2021-03-07,3.30549961
2021-03-08,3.35002291
2021-03-09,3.49855563203
2021-03-10,3.56293331
2021-03-11,3.63177042
2021-03-12,3.570586382096
2021-03-13,3.78957634
2021-03-14,3.68484058
2021-03-15,3.43735753
2021-03-16,3.44231318
2021-03-17,3.55383882
2021-03-18,3.48651656
2021-03-19,3.50341884
2021-03-20,3.49731896
2021-03-21,3.440164039174
2021-03-22,3.25092326
2021-03-23,3.23614304
2021-03-24,3.11041886
2021-03-25,3.03612207
2021-03-26,3.20883079
2021-03-27,3.26897077
2021-03-28,3.24472988
2021-03-29,3.33795673
2021-03-30,3.38330063
2021-03-31,3.375535019449
2021-04-01,3.35598363
2021-04-02,3.35413045
2021-04-03,3.25187507
2021-04-04,3.298301283114
2021-04-05,3.32023402
2021-04-06,3.22914317
2021-04-07,3.12214094
2021-04-08,3.2057806
2021-04-09,3.203576140634
2021-04-10,3.27565104
2021-04-11,3.28353702
2021-04-12,3.26759859
2021-04-13,3.43453079
2021-04-14,3.37622405
2021-04-15,3.37419883
2021-04-16,3.27664917
2021-04-17,3.19962738
2021-04-18,2.959841879616
2021-04-19,2.92575459
2021-04-20,2.95532944
2021-04-21,2.82653587
2021-04-22,2.70960708
2021-04-23,2.65915763
2021-04-24,2.61911452
2021-04-25,2.54988868
2021-04-26,2.79947785
2021-04-27,2.84255929
2021-04-28,2.82520447
2021-04-29,2.75289848
2021-04-30,2.9509244
2021-05-01,2.95232813
2021-05-02,2.88247785
2021-05-03,2.90918692
2021-05-04,2.72676307
2021-05-05,2.90068009
2021-05-06,2.845644398322
2021-05-07,2.86911512
2021-05-08,2.93389162
2021-05-09,2.90472472
2021-05-10,2.78208874
2021-05-11,2.81280636
2021-05-12,2.528710162627
2021-05-13,2.4489477
2021-05-14,2.47934018
2021-05-15,2.33381396
2021-05-16,2.2838578
2021-05-17,2.16428882
2021-05-18,2.13179763
2021-05-19,1.88892076
2021-05-20,2.05205637
2021-05-21,1.87448768
2021-05-22,1.90162942
2021-05-23,1.75890282
2021-05-24,1.94867935
2021-05-25,1.93329011
2021-05-26,1.97886373
2021-05-27,1.94636165
2021-05-28,1.80279078
2021-05-29,1.75819515
2021-05-30,1.80573948
2021-05-31,1.88939041
2021-06-01,1.85490761
2021-06-02,1.905098964141
2021-06-03,1.9791401
2021-06-04,1.866853639007
2021-06-05,1.79378368
2021-06-06,1.81038933
2021-06-07,1.71255578
2021-06-08,1.7042113
2021-06-09,1.89766024
2021-06-10,1.87120729
2021-06-11,1.88860664
2021-06-12,1.81254069
2021-06-13,1.976225
2021-06-14,2.04984505
2021-06-15,2.03798688
2021-06-16,1.937890111061
2021-06-17,1.927486814795
2021-06-18,1.812458657444
2021-06-19,1.805038478086
2021-06-20,1.807459745287
2021-06-21,1.615498500377
2021-06-22,1.651499802307
2021-06-23,1.713698226674
2021-06-24,1.766672167447
2021-06-25,1.630917169218
2021-06-26,1.643033945428
2021-06-27,1.776255857109
2021-06-28,1.769776037417
2021-06-29,1.849675862855
2021-06-30,1.805586334557
2021-07-01,1.727368166727
2021-07-02,1.746141242195
2021-07-03,1.787452030946
2021-07-04,1.8265447061
2021-07-05,1.752492211228
2021-07-06,1.763785729615
2021-07-07,1.753796589122
2021-07-08,1.697989573018
2021-07-09,1.754049012631
2021-07-10,1.738516988105
2021-07-11,1.771750243299
2021-07-12,1.713116506244
2021-07-13,1.688811469688
2021-07-14,1.697934967437
2021-07-15,1.643649164372
2021-07-16,1.63221452573
2021-07-17,1.630400402935
2021-07-18,1.639258220118
2021-07-19,1.597725750094
2021-07-20,1.540648215719
2021-07-21,1.661721371109
2021-07-22,1.670492594499
2021-07-23,1.732406654257
2021-07-24,1.769606297066
2021-07-25,1.81848487747
2021-07-26,1.93010945385
2021-07-27,2.001791162085
2021-07-28,2.033833059073
2021-07-29,2.017407304464
2021-07-30,2.099162197424
2021-07-31,2.098153113059
2021-08-01,2.006838470091
2021-08-02,1.972933571383
2021-08-03,1.922865034712
2021-08-04,1.995697932518
2021-08-05,2.052274774394
2021-08-06,2.140827816615
2021-08-07,2.222890074166
2021-08-08,2.195821362505
2021-08-09,2.303684409546
2021-08-10,2.261488524708
2021-08-11,2.268172978331
2021-08-12,2.20343699514
2021-08-13,2.362590119037
2021-08-14,2.327809478249
2021-08-15,2.323985756424
2021-08-16,2.268193061802
2021-08-17,2.204708913004
2021-08-18,2.213680687968
2021-08-19,2.293129661764
2021-08-20,2.414499299985
2021-08-21,2.403261370099
2021-08-22,2.414996575605
2021-08-23,2.420040085444
2021-08-24,2.33794635096
2021-08-25,2.379019545564
2021-08-26,2.287786761638
2021-08-27,2.375147501066
2021-08-28,2.363961726236
2021-08-29,2.367277866365
2021-08-30,2.277961082403
2021-08-31,2.280110865221
2021-09-01,2.346384601556
2021-09-02,2.375035051723
2021-09-03,2.395390356338
2021-09-04,2.395772281636
2021-09-05,2.480946695916
2021-09-06,2.51931377876
2021-09-07,2.245742480847
2021-09-08,2.213572688033
2021-09-09,2.222094260363
2021-09-10,2.142454311237
2021-09-11,2.157808262825
2021-09-12,2.208217016174
2021-09-13,2.151863481078
2021-09-14,2.245175277381
2021-09-15,2.293761212961
2021-09-16,2.273981867172
2021-09-17,2.244949537952
2021-09-18,2.290426705637
2021-09-19,2.242941684172
2021-09-20,2.040586287582
2021-09-21,1.933233183973
2021-09-22,2.075944471859
2021-09-23,2.135308888042
2021-09-24,2.038939778388
2021-09-25,2.035666539997
2021-09-26,2.040529522117
2021-09-27,2.010425564687
2021-09-28,1.951689041262
2021-09-29,1.962665363543
2021-09-30,2.069864321133
2021-10-01,2.26565626698
2021-10-02,2.248711046277
2021-10-03,2.266397740964
2021-10-04,2.31284262096
2021-10-05,2.411845063946
2021-10-06,2.572944325306
2021-10-07,2.490026710036
2021-10-08,2.492000787508
2021-10-09,2.538238578635
2021-10-10,2.520123658863
2021-10-11,2.631558646637
2021-10-12,2.574418652958
2021-10-13,2.620098281333
2021-10-14,2.613922367304
2021-10-15,2.783786506255
2021-10-16,2.755061819188
2021-10-17,2.775039217832
2021-10-18,2.778276503838
2021-10-19,2.86843851115
2021-10-20,2.928317326688
2021-10-21,2.756592260011
2021-10-22,2.683021944048
2021-10-23,2.702488997272
2021-10-24,2.679080716831
2021-10-25,2.761945352578
2021-10-26,2.643400963823
2021-10-27,2.563731148388
2021-10-28,2.64447556709
2021-10-29,2.709231626512
2021-10-30,2.6854484387
2021-10-31,2.660031269082
2021-11-01,2.639313472843
2021-11-02,2.705646798155
2021-11-03,2.692667749587
2021-11-04,2.624435938698
2021-11-05,2.601770640962
2021-11-06,2.617491647791
2021-11-07,2.682304638596
2021-11-08,2.854649564891
2021-11-09,2.82534877502
2021-11-10,2.721054645529
2021-11-11,2.723236415073
2021-11-12,2.650242500833
2021-11-13,2.661045965713
2021-11-14,2.684880108371
2021-11-15,2.626068388319
2021-11-16,2.481173720882
2021-11-17,2.470657927214
2021-11-18,2.337640428663
2021-11-19,2.386216999692
2021-11-20,2.455017801074
2021-11-21,2.424879879847
2021-11-22,2.319018826324
2021-11-23,2.368765838495
2021-11-24,2.346842971087
2021-11-25,2.404923210419
2021-11-26,2.198435955413
2021-11-27,2.23272965194
2021-11-28,2.336711996385
2021-11-29,2.35943908323
2021-11-30,2.324578694477
2021-12-01,2.324286205718
2021-12-02,2.300196624281
2021-12-03,2.184991514137
2021-12-04,2.009166960477
2021-12-05,2.016818310956
2021-12-06,2.067537537544
2021-12-07,2.064377234197
2021-12-08,2.06171865801
2021-12-09,1.960546627964
2021-12-10,1.941373722658
2021-12-11,2.016910635367
2021-12-12,2.049751176277
2021-12-13,1.915299897932
2021-12-14,1.974877505476
2021-12-15,1.995926977652
2021-12-16,1.94871973203
2021-12-17,1.896526938461
2021-12-18,1.919525855516
2021-12-19,1.918249189772
2021-12-20,1.922187343668
2021-12-21,2.007205377658
2021-12-22,1.990870317874
2021-12-23,2.070150565572
2021-12-24,2.071634649338
2021-12-25,2.064057745187
2021-12-26,2.071542317446
2021-12-27,2.070718360007
2021-12-28,1.945824586517
2021-12-29,1.898459995686
2021-12-30,1.923609297095
2021-12-31,1.893385603418
2022-01-01,1.941966039424
2022-01-02,1.933497096507
2022-01-03,1.897502355497
2022-01-04,1.876886228678
2022-01-05,1.782277170897
2022-01-06,1.768057798633
2022-01-07,1.704571291459
2022-01-08,1.71699299406
2022-01-09,1.72082066082
2022-01-10,1.718638590786
2022-01-11,1.758039861455
2022-01-12,1.805597050184
2022-01-13,1.752041588022
2022-01-14,1.771675205411
2022-01-15,1.775752274618
2022-01-16,1.774015355513
2022-01-17,1.73630676024
2022-01-18,1.745911520714
2022-01-19,1.721981468557
2022-01-20,1.681574639726
2022-01-21,1.514790775018
2022-01-22,1.455165902925
2022-01-23,1.508378975549
2022-01-24,1.526343091945
2022-01-25,1.538880544803
2022-01-26,1.534660000135
2022-01-27,1.543763850705
2022-01-28,1.576577931046
2022-01-29,1.592485103381
2022-01-30,1.589486377439
2022-01-31,1.609690053329
2022-02-01,1.61452774476
2022-02-02,1.539179072383
2022-02-03,1.544771260316
2022-02-04,1.709053357873
2022-02-05,1.726159971835
2022-02-06,1.760874145144
2022-02-07,1.821609827046
2022-02-08,1.831529736531
2022-02-09,1.840095004198
2022-02-10,1.806667830508
2022-02-11,1.754236923972
2022-02-12,1.745950590083
2022-02-13,1.746704565079
2022-02-14,1.765131690456
2022-02-15,1.839746953131
2022-02-16,1.820760197081
2022-02-17,1.680750155719
2022-02-18,1.658393382535
2022-02-19,1.660632849962
2022-02-20,1.597672365828
2022-02-21,1.53935959409
2022-02-22,1.585255941769
2022-02-23,1.548559725335
2022-02-24,1.589005849792
2022-02-25,1.632120546767
2022-02-26,1.621580052318
2022-02-27,1.564733720961
2022-02-28,1.785886675274
2022-03-01,1.831088158538
2022-03-02,1.815856076135
2022-03-03,1.753487692697
2022-03-04,1.617160596022
2022-03-05,1.62862859109
2022-03-06,1.588284555745
2022-03-07,1.578754463552
2022-03-08,1.603838311539
2022-03-09,1.735654059064
2022-03-10,1.630630592506
2022-03-11,1.605299073538
2022-03-12,1.610487025913
2022-03-13,1.563583025151
2022-03-14,1.638923579978
2022-03-15,1.62739184969
2022-03-16,1.697348146346
2022-03-17,1.69308040701
2022-03-18,1.727490580808
2022-03-19,1.742021306446
2022-03-20,1.705071792374
2022-03-21,1.695351371558
2022-03-22,1.748109505852
2022-03-23,1.761428760821
2022-03-24,1.810651634482
2022-03-25,1.816863848057
2022-03-26,1.823441620909
2022-03-27,1.912928867709
2022-03-28,1.926069685862
2022-03-29,1.931857269809
2022-03-30,1.916462997871
2022-03-31,1.854211355144
2022-04-01,1.880179566094
2022-04-02,1.867666383452
2022-04-03,1.886983002157
2022-04-04,1.894586551764
2022-04-05,1.855218925189
2022-04-06,1.760916830916
2022-04-07,1.771822948566
2022-04-08,1.718699748527
2022-04-09,1.737109234767
2022-04-10,1.720498052487
2022-04-11,1.612532718343
2022-04-12,1.633029961572
2022-04-13,1.6754481725
2022-04-14,1.624100214604
2022-04-15,1.648615453539
2022-04-16,1.645198704281
2022-04-17,1.615563193564
2022-04-18,1.660587322655
2022-04-19,1.68715900189
2022-04-20,1.683056618589
2022-04-21,1.642192379664
2022-04-22,1.614479409264
2022-04-23,1.608260125691
2022-04-24,1.60550883035
2022-04-25,1.644601591866
2022-04-26,1.549627067302
2022-04-27,1.596095580203
2022-04-28,1.617507844772
2022-04-29,1.572635096383
2022-04-30,1.537292898922
2022-05-01,1.567381909459
2022-05-02,1.573983130319
2022-05-03,1.540983434257
2022-05-04,1.618770611892
2022-05-05,1.493350506698
2022-05-06,1.476077962977
2022-05-07,1.454866736249
2022-05-08,1.397053307677
2022-05-09,1.25746370058
2022-05-10,1.282199871846
2022-05-11,1.198898869373
2022-05-12,1.211574517788
2022-05-13,1.224580870454
2022-05-14,1.254528110725
2022-05-15,1.301371234936
2022-05-16,1.248816594441
2022-05-17,1.272635339124
2022-05-18,1.204897921252
2022-05-19,1.268265640482
2022-05-20,1.226785298597
2022-05-21,1.235285942059
2022-05-22,1.273331088604
2022-05-23,1.22293867204
2022-05-24,1.246431579256
2022-05-25,1.244237310755
2022-05-26,1.235100855496
2022-05-27,1.20688817198
2022-05-28,1.225163407756
2022-05-29,1.241234457517
2022-05-30,1.337557348648
2022-05-31,1.340327318645
2022-06-01,1.258203816602
2022-06-02,1.289506254729
2022-06-03,1.255277674265
2022-06-04,1.261962571345
2022-06-05,1.26746929363
2022-06-06,1.32794694055
2022-06-07,1.322740859864
2022-06-08,1.283418736198
2022-06-09,1.278193263932
2022-06-10,1.237117043464
2022-06-11,1.208249128114
2022-06-12,1.144614146671
2022-06-13,0.962386955567
2022-06-14,0.958749419408
2022-06-15,0.982571637347
2022-06-16,0.89010384052
2022-06-17,0.900449527228
2022-06-18,0.839761069586
2022-06-19,0.905122908176
2022-06-20,0.909413901996
2022-06-21,0.916201262025
2022-06-22,0.887627935977
2022-06-23,0.936392381423
2022-06-24,0.946260674502
2022-06-25,0.953541799671
2022-06-26,0.93595363596
2022-06-27,0.92317584654
2022-06-28,0.902427057507
2022-06-29,0.895265183982
2022-06-30,0.865015984997
2022-07-01,0.866810006703
2022-07-02,0.862322030966
2022-07-03,0.864908319377
2022-07-04,0.907445950743
2022-07-05,0.906388103368
2022-07-06,0.924592307191
2022-07-07,0.973646516264
2022-07-08,0.981374953634
2022-07-09,0.97256585657
2022-07-10,0.938937826789
2022-07-11,0.903257154365
2022-07-12,0.875464077465
2022-07-13,0.91248166822
2022-07-14,0.931267482062
2022-07-15,0.947404727073
2022-07-16,0.963942951894
2022-07-17,0.947388315858
2022-07-18,1.014380417157
2022-07-19,1.064015965884
2022-07-20,1.059545792317
2022-07-21,1.055572042956
2022-07-22,1.037202359622
2022-07-23,1.027767986307
2022-07-24,1.035693112787
2022-07-25,0.984744106523
2022-07-26,0.970493939661
2022-07-27,1.048530886503
2022-07-28,1.090974652069
2022-07-29,1.096121570662
2022-07-30,1.08119685014
2022-07-31,1.06930792552
2022-08-01,1.068081818605
2022-08-02,1.054827227962
2022-08-03,1.044976588452
2022-08-04,1.037537603272
2022-08-05,1.065899475533
2022-08-06,1.054367720796
2022-08-07,1.061585802404
2022-08-08,1.091208903728
2022-08-09,1.064322658536
2022-08-10,1.097349862382
2022-08-11,1.098103095757
2022-08-12,1.118913448413
2022-08-13,1.120303000575
2022-08-14,1.1152866103
2022-08-15,1.105125221321
2022-08-16,1.095336349684
2022-08-17,1.071575714816
2022-08-18,1.066480347068
2022-08-19,0.962223516455
2022-08-20,0.97348633387
2022-08-21,0.99226378976
2022-08-22,0.981225385052
2022-08-23,0.992293505064
2022-08-24,0.987637310218
2022-08-25,0.995543286361
2022-08-26,0.934524032452
2022-08-27,0.925756657439
2022-08-28,0.908751979889
2022-08-29,0.936300029003
2022-08-30,0.91691540216
2022-08-31,0.926540201628
2022-09-01,0.930819103606
2022-09-02,0.924346524698
2022-09-03,0.917781321543
2022-09-04,0.924996509034
2022-09-05,0.917682178845
2022-09-06,0.874858544608
2022-09-07,0.895970446823
2022-09-08,0.897686434169
2022-09-09,0.991990113442
2022-09-10,1.008276774233
2022-09-11,1.00926214108
2022-09-12,1.038445934441
2022-09-13,0.939370352409
2022-09-14,0.944134275318
2022-09-15,0.919794265144
2022-09-16,0.922172305414
2022-09-17,0.939999035144
2022-09-18,0.907953496893
2022-09-19,0.914684111914
2022-09-20,0.88338246827
2022-09-21,0.86699153682
2022-09-22,0.909510592046
2022-09-23,0.90563544045
2022-09-24,0.886975013788
2022-09-25,0.881057004179
2022-09-26,0.900322536822
2022-09-27,0.896561719809
2022-09-28,0.913487552122
2022-09-29,0.917870607279
2022-09-30,0.91356153704
2022-10-01,0.907912672634
2022-10-02,0.894190083633
2022-10-03,0.923308111571
2022-10-04,0.956568501176
2022-10-05,0.948163366006
2022-10-06,0.938866609583
2022-10-07,0.919983246052
2022-10-08,0.914595870208
2022-10-09,0.915262738221
2022-10-10,0.902773565181
2022-10-11,0.897697758664
2022-10-12,0.904197086018
2022-10-13,0.915299590894
2022-10-14,0.905697877908
2022-10-15,0.900728724487
2022-10-16,0.909910910294
2022-10-17,0.924678135264
2022-10-18,0.91398573907
2022-10-19,0.904610705933
2022-10-20,0.900242542303
2022-10-21,0.907143363442
2022-10-22,0.909318069409
2022-10-23,0.926261633178
2022-10-24,0.915784798173
2022-10-25,0.951195313284
2022-10-26,0.983939477562
2022-10-27,0.959624512348
2022-10-28,0.975004031923
2022-10-29,0.98443454901
2022-10-30,0.975832100659
2022-10-31,0.97009674747
2022-11-01,0.970049689813
2022-11-02,0.954490976446
2022-11-03,0.956986021054
2022-11-04,1.000981821699
2022-11-05,1.007111287598
2022-11-06,0.991409279364
2022-11-07,0.976088727485
2022-11-08,0.880744871078
2022-11-09,0.753958696179
2022-11-10,0.839903712816
2022-11-11,0.811340136624
2022-11-12,0.806378353685
2022-11-13,0.785273663056
2022-11-14,0.801361740695
2022-11-15,0.81368542899
2022-11-16,0.806089820633
2022-11-17,0.81024033294
2022-11-18,0.818509642211
2022-11-19,0.820610369081
2022-11-20,0.799184425512
2022-11-21,0.777592696604
2022-11-22,0.79805211183
2022-11-23,0.817451445016
2022-11-24,0.81837142484
2022-11-25,0.816011276502
2022-11-26,0.812740435671
2022-11-27,0.812332752733
2022-11-28,0.802349876662
2022-11-29,0.814147810046
2022-11-30,0.850801464317
2022-12-01,0.840529289057
2022-12-02,0.84670015577
2022-12-03,0.838232388894
2022-12-04,0.84968361727
2022-12-05,0.84468600446
2022-12-06,0.850384196971
2022-12-07,0.839503933452
2022-12-08,0.858945882155
2022-12-09,0.854978591377
2022-12-10,0.854415449082
2022-12-11,0.853211507586
2022-12-12,0.858539391858
2022-12-13,0.887729303381
2022-12-14,0.890254354657
2022-12-15,0.86728278142
2022-12-16,0.830992951979
2022-12-17,0.839657772493
2022-12-18,0.839875774864
2022-12-19,0.823536056851
2022-12-20,0.847633081501
2022-12-21,0.843195618816
2022-12-22,0.844194325117
2022-12-23,0.842886604017
2022-12-24,0.84590101132
2022-12-25,0.845706555551
2022-12-26,0.848591013908
2022-12-27,0.8399359586
2022-12-28,0.83299277844
2022-12-29,0.838526883526
2022-12-30,0.836965256607
2022-12-31,0.835246001939
2023-01-01,0.839542831106
2023-01-02,0.843780085391
2023-01-03,0.843211245785
2023-01-04,0.852695347503
2023-01-05,0.851818124476
2023-01-06,0.858998530318
2023-01-07,0.858446501208
2023-01-08,0.864443193289
2023-01-09,0.870777665108
2023-01-10,0.883951640903
2023-01-11,0.904886150128
2023-01-12,0.956915395927
2023-01-13,1.006737285894
2023-01-14,1.063923229924
2023-01-15,1.056945343653
2023-01-16,1.071886746547
2023-01-17,1.071274656024
2023-01-18,1.047738862359
2023-01-19,1.066296173366
2023-01-20,1.145445917644
2023-01-21,1.152147571819
2023-01-22,1.147415859687
2023-01-23,1.157946337765
2023-01-24,1.14168583391
2023-01-25,1.166238508234
2023-01-26,1.161820741319
2023-01-27,1.165635900125
2023-01-28,1.162375118008
2023-01-29,1.200618353218
2023-01-30,1.15137768201
2023-01-31,1.167609671158
2023-02-01,1.196241930423
2023-02-02,1.184795889398
2023-02-03,1.181415746292
2023-02-04,1.176437733184
2023-02-05,1.156408398602
2023-02-06,1.145679319019
2023-02-07,1.171652534251
2023-02-08,1.154986688723
2023-02-09,1.099040577212
2023-02-10,1.089446116412
2023-02-11,1.101770368949
2023-02-12,1.097210551986
2023-02-13,1.09866674955
2023-02-14,1.119923157609
2023-02-15,1.22364317031
2023-02-16,1.195012046683
2023-02-17,1.237767811543
2023-02-18,1.239058645614
2023-02-19,1.225347760367
2023-02-20,1.246658143379
2023-02-21,1.226544841574
2023-02-22,1.214898364016
2023-02-23,1.20196788302
2023-02-24,1.165447448567
2023-02-25,1.164771417267
2023-02-26,1.183865293006
2023-02-27,1.181751158136
2023-02-28,1.165088210397
2023-03-01,1.188892073095
2023-03-02,1.181929202448
2023-03-03,1.126016843463
2023-03-04,1.125231451633
2023-03-05,1.130220819242
2023-03-06,1.130223291427
2023-03-07,1.122035533533
2023-03-08,1.098460296734
2023-03-09,1.031092147146
2023-03-10,1.026171253096
2023-03-11,1.043781214381
2023-03-12,1.118453254664
2023-03-13,1.222477139001
2023-03-14,1.252017069531
2023-03-15,1.233259096934
2023-03-16,1.264318230866
2023-03-17,1.381709504388
2023-03-18,1.357927080335
2023-03-19,1.41718434858
2023-03-20,1.398348824456
2023-03-21,1.413889214116
2023-03-22,1.371700451034
2023-03-23,1.421886913625
2023-03-24,1.375231386162
2023-03-25,1.376280144651
2023-03-26,1.403671575252
2023-03-27,1.357098415255
2023-03-28,1.363066939643
2023-03-29,1.417071461284
2023-03-30,1.420441511641
2023-03-31,1.443820674085
2023-04-01,1.442211549223
2023-04-02,1.425206305097
2023-04-03,1.409099995135
2023-04-04,1.4219430768
2023-04-05,1.424960408187
2023-04-06,1.41726242259
2023-04-07,1.411891341659
2023-04-08,1.413111240664
2023-04-09,1.432780320048
2023-04-10,1.498410626119
2023-04-11,1.524007596955
2023-04-12,1.506773205338
2023-04-13,1.528589539867
2023-04-14,1.531450017782
2023-04-15,1.525286478334
2023-04-16,1.523487449103
2023-04-17,1.481199761253
2023-04-18,1.524898878521
2023-04-19,1.445557031038
2023-04-20,1.418296444501
2023-04-21,1.370138666353
2023-04-22,1.396814023725
2023-04-23,1.385375480736
2023-04-24,1.381178300296
2023-04-25,1.420027669157
2023-04-26,1.423548393886
2023-04-27,1.477024680925
2023-04-28,1.470212541775
2023-04-29,1.463534273428
2023-04-30,1.470402257877
2023-05-01,1.408272273073
2023-05-02,1.436592482997
2023-05-03,1.45181633614
2023-05-04,1.442232154866
2023-05-05,1.476466635695
2023-05-06,1.443843173393
2023-05-07,1.429877064919
2023-05-08,1.378067479397
2023-05-09,1.374090435543
2023-05-10,1.374436923429
2023-05-11,1.341912915639
2023-05-12,1.331264514159
2023-05-13,1.334669775407
2023-05-14,1.338338944895
2023-05-15,1.352469393563
2023-05-16,1.341803499909
2023-05-17,1.360182926857
2023-05-18,1.332798511609
2023-05-19,1.335285312277
2023-05-20,1.345668504663
2023-05-21,1.329584607553
2023-05-22,1.331796174941
2023-05-23,1.349756710174
2023-05-24,1.306148991112
2023-05-25,1.312302574122
2023-05-26,1.323951129649
2023-05-27,1.330559181986
2023-05-28,1.391560954233
2023-05-29,1.374801000798
2023-05-30,1.371662586882
2023-05-31,1.347122513076
2023-06-01,1.32755818548
2023-06-02,1.348499664123
2023-06-03,1.339845350422
2023-06-04,1.343716524322
2023-06-05,1.276417765634
2023-06-06,1.3462357416
2023-06-07,1.303228127244
2023-06-08,1.312170481703
2023-06-09,1.309627647538
2023-06-10,1.279906228962
2023-06-11,1.282204028842
2023-06-12,1.282415132209
2023-06-13,1.281288526881
2023-06-14,1.242758133707
2023-06-15,1.265794710232
2023-06-16,1.303742036635
2023-06-17,1.312806147734
2023-06-18,1.304485514887
2023-06-19,1.326002267293
2023-06-20,1.401058308786
2023-06-21,1.487688159529
2023-06-22,1.479224774259
2023-06-23,1.511461032551
2023-06-24,1.506266238891
2023-06-25,1.501725462895
2023-06-26,1.490477217783
2023-06-27,1.508993136561
2023-06-28,1.480047953676
2023-06-29,1.4974352167
2023-06-30,1.497404119431
2023-07-01,1.500071404388
2023-07-02,1.500295120753
2023-07-03,1.525922363387
2023-07-04,1.509148391226
2023-07-05,1.494037535141
2023-07-06,1.470491737414
2023-07-07,1.487208780434
2023-07-08,1.483788128844
2023-07-09,1.478660537861
2023-07-10,1.489525354536
2023-07-11,1.499536522954
2023-07-12,1.487755265888
2023-07-13,1.538500113181
2023-07-14,1.483457241083
2023-07-15,1.482403144167
2023-07-16,1.480253300626
2023-07-17,1.475399676867
2023-07-18,1.45985580542
2023-07-19,1.463037215762
2023-07-20,1.457534391178
2023-07-21,1.463442609814
2023-07-22,1.453936935337
2023-07-23,1.470319604139
2023-07-24,1.427138509577
2023-07-25,1.42923855151
2023-07-26,1.436080716187
2023-07-27,1.429632064392
2023-07-28,1.440164978549
2023-07-29,1.442211649973
2023-07-30,1.437384415792
2023-07-31,1.435482408871
2023-08-01,1.449024030947
2023-08-02,1.432048628755
2023-08-03,1.434367776395
2023-08-04,1.427652983063
2023-08-05,1.427408392655
2023-08-06,1.427044043698
2023-08-07,1.432710437146
2023-08-08,1.46267267691
2023-08-09,1.452750656477
2023-08-10,1.445222004734
2023-08-11,1.443460117805
2023-08-12,1.444002195989
2023-08-13,1.437480909277
2023-08-14,1.443311936754
2023-08-15,1.43140313407
2023-08-16,1.411251226179
2023-08-17,1.309597789983
2023-08-18,1.279955274829
2023-08-19,1.282875825078
2023-08-20,1.287026193244
2023-08-21,1.285209423972
2023-08-22,1.278234400958
2023-08-23,1.301640510691
2023-08-24,1.286264498958
2023-08-25,1.282530939849
2023-08-26,1.280910484603
2023-08-27,1.284719699038
2023-08-28,1.285785965076
2023-08-29,1.3631929159
2023-08-30,1.344866297954
2023-08-31,1.279294333561
2023-09-01,1.272142442172
2023-09-02,1.275429178013
2023-09-03,1.280178738226
2023-09-04,1.272295663234
2023-09-05,1.271797475869
2023-09-06,1.270666304167
2023-09-07,1.293153415402
2023-09-08,1.278230950625
2023-09-09,1.277871761676
2023-09-10,1.274805713565
2023-09-11,1.240998802155
2023-09-12,1.276849786407
2023-09-13,1.294929881704
2023-09-14,1.31072461763
2023-09-15,1.316247721823
2023-09-16,1.31045230781
2023-09-17,1.30778359727
2023-09-18,1.320321096515
2023-09-19,1.341491282124
2023-09-20,1.337531751739
2023-09-21,1.310046276386
2023-09-22,1.310529519075
2023-09-23,1.310250960634
2023-09-24,1.296058458113
2023-09-25,1.296187807462
2023-09-26,1.291644411828
2023-09-27,1.298711354638
2023-09-28,1.332826815107
2023-09-29,1.326653306014
2023-09-30,1.329742814001
2023-10-01,1.377331393995
2023-10-02,1.35843524556
2023-10-03,1.351957092666
2023-10-04,1.369035570095
2023-10-05,1.350981968888
2023-10-06,1.37581058469
2023-10-07,1.376921632645
2023-10-08,1.375035048808
2023-10-09,1.357643501831
2023-10-10,1.349224905545
2023-10-11,1.320267435058
2023-10-12,1.316151935393
2023-10-13,1.321220609655
2023-10-14,1.321559699731
2023-10-15,1.334644980263
2023-10-16,1.401484702482
2023-10-17,1.397569787083
2023-10-18,1.392147247637
2023-10-19,1.410163206398
2023-10-20,1.458847579295
2023-10-21,1.469157536053
2023-10-22,1.471860430263
2023-10-23,1.613500605985
2023-10-24,1.654397557736
2023-10-25,1.681601781377
2023-10-26,1.663662918099
2023-10-27,1.648793504518
2023-10-28,1.65738945553
2023-10-29,1.679987904494
2023-10-30,1.674700476949
2023-10-31,1.679986208289
2023-11-01,1.715331297044
2023-11-02,1.687432786238
2023-11-03,1.677473281454
2023-11-04,1.695198047921
2023-11-05,1.69531363252
2023-11-06,1.690062847822
2023-11-07,1.707693280842
2023-11-08,1.724477503
2023-11-09,1.762200964364
2023-11-10,1.792853668717
2023-11-11,1.773581111946
2023-11-12,1.776498366314
2023-11-13,1.751221714879
2023-11-14,1.705402061503
2023-11-15,1.810152914492
2023-11-16,1.729237075753
2023-11-17,1.747806543208
2023-11-18,1.74769689693
2023-11-19,1.78814575059
2023-11-20,1.789732455017
2023-11-21,1.717720966087
2023-11-22,1.780655097435
2023-11-23,1.775570834214
2023-11-24,1.793664605571
2023-11-25,1.796938311512
2023-11-26,1.781247130023
2023-11-27,1.768699884325
2023-11-28,1.795694998493
2023-11-29,1.794443185541
2023-11-30,1.787790724759
2023-12-01,1.831958430263
2023-12-02,1.866562636124
2023-12-03,1.88957149278
2023-12-04,1.974157660867
2023-12-05,2.070210110876
2023-12-06,2.049004981703
2023-12-07,2.024192806038
2023-12-08,2.063554127808
2023-12-09,2.040603828859
2023-12-10,2.039126541822
2023-12-11,1.920421604102
2023-12-12,1.928403638971
2023-12-13,1.994507456072
2023-12-14,1.997076014934
2023-12-15,1.945584187067
2023-12-16,1.954587603816
2023-12-17,1.918432937883
2023-12-18,1.970997560336
2023-12-19,1.952266717846
2023-12-20,2.010355157868
2023-12-21,2.02055347695
2023-12-22,2.024349186253
2023-12-23,2.012046953684
2023-12-24,1.978993772604
2023-12-25,2.002168071468
2023-12-26,1.947666354666
2023-12-27,1.98454282113
2023-12-28,1.948191066046
2023-12-29,1.915289168243
2023-12-30,1.923525954915
2023-12-31,1.923147103068
2024-01-01,2.005011405976
2024-01-02,2.041843744783
2024-01-03,1.941607815328
2024-01-04,1.991280476371
2024-01-05,1.983754393826
2024-01-06,1.972626827535
2024-01-07,1.968589392178
2024-01-08,2.105199604079
2024-01-09,2.061111820714
2024-01-10,2.090437479903
2024-01-11,2.06755309096
2024-01-12,1.910157143573
2024-01-13,1.911017344621
2024-01-14,1.868072683047
2024-01-15,1.895817002527
2024-01-16,1.915131498731
2024-01-17,1.892920670298
2024-01-18,1.826405496575
2024-01-19,1.840326498572
2024-01-20,1.842828285649
2024-01-21,1.836787376079
2024-01-22,1.750703117876
2024-01-23,1.75685238167
2024-01-24,1.769398537471
2024-01-25,1.759912897525
2024-01-26,1.843658004535
2024-01-27,1.854538165179
2024-01-28,1.847823938144
2024-01-29,1.900281404617
2024-01-30,1.884454643724
2024-01-31,1.865776569305
2024-02-01,1.883692689819
2024-02-02,1.888479126867
2024-02-03,1.880647419447
2024-02-04,1.862423695961
2024-02-05,1.863325630825
2024-02-06,1.881777313878
2024-02-07,1.929905898886
2024-02-08,1.974244701407
2024-02-09,2.050894304805
2024-02-10,2.075743628106
2024-02-11,2.091679256465
2024-02-12,2.163451148703
2024-02-13,2.144571750971
2024-02-14,2.227481564237
2024-02-15,2.227672856945
2024-02-16,2.233361065632
2024-02-17,2.211108586549
2024-02-18,2.229209056718
2024-02-19,2.207720044105
2024-02-20,2.226411177484
2024-02-21,2.199223255693
2024-02-22,2.176256754311
2024-02-23,2.151044247173
2024-02-24,2.182874558495
2024-02-25,2.188723304731
2024-02-26,2.30035580813
2024-02-27,2.39296751458
2024-02-28,2.578804516452
2024-02-29,2.523625575021
2024-03-01,2.552193764104
2024-03-02,2.530515094253
2024-03-03,2.564912446775
2024-03-04,2.751198902437
2024-03-05,2.565781926711
2024-03-06,2.612226371577
2024-03-07,2.630694305772
2024-03-08,2.663773784415
2024-03-09,2.664446669894
2024-03-10,2.673324643842
2024-03-11,2.776042557045
2024-03-12,2.732831670246
2024-03-13,2.746836537171
2024-03-14,2.676637138189
2024-03-15,2.593181988006
2024-03-16,2.443363523614
2024-03-17,2.541969044316
2024-03-18,2.51875351754
2024-03-19,2.30649799611
2024-03-20,2.517432122856
2024-03-21,2.425056482588
2024-03-22,2.347242779085
2024-03-23,2.355130916016
2024-03-24,2.459089042138
2024-03-25,2.531973278125
2024-03-26,2.529858023857
2024-03-27,2.497305617703
2024-03-28,2.542320039061
2024-03-29,2.50681430136
2024-03-30,2.495980095994
2024-03-31,2.54947270434
2024-04-01,2.483865174687
2024-04-02,2.325824861038
2024-04-03,2.343574739079
2024-04-04,2.422340254314
2024-04-05,2.401839662162
2024-04-06,2.442327543695
2024-04-07,2.449775072637
2024-04-08,2.52594267686
2024-04-09,2.431151797828
2024-04-10,2.480887886464
2024-04-11,2.459930871341
2024-04-12,2.355699837214
2024-04-13,2.266724603585
2024-04-14,2.303797513539
2024-04-15,2.224653591762
2024-04-16,2.235583060627
2024-04-17,2.150115532828
2024-04-18,2.223657090198
2024-04-19,2.229521797353
2024-04-20,2.268874228093
2024-04-21,2.270178573833
2024-04-22,2.336371416788
2024-04-23,2.315430605828
2024-04-24,2.229186378145
2024-04-25,2.239412644798
2024-04-26,2.213395882136
2024-04-27,2.200293292653
2024-04-28,2.182739504636
2024-04-29,2.213049963714
2024-04-30,2.099491659604
2024-05-01,2.01516295818
2024-05-02,2.050901531028
2024-05-03,2.180678249434
2024-05-04,2.210725676775
2024-05-05,2.216655067084
2024-05-06,2.186202853853
2024-05-07,2.157205469069
2024-05-08,2.110540935051
2024-05-09,2.175223560734
2024-05-10,2.102988744981
2024-05-11,2.100448702876
2024-05-12,2.119745795365
2024-05-13,2.168233271084
2024-05-14,2.121406641577
2024-05-15,2.275705533512
2024-05-16,2.238813737175
2024-05-17,2.293532882786
2024-05-18,2.293351817746
2024-05-19,2.267741433359
2024-05-20,2.430732575262
2024-05-21,2.392177115696
2024-05-22,2.350508549105
2024-05-23,2.30342600975
2024-05-24,2.329942400919
2024-05-25,2.351755247843
2024-05-26,2.321857258415
2024-05-27,2.349289009693
2024-05-28,2.276025405912
2024-05-29,2.249666771523
2024-05-30,2.274593932765
2024-05-31,2.240434640049
2024-06-01,2.250811711614
2024-06-02,2.252890611825
2024-06-03,2.282844084426
2024-06-04,2.336035028633
2024-06-05,2.350051564625
2024-06-06,2.333807126267
2024-06-07,2.283767499815
2024-06-08,2.281753656488
2024-06-09,2.291783692164
2024-06-10,2.284430208974
2024-06-11,2.210797104332
2024-06-12,2.236528862009
2024-06-13,2.189193919128
2024-06-14,2.162288948988
2024-06-15,2.168574282271
2024-06-16,2.181700780897
2024-06-17,2.17600767278
2024-06-18,2.131170120016
2024-06-19,2.122527340691
2024-06-20,2.122824344632
2024-06-21,2.094841851078
2024-06-22,2.094393635978
2024-06-23,2.064629768046
2024-06-24,1.965852605759
2024-06-25,2.013824808421
2024-06-26,1.983142815892
2024-06-27,2.00449611147
2024-06-28,1.963323618484
2024-06-29,1.982090071071
2024-06-30,2.04224535277
2024-07-01,2.04314593286
2024-07-02,2.017079157971
2024-07-03,1.956495892684
2024-07-04,1.867131113244
2024-07-05,1.84216706331
2024-07-06,1.891715119434
2024-07-07,1.82212870475
2024-07-08,1.84231499501
2024-07-09,1.882826099963
2024-07-10,1.873671456415
2024-07-11,1.860391707754
2024-07-12,1.877696697499
2024-07-13,1.924461076714
2024-07-14,1.978252221421
2024-07-15,2.094337235781
2024-07-16,2.10249498714
2024-07-17,2.0722141993
2024-07-18,2.063284607936
2024-07-19,2.146794861585
2024-07-20,2.159544550027
2024-07-21,2.186185421436
2024-07-22,2.167482354881
2024-07-23,2.109594621683
2024-07-24,2.091076478928
2024-07-25,2.101052278672
2024-07-26,2.167988897972
2024-07-27,2.17149524018
2024-07-28,2.173689504641
2024-07-29,2.130351323441
2024-07-30,2.10753663783
2024-07-31,2.060104597961
2024-08-01,2.073446664875
2024-08-02,1.958129492294
2024-08-03,1.931910948089
2024-08-04,1.85658107668
2024-08-05,1.734614783702
2024-08-06,1.790105908673
2024-08-07,1.76102665944
2024-08-08,1.974027468759
2024-08-09,1.934847151042
2024-08-10,1.937094140148
2024-08-11,1.872742222889
2024-08-12,1.890144044639
2024-08-13,1.926417221684
2024-08-14,1.87350048326
2024-08-15,1.835793831991
2024-08-16,1.876508258409
2024-08-17,1.891903199321
2024-08-18,1.871999609436
2024-08-19,1.891279440638
2024-08-20,1.882426600371
2024-08-21,1.945233846186
2024-08-22,1.921170694846
2024-08-23,2.035903975825
2024-08-24,2.032046751517
2024-08-25,2.046583028581
2024-08-26,1.998001382993
2024-08-27,1.891971799295
2024-08-28,1.875827072948
2024-08-29,1.883349152914
2024-08-30,1.876982694923
2024-08-31,1.87073697854
2024-09-01,1.820019010688
2024-09-02,1.877143284457
2024-09-03,1.829729699885
2024-09-04,1.841861370616
2024-09-05,1.781930708989
2024-09-06,1.710811543806
2024-09-07,1.718206634267
2024-09-08,1.743469313486
2024-09-09,1.814072811646
2024-09-10,1.830850569033
2024-09-11,1.822802476165
2024-09-12,1.844923692611
2024-09-13,1.918166417135
2024-09-14,1.901061522523
2024-09-15,1.873189573393
2024-09-16,1.844209085413
2024-09-17,1.906555569386
2024-09-18,1.938486988135
2024-09-19,1.989407371018
2024-09-20,1.991251479392
2024-09-21,1.997224680189
2024-09-22,2.00309504051
2024-09-23,1.993210662996
2024-09-24,2.02322807255
2024-09-25,1.980828516174
2024-09-26,2.040909822528
2024-09-27,2.061133588941
2024-09-28,2.059734897491
2024-09-29,2.054377793402
2024-09-30,1.980655974681
2024-10-01,1.906306811115
2024-10-02,1.901135632078
2024-10-03,1.903667765594
2024-10-04,1.942653036999
2024-10-05,1.941600018448
2024-10-06,1.964736190677
2024-10-07,1.952455630153
2024-10-08,1.926780183281
2024-10-09,1.880158282942
2024-10-10,1.868650690361
2024-10-11,1.931911669891
2024-10-12,1.953970337674
2024-10-13,1.939547429605
2024-10-14,2.039522213226
2024-10-15,2.060181206339
2024-10-16,2.079852586869
2024-10-17,2.067823405287
2024-10-18,2.097751626956
2024-10-19,2.095293659588
2024-10-20,2.110307256847
2024-10-21,2.056928495458
2024-10-22,2.0548573040083666
2024-10-23,2.030149964645596
2024-10-24,2.0735534317639304
2024-10-25,2.015882390039284
2024-10-26,2.038385405545456
2024-10-27,2.0672450714484367
2024-10-28,2.12079659111609
2024-10-29,2.1993875776152856
2024-10-30,2.1895048875101897
2024-10-31,2.1253164193551783
2024-11-01,2.096717117505966
2024-11-02,2.088469515716
2024-11-03,2.072996077959187
2024-11-04,2.0421715913323313
2024-11-05,2.0934035678438234
2024-11-06,2.265383861200003
2024-11-07,2.268079148113374
2024-11-08,2.2784564278185018
2024-11-09,2.2854908075229896
2024-11-10,2.3862991652271037
2024-11-11,2.614736204421691
2024-11-12,2.574402718870185
2024-11-13,2.6237625094988872
2024-11-14,2.516917131040333
2024-11-15,2.6166281818489865
2024-11-16,2.5963251574245816
2024-11-17,2.570045957525609
2024-11-18,2.586767436063493
2024-11-19,2.616096692148944
2024-11-20,2.6545840511759584
2024-11-21,2.7357035205093947
2024-11-22,2.7268624607806946
2024-11-23,2.682475835762373
2024-11-24,2.684190145202477
2024-11-25,2.550936868826199
2024-11-26,2.504171774475637
2024-11-27,2.606953545179931
2024-11-28,2.5937387638687115
2024-11-29,2.630994842256662
2024-11-30,2.6035102735918114
2024-12-01,2.627590012401485
2024-12-02,2.572610271286454
2024-12-03,2.5714581344527003
2024-12-04,2.6375374682187815
2024-12-05,2.5624396365200885
2024-12-06,2.6197013566280365
2024-12-07,2.6172416537051104
2024-12-08,2.635830347444721
2024-12-09,2.528321562198401
2024-12-10,2.504255955643038
2024-12-11,2.607825988676539
2024-12-12,2.5725090268010704
2024-12-13,2.5964143923269845
2024-12-14,2.5956011229498386
2024-12-15,2.671579602981782
2024-12-16,2.690487024205537
2024-12-17,2.6825053486643022
2024-12-18,2.5337669288940026
2024-12-19,2.449250681750823
2024-12-20,2.438923701718572
2024-12-21,2.424795342221161
2024-12-22,2.36832468298583
2024-12-23,2.3466031181287983
2024-12-24,2.4325472895826454
2024-12-25,2.4457574461003446
2024-12-26,2.3548963638187823
2024-12-27,2.316536046291274
2024-12-28,2.3373921900161463
2024-12-29,2.2939806186069815
2024-12-30,2.264447243535571
2024-12-31,2.2808124449322915
2025-01-01,2.3030404933089104
2025-01-02,2.3578841474857937
2025-01-03,2.3862905574570155
2025-01-04,2.3875160097101222
2025-01-05,2.390965860098841
2025-01-06,2.477062799747396
2025-01-07,2.3467027834219376
2025-01-08,2.298665904666954
2025-01-09,2.233820238836667
2025-01-10,2.290082536703305
2025-01-11,2.285501707170164
2025-01-12,2.278657758123868
2025-01-13,2.2779845089607447
2025-01-14,2.3280580564665416
2025-01-15,2.4095410827754344
2025-01-16,2.3989108291075403
2025-01-17,2.495913169030756
2025-01-18,2.4946785705686336
2025-01-19,2.4106728700866626
2025-01-20,2.4450561327537335
2025-01-21,2.518858900509325
2025-01-22,2.459018475131256
2025-01-23,2.455447281433525
2025-01-24,2.4651832101972833
2025-01-25,2.4670204525538764
2025-01-26,2.418361700134125
2025-01-27,2.393412498448327
2025-01-28,2.3732871181658965
2025-01-29,2.436318963363576
2025-01-30,2.4577562130040627
2025-01-31,2.3926271926371028
2025-02-01,2.353296238999732
2025-02-02,2.278588298536274
2025-02-03,2.3717271049935724
2025-02-04,2.280750094282139
2025-02-05,2.2465355832791136
2025-02-06,2.243314171452448
2025-02-07,2.2387599646519227
2025-02-08,2.2429885869544703
2025-02-09,2.232532160927027
2025-02-10,2.2560105134383015
2025-02-11,2.2178405166069126
2025-02-12,2.2614665289821283
2025-02-13,2.2326518009087044
2025-02-14,2.2516623241667397
2025-02-15,2.254483790385446
2025-02-16,2.2219614753167987
2025-02-17,2.212551004856131
2025-02-18,2.2037234329299973
2025-02-19,2.23047321584031
2025-02-20,2.269163375900631
2025-02-21,2.2145337837142764
2025-02-22,2.2259723481715947
2025-02-23,2.213616967746432
2025-02-24,2.116419481382366
2025-02-25,2.0450571925613175
2025-02-26,1.9371568882829038
2025-02-27,1.9512523008535438
2025-02-28,1.9428821960052791
2025-03-01,1.979772195615528
2025-03-02,2.17233527887869
2025-03-03,1.9890487557357124
2025-03-04,2.011926611190173
2025-03-05,2.085499742580572
2025-03-06,2.074588033844596
2025-03-07,1.990605455895191
2025-03-08,1.9817025600012972
2025-03-09,1.8553174468191107
2025-03-10,1.8183074680565463
2025-03-11,1.9029557814450992
2025-03-12,1.9218834269936982
2025-03-13,1.864334615532672
2025-03-14,1.9320354593333133
2025-03-15,1.9374873260847636
2025-03-16,1.894746119450727
2025-03-17,1.9296028955456381
2025-03-18,1.8989060236861497
2025-03-19,1.9911932421344407
2025-03-20,1.929826803780835
2025-03-21,1.928165154014055
2025-03-22,1.9223588315764386
2025-03-23,1.966380986053732
2025-03-24,2.0008793939408274
2025-03-25,2.0026741040033817
2025-03-26,1.9885114032158295
2025-03-27,1.996709094176898
2025-03-28,1.9282823462091283
2025-03-29,1.8872433668233977
2025-03-30,1.881216185430681
2025-03-31,1.8870880493017759
2025-04-01,1.9500766862141923
2025-04-02,1.8882773504046593
2025-04-03,1.8941542618128036
2025-04-04,1.9126673444102584
2025-04-05,1.9016833447333794
2025-04-06,1.7801240635878879
2025-04-07,1.8128169226747144
2025-04-08,1.7439655745926916
2025-04-09,1.8872309635239621
2025-04-10,1.8147281216378452
2025-04-11,1.9005276237422863
2025-04-12,1.9432833469455524
2025-04-13,1.9039218772421993
2025-04-14,1.9262023235820704
2025-04-15,1.9071370551656621
2025-04-16,1.9172708051026972
2025-04-17,1.9396573992306128
2025-04-18,1.927799316975245
2025-04-19,1.9434572717156722
2025-04-20,1.9426378432392224
2025-04-21,1.9927995689339313
2025-04-22,2.1282639230663345
2025-04-23,2.1261098636422497
2025-04-24,2.126194044694234
2025-04-25,2.139689228562994
2025-04-26,2.1368454882429617
2025-04-27,2.116303078347162
2025-04-28,2.1414599497479094
2025-04-29,2.1164915940420426
2025-04-30,2.117664419217392
2025-05-01,2.1635056908519745
2025-05-02,2.1700257371132774
2025-05-03,2.148827641148182
2025-05-04,2.1136160468529854
2025-05-05,2.1198315170018898
2025-05-06,2.1566030190508587
2025-05-07,2.1641775871229822
2025-05-08,2.2908345636251912
2025-05-09,2.2831068959043845
2025-05-10,2.3179930154044754
2025-05-11,2.30314847924649
2025-05-12,2.276547512358493
2025-05-13,2.2970209363653464
2025-05-14,2.2817352097814925
2025-05-15,2.2793299047250057
2025-05-16,2.272925986368772
2025-05-17,2.263971398372875
2025-05-18,2.3240704676353836
2025-05-19,2.309462953385517
2025-05-20,2.3328187609635207
2025-05-21,2.387132485847717
2025-05-22,2.4191148692725477
2025-05-23,2.325244185229265
2025-05-24,2.3375230632787902
2025-05-25,2.3575883785824456
2025-05-26,2.3615409622706873
2025-05-27,2.3483230152239987
2025-05-28,2.319565765914059
2025-05-29,2.269515917375292
2025-05-30,2.2301710388100866
2025-05-31,2.2453195179282552
2025-06-01,2.2668244854256177
2025-06-02,2.263174032245519
2025-06-03,2.249049850630191
2025-06-04,2.2306295386760513
2025-06-05,2.1644219757163037
2025-06-06,2.221377259248508
2025-06-07,2.246857184421021
2025-06-08,2.2465926766265145
2025-06-09,2.3383291419548384
2025-06-10,2.3319943207037923
2025-06-11,2.2994649025476215
2025-06-12,2.2419620475504867
2025-06-13,2.2394272436628913
2025-06-14,2.227143824699812
2025-06-15,2.227219971359887
2025-06-16,2.258771912231857
2025-06-17,2.2032072026463054
2025-06-18,2.20581725377894
2025-06-19,2.202308074044105
2025-06-20,2.1712340906871987
2025-06-21,2.1341088047568837
2025-06-22,2.1199152283858615
2025-06-23,2.2134869832042128
2025-06-24,2.220349702793955
2025-06-25,2.2450664068043222
2025-06-26,2.2341438252792543
2025-06-27,2.2307257878946083
2025-06-28,2.2355962704995864
2025-06-29,2.255148786868359
2025-06-30,2.224449219216365
2025-07-01,2.190371437932748
2025-07-02,2.2572933277993874
2025-07-03,2.2682210955541695
2025-07-04,2.215345083660493
2025-07-05,2.2180745576921685
2025-07-06,2.236333996776805
2025-07-07,2.2137003448829926
2025-07-08,2.2241472452865456
2025-07-09,2.268230580456622
2025-07-10,2.3546017983970526
2025-07-11,2.38212290459618
2025-07-12,2.37341147249211
2025-07-13,2.4017092198498973
2025-07-14,2.4125084332311304
2025-07-15,2.3641951149221963
2025-07-16,2.368875124533446
2025-07-17,2.3749858049492363
2025-07-18,2.340384009446915
2025-07-19,2.336414214135971
2025-07-20,2.323370138320551
2025-07-21,2.3218439654227243
2025-07-22,2.3670956161477066
2025-07-23,2.334400354595592
2025-07-24,2.3257901969225427
2025-07-25,2.304027155259395
2025-07-26,2.3118305041157874
2025-07-27,2.3388539623352456
2025-07-28,2.3084821087206895
2025-07-29,2.3014237166265827
2025-07-30,2.2955727612124828
2025-07-31,2.2576734658479003
2025-08-01,2.2070884136924738
2025-08-02,2.1923149563631275
2025-08-03,2.2240971442941064
2025-08-04,2.240631105189466
2025-08-05,2.2178999959543493
2025-08-06,2.2349723954934775
2025-08-07,2.2781308995532936
2025-08-08,2.2621480824612368
2025-08-09,2.2569920501462186
2025-08-10,2.307419605120224
2025-08-11,2.296376996154095
2025-08-12,2.320647620011929
2025-08-13,2.379739102823155
2025-08-14,2.2824160062100023
2025-08-15,2.25769289975179
2025-08-16,2.2532741501991906
2025-08-17,2.2553050008051305
2025-08-18,2.229656237704237
2025-08-19,2.162405961142789
2025-08-20,2.187593393945847
2025-08-21,2.1500922222394157
2025-08-22,2.2309603181709265
2025-08-23,2.2012721767196215
2025-08-24,2.167328504514984
2025-08-25,2.101608862718138
2025-08-26,2.1348985660008872
2025-08-27,2.1218251202374474
2025-08-28,2.1427891220239426
2025-08-29,2.0585239707912053
2025-08-30,2.063022252855391
2025-08-31,2.054653984489101
2025-09-01,2.0664722780336136
2025-09-02,2.1061331661206095
2025-09-03,2.117352868701102
2025-09-04,2.0988399671512004
2025-09-05,2.0909910896315393
2025-09-06,2.081547548704114
2025-09-07,2.1007955085878978
2025-09-08,2.114485395928852
2025-09-09,2.1019000165432096
2025-09-10,2.145924375428194
2025-09-11,2.1718284060122492
2025-09-12,2.1834524058125826
2025-09-13,2.178678922337634
2025-09-14,2.1673601179200923
2025-09-15,2.1656665085615017
2025-09-16,2.1888797241350617
2025-09-17,2.1818070259413114
2025-09-18,2.1884252567803575
2025-09-19,2.1584515968726663
2025-09-20,2.1600824520314994
2025-09-21,2.1511992423053936
2025-09-22,2.1030843290113816
2025-09-23,2.0884207525288683
2025-09-24,2.1098438050041244
2025-09-25,2.0312424703115273
2025-09-26,2.0392977420667635
2025-09-27,2.0384097258593887
2025-09-28,2.0843982136269275
2025-09-29,2.122720877587773
2025-09-30,2.112807213335253
2025-10-01,2.186155026712077
2025-10-02,2.221772196583208
2025-10-03,2.249202943238196
2025-10-04,2.247639041410611
2025-10-05,2.266766621760195
2025-10-06,2.287145426879909
2025-10-07,2.2193474280974277
2025-10-08,2.248606081441407
2025-10-09,2.2125534313089377
2025-10-10,2.070562788244427
2025-10-11,2.019478996261419
2025-10-12,2.0951257451651712
2025-10-13,2.09746317757528
2025-10-14,2.056829337301677
2025-10-15,2.0058910258061653
2025-10-16,1.9578568178170297
2025-10-17,1.9292830315776204
2025-10-18,1.9381495183779993
2025-10-19,1.965929731213064
2025-10-20,2.0002412420408935
2025-10-21,1.9642552693241937
2025-10-22,1.9422693938130509
2025-10-23,1.9838505829202955
2025-10-24,2.0002399703642184
2025-10-25,2.010123020095332
2025-10-26,2.061141989497095
2025-10-27,2.0506486983041583
2025-10-28,2.0269852854220023
2025-10-29,1.9748570714184714
2025-10-30,1.9325248327320044
2025-10-31,1.9596274069163773
2025-11-01,1.9663440701835697
2025-11-02,1.9727764696344197
2025-11-03,1.9020882532144816
2025-11-04,1.8116855886218344
2025-11-05,1.8570557344204919
2025-11-06,1.8097201631689654
2025-11-07,1.8428465053331913
2025-11-08,1.8227583856026046
2025-11-09,1.8641651761462625
2025-11-10,1.8875443600732529
2025-11-11,1.831888197421843
2025-11-12,1.808509903130079
2025-11-13,1.7800126434105845
2025-11-14,1.6842606972655323
2025-11-15,1.7025099652616347
2025-11-16,1.6785525812642026
2025-11-17,1.6392867114437717
2025-11-18,1.654516965238705
2025-11-19,1.628739580213074
2025-11-20,1.5515619978194948
2025-11-21,1.5202473672522108
2025-11-22,1.5063202250156786
2025-11-23,1.5408129016405958
2025-11-24,1.5674035927405894
2025-11-25,1.550709768072391
2025-11-26,1.6019179596137354
2025-11-27,1.6180110246025807
2025-11-28,1.6124043653578792
2025-11-29,1.609812435967487
2025-11-30,1.605936798624271
2025-12-01,1.533958697259218
2025-12-02,1.6233866164835693
2025-12-03,1.6594397707736588
2025-12-04,1.6346860768202705
2025-12-05,1.5845510954223285
2025-12-06,1.5825974776524672
2025-12-07,1.5985004613781386
2025-12-08,1.6096177386431436
2025-12-09,1.6469894512126808
2025-12-10,1.6325770870501284
2025-12-11,1.6416453987249757
2025-12-12,1.6020026597826393
2025-12-13,1.6004071227927794
2025-12-14,1.5625992937931457
2025-12-15,1.5334507834438562
2025-12-16,1.5583000660090016
2025-12-17,1.529104503632707
2025-12-18,1.5183951212093738
2025-12-19,1.5669393446155329
2025-12-20,1.5699331395911071
2025-12-21,1.5740329131051052
2025-12-22,1.5730377244463174
2025-12-23,1.5534926720508597
2025-12-24,1.5586263806194098
2025-12-25,1.551577942876589
2025-12-26,1.5547999122682274
2025-12-27,1.5611304886162418
2025-12-28,1.5623713813655937
2025-12-29,1.55184373281198
2025-12-30,1.575194732866138
2025-12-31,1.5599368640000815
2026-01-01,1.5805666838787138
2026-01-02,1.6028335346054856
2026-01-03,1.6144428345714434
2026-01-04,1.6278233718322608
2026-01-05,1.672965606192001
2026-01-06,1.6656981847227375
2026-01-07,1.6234736025512655
2026-01-08,1.6216948371778772
2026-01-09,1.6124074298017157
2026-01-10,1.6100132123879032
2026-01-11,1.61585640170226
2026-01-12,1.6235117369511674
2026-01-13,1.6956457102183626
2026-01-14,1.725258285011508
2026-01-15,1.698251329285832
2026-01-16,1.6967501163466354
2026-01-17,1.6895599397740113
2026-01-18,1.6743922801666509
2026-01-19,1.6436868798008477
2026-01-20,1.5689223614895769
2026-01-21,1.5933664347912717
2026-01-22,1.5900557424434003
2026-01-23,1.597227656500748
2026-01-24,1.5927055312322624
2026-01-25,1.5441681672754624
2026-01-26,1.5779781705662028
2026-01-27,1.594258404220792
2026-01-28,1.5929682871962683
2026-01-29,1.5108463744510505
2026-01-30,1.5027941233677342
2026-01-31,1.409206961565977
2026-02-01,1.3779375282101736
2026-02-02,1.411272421681785
2026-02-03,1.3597906397012434
2026-02-04,1.315930750700471
2026-02-05,1.1497951473288677
2026-02-06,1.2794885803917828
2026-02-07,1.2542864998384384
2026-02-08,1.278752679408799
2026-02-09,1.274890122985872
2026-02-10,1.2481033012418763
2026-02-11,1.2182387788490885
2026-02-12,1.2056557515363073
2026-02-13,1.2543817127922632
2026-02-14,1.271428434942344
2026-02-15,1.2503520156434709
2026-02-16,1.2529918805039757
2026-02-17,1.2303595955650781
2026-02-18,1.2114637146625802
2026-02-19,1.2218447878485281
2026-02-20,1.2419474106076231
2026-02-21,1.2427727388908916
2026-02-22,1.234286313377275
2026-02-23,1.1831842972470235
2026-02-24,1.1743319937937022
2026-02-25,1.2461229941727416
2026-02-26,1.2368113915864163
2026-02-27,1.2073254705520617
2026-02-28,1.2275612619982268
2026-03-01,1.205248174799525
2026-03-02,1.263760682233652
2026-03-03,1.2548907532524818
2026-03-04,1.3324599332646212
2026-03-05,1.3020998734899654
2026-03-06,1.2527874949037452
2026-03-07,1.236301300128931
2026-03-08,1.2160004257646573
2026-03-09,1.2588288726421142
2026-03-10,1.2838921987216934
2026-03-11,1.2926305604960422
2026-03-12,1.297352966463531
2026-03-13,1.30454126489792
2026-03-14,1.3085611269402389
2026-03-15,1.3372863065162932
2026-03-16,1.3736647820354706
2026-03-17,1.3620392217241302
2026-03-18,1.3108271207032423
2026-03-19,1.2873233530441246
2026-03-20,1.2979134579553593
2026-03-21,1.2832286394689276
2026-03-22,1.2516621596693462
2026-03-23,1.301409408329922
2026-03-24,1.3002777489726738
2026-03-25,1.3129187923123302
2026-03-26,1.2664072256679186
2026-03-27,1.221391534843414
2026-03-28,1.224282130242581
2026-03-29,1.2173465160210977
2026-03-30,1.2307677885365405
2026-03-31,1.259461592624952
2026-04-01,1.2578004357870882
2026-04-02,1.2361570581529684
2026-04-03,1.236095290145614
2026-04-04,1.2435879583030516
2026-04-05,1.2731860065048008
2026-04-06,1.2700938124247623
2026-04-07,1.3307033415283853
2026-04-08,1.3129220338742065
2026-04-09,1.3258289461254553
2026-04-10,1.3468426562660187
2026-04-11,1.3497406830177825
2026-04-12,1.3049673347970956
2026-04-13,1.3770482398402828
2026-04-14,1.3687529040183417
2026-04-15,1.3796263886883917
2026-04-16,1.3856258612153995
2026-04-17,1.4223235153878984
2026-04-18,1.3980047368399022
2026-04-19,1.3634656752952108
2026-04-20,1.3987305546501194
2026-04-21,1.4040391749892125
2026-04-22,1.4451816880881303
2026-04-23,1.443518010298725
2026-04-24,1.4313054086958685
2026-04-25,1.4345741475645932
2026-04-26,1.4512399107371687
2026-04-27,1.4274966444382788
2026-04-28,1.4098968122284414
2026-04-29,1.4012950588480768
2026-04-30,1.4109087161770764
2026-05-01,1.4441109410626063
2026-05-02,1.4546787719928143
2026-05-03,1.4532128991393036
2026-05-04,1.4734139625232838
2026-05-05,1.49326488273632
2026-05-06,1.5007289347155646
2026-05-07,1.4754077327071486
2026-05-08,1.4788069377076725
2026-05-09,1.4875564619691928
2026-05-10,1.5165762999799848
2026-05-11,1.5062797314103844
2026-05-12,1.4843434176790684
2026-05-13,1.4616979219598496
2026-05-14,1.496291810555883
2026-05-15,1.4576482075977497
2026-05-16,1.4411207320741926
2026-05-17,1.4288785719516937
2026-05-18,1.419569255459985
2026-05-19,1.4170368263075273
2026-05-20,1.4282474320399443
2026-05-21,1.4318398636638516
2026-05-22,1.3951977957217803
2026-05-23,1.4145646606056597
2026-05-24,1.4206921481906594
2026-05-25,1.425980680386381
2026-05-26,1.4000760710265765
2026-05-27,1.3720698989749527
2026-05-28,1.359302863594602
2026-05-29,1.3570300412340588
2026-05-30,1.3648020345772152
2026-05-31,1.3623994613070085
2026-06-01,1.321374781897173
2026-06-02,1.23601499491039
2026-06-03,1.1956320534404266
2026-06-04,1.1858932878748485
2026-06-05,1.1367970410942185
2026-06-06,1.134645827440571
2026-06-07,1.178976675309288
2026-06-08,1.1785132598364798
2026-06-09,1.1517566167396358
2026-06-10,1.148835844703938
2026-06-11,1.1875449707608752
2026-06-12,1.1877855212466688
2026-06-13,1.2054819110681059
2026-06-14,1.2276315476665298
2026-06-15,1.2393546167038156
2026-06-16,1.2287326760856152
2026-06-17,1.2059072762898517
2026-06-18,1.1772253837760067
2026-06-19,1.186374409712872
2026-06-20,1.2034610271445665
2026-06-21,1.186796520860484
2026-06-22,1.1974216055983207
2026-06-23,1.1731976651833003
2026-06-24,1.1423253250449799
2026-06-25,1.12407957629493
2026-06-26,1.1270469384410169
2026-06-27,1.127011418515148
2026-06-28,1.1189318202539258
2026-06-29,1.1322838457186375
2026-06-30,1.1027805682008867
2026-07-01,1.1321108720363224
2026-07-02,1.1581855624958048
2026-07-03,1.1792987088316838
2026-07-04,1.1891572189350943
2026-07-05,1.1990647636450062
2026-07-06,1.2073954618124445
2026-07-07,1.196288648174336
2026-07-08,1.1731707452338487
2026-07-09,1.1916595724436172
2026-07-10,1.2097400850398004
2026-07-11,1.2054984500945254
2026-07-12,1.202836434530211
2026-07-13,1.174318418220534
2026-07-14,1.2276267731645218
2026-07-15,1.2245682153726962
2026-07-16,1.2064208959075768
2026-07-17,1.2091270996686685
2026-07-18,1.2253971926665221
2026-07-19,1.2229930312358035
2026-07-20,1.2327473883123754
2026-07-21,1.2553791423473126
2026-07-22,1.2476042702123693
2026-07-23,1.2309583188260411
2026-07-24,1.2125716215451372
2026-07-25,1.2164163415587756
2026-07-26,1.2352156606776294
2026-07-27,1.2052013444237608
2026-07-28,1.2054901993356482
2026-07-29,1.2088544364298526
2026-07-30,1.2262799635545538
2026-07-31,1.189970381191086
2026-08-01,1.1887286460199475
2026-08-02,1.2018952766591153
2026-08-03,1.2028012046866428
2026-08-04,1.2162144313735614
2026-08-05,1.2251059832401532
2026-08-06,1.2175780136267054
2026-08-07,1.2302038699452365
2026-08-08,1.2308097221233913
2026-08-09,1.2301135746614489
2026-08-10,1.2122143561693552
2026-08-11,1.2056671434624349
2026-08-12,1.2025578842369824
2026-08-13,1.2034349432766869
2026-08-14,1.1947029600977745
2026-08-15,1.1968106310165285
2026-08-16,1.1930314938000863
2026-08-17,1.2236699946656513
2026-08-18,1.2289337251062162
2026-08-19,1.3153366802811952
2026-08-20,1.386071625027333
2026-08-21,1.4837222213757244
2026-08-22,1.457789242610116
2026-08-23,1.4682707685313898
2026-08-24,1.4906241300604754
2026-08-25,1.484141488925959
2026-08-26,1.4897680338170816
2026-08-27,1.514130238816195
2026-08-28,1.4651371083208935
2026-08-29,1.4749970333791462
2026-08-30,1.4644329798692257
2026-08-31,1.4796409564924897
2026-09-01,1.4582915280644972
2026-09-02,1.4540047264410356
2026-09-03,1.5290840959037995
2026-09-04,1.499477260228352
2026-09-05,1.5014873871529573
2026-09-06,1.5104960453674119
2026-09-07,1.486935906918574
2026-09-08,1.4749397123779049
2026-09-09,1.470283096022392
2026-09-10,1.4412738778959073
2026-09-11,1.4506461042535579
2026-09-12,1.451919484146061
2026-09-13,1.4425969688432871
2026-09-14,1.470872089762809
2026-09-15,1.4217417114153472
2026-09-16,1.4299286407994745
2026-09-17,1.4358494332162952
2026-09-18,1.5201481085097208
2026-09-19,1.5256646293015779
2026-09-20,1.5241896654514715
2026-09-21,1.6209607997541753
2026-09-22,1.6121513106878018
2026-09-23,1.5785960551637934
2026-09-24,1.577304652515512
2026-09-25,1.5704997524563802
2026-09-26,1.5762645647355817
2026-09-27,1.5761995497530066
2026-09-28,1.558861667543223
2026-09-29,1.5610161842024162
2026-09-30,1.5589841836602303
2026-10-01,1.580581704523888
2026-10-02,1.574737386059324
2026-10-03,1.5789089065324322
2026-10-04,1.6110653089156866
2026-10-05,1.5967297200534236
2026-10-06,1.5905028199924227
2026-10-07,1.547891101815147
2026-10-08,1.5191712124119183
2026-10-09,1.534318426548542
