date,value
2016-05-14,0.0006900000000000001
2016-05-15,0.000516
2016-05-16,0.000451
2016-05-17,0.000454
2016-05-18,0.00044300000000000003
2016-05-19,0.000427
2016-05-20,0.000424
2016-05-21,0.00042
2016-05-22,0.0004
2016-05-23,0.000354
2016-05-24,0.000373
2016-05-25,0.00031800000000000003
2016-05-26,0.00032500000000000004
2016-05-27,0.000342
2016-05-28,0.00035
2016-05-29,0.002588
2016-05-30,0.007045999999999999
2016-05-31,0.0029600000000000004
2016-06-01,0.001285
2016-06-02,0.0009739999999999999
2016-06-03,0.0009339999999999999
2016-06-04,0.0005188333333333334
2016-06-05,0.000238
2016-06-06,0.00023866666666666665
2016-06-07,0.00020622222222222222
2016-06-08,0.00017666666666666666
2016-06-09,0.00017177777777777778
2016-06-10,0.000152
2016-06-11,0.0002614444444444444
2016-06-12,0.0016706666666666664
2016-06-13,0.009028
2016-06-14,0.007866
2016-06-15,0.000988
2016-06-16,0.004454
2016-06-17,0.009428
2016-06-18,0.005343333333333333
2016-06-19,0.0015123333333333334
2016-06-20,0.0018913333333333334
2016-06-21,-0.0006076666666666667
2016-06-22,0.0016336666666666667
2016-06-23,0.001967
2016-06-24,-0.0005430000000000001
2016-06-25,0.0013176666666666666
2016-06-26,0.000417
2016-06-27,0.00047
2016-06-28,0.000293
2016-06-29,9.600000000000002e-05
2016-06-30,0.0020026666666666665
2016-07-01,0.0021393333333333334
2016-07-02,0.0008916666666666666
2016-07-03,0.0007413333333333334
2016-07-04,-8.999999999999993e-06
2016-07-05,-0.0006113333333333333
2016-07-06,-0.000556
2016-07-07,0.0009199999999999999
2016-07-08,-0.0017826666666666668
2016-07-09,-0.0011773333333333334
2016-07-10,-0.000543
2016-07-11,-0.00011499999999999998
2016-07-12,-0.00030233333333333333
2016-07-13,0.00034899999999999997
2016-07-14,-0.00037466666666666665
2016-07-15,8.7e-05
2016-07-16,-0.00041799999999999997
2016-07-17,-0.0009403333333333334
2016-07-18,0.0010946666666666667
2016-07-19,0.000654
2016-07-20,0.0003853333333333333
2016-07-21,-9.700000000000001e-05
2016-07-22,0.00017433333333333333
2016-07-23,4.000000000000025e-06
2016-07-24,0.00025833333333333334
2016-07-25,-8.300000000000003e-05
2016-07-26,-0.00010533333333333331
2016-07-27,-0.00015133333333333337
2016-07-28,0.0007126666666666667
2016-07-29,-0.00015466666666666664
2016-07-30,7.2e-05
2016-07-31,-0.0005913333333333334
2016-08-01,-0.0008006666666666665
2016-08-02,-0.0009750000000000001
2016-08-03,-0.005454999999999999
2016-08-04,-0.003441666666666667
2016-08-05,-0.0024709999999999997
2016-08-06,-0.0027816666666666667
2016-08-07,-0.00027266666666666666
2016-08-08,-0.00048466666666666667
2016-08-09,-9.033333333333331e-05
2016-08-10,0.0006156666666666666
2016-08-11,-7.8e-05
2016-08-12,-7.799999999999999e-05
2016-08-13,-6.0000000000000015e-05
2016-08-14,-0.00020499999999999997
2016-08-15,-0.0017623333333333334
2016-08-16,-0.000372
2016-08-17,-0.000501
2016-08-18,0.0007226666666666667
2016-08-19,0.0007260000000000001
2016-08-20,0.00012033333333333334
2016-08-21,0.0005076666666666666
2016-08-22,-0.000104
2016-08-23,0.0005663333333333334
2016-08-24,0.000818
2016-08-25,-0.00048
2016-08-26,0.0010436666666666667
2016-08-27,-1.600000000000001e-05
2016-08-28,-0.00010799999999999998
2016-08-29,0.00014133333333333332
2016-08-30,-0.000236
2016-08-31,0.0006540000000000001
2016-09-01,0.0024256666666666667
2016-09-02,-0.0005193333333333333
2016-09-03,0.0002713333333333333
2016-09-04,0.0003623333333333334
2016-09-05,0.0023443333333333333
2016-09-06,0.0008246666666666667
2016-09-07,0.0014693333333333331
2016-09-08,-0.0005013333333333333
2016-09-09,0.0026083333333333327
2016-09-10,0.0006953333333333334
2016-09-11,0.0014953333333333335
2016-09-12,0.00018499999999999997
2016-09-13,-2.766666666666667e-05
2016-09-14,-0.000378
2016-09-15,-0.0003743333333333333
2016-09-16,-5.166666666666665e-05
2016-09-17,-8e-06
2016-09-18,-4.866666666666666e-05
2016-09-19,0.00028399999999999996
2016-09-20,-4.6999999999999984e-05
2016-09-21,-0.0004406666666666666
2016-09-22,-0.0009236666666666667
2016-09-23,-0.00021666666666666668
2016-09-24,0.000566
2016-09-25,9.2e-05
2016-09-26,0.00031400000000000004
2016-09-27,0.0011563333333333332
2016-09-28,0.0005493333333333333
2016-09-29,0.0002006666666666667
2016-09-30,0.00046000000000000007
2016-10-01,0.0013843333333333336
2016-10-02,0.0010666666666666667
2016-10-03,-0.00010933333333333335
2016-10-04,0.00013
2016-10-05,0.000231
2016-10-06,0.00016966666666666668
2016-10-07,0.00030633333333333337
2016-10-08,0.0002643333333333333
2016-10-09,0.00031033333333333336
2016-10-10,0.001063
2016-10-11,0.0007386666666666667
2016-10-12,0.0012836666666666667
2016-10-13,-0.00045999999999999996
2016-10-14,0.0002203333333333333
2016-10-15,0.0010616666666666667
2016-10-16,6.000000000000001e-06
2016-10-17,0.00021566666666666666
2016-10-18,-0.000289
2016-10-19,7.2e-05
2016-10-20,-0.0009359999999999999
2016-10-21,4.366666666666666e-05
2016-10-22,6.033333333333335e-05
2016-10-23,0.003153
2016-10-24,0.00375
2016-10-25,0.0015040000000000001
2016-10-26,0.0013476666666666665
2016-10-27,0.0007173333333333333
2016-10-28,0.00061
2016-10-29,0.0018293333333333332
2016-10-30,0.0007300000000000001
2016-10-31,0.00019133333333333337
2016-11-01,0.001446
2016-11-02,0.00375
2016-11-03,0.002463
2016-11-04,0.000322
2016-11-05,4.233333333333335e-05
2016-11-06,0.0010546666666666666
2016-11-07,-0.00014499999999999997
2016-11-08,-0.0003966666666666667
2016-11-09,0.0007866666666666667
2016-11-10,0.0013273333333333331
2016-11-11,0.0013603333333333332
2016-11-12,0.00015866666666666666
2016-11-13,0.000111
2016-11-14,0.00011066666666666667
2016-11-15,0.00027233333333333336
2016-11-16,0.00022133333333333336
2016-11-17,0.0035466666666666667
2016-11-18,0.001385
2016-11-19,0.001139
2016-11-20,0.0001566666666666667
2016-11-21,3.6666666666666835e-06
2016-11-22,-1.9333333333333296e-05
2016-11-23,0.000892
2016-11-24,0.000306
2016-11-25,-0.00016699999999999997
2016-11-26,-0.0004383333333333334
2016-11-27,0.0002553333333333334
2016-11-28,0.00027633333333333335
2016-11-29,-0.00013933333333333335
2016-11-30,-0.00015199999999999998
2016-12-01,0.000332
2016-12-02,0.0011826666666666667
2016-12-03,0.0006006666666666668
2016-12-04,0.0004896666666666666
2016-12-05,0.001508
2016-12-06,0.0004
2016-12-07,-0.0002883333333333333
2016-12-08,-0.00040100000000000004
2016-12-09,9.499999999999999e-05
2016-12-10,0.000155
2016-12-11,0.0004923333333333333
2016-12-12,1.8333333333333333e-05
2016-12-13,0.0006483333333333333
2016-12-14,-0.00013266666666666665
2016-12-15,-0.00012633333333333333
2016-12-16,0.0008076666666666666
2016-12-17,0.00013199999999999998
2016-12-18,0.00015166666666666668
2016-12-19,-0.00016866666666666666
2016-12-20,-4.8333333333333334e-05
2016-12-21,0.0002756666666666667
2016-12-22,0.001308
2016-12-23,0.0013043333333333333
2016-12-24,0.0023873333333333333
2016-12-25,-0.000284
2016-12-26,0.0015376666666666666
2016-12-27,0.0017649999999999999
2016-12-28,0.0024306666666666665
2016-12-29,-4.03333333333333e-05
2016-12-30,-9.666666666666671e-05
2016-12-31,-0.0004210000000000001
2017-01-01,0.0011156666666666667
2017-01-02,0.0018916666666666667
2017-01-03,0.0013520000000000001
2017-01-04,0.0014136666666666666
2017-01-05,0.00375
2017-01-06,-0.00035200000000000005
2017-01-07,-0.0004136666666666666
2017-01-08,-0.00010866666666666667
2017-01-09,-0.0006813333333333333
2017-01-10,0.00022366666666666664
2017-01-11,-0.000925
2017-01-12,-0.0016046666666666666
2017-01-13,-0.0015329999999999999
2017-01-14,0.00041099999999999996
2017-01-15,-0.0013626666666666665
2017-01-16,0.000245
2017-01-17,0.0002313333333333333
2017-01-18,-0.00018466666666666672
2017-01-19,-0.001299
2017-01-20,-3.499999999999999e-05
2017-01-21,0.0009130000000000001
2017-01-22,0.0008870000000000001
2017-01-23,-0.001189
2017-01-24,-0.0019513333333333333
2017-01-25,-0.002292
2017-01-26,-0.0006293333333333333
2017-01-27,-0.000209
2017-01-28,-0.000433
2017-01-29,7.900000000000001e-05
2017-01-30,-0.00010300000000000001
2017-01-31,-0.0006116666666666666
2017-02-01,0.0008146666666666667
2017-02-02,-0.00012933333333333332
2017-02-03,-0.00016
2017-02-04,-0.0008566666666666667
2017-02-05,0.0016766666666666666
2017-02-06,0.0008680000000000002
2017-02-07,6.599999999999999e-05
2017-02-08,-1.0000000000000099e-05
2017-02-09,-7.966666666666665e-05
2017-02-10,-0.0025340000000000002
2017-02-11,0.00017766666666666666
2017-02-12,-0.0002773333333333333
2017-02-13,0.0007496666666666667
2017-02-14,-0.0004493333333333333
2017-02-15,0.001202
2017-02-16,0.001068
2017-02-17,0.0008700000000000001
2017-02-18,0.0008406666666666666
2017-02-19,8.866666666666668e-05
2017-02-20,0.00038666666666666667
2017-02-21,0.0014616666666666667
2017-02-22,0.002876
2017-02-23,0.0007086666666666666
2017-02-24,0.003539333333333333
2017-02-25,0.000674
2017-02-26,0.000545
2017-02-27,0.0005626666666666666
2017-02-28,0.0007716666666666667
2017-03-01,0.000133
2017-03-02,0.000618
2017-03-03,0.00011233333333333336
2017-03-04,0.00036099999999999994
2017-03-05,0.0017373333333333331
2017-03-06,0.0022603333333333334
2017-03-07,0.0004773333333333333
2017-03-08,0.00029833333333333334
2017-03-09,9.133333333333334e-05
2017-03-10,9.733333333333333e-05
2017-03-11,-0.0012943333333333333
2017-03-12,-0.0013220000000000003
2017-03-13,-0.000217
2017-03-14,6.999999999999998e-06
2017-03-15,5.233333333333333e-05
2017-03-16,-0.00040100000000000004
2017-03-17,-8.599999999999998e-05
2017-03-18,-0.0011506666666666668
2017-03-19,-0.003747
2017-03-20,-0.0008286666666666667
2017-03-21,-0.0001933333333333333
2017-03-22,-0.001096
2017-03-23,-0.000513
2017-03-24,-0.0007933333333333334
2017-03-25,-0.001159
2017-03-26,4.233333333333332e-05
2017-03-27,-0.0004656666666666667
2017-03-28,-0.00018733333333333332
2017-03-29,-0.00040066666666666663
2017-03-30,-9.166666666666665e-05
2017-03-31,1.2666666666666653e-05
2017-04-01,0.00011233333333333333
2017-04-02,-3.3333333333333335e-05
2017-04-03,-5.2e-05
2017-04-04,-0.0015850000000000003
2017-04-05,-0.001498
2017-04-06,-0.0007056666666666666
2017-04-07,-0.00047333333333333326
2017-04-08,-0.0009833333333333335
2017-04-09,-0.001166
2017-04-10,0.0011323333333333333
2017-04-11,0.00019366666666666667
2017-04-12,-8.333333333333332e-05
2017-04-13,-0.00036899999999999997
2017-04-14,-0.001269
2017-04-15,0.000407
2017-04-16,-1.6000000000000026e-05
2017-04-17,0.00023333333333333336
2017-04-18,0.00042966666666666674
2017-04-19,-3.1666666666666666e-05
2017-04-20,-0.00043699999999999994
2017-04-21,0.0018650000000000001
2017-04-22,0.0009683333333333333
2017-04-23,0.0003743333333333333
2017-04-24,8.666666666666665e-05
2017-04-25,-8.333333333333333e-05
2017-04-26,0.001193
2017-04-27,0.000932
2017-04-28,0.0012086666666666667
2017-04-29,-0.000247
2017-04-30,0.0002806666666666667
2017-05-01,0.000863
2017-05-02,0.0036066666666666664
2017-05-03,0.0007203333333333332
2017-05-04,-0.0010646666666666667
2017-05-05,-5.433333333333334e-05
2017-05-06,-0.0014466666666666666
2017-05-07,-9.633333333333332e-05
2017-05-08,0.002533333333333333
2017-05-09,0.0031959999999999996
2017-05-10,0.0011763333333333333
2017-05-11,-0.00047633333333333333
2017-05-12,0.0026413333333333336
2017-05-13,0.002473333333333333
2017-05-14,0.001699
2017-05-15,0.0010580000000000001
2017-05-16,0.0016816666666666666
2017-05-17,0.0030483333333333335
2017-05-18,0.00375
2017-05-19,0.0036799999999999997
2017-05-20,6.666666666666738e-07
2017-05-21,0.0036813333333333333
2017-05-22,0.0018726666666666666
2017-05-23,0.001812
2017-05-24,0.0008610000000000001
2017-05-25,0.002585333333333333
2017-05-26,0.001236
2017-05-27,-0.0020770000000000003
2017-05-28,0.001793
2017-05-29,-0.0006116666666666666
2017-05-30,0.002529
2017-05-31,0.0003783333333333334
2017-06-01,0.00026266666666666664
2017-06-02,0.00042366666666666665
2017-06-03,0.0022643333333333335
2017-06-04,0.00024
2017-06-05,0.001282
2017-06-06,0.00375
2017-06-07,0.00375
2017-06-08,0.000963
2017-06-09,0.0020846666666666665
2017-06-10,0.0002843333333333333
2017-06-11,0.003135666666666667
2017-06-12,0.0030706666666666664
2017-06-13,-0.001113
2017-06-14,-0.0007303333333333334
2017-06-15,-0.0030973333333333334
2017-06-16,-0.001973
2017-06-17,-0.0033083333333333333
2017-06-18,-0.00016333333333333334
2017-06-19,-6.0333333333333334e-05
2017-06-20,0.0002893333333333333
2017-06-21,0.0013059999999999999
2017-06-22,0.0005799999999999999
2017-06-23,3.833333333333334e-05
2017-06-24,0.00014166666666666668
2017-06-25,-0.0012493333333333334
2017-06-26,-0.000585
2017-06-27,-0.0007703333333333334
2017-06-28,-0.003642333333333333
2017-06-29,-0.003167333333333333
2017-06-30,-0.0015853333333333333
2017-07-01,-0.0018813333333333332
2017-07-02,-0.001916
2017-07-03,-0.001052
2017-07-04,0.0009036666666666667
2017-07-05,-0.0003366666666666667
2017-07-06,-1.3e-05
2017-07-07,-0.0008806666666666666
2017-07-08,-0.000617
2017-07-09,-0.0007813333333333334
2017-07-10,-0.0009090000000000001
2017-07-11,-0.00040633333333333336
2017-07-12,-0.0007149999999999999
2017-07-13,-0.001026
2017-07-14,-0.0016473333333333333
2017-07-15,-0.0013300000000000002
2017-07-16,0.0011686666666666668
2017-07-17,0.0015580000000000001
2017-07-18,0.0002313333333333333
2017-07-19,-0.0010776666666666667
2017-07-20,-0.000829
2017-07-21,0.0005616666666666667
2017-07-22,0.0018456666666666667
2017-07-23,0.0011963333333333333
2017-07-24,-4.266666666666666e-05
2017-07-25,0.0009613333333333332
2017-07-26,-0.0011586666666666666
2017-07-27,-0.0008410000000000001
2017-07-28,-0.002059333333333333
2017-07-29,-0.0007313333333333333
2017-07-30,-0.0025410000000000003
2017-07-31,-0.0032556666666666667
2017-08-01,-0.0030600000000000002
2017-08-02,-0.0018533333333333334
2017-08-03,-0.0004003333333333333
2017-08-04,7.433333333333333e-05
2017-08-05,0.0015956666666666665
2017-08-06,0.0031159999999999994
2017-08-07,0.0013386666666666666
2017-08-08,0.000405
2017-08-09,3.066666666666667e-05
2017-08-10,3.333333333333333e-06
2017-08-11,-0.0006726666666666666
2017-08-12,-0.00021933333333333334
2017-08-13,0.0009056666666666666
2017-08-14,0.0018990000000000003
2017-08-15,0.0016143333333333333
2017-08-16,0.00025466666666666666
2017-08-17,0.0021046666666666666
2017-08-18,0.00039333333333333337
2017-08-19,-0.0008343333333333333
2017-08-20,0.0028086666666666663
2017-08-21,0.0008873333333333333
2017-08-22,-0.001151
2017-08-23,0.00068
2017-08-24,0.0015043333333333332
2017-08-25,0.0008493333333333333
2017-08-26,0.0003423333333333333
2017-08-27,-5.7333333333333336e-05
2017-08-28,-0.00011966666666666664
2017-08-29,-0.00012766666666666666
2017-08-30,0.002839666666666667
2017-08-31,0.0009416666666666666
2017-09-01,0.00012666666666666666
2017-09-02,0.00027200000000000005
2017-09-03,-0.0014236666666666666
2017-09-04,-0.0017213333333333334
2017-09-05,-0.0027503333333333334
2017-09-06,-4.999999999999999e-05
2017-09-07,-3.2333333333333324e-05
2017-09-08,0.0001
2017-09-09,-0.0031003333333333334
2017-09-10,-0.00115
2017-09-11,-0.0002656666666666667
2017-09-12,-8.399999999999998e-05
2017-09-13,-0.002046
2017-09-14,-0.0005556666666666667
2017-09-15,-0.000592
2017-09-16,-0.0025210000000000002
2017-09-17,-0.0008433333333333332
2017-09-18,0.0006323333333333334
2017-09-19,9.1e-05
2017-09-20,-0.0004343333333333333
2017-09-21,-0.00019866666666666665
2017-09-22,-0.0014410000000000002
2017-09-23,-0.0006983333333333334
2017-09-24,-0.000734
2017-09-25,-0.0009620000000000001
2017-09-26,0.0013516666666666666
2017-09-27,0.0006680000000000001
2017-09-28,0.000306
2017-09-29,0.001105
2017-09-30,0.0021
2017-10-01,-0.00014866666666666666
2017-10-02,0.000402
2017-10-03,-0.000367
2017-10-04,-0.0007836666666666666
2017-10-05,-0.00098
2017-10-06,0.000219
2017-10-07,0.00031066666666666666
2017-10-08,0.0012996666666666666
2017-10-09,0.000328
2017-10-10,0.002819
2017-10-11,0.00284
2017-10-12,0.001771
2017-10-13,0.0037046666666666664
2017-10-14,0.00375
2017-10-15,0.00375
2017-10-16,0.000787
2017-10-17,0.0014126666666666665
2017-10-18,0.00020033333333333337
2017-10-19,0.0008106666666666667
2017-10-20,0.00021933333333333334
2017-10-21,0.0031506666666666666
2017-10-22,-0.00035766666666666667
2017-10-23,-0.00020299999999999997
2017-10-24,-0.001177666666666667
2017-10-25,-0.00048699999999999997
2017-10-26,-0.0007376666666666667
2017-10-27,5.333333333333336e-06
2017-10-28,-0.001697
2017-10-29,-0.0006653333333333333
2017-10-30,0.002211666666666667
2017-10-31,0.000408
2017-11-01,0.00015833333333333332
2017-11-02,-0.002035
2017-11-03,0.0003776666666666666
2017-11-04,-0.0012273333333333333
2017-11-05,0.0004993333333333333
2017-11-06,-0.000184
2017-11-07,-0.001769
2017-11-08,-0.0005449999999999999
2017-11-09,0.00027800000000000004
2017-11-10,-0.00025966666666666667
2017-11-11,-0.0017733333333333334
2017-11-12,-0.000638
2017-11-13,-0.0008250000000000001
2017-11-14,-0.0018846666666666667
2017-11-15,-0.0017433333333333335
2017-11-16,-0.0005363333333333334
2017-11-17,0.001819
2017-11-18,0.00033766666666666667
2017-11-19,0.001717
2017-11-20,0.0030156666666666665
2017-11-21,0.0010723333333333333
2017-11-22,0.00013866666666666669
2017-11-23,-0.0007156666666666666
2017-11-24,-0.0020666666666666667
2017-11-25,0.0008349999999999999
2017-11-26,-6.533333333333333e-05
2017-11-27,0.0029616666666666667
2017-11-28,0.0010593333333333334
2017-11-29,0.0025716666666666665
2017-11-30,0.0013166666666666665
2017-12-01,-0.00115
2017-12-02,0.002159666666666667
2017-12-03,0.0008976666666666667
2017-12-04,0.001385
2017-12-05,0.0011076666666666667
2017-12-06,0.000584
2017-12-07,-0.001535
2017-12-08,0.0011753333333333331
2017-12-09,0.00375
2017-12-10,0.002204666666666667
2017-12-11,0.00375
2017-12-12,0.00375
2017-12-13,0.002859333333333333
2017-12-14,0.002773
2017-12-15,0.0030916666666666666
2017-12-16,0.00375
2017-12-17,0.00375
2017-12-18,0.002899
2017-12-19,0.0026263333333333334
2017-12-20,-0.00046699999999999997
2017-12-21,0.001745
2017-12-22,0.0010933333333333335
2017-12-23,-0.0024333333333333334
2017-12-24,-0.00375
2017-12-25,-0.0025733333333333333
2017-12-26,-0.0025
2017-12-27,0.00375
2017-12-28,0.0007760000000000001
2017-12-29,0.001066
2017-12-30,-0.0014753333333333335
2017-12-31,-0.003018
2018-01-01,0.0010923333333333334
2018-01-02,0.0007043333333333333
2018-01-03,0.003266
2018-01-04,0.0012963333333333334
2018-01-05,0.001758
2018-01-06,0.0007613333333333334
2018-01-07,0.0026643333333333332
2018-01-08,0.0018479999999999998
2018-01-09,0.0003356666666666667
2018-01-10,0.00010166666666666668
2018-01-11,0.0005086666666666667
2018-01-12,0.00017133333333333331
2018-01-13,0.0014426666666666667
2018-01-14,0.000404
2018-01-15,0.00020933333333333332
2018-01-16,-0.0009480000000000001
2018-01-17,-0.002886666666666667
2018-01-18,-0.00020399999999999997
2018-01-19,-0.000928
2018-01-20,3.7666666666666676e-05
2018-01-21,-0.0005596666666666666
2018-01-22,-0.0008996666666666667
2018-01-23,-0.0022396666666666667
2018-01-24,0.00011466666666666667
2018-01-25,0.0001
2018-01-26,-5.333333333333334e-05
2018-01-27,0.0009276666666666666
2018-01-28,0.002776666666666667
2018-01-29,0.003058
2018-01-30,0.0004213333333333334
2018-01-31,-0.0019716666666666667
2018-02-01,-0.001295
2018-02-02,0.0005176666666666667
2018-02-03,-0.001025
2018-02-04,-0.0004383333333333333
2018-02-05,-0.0021829999999999996
2018-02-06,-0.0011603333333333333
2018-02-07,-0.001963
2018-02-08,-0.0011860000000000002
2018-02-09,-0.0013083333333333332
2018-02-10,-0.0003743333333333333
2018-02-11,-0.00155
2018-02-12,0.000378
2018-02-13,-0.0001276666666666667
2018-02-14,-4.5666666666666654e-05
2018-02-15,-4.2e-05
2018-02-16,-0.0005436666666666667
2018-02-17,3.866666666666667e-05
2018-02-18,8.333333333333337e-06
2018-02-19,1.8000000000000004e-05
2018-02-20,0.0006593333333333334
2018-02-21,-0.000392
2018-02-22,-9.666666666666667e-06
2018-02-23,3.8e-05
2018-02-24,-0.0009476666666666666
2018-02-25,-0.001085
2018-02-26,-0.0006656666666666667
2018-02-27,0.00019899999999999999
2018-02-28,0.0007436666666666667
2018-03-01,0.0001
2018-03-02,0.0013043333333333333
2018-03-03,0.0008349999999999999
2018-03-04,0.0006516666666666667
2018-03-05,0.0012403333333333335
2018-03-06,0.000576
2018-03-07,0.0004923333333333333
2018-03-08,-0.0012250000000000002
2018-03-09,-0.000903
2018-03-10,-0.0017156666666666666
2018-03-11,-0.002506666666666667
2018-03-12,0.000105
2018-03-13,-0.0007493333333333333
2018-03-14,-0.000328
2018-03-15,-0.00136
2018-03-16,-0.0013316666666666668
2018-03-17,-0.0006259999999999999
2018-03-18,-0.0006546666666666667
2018-03-19,-0.00010266666666666666
2018-03-20,-2.766666666666666e-05
2018-03-21,-5.233333333333334e-05
2018-03-22,0.00011333333333333334
2018-03-23,0.00011433333333333333
2018-03-24,0.0001
2018-03-25,-5.6000000000000006e-05
2018-03-26,-8.033333333333334e-05
2018-03-27,-0.0005733333333333332
2018-03-28,-0.00044233333333333337
2018-03-29,0.0001
2018-03-30,-0.0024333333333333334
2018-03-31,-0.0014116666666666668
2018-04-01,-0.0016053333333333334
2018-04-02,-0.00015766666666666666
2018-04-03,-0.00012299999999999998
2018-04-04,0.00015433333333333334
2018-04-05,-0.0009683333333333333
2018-04-06,-0.000761
2018-04-07,-0.000651
2018-04-08,7.866666666666668e-05
2018-04-09,-4.266666666666666e-05
2018-04-10,-0.0014516666666666664
2018-04-11,-0.0011253333333333334
2018-04-12,-0.000196
2018-04-13,0.00019833333333333335
2018-04-14,-0.00013000000000000002
2018-04-15,-9.699999999999999e-05
2018-04-16,0.0001
2018-04-17,0.00010066666666666667
2018-04-18,0.0001
2018-04-19,-1.9333333333333323e-05
2018-04-20,-0.00028033333333333333
2018-04-21,0.000341
2018-04-22,0.0001
2018-04-23,0.0001
2018-04-24,9.066666666666667e-05
2018-04-25,0.0016536666666666668
2018-04-26,0.001008
2018-04-27,0.000404
2018-04-28,0.00030333333333333335
2018-04-29,0.0012773333333333334
2018-04-30,0.00036500000000000004
2018-05-01,0.0005863333333333333
2018-05-02,0.0001
2018-05-03,0.000831
2018-05-04,0.00276
2018-05-05,0.0015176666666666665
2018-05-06,0.0028409999999999998
2018-05-07,0.0015096666666666668
2018-05-08,0.000211
2018-05-09,0.0008110000000000001
2018-05-10,0.00031266666666666666
2018-05-11,0.00020466666666666666
2018-05-12,0.0001
2018-05-13,-7.866666666666666e-05
2018-05-14,-0.00013
2018-05-15,0.0001
2018-05-16,-0.00024233333333333333
2018-05-17,0.0001
2018-05-18,0.00018800000000000002
2018-05-19,7.1e-05
2018-05-20,0.0001
2018-05-21,0.00010866666666666667
2018-05-22,0.0003736666666666667
2018-05-23,0.00033766666666666667
2018-05-24,-0.00012966666666666668
2018-05-25,-0.0002553333333333333
2018-05-26,0.0001
2018-05-27,-0.00020566666666666663
2018-05-28,-0.0001643333333333333
2018-05-29,0.00024433333333333333
2018-05-30,0.00012066666666666667
2018-05-31,7.7e-05
2018-06-01,0.0001
2018-06-02,0.0001
2018-06-03,-0.00011700000000000001
2018-06-04,-2.2333333333333325e-05
2018-06-05,0.0001
2018-06-06,0.000271
2018-06-07,0.00019033333333333334
2018-06-08,0.00017
2018-06-09,0.0002556666666666667
2018-06-10,0.00033099999999999997
2018-06-11,-0.0011283333333333334
2018-06-12,-0.00042
2018-06-13,6.0333333333333334e-05
2018-06-14,-0.0004086666666666666
2018-06-15,-0.0006053333333333333
2018-06-16,-0.0006503333333333334
2018-06-17,-0.0008693333333333334
2018-06-18,-7.733333333333333e-05
2018-06-19,-5.966666666666666e-05
2018-06-20,-0.00047799999999999996
2018-06-21,-0.0003476666666666667
2018-06-22,-4.1e-05
2018-06-23,-0.0019783333333333332
2018-06-24,-0.0011196666666666666
2018-06-25,7.333333333333333e-05
2018-06-26,-4.833333333333333e-05
2018-06-27,0.0001
2018-06-28,8.9e-05
2018-06-29,-3.1333333333333334e-05
2018-06-30,0.0001
2018-07-01,0.0001
2018-07-02,0.00010566666666666667
2018-07-03,-2.2333333333333335e-05
2018-07-04,9.166666666666667e-05
2018-07-05,0.0001
2018-07-06,0.0001
2018-07-07,0.0001
2018-07-08,0.0001
2018-07-09,3.6e-05
2018-07-10,0.0001
2018-07-11,0.0001
2018-07-12,-4.1333333333333346e-05
2018-07-13,-4.5e-05
2018-07-14,2.000000000000001e-05
2018-07-15,-0.000301
2018-07-16,-0.00036199999999999996
2018-07-17,5.8666666666666665e-05
2018-07-18,0.00014066666666666665
2018-07-19,0.0001
2018-07-20,0.0001
2018-07-21,0.0001
2018-07-22,0.0001
2018-07-23,0.0001
2018-07-24,1.1000000000000005e-05
2018-07-25,0.00023433333333333333
2018-07-26,0.0006296666666666667
2018-07-27,0.0006193333333333334
2018-07-28,0.0006036666666666666
2018-07-29,0.0006816666666666667
2018-07-30,0.0007766666666666665
2018-07-31,0.0008833333333333333
2018-08-01,0.0001
2018-08-02,0.0001
2018-08-03,0.0001
2018-08-04,0.0001
2018-08-05,-0.0002503333333333333
2018-08-06,-0.00015066666666666668
2018-08-07,0.0001
2018-08-08,-0.0004693333333333333
2018-08-09,-0.0010336666666666667
2018-08-10,-0.0004446666666666667
2018-08-11,-0.0005756666666666667
2018-08-12,3.633333333333333e-05
2018-08-13,-2.2666666666666668e-05
2018-08-14,-0.0008146666666666667
2018-08-15,-0.000464
2018-08-16,-0.0003823333333333333
2018-08-17,-0.0003373333333333333
2018-08-18,-0.0004803333333333333
2018-08-19,-0.0006683333333333333
2018-08-20,-0.00012933333333333332
2018-08-21,-0.000374
2018-08-22,3.333333333333324e-07
2018-08-23,-0.00036833333333333336
2018-08-24,-0.00025333333333333333
2018-08-25,-0.00013833333333333333
2018-08-26,4.333333333333333e-05
2018-08-27,-0.0001476666666666667
2018-08-28,0.0001
2018-08-29,0.0001
2018-08-30,0.00010533333333333332
2018-08-31,0.0001
2018-09-01,0.00010733333333333334
2018-09-02,0.000171
2018-09-03,0.0001
2018-09-04,0.0001
2018-09-05,0.0001
2018-09-06,-0.00032566666666666665
2018-09-07,-0.00038333333333333334
2018-09-08,-0.000164
2018-09-09,-0.000293
2018-09-10,-0.0005936666666666667
2018-09-11,-0.000229
2018-09-12,-8.9e-05
2018-09-13,-0.0003246666666666667
2018-09-14,-0.000562
2018-09-15,-0.00048766666666666663
2018-09-16,-0.00019733333333333332
2018-09-17,-4.633333333333333e-05
2018-09-18,-9.700000000000001e-05
2018-09-19,-1.6e-05
2018-09-20,-5.2999999999999994e-05
2018-09-21,-0.000274
2018-09-22,7.333333333333333e-05
2018-09-23,0.0001
2018-09-24,0.00010366666666666667
2018-09-25,0.0001
2018-09-26,-1.5333333333333328e-05
2018-09-27,3.966666666666667e-05
2018-09-28,0.0001
2018-09-29,0.0001
2018-09-30,0.00011966666666666667
2018-10-01,0.00017566666666666666
2018-10-02,0.0001
2018-10-03,0.0001
2018-10-04,0.00016733333333333335
2018-10-05,0.00021100000000000003
2018-10-06,0.000248
2018-10-07,0.0001
2018-10-08,0.000171
2018-10-09,0.00022566666666666666
2018-10-10,0.000343
2018-10-11,0.0001
2018-10-12,0.0001
2018-10-13,-0.00018033333333333334
2018-10-14,-0.000104
2018-10-15,-9.8e-05
2018-10-16,5.966666666666667e-05
2018-10-17,5.0333333333333335e-05
2018-10-18,0.0001
2018-10-19,0.0001
2018-10-20,0.0001
2018-10-21,0.0001
2018-10-22,0.0001
2018-10-23,0.0001
2018-10-24,0.0001
2018-10-25,0.0001
2018-10-26,0.0001
2018-10-27,0.00012933333333333332
2018-10-28,0.0001
2018-10-29,0.00032066666666666664
2018-10-30,0.0003063333333333333
2018-10-31,0.00022999999999999998
2018-11-01,0.0001
2018-11-02,0.0001
2018-11-03,0.0001
2018-11-04,0.0001
2018-11-05,0.0002876666666666667
2018-11-06,0.00036500000000000004
2018-11-07,0.00014733333333333333
2018-11-08,0.0006066666666666667
2018-11-09,0.0005996666666666666
2018-11-10,0.000279
2018-11-11,0.0001
2018-11-12,0.0001
2018-11-13,0.0006053333333333334
2018-11-14,0.000266
2018-11-15,-0.0017720000000000001
2018-11-16,-0.0007366666666666667
2018-11-17,-2.1666666666666664e-05
2018-11-18,1.0666666666666669e-05
2018-11-19,-5.633333333333333e-05
2018-11-20,-0.0003466666666666666
2018-11-21,-0.000651
2018-11-22,-0.0005576666666666667
2018-11-23,-0.0005376666666666667
2018-11-24,9.3e-05
2018-11-25,-0.0012970000000000002
2018-11-26,-0.0005236666666666666
2018-11-27,-0.0014993333333333334
2018-11-28,-0.0009023333333333334
2018-11-29,-0.001488
2018-11-30,-0.0008843333333333333
2018-12-01,-0.0011063333333333333
2018-12-02,-0.00020466666666666666
2018-12-03,-0.0008126666666666667
2018-12-04,-0.0008753333333333333
2018-12-05,-0.00017933333333333332
2018-12-06,-0.0003363333333333333
2018-12-07,-0.0010386666666666667
2018-12-08,-0.0012303333333333333
2018-12-09,-0.0001353333333333333
2018-12-10,-0.00038766666666666664
2018-12-11,-1.666666666666667e-05
2018-12-12,-0.00040733333333333333
2018-12-13,-2.9333333333333333e-05
2018-12-14,-0.0005483333333333333
2018-12-15,-0.00023633333333333332
2018-12-16,-6.066666666666666e-05
2018-12-17,-0.0002843333333333333
2018-12-18,-0.00024766666666666665
2018-12-19,-0.0008523333333333334
2018-12-20,-0.0009069999999999999
2018-12-21,-0.0004993333333333333
2018-12-22,-9.766666666666665e-05
2018-12-23,-0.00019866666666666665
2018-12-24,-0.000164
2018-12-25,-0.00021933333333333334
2018-12-26,-8.733333333333332e-05
2018-12-27,0.0001
2018-12-28,-0.000568
2018-12-29,-8.433333333333333e-05
2018-12-30,-0.0004326666666666667
2018-12-31,5.666666666666667e-05
2019-01-01,0.0001
2019-01-02,4.8e-05
2019-01-03,-0.000322
2019-01-04,7.666666666666667e-06
2019-01-05,-9.2e-05
2019-01-06,-0.0003186666666666667
2019-01-07,8.133333333333334e-05
2019-01-08,3.733333333333334e-05
2019-01-09,-0.00011966666666666667
2019-01-10,-0.00013433333333333334
2019-01-11,-0.001067
2019-01-12,-0.000829
2019-01-13,-0.000292
2019-01-14,-1.733333333333333e-05
2019-01-15,-0.00013566666666666667
2019-01-16,-0.00017033333333333332
2019-01-17,-0.000111
2019-01-18,-0.00016233333333333334
2019-01-19,-0.00011733333333333333
2019-01-20,0.0001
2019-01-21,-0.000609
2019-01-22,-0.00023166666666666667
2019-01-23,-0.00021966666666666665
2019-01-24,-0.00019666666666666669
2019-01-25,-8.266666666666667e-05
2019-01-26,-0.00024933333333333334
2019-01-27,-0.00016833333333333335
2019-01-28,9.999999999999999e-06
2019-01-29,0.0001
2019-01-30,2.1333333333333338e-05
2019-01-31,-0.00012133333333333333
2019-02-01,0.0001
2019-02-02,0.0001
2019-02-03,-9.066666666666667e-05
2019-02-04,-7.666666666666666e-06
2019-02-05,-7.966666666666667e-05
2019-02-06,-3.366666666666667e-05
2019-02-07,8.166666666666667e-05
2019-02-08,9.499999999999999e-05
2019-02-09,0.0001
2019-02-10,0.0001
2019-02-11,0.0001
2019-02-12,0.0001
2019-02-13,0.0001
2019-02-14,0.00010566666666666667
2019-02-15,0.0001
2019-02-16,0.0001
2019-02-17,9.700000000000001e-05
2019-02-18,-0.00025266666666666666
2019-02-19,0.0001
2019-02-20,0.0001
2019-02-21,-4.3333333333333305e-06
2019-02-22,8.833333333333333e-05
2019-02-23,3.9000000000000006e-05
2019-02-24,6.933333333333334e-05
2019-02-25,-0.00013566666666666667
2019-02-26,-0.0002653333333333333
2019-02-27,-0.00010600000000000002
2019-02-28,-0.00020766666666666668
2019-03-01,-0.00015633333333333333
2019-03-02,-0.00033433333333333335
2019-03-03,-0.00019766666666666666
2019-03-04,1.3e-05
2019-03-05,-1.0999999999999996e-05
2019-03-06,0.0001
2019-03-07,1.333333333333334e-06
2019-03-08,-0.00014466666666666667
2019-03-09,-0.0003463333333333333
2019-03-10,-0.0003953333333333333
2019-03-11,-0.00011066666666666668
2019-03-12,-7.566666666666666e-05
2019-03-13,-0.0003906666666666666
2019-03-14,-0.00016466666666666667
2019-03-15,-0.0002223333333333333
2019-03-16,-0.00033833333333333334
2019-03-17,-2.6333333333333338e-05
2019-03-18,-9.900000000000001e-05
2019-03-19,2.666666666666667e-05
2019-03-20,-0.000139
2019-03-21,-0.000622
2019-03-22,-0.000417
2019-03-23,-0.00019799999999999996
2019-03-24,-0.00019566666666666666
2019-03-25,-0.0003513333333333333
2019-03-26,-0.0005313333333333333
2019-03-27,-0.00038866666666666666
2019-03-28,7.633333333333334e-05
2019-03-29,-0.00015733333333333335
2019-03-30,-0.00034433333333333337
2019-03-31,-0.0003766666666666667
2019-04-01,-0.000427
2019-04-02,-0.00032633333333333337
2019-04-03,0.00010666666666666668
2019-04-04,7.166666666666667e-05
2019-04-05,0.000177
2019-04-06,0.0001
2019-04-07,0.0001
2019-04-08,0.0001
2019-04-09,2.1333333333333338e-05
2019-04-10,0.0001
2019-04-11,-2.1e-05
2019-04-12,0.0001
2019-04-13,-6.0333333333333334e-05
2019-04-14,2.5e-05
2019-04-15,9.1e-05
2019-04-16,-7.700000000000001e-05
2019-04-17,0.0001
2019-04-18,0.0001
2019-04-19,3.266666666666667e-05
2019-04-20,4.433333333333334e-05
2019-04-21,4.133333333333333e-05
2019-04-22,8.133333333333334e-05
2019-04-23,-0.00019433333333333336
2019-04-24,-0.0003953333333333333
2019-04-25,-0.0002263333333333333
2019-04-26,-0.0004293333333333334
2019-04-27,-0.0005003333333333333
2019-04-28,-0.0005726666666666666
2019-04-29,-0.0005673333333333333
2019-04-30,-0.000538
2019-05-01,-0.0005613333333333334
2019-05-02,-0.00042433333333333337
2019-05-03,-0.000502
2019-05-04,-6.933333333333334e-05
2019-05-05,-0.0003606666666666667
2019-05-06,-0.00027633333333333335
2019-05-07,-0.00018266666666666667
2019-05-08,-0.0005766666666666666
2019-05-09,-0.0007526666666666667
2019-05-10,-0.0011943333333333333
2019-05-11,-0.000574
2019-05-12,0.0001
2019-05-13,0.0001
2019-05-14,0.00020333333333333333
2019-05-15,0.0001823333333333333
2019-05-16,0.00033299999999999996
2019-05-17,0.00035666666666666664
2019-05-18,-5.266666666666666e-05
2019-05-19,8.666666666666678e-06
2019-05-20,0.00026033333333333334
2019-05-21,0.000193
2019-05-22,0.000294
2019-05-23,0.0001
2019-05-24,0.00011966666666666667
2019-05-25,0.0005960000000000001
2019-05-26,0.0005033333333333334
2019-05-27,0.0017740000000000002
2019-05-28,0.0014116666666666668
2019-05-29,0.000901
2019-05-30,0.0008220000000000001
2019-05-31,0.00017966666666666665
2019-06-01,0.000119
2019-06-02,0.00035766666666666667
2019-06-03,0.000238
2019-06-04,6.0666666666666666e-05
2019-06-05,4.2e-05
2019-06-06,-9.266666666666668e-05
2019-06-07,2.5e-05
2019-06-08,-8.066666666666667e-05
2019-06-09,7.333333333333336e-06
2019-06-10,-0.0003536666666666667
2019-06-11,0.0001
2019-06-12,6.7e-05
2019-06-13,0.0001
2019-06-14,0.0001
2019-06-15,6.500000000000001e-05
2019-06-16,0.0010116666666666668
2019-06-17,0.000527
2019-06-18,0.0006116666666666666
2019-06-19,0.0006653333333333333
2019-06-20,0.0005179999999999999
2019-06-21,0.00043500000000000006
2019-06-22,0.0014156666666666666
2019-06-23,0.002644333333333333
2019-06-24,0.0012743333333333333
2019-06-25,0.0008993333333333333
2019-06-26,0.0006063333333333334
2019-06-27,0.0016296666666666666
2019-06-28,0.0015226666666666667
2019-06-29,0.00034533333333333334
2019-06-30,0.0006116666666666667
2019-07-01,0.0005516666666666667
2019-07-02,0.00027866666666666665
2019-07-03,0.00015633333333333333
2019-07-04,0.0001
2019-07-05,6.0666666666666666e-05
2019-07-06,0.0001
2019-07-07,0.00015533333333333336
2019-07-08,0.000452
2019-07-09,0.0007676666666666666
2019-07-10,0.0009563333333333333
2019-07-11,0.00022933333333333334
2019-07-12,0.0001
2019-07-13,0.0001
2019-07-14,-2.1999999999999996e-05
2019-07-15,-0.00010966666666666666
2019-07-16,-3.966666666666667e-05
2019-07-17,-0.00019966666666666668
2019-07-18,-5.199999999999999e-05
2019-07-19,0.0001
2019-07-20,0.0001
2019-07-21,2.7000000000000002e-05
2019-07-22,-5.666666666666664e-06
2019-07-23,0.0001
2019-07-24,-9.666666666666667e-06
2019-07-25,3.466666666666667e-05
2019-07-26,6.333333333333333e-05
2019-07-27,0.0001
2019-07-28,-0.00018933333333333335
2019-07-29,9.366666666666666e-05
2019-07-30,0.0001
2019-07-31,0.0001
2019-08-01,0.0001
2019-08-02,0.0001
2019-08-03,0.0001
2019-08-04,0.0001
2019-08-05,0.000261
2019-08-06,0.0008993333333333333
2019-08-07,0.0005886666666666667
2019-08-08,0.0008253333333333333
2019-08-09,0.0008606666666666667
2019-08-10,0.0005586666666666666
2019-08-11,0.0001
2019-08-12,0.00010733333333333334
2019-08-13,0.00022466666666666666
2019-08-14,0.000146
2019-08-15,3.8333333333333334e-05
2019-08-16,-5.6e-05
2019-08-17,3.4000000000000007e-05
2019-08-18,2.666666666666668e-06
2019-08-19,0.0001
2019-08-20,0.0001
2019-08-21,0.0001
2019-08-22,-9.33333333333333e-06
2019-08-23,0.0001
2019-08-24,9.933333333333333e-05
2019-08-25,-5.9999999999999995e-05
2019-08-26,0.000119
2019-08-27,0.00014533333333333333
2019-08-28,0.0001
2019-08-29,-8.433333333333333e-05
2019-08-30,-0.00015633333333333333
2019-08-31,-3.7999999999999995e-05
2019-09-01,0.0001
2019-09-02,4.2999999999999995e-05
2019-09-03,0.0002313333333333333
2019-09-04,0.00018066666666666665
2019-09-05,0.00013533333333333333
2019-09-06,0.00024299999999999997
2019-09-07,0.000114
2019-09-08,0.00010833333333333333
2019-09-09,0.00023533333333333335
2019-09-10,0.00014666666666666666
2019-09-11,0.0001
2019-09-12,0.00012333333333333334
2019-09-13,0.000139
2019-09-14,0.000205
2019-09-15,0.00016700000000000002
2019-09-16,0.00024566666666666666
2019-09-17,0.0001836666666666667
2019-09-18,0.00019633333333333333
2019-09-19,0.00011766666666666668
2019-09-20,0.00022933333333333334
2019-09-21,0.0001
2019-09-22,0.0001
2019-09-23,0.0001
2019-09-24,0.0001
2019-09-25,-0.0002953333333333333
2019-09-26,0.0001
2019-09-27,0.0001
2019-09-28,-4.366666666666666e-05
2019-09-29,3.2e-05
2019-09-30,-8.9e-05
2019-10-01,-1.7333333333333336e-05
2019-10-02,-0.00013766666666666666
2019-10-03,1.9333333333333333e-05
2019-10-04,-3.866666666666667e-05
2019-10-05,-6.3e-05
2019-10-06,7.266666666666667e-05
2019-10-07,8.366666666666668e-05
2019-10-08,8.599999999999999e-05
2019-10-09,0.0001
2019-10-10,0.0001
2019-10-11,0.0001
2019-10-12,9.533333333333334e-05
2019-10-13,9.733333333333333e-05
2019-10-14,9.966666666666667e-05
2019-10-15,0.0001
2019-10-16,0.0001
2019-10-17,0.0001
2019-10-18,-3.266666666666666e-05
2019-10-19,9.433333333333333e-05
2019-10-20,5.566666666666667e-05
2019-10-21,0.0001
2019-10-22,0.0001
2019-10-23,3.3e-05
2019-10-24,-0.0004023333333333333
2019-10-25,-0.00010666666666666665
2019-10-26,0.00016966666666666668
2019-10-27,0.0001
2019-10-28,0.00018433333333333333
2019-10-29,0.0002916666666666667
2019-10-30,0.0001
2019-10-31,0.0001
2019-11-01,0.0001
2019-11-02,0.0001
2019-11-03,0.0001
2019-11-04,0.000131
2019-11-05,0.00023233333333333333
2019-11-06,0.000224
2019-11-07,0.00018066666666666665
2019-11-08,0.00015633333333333333
2019-11-09,0.0001
2019-11-10,0.0001
2019-11-11,0.0001
2019-11-12,0.0001
2019-11-13,0.000104
2019-11-14,0.0001
2019-11-15,0.0001
2019-11-16,0.0001
2019-11-17,0.0001
2019-11-18,0.00013199999999999998
2019-11-19,0.0001
2019-11-20,0.0001
2019-11-21,0.0001
2019-11-22,5.7e-05
2019-11-23,-0.00020566666666666663
2019-11-24,-2.2000000000000003e-05
2019-11-25,-2.2333333333333325e-05
2019-11-26,-9.8e-05
2019-11-27,-3.633333333333334e-05
2019-11-28,4.4000000000000006e-05
2019-11-29,-8.4e-05
2019-11-30,1.866666666666667e-05
2019-12-01,-1.3666666666666664e-05
2019-12-02,8.466666666666666e-05
2019-12-03,4.7333333333333336e-05
2019-12-04,-9.999999999999999e-06
2019-12-05,-0.00015433333333333334
2019-12-06,8.599999999999999e-05
2019-12-07,9.833333333333334e-05
2019-12-08,6.133333333333334e-05
2019-12-09,9.900000000000001e-05
2019-12-10,0.0001
2019-12-11,6.433333333333334e-05
2019-12-12,1.7666666666666668e-05
2019-12-13,9.766666666666668e-05
2019-12-14,-3.433333333333334e-05
2019-12-15,-8.866666666666665e-05
2019-12-16,9.666666666666667e-05
2019-12-17,9.666666666666668e-06
2019-12-18,-0.000159
2019-12-19,-6.466666666666668e-05
2019-12-20,1.3666666666666674e-05
2019-12-21,-4.333333333333334e-06
2019-12-22,9.833333333333334e-05
2019-12-23,0.0001
2019-12-24,0.0001
2019-12-25,0.0001
2019-12-26,0.0001
2019-12-27,0.0001
2019-12-28,0.0001
2019-12-29,0.0001
2019-12-30,0.0001
2019-12-31,0.0001
2020-01-01,0.0001
2020-01-02,0.0001
2020-01-03,3.3333333333333335e-05
2020-01-04,0.0001
2020-01-05,0.0001
2020-01-06,0.0001
2020-01-07,0.0001
2020-01-08,0.0001
2020-01-09,0.0001
2020-01-10,0.0001
2020-01-11,0.0001
2020-01-12,0.0001
2020-01-13,0.0001
2020-01-14,0.000161
2020-01-15,0.000256
2020-01-16,0.000174
2020-01-17,0.000343
2020-01-18,0.000173
2020-01-19,0.00013166666666666668
2020-01-20,0.0001
2020-01-21,0.00013833333333333333
2020-01-22,0.000174
2020-01-23,0.0001
2020-01-24,0.00018033333333333334
2020-01-25,0.0001
2020-01-26,0.0001
2020-01-27,0.0001
2020-01-28,0.000378
2020-01-29,0.0005036666666666667
2020-01-30,0.0004953333333333333
2020-01-31,0.00035166666666666663
2020-02-01,0.000161
2020-02-02,0.00018800000000000002
2020-02-03,0.0002516666666666667
2020-02-04,0.000104
2020-02-05,0.00023099999999999998
2020-02-06,0.0008143333333333333
2020-02-07,0.000516
2020-02-08,0.00027466666666666666
2020-02-09,0.00045566666666666667
2020-02-10,0.0006326666666666667
2020-02-11,0.00034899999999999997
2020-02-12,0.000757
2020-02-13,0.0006196666666666667
2020-02-14,0.0005436666666666667
2020-02-15,0.000204
2020-02-16,0.0001
2020-02-17,0.00037499999999999995
2020-02-18,0.000204
2020-02-19,0.00045999999999999996
2020-02-20,0.000142
2020-02-21,0.0001
2020-02-22,0.0001
2020-02-23,0.0001
2020-02-24,0.0001
2020-02-25,0.00012366666666666667
2020-02-26,0.0005033333333333334
2020-02-27,0.00010666666666666668
2020-02-28,0.0001
2020-02-29,0.000146
2020-03-01,0.0001
2020-03-02,0.00020300000000000003
2020-03-03,0.0001
2020-03-04,0.0001
2020-03-05,0.0001
2020-03-06,0.0001
2020-03-07,0.0001
2020-03-08,0.0001
2020-03-09,0.0001
2020-03-10,5.2e-05
2020-03-11,8.433333333333334e-05
2020-03-12,-0.0004969999999999999
2020-03-13,-0.00375
2020-03-14,-0.00375
2020-03-15,-0.0012793333333333335
2020-03-16,-0.000984
2020-03-17,-0.0014796666666666667
2020-03-18,-0.0007303333333333334
2020-03-19,-0.0003936666666666667
2020-03-20,-0.000436
2020-03-21,-0.000202
2020-03-22,-0.0003916666666666667
2020-03-23,-0.0005426666666666667
2020-03-24,-3.6e-05
2020-03-25,-0.00028066666666666664
2020-03-26,-0.00018100000000000004
2020-03-27,-0.00030033333333333333
2020-03-28,-0.00048766666666666663
2020-03-29,-0.0002613333333333333
2020-03-30,-0.000423
2020-03-31,-2.333333333333334e-05
2020-04-01,-0.00040133333333333335
2020-04-02,-0.00011066666666666668
2020-04-03,-0.00016533333333333333
2020-04-04,-0.00033400000000000004
2020-04-05,1.633333333333333e-05
2020-04-06,6.9e-05
2020-04-07,4.7333333333333336e-05
2020-04-08,-4.666666666666667e-06
2020-04-09,-0.00013266666666666667
2020-04-10,-0.00038766666666666664
2020-04-11,-0.00035633333333333334
2020-04-12,-0.00022066666666666667
2020-04-13,-0.0005533333333333333
2020-04-14,-0.000152
2020-04-15,-0.00023566666666666666
2020-04-16,-0.000273
2020-04-17,9.433333333333333e-05
2020-04-18,-3.6666666666666666e-05
2020-04-19,-1.8e-05
2020-04-20,5.666666666666667e-05
2020-04-21,-0.0004836666666666667
2020-04-22,-0.000179
2020-04-23,2.8000000000000003e-05
2020-04-24,0.0001
2020-04-25,9.033333333333334e-05
2020-04-26,-6.633333333333334e-05
2020-04-27,-3.866666666666666e-05
2020-04-28,1.166666666666667e-05
2020-04-29,-3.733333333333333e-05
2020-04-30,0.0001
2020-05-01,0.0001
2020-05-02,0.0001
2020-05-03,0.0001
2020-05-04,-1.2333333333333333e-05
2020-05-05,0.0001
2020-05-06,7.966666666666667e-05
2020-05-07,0.0001
2020-05-08,0.0001
2020-05-09,0.0001
2020-05-10,-0.00022766666666666668
2020-05-11,9.133333333333334e-05
2020-05-12,-0.00014866666666666666
2020-05-13,4.4000000000000006e-05
2020-05-14,9.499999999999999e-05
2020-05-15,0.0001
2020-05-16,0.0001
2020-05-17,0.0001
2020-05-18,0.00016833333333333335
2020-05-19,0.0001
2020-05-20,0.0001
2020-05-21,7.533333333333334e-05
2020-05-22,7.766666666666668e-05
2020-05-23,-1.5000000000000004e-05
2020-05-24,7.2e-05
2020-05-25,-0.000113
2020-05-26,4e-05
2020-05-27,1.3e-05
2020-05-28,0.0001
2020-05-29,0.0001
2020-05-30,0.0001
2020-05-31,0.0001
2020-06-01,0.0001
2020-06-02,0.0008706666666666667
2020-06-03,0.0001
2020-06-04,0.0001
2020-06-05,0.0001
2020-06-06,0.0001
2020-06-07,0.0001
2020-06-08,6.666666666666648e-07
2020-06-09,0.0001
2020-06-10,0.0001
2020-06-11,0.0001
2020-06-12,-4.233333333333333e-05
2020-06-13,0.0001
2020-06-14,3.2000000000000005e-05
2020-06-15,5.8e-05
2020-06-16,8.833333333333333e-05
2020-06-17,9.933333333333333e-05
2020-06-18,0.0001
2020-06-19,0.0001
2020-06-20,0.0001
2020-06-21,0.0001
2020-06-22,0.0001
2020-06-23,0.00012333333333333334
2020-06-24,0.0001
2020-06-25,9.233333333333333e-05
2020-06-26,0.0001
2020-06-27,0.0001
2020-06-28,3.3333333333333363e-06
2020-06-29,9.900000000000001e-05
2020-06-30,0.0001
2020-07-01,3.1666666666666666e-05
2020-07-02,0.0001
2020-07-03,2.966666666666667e-05
2020-07-04,4.566666666666667e-05
2020-07-05,4.133333333333333e-05
2020-07-06,8.333333333333333e-05
2020-07-07,0.0001
2020-07-08,0.0001
2020-07-09,0.0001
2020-07-10,0.0001
2020-07-11,0.0001
2020-07-12,0.0001
2020-07-13,0.0001
2020-07-14,0.0001
2020-07-15,0.0001
2020-07-16,0.0001
2020-07-17,0.0001
2020-07-18,7.366666666666666e-05
2020-07-19,0.0001
2020-07-20,0.0001
2020-07-21,0.0001
2020-07-22,0.0001
2020-07-23,0.0001
2020-07-24,0.0001
2020-07-25,0.0001
2020-07-26,0.0002483333333333333
2020-07-27,0.00045500000000000006
2020-07-28,0.0006309999999999999
2020-07-29,0.0005816666666666666
2020-07-30,0.0003013333333333333
2020-07-31,0.0003716666666666667
2020-08-01,0.0003733333333333333
2020-08-02,0.000317
2020-08-03,0.00014833333333333332
2020-08-04,0.00014466666666666667
2020-08-05,0.0001
2020-08-06,0.0001
2020-08-07,0.0001
2020-08-08,5.633333333333334e-05
2020-08-09,0.0001
2020-08-10,0.000219
2020-08-11,0.0001
2020-08-12,0.0001
2020-08-13,0.0001
2020-08-14,0.0001926666666666667
2020-08-15,0.000223
2020-08-16,0.00023966666666666667
2020-08-17,0.0002613333333333333
2020-08-18,0.000576
2020-08-19,0.0001
2020-08-20,0.0001
2020-08-21,0.0001
2020-08-22,0.00010133333333333333
2020-08-23,0.0001
2020-08-24,0.0001
2020-08-25,0.0001
2020-08-26,6.366666666666666e-05
2020-08-27,0.0001
2020-08-28,0.0001
2020-08-29,0.0001
2020-08-30,0.0001
2020-08-31,0.0001
2020-09-01,0.000151
2020-09-02,0.00017566666666666666
2020-09-03,0.0001
2020-09-04,-0.00018966666666666668
2020-09-05,3.5333333333333336e-05
2020-09-06,3.233333333333334e-05
2020-09-07,-9.999999999999999e-06
2020-09-08,0.0001
2020-09-09,1.9666666666666666e-05
2020-09-10,0.0001
2020-09-11,1e-05
2020-09-12,9.6e-05
2020-09-13,7.000000000000001e-05
2020-09-14,-0.00016933333333333332
2020-09-15,1.5333333333333334e-05
2020-09-16,-6e-06
2020-09-17,9.433333333333333e-05
2020-09-18,6.0333333333333334e-05
2020-09-19,-1.5666666666666663e-05
2020-09-20,-9.000000000000002e-06
2020-09-21,-3.0000000000000005e-06
2020-09-22,-5.633333333333333e-05
2020-09-23,-0.000123
2020-09-24,-2.1e-05
2020-09-25,0.0001
2020-09-26,7.166666666666667e-05
2020-09-27,7.1e-05
2020-09-28,0.0001
2020-09-29,8.666666666666668e-05
2020-09-30,0.0001
2020-10-01,2.4000000000000004e-05
2020-10-02,-8.3e-05
2020-10-03,-0.0002326666666666667
2020-10-04,-0.000121
2020-10-05,-3.6e-05
2020-10-06,-8.333333333333329e-06
2020-10-07,-0.00023833333333333334
2020-10-08,-0.00016033333333333332
2020-10-09,0.0001
2020-10-10,0.0001
2020-10-11,0.0001
2020-10-12,9.966666666666667e-05
2020-10-13,0.0001
2020-10-14,0.0001
2020-10-15,8.133333333333334e-05
2020-10-16,8.9e-05
2020-10-17,-3.766666666666666e-05
2020-10-18,-6.5e-05
2020-10-19,4.9e-05
2020-10-20,4.466666666666667e-05
2020-10-21,7.266666666666667e-05
2020-10-22,0.0001
2020-10-23,6.466666666666666e-05
2020-10-24,0.0001
2020-10-25,0.0001
2020-10-26,0.0001
2020-10-27,0.0001
2020-10-28,0.0001
2020-10-29,-5.5e-05
2020-10-30,7.333333333333333e-05
2020-10-31,6.533333333333333e-05
2020-11-01,4.1666666666666665e-05
2020-11-02,-5.3333333333333326e-05
2020-11-03,-6.6666666666666616e-06
2020-11-04,3.3333333333333335e-05
2020-11-05,0.0001
2020-11-06,0.0001
2020-11-07,0.000144
2020-11-08,0.0002593333333333333
2020-11-09,0.0001
2020-11-10,0.0001
2020-11-11,0.0001
2020-11-12,0.0001
2020-11-13,0.0001
2020-11-14,8.633333333333334e-05
2020-11-15,0.0001
2020-11-16,0.0001
2020-11-17,0.0001
2020-11-18,0.00010766666666666668
2020-11-19,0.0001
2020-11-20,0.000145
2020-11-21,0.0001
2020-11-22,0.000165
2020-11-23,0.0004163333333333334
2020-11-24,0.000317
2020-11-25,0.000354
2020-11-26,0.00016533333333333333
2020-11-27,0.000168
2020-11-28,0.0001
2020-11-29,0.0001
2020-11-30,0.0001
2020-12-01,0.0006653333333333333
2020-12-02,0.0001
2020-12-03,0.0001
2020-12-04,0.0001
2020-12-05,7.933333333333334e-05
2020-12-06,0.0001
2020-12-07,0.00021566666666666666
2020-12-08,0.0001
2020-12-09,0.0001
2020-12-10,0.0001
2020-12-11,0.0001
2020-12-12,0.0001
2020-12-13,0.0001
2020-12-14,0.00018999999999999998
2020-12-15,0.0001
2020-12-16,0.0001
2020-12-17,0.0005683333333333333
2020-12-18,0.000355
2020-12-19,0.00016166666666666665
2020-12-20,0.0004406666666666667
2020-12-21,0.00030333333333333335
2020-12-22,0.00011433333333333333
2020-12-23,0.00020733333333333335
2020-12-24,0.00013433333333333334
2020-12-25,0.00026233333333333333
2020-12-26,0.0003676666666666666
2020-12-27,0.0007196666666666666
2020-12-28,0.0005223333333333333
2020-12-29,0.00032599999999999996
2020-12-30,0.0006266666666666668
2020-12-31,0.00030366666666666666
2021-01-01,0.0001
2021-01-02,0.0001
2021-01-03,0.0006643333333333333
2021-01-04,0.001049
2021-01-05,0.00015566666666666666
2021-01-06,0.0009183333333333334
2021-01-07,0.000623
2021-01-08,0.0008876666666666667
2021-01-09,0.00044166666666666665
2021-01-10,0.000648
2021-01-11,0.0008266666666666666
2021-01-12,0.0004426666666666667
2021-01-13,0.00034733333333333334
2021-01-14,0.0005656666666666667
2021-01-15,0.0006106666666666667
2021-01-16,0.00013866666666666669
2021-01-17,0.00012233333333333334
2021-01-18,0.00032733333333333334
2021-01-19,0.0007956666666666666
2021-01-20,0.00025966666666666667
2021-01-21,0.0001
2021-01-22,3.6666666666666653e-06
2021-01-23,3.8666666666666674e-05
2021-01-24,0.0001
2021-01-25,0.0002466666666666667
2021-01-26,0.000208
2021-01-27,-5.433333333333334e-05
2021-01-28,1.0000000000000016e-06
2021-01-29,0.0003466666666666667
2021-01-30,0.00046600000000000005
2021-01-31,0.0001
2021-02-01,9.033333333333334e-05
2021-02-02,0.00018833333333333332
2021-02-03,0.00032900000000000003
2021-02-04,0.00035199999999999994
2021-02-05,0.000305
2021-02-06,0.0006556666666666667
2021-02-07,0.0006606666666666667
2021-02-08,0.00020733333333333332
2021-02-09,0.001534
2021-02-10,0.0005636666666666666
2021-02-11,0.00017233333333333334
2021-02-12,0.000915
2021-02-13,0.000669
2021-02-14,0.0006443333333333333
2021-02-15,0.000539
2021-02-16,0.0011079999999999998
2021-02-17,0.001142
2021-02-18,0.0016760000000000002
2021-02-19,0.0008833333333333333
2021-02-20,0.00078
2021-02-21,0.0005696666666666667
2021-02-22,0.0009986666666666666
2021-02-23,0.00014966666666666665
2021-02-24,0.00013166666666666668
2021-02-25,0.0001
2021-02-26,0.0001
2021-02-27,0.0001
2021-02-28,0.0001
2021-03-01,0.0001
2021-03-02,0.0001
2021-03-03,0.0001
2021-03-04,0.00016366666666666667
2021-03-05,0.0001
2021-03-06,0.0001
2021-03-07,0.00013266666666666667
2021-03-08,0.00029800000000000003
2021-03-09,0.00047466666666666664
2021-03-10,0.00014133333333333334
2021-03-11,0.0005443333333333334
2021-03-12,0.000562
2021-03-13,0.00045633333333333333
2021-03-14,0.0010856666666666666
2021-03-15,0.000315
2021-03-16,0.0001
2021-03-17,0.0001
2021-03-18,0.000525
2021-03-19,0.00020933333333333332
2021-03-20,0.0001
2021-03-21,0.0002793333333333333
2021-03-22,8.833333333333333e-05
2021-03-23,8.833333333333333e-05
2021-03-24,0.0001
2021-03-25,0.00021733333333333335
2021-03-26,0.0001
2021-03-27,0.0001
2021-03-28,0.0001
2021-03-29,0.000222
2021-03-30,0.0006780000000000001
2021-03-31,0.0007253333333333334
2021-04-01,0.000918
2021-04-02,0.0009353333333333333
2021-04-03,0.0004606666666666667
2021-04-04,0.00024366666666666666
2021-04-05,0.00019933333333333334
2021-04-06,0.0011083333333333333
2021-04-07,0.000168
2021-04-08,0.0001
2021-04-09,0.00021600000000000002
2021-04-10,0.0012143333333333333
2021-04-11,0.0009099999999999999
2021-04-12,0.0010953333333333334
2021-04-13,0.0010576666666666666
2021-04-14,0.0009296666666666666
2021-04-15,0.0004406666666666667
2021-04-16,0.00035
2021-04-17,0.0001
2021-04-18,2.2666666666666668e-05
2021-04-19,0.0001
2021-04-20,0.0001
2021-04-21,0.0001
2021-04-22,0.0001
2021-04-23,0.00017866666666666668
2021-04-24,0.0001
2021-04-25,0.0001
2021-04-26,0.0001
2021-04-27,0.0001
2021-04-28,0.0001
2021-04-29,9.533333333333334e-05
2021-04-30,0.0001
2021-05-01,0.0001
2021-05-02,0.0001
2021-05-03,0.00016466666666666667
2021-05-04,0.00011566666666666665
2021-05-05,0.0001
2021-05-06,0.0001
2021-05-07,0.0001
2021-05-08,0.00017966666666666665
2021-05-09,0.00032966666666666664
2021-05-10,0.00022633333333333335
2021-05-11,0.0001
2021-05-12,0.0001
2021-05-13,4.433333333333334e-05
2021-05-14,0.0001
2021-05-15,0.0001
2021-05-16,0.0001
2021-05-17,0.0001
2021-05-18,0.0001
2021-05-19,7.766666666666668e-05
2021-05-20,-0.0009693333333333333
2021-05-21,-0.0002933333333333333
2021-05-22,-0.00017233333333333334
2021-05-23,-0.0002686666666666667
2021-05-24,-0.0003373333333333333
2021-05-25,3.1333333333333334e-05
2021-05-26,8.733333333333335e-05
2021-05-27,-8.666666666666665e-05
2021-05-28,-1.5333333333333334e-05
2021-05-29,-6.5e-05
2021-05-30,7.333333333333333e-05
2021-05-31,2.466666666666667e-05
2021-06-01,3.866666666666667e-05
2021-06-02,-4.866666666666667e-05
2021-06-03,-0.00012533333333333334
2021-06-04,-0.00018800000000000002
2021-06-05,-0.000434
2021-06-06,-0.00024599999999999996
2021-06-07,-9.400000000000001e-05
2021-06-08,-0.000379
2021-06-09,-0.00020266666666666664
2021-06-10,-0.00012033333333333334
2021-06-11,-0.00010300000000000001
2021-06-12,-9.933333333333333e-05
2021-06-13,-9.133333333333334e-05
2021-06-14,6.266666666666667e-05
2021-06-15,-8.666666666666665e-05
2021-06-16,-0.00018999999999999998
2021-06-17,-0.00033866666666666664
2021-06-18,-0.0003063333333333333
2021-06-19,-0.00024933333333333334
2021-06-20,1.0666666666666669e-05
2021-06-21,-0.00030833333333333337
2021-06-22,-0.00010566666666666667
2021-06-23,-0.00029933333333333336
2021-06-24,-9.866666666666668e-05
2021-06-25,-3.1e-05
2021-06-26,-0.0004613333333333333
2021-06-27,-0.0002746666666666667
2021-06-28,-2.3333333333333332e-05
2021-06-29,8.599999999999999e-05
2021-06-30,-9.99999999999999e-06
2021-07-01,-0.00013633333333333333
2021-07-02,-0.000189
2021-07-03,-0.00011166666666666667
2021-07-04,2.7333333333333338e-05
2021-07-05,-0.000116
2021-07-06,-0.000156
2021-07-07,-0.000127
2021-07-08,-0.0002843333333333333
2021-07-09,5.633333333333334e-05
2021-07-10,0.0001
2021-07-11,2.8333333333333335e-05
2021-07-12,0.0001
2021-07-13,-0.00011633333333333332
2021-07-14,-0.00018666666666666666
2021-07-15,1.4000000000000001e-05
2021-07-16,-9.066666666666667e-05
2021-07-17,-8.533333333333335e-05
2021-07-18,8.866666666666668e-05
2021-07-19,-0.000127
2021-07-20,-6.166666666666667e-05
2021-07-21,-1.1333333333333334e-05
2021-07-22,6.0333333333333334e-05
2021-07-23,8.9e-05
2021-07-24,-5.2999999999999994e-05
2021-07-25,-0.00021966666666666665
2021-07-26,-1.3000000000000006e-05
2021-07-27,-0.00013966666666666666
2021-07-28,8.4e-05
2021-07-29,1.9e-05
2021-07-30,-2.2666666666666668e-05
2021-07-31,2.3333333333333357e-06
2021-08-01,3.1e-05
2021-08-02,-6.266666666666667e-05
2021-08-03,6.766666666666667e-05
2021-08-04,0.0001
2021-08-05,9.499999999999999e-05
2021-08-06,-2.3333333333333332e-05
2021-08-07,1.6666666666666674e-05
2021-08-08,8.7e-05
2021-08-09,0.0001
2021-08-10,9.066666666666667e-05
2021-08-11,2.2000000000000003e-05
2021-08-12,-2.133333333333333e-05
2021-08-13,7.5e-05
2021-08-14,0.0001
2021-08-15,-3.1666666666666666e-05
2021-08-16,3.233333333333334e-05
2021-08-17,-1.8333333333333333e-05
2021-08-18,4.8666666666666666e-05
2021-08-19,6.566666666666667e-05
2021-08-20,0.0001
2021-08-21,0.0001
2021-08-22,0.0001
2021-08-23,0.0001
2021-08-24,0.0001
2021-08-25,2.5666666666666666e-05
2021-08-26,7.766666666666668e-05
2021-08-27,0.0001
2021-08-28,8.800000000000001e-05
2021-08-29,9.333333333333334e-05
2021-08-30,9.533333333333334e-05
2021-08-31,0.0001
2021-09-01,0.0001
2021-09-02,0.000126
2021-09-03,0.00013066666666666665
2021-09-04,0.0001566666666666667
2021-09-05,0.0001
2021-09-06,0.000144
2021-09-07,0.0001
2021-09-08,-0.000166
2021-09-09,5.0333333333333335e-05
2021-09-10,4.933333333333334e-05
2021-09-11,4.466666666666667e-05
2021-09-12,8.7e-05
2021-09-13,3.1333333333333334e-05
2021-09-14,1.6e-05
2021-09-15,-3.533333333333333e-05
2021-09-16,-9.766666666666668e-05
2021-09-17,7.833333333333334e-05
2021-09-18,-6.4e-05
2021-09-19,-5.5333333333333334e-05
2021-09-20,-4.199999999999999e-05
2021-09-21,-0.00027633333333333335
2021-09-22,-0.0002133333333333333
2021-09-23,-0.000366
2021-09-24,-4.966666666666666e-05
2021-09-25,-0.0003043333333333333
2021-09-26,-0.0002146666666666667
2021-09-27,5.833333333333334e-05
2021-09-28,-2.2000000000000003e-05
2021-09-29,-8.966666666666666e-05
2021-09-30,-1.0000000000000004e-05
2021-10-01,5.9000000000000004e-05
2021-10-02,0.0001
2021-10-03,9.233333333333333e-05
2021-10-04,0.0001
2021-10-05,0.0001
2021-10-06,6.733333333333333e-05
2021-10-07,0.0001
2021-10-08,0.0001
2021-10-09,0.0001
2021-10-10,0.0001
2021-10-11,0.0001
2021-10-12,0.0001
2021-10-13,0.0001
2021-10-14,0.00018999999999999998
2021-10-15,0.00015466666666666667
2021-10-16,0.00020300000000000003
2021-10-17,0.00014533333333333333
2021-10-18,0.00023933333333333334
2021-10-19,0.0001
2021-10-20,0.0001
2021-10-21,0.0004576666666666667
2021-10-22,0.0001
2021-10-23,0.0001
2021-10-24,0.00015166666666666668
2021-10-25,0.0001
2021-10-26,0.00012433333333333334
2021-10-27,0.0001
2021-10-28,0.0001
2021-10-29,0.00019066666666666668
2021-10-30,0.00021366666666666667
2021-10-31,0.0001
2021-11-01,0.00015133333333333332
2021-11-02,0.00022166666666666667
2021-11-03,0.0002663333333333333
2021-11-04,0.0001
2021-11-05,0.0001
2021-11-06,0.0001
2021-11-07,0.0001
2021-11-08,0.0002556666666666667
2021-11-09,0.00032700000000000003
2021-11-10,0.00045566666666666667
2021-11-11,0.00020300000000000003
2021-11-12,0.0001
2021-11-13,0.0001
2021-11-14,0.0001
2021-11-15,0.0001
2021-11-16,6.533333333333334e-05
2021-11-17,0.0001
2021-11-18,0.0001
2021-11-19,0.0001
2021-11-20,3.066666666666667e-05
2021-11-21,0.0001
2021-11-22,0.0001
2021-11-23,0.0001
2021-11-24,0.0001
2021-11-25,0.0001
2021-11-26,0.0001
2021-11-27,0.0001
2021-11-28,7.566666666666667e-05
2021-11-29,0.0001
2021-11-30,0.0001
2021-12-01,0.0001
2021-12-02,0.0001
2021-12-03,0.0001
2021-12-04,-0.00022133333333333334
2021-12-05,-0.00037966666666666666
2021-12-06,-8.633333333333334e-05
2021-12-07,-7.066666666666667e-05
2021-12-08,0.0001
2021-12-09,9.900000000000001e-05
2021-12-10,9e-05
2021-12-11,5.2e-05
2021-12-12,-5.066666666666666e-05
2021-12-13,-1.5333333333333334e-05
2021-12-14,1.5e-05
2021-12-15,9.266666666666668e-05
2021-12-16,7.433333333333333e-05
2021-12-17,5.966666666666667e-05
2021-12-18,3.9000000000000006e-05
2021-12-19,3.933333333333334e-05
2021-12-20,3.1333333333333334e-05
2021-12-21,0.0001
2021-12-22,4.933333333333334e-05
2021-12-23,4.866666666666667e-05
2021-12-24,7.333333333333336e-06
2021-12-25,-1.0666666666666666e-05
2021-12-26,-4.233333333333333e-05
2021-12-27,8.266666666666667e-05
2021-12-28,1.8333333333333333e-05
2021-12-29,9.766666666666668e-05
2021-12-30,-1.9999999999999998e-05
2021-12-31,2.9666666666666665e-05
2022-01-01,5.1666666666666664e-05
2022-01-02,-6.0333333333333334e-05
2022-01-03,4.266666666666666e-05
2022-01-04,-2.233333333333333e-05
2022-01-05,9.966666666666667e-05
2022-01-06,1.7666666666666668e-05
2022-01-07,6.166666666666667e-05
2022-01-08,-1.7999999999999994e-05
2022-01-09,1.566666666666667e-05
2022-01-10,-6.666666666666666e-05
2022-01-11,2.666666666666667e-05
2022-01-12,-0.000195
2022-01-13,-0.000159
2022-01-14,-3.0333333333333333e-05
2022-01-15,-4.2e-05
2022-01-16,-8.533333333333332e-05
2022-01-17,1.8333333333333336e-05
2022-01-18,8.733333333333335e-05
2022-01-19,5.933333333333333e-05
2022-01-20,9.766666666666668e-05
2022-01-21,-3.633333333333333e-05
2022-01-22,-5.4666666666666676e-05
2022-01-23,-0.00015366666666666667
2022-01-24,-0.00019866666666666665
2022-01-25,-3.7999999999999995e-05
2022-01-26,-0.00024200000000000003
2022-01-27,-3.6666666666666666e-05
2022-01-28,9.066666666666667e-05
2022-01-29,-7.5e-05
2022-01-30,-3.433333333333334e-05
2022-01-31,-2.4e-05
2022-02-01,-8.933333333333334e-05
2022-02-02,-6.666666666666667e-05
2022-02-03,-3.3333333333333376e-06
2022-02-04,-3.233333333333333e-05
2022-02-05,5.233333333333333e-05
2022-02-06,3.266666666666666e-05
2022-02-07,-9.6e-05
2022-02-08,-6.233333333333334e-05
2022-02-09,4.466666666666667e-05
2022-02-10,-1.4333333333333329e-05
2022-02-11,4.966666666666666e-05
2022-02-12,6.333333333333333e-05
2022-02-13,2.0666666666666673e-05
2022-02-14,0.0001
2022-02-15,5.466666666666667e-05
2022-02-16,6.4e-05
2022-02-17,-7.066666666666667e-05
2022-02-18,-0.00014633333333333336
2022-02-19,5.2e-05
2022-02-20,4.1666666666666665e-05
2022-02-21,3.3333333333333335e-05
2022-02-22,2.8333333333333335e-05
2022-02-23,-9.266666666666668e-05
2022-02-24,1.1000000000000001e-05
2022-02-25,-2.333333333333327e-06
2022-02-26,-8.666666666666665e-05
2022-02-27,-0.00013666666666666666
2022-02-28,-1.7000000000000003e-05
2022-03-01,0.0001
2022-03-02,7.133333333333334e-05
2022-03-03,9.166666666666667e-05
2022-03-04,0.0001
2022-03-05,2.2000000000000003e-05
2022-03-06,-0.00013466666666666667
2022-03-07,0.0001
2022-03-08,3.466666666666667e-05
2022-03-09,3.3e-05
2022-03-10,6.333333333333333e-05
2022-03-11,-0.00010533333333333332
2022-03-12,-0.00011899999999999998
2022-03-13,-0.00011066666666666667
2022-03-14,-6.0333333333333334e-05
2022-03-15,5.666666666666667e-05
2022-03-16,1.0999999999999996e-05
2022-03-17,3.633333333333333e-05
2022-03-18,-5.966666666666667e-05
2022-03-19,-4.666666666666667e-05
2022-03-20,-2.3999999999999997e-05
2022-03-21,-3.0000000000000005e-06
2022-03-22,-3.000000000000003e-06
2022-03-23,-6.633333333333334e-05
2022-03-24,1.2666666666666665e-05
2022-03-25,7.4e-05
2022-03-26,5.833333333333334e-05
2022-03-27,6.4e-05
2022-03-28,0.0001
2022-03-29,2.8333333333333335e-05
2022-03-30,6.2e-05
2022-03-31,6.2e-05
2022-04-01,-1.0666666666666672e-05
2022-04-02,8.733333333333332e-05
2022-04-03,0.0001
2022-04-04,0.0001
2022-04-05,0.0001
2022-04-06,8.4e-05
2022-04-07,0.0001
2022-04-08,6.7e-05
2022-04-09,-1.333333333333334e-06
2022-04-10,-6.333333333333332e-06
2022-04-11,3.233333333333333e-05
2022-04-12,-7.333333333333333e-05
2022-04-13,6.833333333333333e-05
2022-04-14,-3.5000000000000004e-05
2022-04-15,6.466666666666666e-05
2022-04-16,-5.999999999999999e-06
2022-04-17,-6.6666666666666675e-06
2022-04-18,-6.9e-05
2022-04-19,-8.000000000000005e-06
2022-04-20,-9.466666666666667e-05
2022-04-21,3.433333333333334e-05
2022-04-22,-6.666666666666694e-07
2022-04-23,-5.833333333333333e-05
2022-04-24,-6.566666666666666e-05
2022-04-25,3.0000000000000005e-06
2022-04-26,7.900000000000001e-05
2022-04-27,-7.333333333333333e-05
2022-04-28,-6.266666666666667e-05
2022-04-29,0.0001
2022-04-30,2.2000000000000003e-05
2022-05-01,-2.133333333333333e-05
2022-05-02,4.0333333333333336e-05
2022-05-03,0.0001
2022-05-04,0.0001
2022-05-05,0.0001
2022-05-06,-9.433333333333335e-05
2022-05-07,3.8333333333333334e-05
2022-05-08,-0.00014133333333333334
2022-05-09,-9.233333333333333e-05
2022-05-10,-0.00020066666666666667
2022-05-11,-0.00013666666666666666
2022-05-12,-0.00039933333333333335
2022-05-13,-0.0003006666666666667
2022-05-14,-0.00013133333333333332
2022-05-15,-7.000000000000001e-05
2022-05-16,-0.00018933333333333335
2022-05-17,-5.1e-05
2022-05-18,-0.00032900000000000003
2022-05-19,-0.000208
2022-05-20,6.533333333333333e-05
2022-05-21,9.999999999999999e-06
2022-05-22,5e-05
2022-05-23,4.766666666666667e-05
2022-05-24,-0.00021433333333333333
2022-05-25,-1.5333333333333334e-05
2022-05-26,3.3333333333333354e-06
2022-05-27,-0.00018433333333333333
2022-05-28,-2.666666666666667e-05
2022-05-29,8e-06
2022-05-30,2.6e-05
2022-05-31,6.900000000000001e-05
2022-06-01,-3.266666666666666e-05
2022-06-02,-0.00020700000000000002
2022-06-03,-0.00011499999999999999
2022-06-04,-0.00016866666666666666
2022-06-05,-0.00025666666666666665
2022-06-06,-8.766666666666667e-05
2022-06-07,-0.00012633333333333333
2022-06-08,3.866666666666667e-05
2022-06-09,6.3e-05
2022-06-10,-8.933333333333334e-05
2022-06-11,-9.333333333333334e-06
2022-06-12,-2.9999999999999963e-06
2022-06-13,-3.933333333333334e-05
2022-06-14,-0.00016600000000000002
2022-06-15,-0.0002013333333333333
2022-06-16,-9.533333333333334e-05
2022-06-17,-0.00013199999999999998
2022-06-18,4.000000000000007e-06
2022-06-19,-3.4333333333333325e-05
2022-06-20,-2.3333333333333336e-05
2022-06-21,2.766666666666667e-05
2022-06-22,3.6e-05
2022-06-23,7.033333333333334e-05
2022-06-24,-1.0999999999999998e-05
2022-06-25,2.2000000000000003e-05
2022-06-26,5.833333333333333e-05
2022-06-27,2.9333333333333336e-05
2022-06-28,-2.0999999999999995e-05
2022-06-29,-4.333333333333334e-05
2022-06-30,-0.000177
2022-07-01,3.233333333333333e-05
2022-07-02,-3.9333333333333325e-05
2022-07-03,6.266666666666667e-05
2022-07-04,4.133333333333333e-05
2022-07-05,2.1333333333333338e-05
2022-07-06,4.8e-05
2022-07-07,5.399999999999999e-05
2022-07-08,3.9000000000000006e-05
2022-07-09,-6.2e-05
2022-07-10,-2.2333333333333335e-05
2022-07-11,-5.233333333333333e-05
2022-07-12,0.0001
2022-07-13,9.733333333333333e-05
2022-07-14,1.9e-05
2022-07-15,-3.8333333333333334e-05
2022-07-16,1.1666666666666668e-05
2022-07-17,4.0333333333333336e-05
2022-07-18,0.0001
2022-07-19,6.9e-05
2022-07-20,0.0001
2022-07-21,7.2e-05
2022-07-22,0.0001
2022-07-23,4.4000000000000006e-05
2022-07-24,7.000000000000001e-05
2022-07-25,6.4e-05
2022-07-26,-5.9e-05
2022-07-27,-5.099999999999999e-05
2022-07-28,6.1e-05
2022-07-29,0.0001
2022-07-30,6.0666666666666666e-05
2022-07-31,7.166666666666667e-05
2022-08-01,7.666666666666667e-05
2022-08-02,7.733333333333333e-05
2022-08-03,5.1666666666666664e-05
2022-08-04,6.7e-05
2022-08-05,1.633333333333333e-05
2022-08-06,8e-05
2022-08-07,3.766666666666667e-05
2022-08-08,6.9e-05
2022-08-09,6.533333333333334e-05
2022-08-10,1.0000000000000016e-06
2022-08-11,0.0001
2022-08-12,7.500000000000001e-05
2022-08-13,7.966666666666667e-05
2022-08-14,3.7e-05
2022-08-15,1.3e-05
2022-08-16,5.633333333333333e-05
2022-08-17,-2.4666666666666665e-05
2022-08-18,-3.1333333333333334e-05
2022-08-19,-0.000112
2022-08-20,-0.00015933333333333335
2022-08-21,-0.000147
2022-08-22,-3.9000000000000006e-05
2022-08-23,2.666666666666667e-05
2022-08-24,-5.433333333333334e-05
2022-08-25,-6.233333333333334e-05
2022-08-26,-1.966666666666667e-05
2022-08-27,-0.00020933333333333337
2022-08-28,-0.0002653333333333333
2022-08-29,-0.00015866666666666668
2022-08-30,-0.000249
2022-08-31,-7.000000000000001e-05
2022-09-01,-1.533333333333333e-05
2022-09-02,-3e-05
2022-09-03,-2.9666666666666665e-05
2022-09-04,-0.00010966666666666667
2022-09-05,-0.000128
2022-09-06,-8.266666666666665e-05
2022-09-07,-6.333333333333333e-05
2022-09-08,8.333333333333332e-06
2022-09-09,-1.000000000000002e-06
2022-09-10,4.0333333333333336e-05
2022-09-11,-6.3e-05
2022-09-12,-2.2666666666666668e-05
2022-09-13,-3.233333333333333e-05
2022-09-14,-3.433333333333334e-05
2022-09-15,-0.000113
2022-09-16,-0.00010733333333333334
2022-09-17,-7.033333333333334e-05
2022-09-18,-8.9e-05
2022-09-19,-0.000142
2022-09-20,-7.166666666666667e-05
2022-09-21,-8e-06
2022-09-22,-9.266666666666668e-05
2022-09-23,-6.000000000000001e-06
2022-09-24,-2.4e-05
2022-09-25,-0.00011366666666666666
2022-09-26,2.0333333333333334e-05
2022-09-27,3.7000000000000005e-05
2022-09-28,6.433333333333333e-05
2022-09-29,6.3e-05
2022-09-30,-5.3333333333333326e-05
2022-10-01,-8.166666666666667e-05
2022-10-02,-3.4666666666666665e-05
2022-10-03,-0.000151
2022-10-04,-2.1000000000000006e-05
2022-10-05,-5.1666666666666664e-05
2022-10-06,2.1666666666666664e-05
2022-10-07,-8e-06
2022-10-08,-6.199999999999999e-05
2022-10-09,-5.066666666666667e-05
2022-10-10,-0.00013366666666666667
2022-10-11,1.6e-05
2022-10-12,-5.999999999999999e-06
2022-10-13,-6.000000000000001e-06
2022-10-14,-3.333333333333333e-05
2022-10-15,8.2e-05
2022-10-16,-2.633333333333333e-05
2022-10-17,1.0000000000000008e-05
2022-10-18,3.8e-05
2022-10-19,0.0001
2022-10-20,6.6666666666666675e-06
2022-10-21,3.633333333333333e-05
2022-10-22,9.499999999999999e-05
2022-10-23,-2.5333333333333334e-05
2022-10-24,8.333333333333333e-05
2022-10-25,-3.333333333333335e-07
2022-10-26,6.2e-05
2022-10-27,4.8333333333333334e-05
2022-10-28,0.0001
2022-10-29,-2.3333333333333332e-05
2022-10-30,9.333333333333334e-06
2022-10-31,0.0001
2022-11-01,-1.4333333333333329e-05
2022-11-02,5.666666666666667e-05
2022-11-03,9.999999999999997e-06
2022-11-04,1.2333333333333333e-05
2022-11-05,9.1e-05
2022-11-06,0.0001
2022-11-07,7.166666666666667e-05
2022-11-08,3.766666666666667e-05
2022-11-09,-9.233333333333332e-05
2022-11-10,-0.0020436666666666663
2022-11-11,-0.0020833333333333333
2022-11-12,-0.00038833333333333336
2022-11-13,-0.000226
2022-11-14,-0.0003283333333333333
2022-11-15,-5.933333333333333e-05
2022-11-16,-1.3e-05
2022-11-17,0.0001
2022-11-18,0.0001
2022-11-19,2.9333333333333333e-05
2022-11-20,5.1666666666666664e-05
2022-11-21,0.0001
2022-11-22,-5.400000000000001e-05
2022-11-23,-0.00020966666666666668
2022-11-24,-9.066666666666667e-05
2022-11-25,0.0001
2022-11-26,-5.7999999999999994e-05
2022-11-27,-0.00023999999999999998
2022-11-28,0.0001
2022-11-29,-2.8333333333333325e-05
2022-11-30,-1.4666666666666661e-05
2022-12-01,2.8333333333333335e-05
2022-12-02,-4.1e-05
2022-12-03,5.6000000000000006e-05
2022-12-04,5.8e-05
2022-12-05,-0.00016366666666666667
2022-12-06,-0.00035800000000000003
2022-12-07,-2.666666666666659e-06
2022-12-08,-1.5666666666666667e-05
2022-12-09,-0.00020933333333333332
2022-12-10,-2.033333333333333e-05
2022-12-11,-0.00033366666666666663
2022-12-12,-0.00012966666666666668
2022-12-13,-7.866666666666665e-05
2022-12-14,8.599999999999999e-05
2022-12-15,3.466666666666667e-05
2022-12-16,-4.266666666666666e-05
2022-12-17,-0.000301
2022-12-18,-0.000219
2022-12-19,-4.4000000000000006e-05
2022-12-20,-1.866666666666666e-05
2022-12-21,-6.166666666666667e-05
2022-12-22,0.0001
2022-12-23,5.666666666666667e-05
2022-12-24,-8.3e-05
2022-12-25,-3.866666666666666e-05
2022-12-26,5.5333333333333334e-05
2022-12-27,-2.8666666666666668e-05
2022-12-28,5.666666666666664e-06
2022-12-29,0.0001
2022-12-30,-6.866666666666666e-05
2022-12-31,0.0001
2023-01-01,-1.2666666666666667e-05
2023-01-02,3.766666666666667e-05
2023-01-03,2.9000000000000004e-05
2023-01-04,-7.266666666666667e-05
2023-01-05,3.766666666666667e-05
2023-01-06,-0.00011333333333333334
2023-01-07,5.466666666666667e-05
2023-01-08,0.0001
2023-01-09,0.0001
2023-01-10,5.8666666666666665e-05
2023-01-11,0.0001
2023-01-12,0.0001
2023-01-13,0.0001
2023-01-14,6.933333333333334e-05
2023-01-15,0.0001
2023-01-16,0.0001
2023-01-17,0.0001
2023-01-18,-4.9e-05
2023-01-19,7.966666666666667e-05
2023-01-20,-0.00011333333333333334
2023-01-21,0.0001
2023-01-22,0.0001
2023-01-23,7.500000000000001e-05
2023-01-24,0.0001
2023-01-25,0.0001
2023-01-26,0.0001
2023-01-27,9.333333333333334e-05
2023-01-28,6.233333333333334e-05
2023-01-29,9.233333333333333e-05
2023-01-30,0.0001
2023-01-31,2.033333333333333e-05
2023-02-01,-6.166666666666667e-05
2023-02-02,0.0001
2023-02-03,9.266666666666668e-05
2023-02-04,5.399999999999999e-05
2023-02-05,-9.4e-05
2023-02-06,5.366666666666667e-05
2023-02-07,2.666666666666667e-05
2023-02-08,5.3333333333333326e-05
2023-02-09,-0.00016633333333333333
2023-02-10,-7.566666666666667e-05
2023-02-11,1.8e-05
2023-02-12,-0.00020533333333333333
2023-02-13,-0.00022933333333333334
2023-02-14,1.999999999999999e-06
2023-02-15,-9.33333333333333e-06
2023-02-16,0.00013
2023-02-17,0.00017866666666666668
2023-02-18,0.0001
2023-02-19,0.0001
2023-02-20,0.0001
2023-02-21,0.0001
2023-02-22,0.0001
2023-02-23,0.0001
2023-02-24,0.0001
2023-02-25,3.8e-05
2023-02-26,9.033333333333334e-05
2023-02-27,0.0001
2023-02-28,0.0001
2023-03-01,6.0333333333333334e-05
2023-03-02,0.0001
2023-03-03,-5.7e-05
2023-03-04,5.6000000000000006e-05
2023-03-05,-8.333333333333332e-06
2023-03-06,-0.00019466666666666666
2023-03-07,2.5666666666666666e-05
2023-03-08,7.666666666666667e-05
2023-03-09,-1.2333333333333333e-05
2023-03-10,-0.00026066666666666664
2023-03-11,-0.0007643333333333333
2023-03-12,-0.0011463333333333332
2023-03-13,-0.000715
2023-03-14,-1.6666666666666637e-06
2023-03-15,0.0001
2023-03-16,-0.00014666666666666666
2023-03-17,0.0001
2023-03-18,0.0001
2023-03-19,0.0001
2023-03-20,3.5000000000000004e-05
2023-03-21,-0.00011966666666666667
2023-03-22,-6.933333333333334e-05
2023-03-23,-9.33333333333334e-06
2023-03-24,7.533333333333334e-05
2023-03-25,5.9000000000000004e-05
2023-03-26,-1.7666666666666665e-05
2023-03-27,6.7e-05
2023-03-28,4.2999999999999995e-05
2023-03-29,7.8e-05
2023-03-30,0.0001
2023-03-31,6.066666666666666e-05
2023-04-01,0.0001
2023-04-02,0.0001
2023-04-03,-5.633333333333334e-05
2023-04-04,-5.400000000000001e-05
2023-04-05,0.0001
2023-04-06,2.466666666666667e-05
2023-04-07,-5.566666666666667e-05
2023-04-08,-9.000000000000007e-06
2023-04-09,-2.7666666666666667e-05
2023-04-10,6.433333333333334e-05
2023-04-11,0.0001
2023-04-12,0.0001
2023-04-13,5.9000000000000004e-05
2023-04-14,8.933333333333334e-05
2023-04-15,5.633333333333333e-05
2023-04-16,0.0001
2023-04-17,4.333333333333334e-05
2023-04-18,1.3333333333333332e-05
2023-04-19,3.433333333333334e-05
2023-04-20,-0.00011533333333333334
2023-04-21,8.933333333333334e-05
2023-04-22,0.0001
2023-04-23,-1.3333333333333387e-06
2023-04-24,2.3333333333333332e-05
2023-04-25,-4.133333333333333e-05
2023-04-26,5.933333333333333e-05
2023-04-27,-7.933333333333333e-05
2023-04-28,-8.1e-05
2023-04-29,-0.00023300000000000003
2023-04-30,-2.5666666666666666e-05
2023-05-01,-1.0333333333333332e-05
2023-05-02,1.5000000000000004e-05
2023-05-03,-3.466666666666667e-05
2023-05-04,0.0001
2023-05-05,-2.1666666666666664e-05
2023-05-06,-0.00014666666666666666
2023-05-07,-0.0005459999999999999
2023-05-08,-0.001113
2023-05-09,-0.0008326666666666666
2023-05-10,6.866666666666668e-05
2023-05-11,-7.8e-05
2023-05-12,-2.0333333333333334e-05
2023-05-13,8.000000000000003e-06
2023-05-14,-0.000173
2023-05-15,-7.8e-05
2023-05-16,7.666666666666667e-06
2023-05-17,7.833333333333334e-05
2023-05-18,3.566666666666667e-05
2023-05-19,6.866666666666666e-05
2023-05-20,-5.2e-05
2023-05-21,-0.00011133333333333333
2023-05-22,8.166666666666667e-05
2023-05-23,9.133333333333334e-05
2023-05-24,1.0666666666666672e-05
2023-05-25,6.666666666666667e-05
2023-05-26,-1.1333333333333329e-05
2023-05-27,-4.133333333333333e-05
2023-05-28,0.0001
2023-05-29,0.0001
2023-05-30,9.433333333333333e-05
2023-05-31,0.0001
2023-06-01,5.333333333333332e-06
2023-06-02,6.666666666666666e-06
2023-06-03,3.066666666666667e-05
2023-06-04,-2.0666666666666663e-05
2023-06-05,4.366666666666666e-05
2023-06-06,-2.0666666666666663e-05
2023-06-07,0.0001
2023-06-08,6.900000000000001e-05
2023-06-09,5.433333333333334e-05
2023-06-10,-1.5000000000000004e-05
2023-06-11,-4.8666666666666666e-05
2023-06-12,4.5333333333333335e-05
2023-06-13,0.0001
2023-06-14,8.666666666666668e-05
2023-06-15,3.5333333333333336e-05
2023-06-16,0.0001
2023-06-17,0.0001
2023-06-18,8.833333333333333e-05
2023-06-19,7.4e-05
2023-06-20,0.0001
2023-06-21,3.766666666666667e-05
2023-06-22,0.0001
2023-06-23,0.0001
2023-06-24,6.6e-05
2023-06-25,8.833333333333333e-05
2023-06-26,9.499999999999999e-05
2023-06-27,5.300000000000001e-05
2023-06-28,3.4e-05
2023-06-29,6.166666666666667e-05
2023-06-30,0.0001
2023-07-01,0.0001
2023-07-02,0.0001
2023-07-03,9.233333333333333e-05
2023-07-04,9.1e-05
2023-07-05,5.7e-05
2023-07-06,7.6e-05
2023-07-07,-0.00010933333333333334
2023-07-08,9.666666666666667e-06
2023-07-09,-8.666666666666664e-06
2023-07-10,5.666666666666667e-05
2023-07-11,0.0001
2023-07-12,0.0001
2023-07-13,4.6e-05
2023-07-14,0.0001
2023-07-15,-7.333333333333333e-05
2023-07-16,5.8e-05
2023-07-17,-4.133333333333333e-05
2023-07-18,2.3333333333333332e-05
2023-07-19,6.733333333333333e-05
2023-07-20,7.133333333333334e-05
2023-07-21,3.3333333333333354e-06
2023-07-22,6.333333333333333e-06
2023-07-23,4.333333333333334e-06
2023-07-24,2.9999999999999916e-06
2023-07-25,2.8e-05
2023-07-26,-2.9e-05
2023-07-27,7.5e-05
2023-07-28,5.266666666666666e-05
2023-07-29,6.666666666666694e-07
2023-07-30,9.333333333333334e-06
2023-07-31,3.266666666666667e-05
2023-08-01,-2.6e-05
2023-08-02,0.0001
2023-08-03,0.0001
2023-08-04,0.0001
2023-08-05,0.0001
2023-08-06,0.0001
2023-08-07,0.0001
2023-08-08,0.0001
2023-08-09,0.0001
2023-08-10,0.0001
2023-08-11,0.0001
2023-08-12,0.0001
2023-08-13,8.5e-05
2023-08-14,7.2e-05
2023-08-15,0.0001
2023-08-16,0.0001
2023-08-17,-9.966666666666667e-05
2023-08-18,-0.0005376666666666668
2023-08-19,-3.6e-05
2023-08-20,-0.00014366666666666667
2023-08-21,-6.733333333333333e-05
2023-08-22,2.3000000000000003e-05
2023-08-23,7.733333333333333e-05
2023-08-24,2.3333333333333336e-05
2023-08-25,1.2333333333333333e-05
2023-08-26,3.1666666666666666e-05
2023-08-27,0.0001
2023-08-28,-6.166666666666667e-05
2023-08-29,-2.333333333333332e-06
2023-08-30,8.033333333333334e-05
2023-08-31,4.666666666666667e-06
2023-09-01,-0.000135
2023-09-02,5.333333333333334e-05
2023-09-03,-6.333333333333333e-06
2023-09-04,0.0001
2023-09-05,6.466666666666666e-05
2023-09-06,9.733333333333333e-05
2023-09-07,0.0001
2023-09-08,0.0001
2023-09-09,6.8e-05
2023-09-10,7.933333333333334e-05
2023-09-11,2.7666666666666667e-05
2023-09-12,-4.333333333333335e-06
2023-09-13,2.666666666666667e-05
2023-09-14,4.366666666666667e-05
2023-09-15,5.5333333333333334e-05
2023-09-16,4e-06
2023-09-17,-8.9e-05
2023-09-18,-1.3666666666666664e-05
2023-09-19,-2.4333333333333333e-05
2023-09-20,-5.133333333333333e-05
2023-09-21,3.3333333333333335e-05
2023-09-22,2.8666666666666664e-05
2023-09-23,0.0001
2023-09-24,0.0001
2023-09-25,-7.533333333333334e-05
2023-09-26,6.133333333333334e-05
2023-09-27,9.966666666666667e-05
2023-09-28,8.5e-05
2023-09-29,7.466666666666667e-05
2023-09-30,9.133333333333334e-05
2023-10-01,5.666666666666667e-06
2023-10-02,6.766666666666667e-05
2023-10-03,7.900000000000001e-05
2023-10-04,1.1000000000000001e-05
2023-10-05,3.6666666666666653e-06
2023-10-06,-4.933333333333333e-05
2023-10-07,-1.0666666666666664e-05
2023-10-08,-9.999999999999999e-05
2023-10-09,-1.6e-05
2023-10-10,7.733333333333333e-05
2023-10-11,-2.7666666666666667e-05
2023-10-12,8.800000000000001e-05
2023-10-13,0.0001
2023-10-14,4.933333333333334e-05
2023-10-15,-2.7333333333333328e-05
2023-10-16,1.3333333333333364e-06
2023-10-17,2.8666666666666668e-05
2023-10-18,-1.2333333333333333e-05
2023-10-19,-1.1333333333333334e-05
2023-10-20,2.2333333333333335e-05
2023-10-21,-4.333333333333335e-06
2023-10-22,7.900000000000001e-05
2023-10-23,8.7e-05
2023-10-24,9.933333333333333e-05
2023-10-25,0.000119
2023-10-26,0.00018266666666666667
2023-10-27,0.0001
2023-10-28,0.0001
2023-10-29,0.00030133333333333336
2023-10-30,0.00024566666666666666
2023-10-31,0.00013066666666666665
2023-11-01,0.00022866666666666665
2023-11-02,0.00031933333333333336
2023-11-03,0.0001
2023-11-04,0.0001
2023-11-05,0.0001
2023-11-06,0.00021799999999999999
2023-11-07,0.0001
2023-11-08,0.00010766666666666666
2023-11-09,0.00022866666666666665
2023-11-10,0.0004396666666666666
2023-11-11,0.000101
2023-11-12,0.00017199999999999998
2023-11-13,0.0002646666666666667
2023-11-14,0.00011066666666666668
2023-11-15,0.0001
2023-11-16,0.0001
2023-11-17,0.0001
2023-11-18,0.0001
2023-11-19,0.0001
2023-11-20,0.0001
2023-11-21,0.0001
2023-11-22,7.333333333333333e-05
2023-11-23,0.0001
2023-11-24,0.0001
2023-11-25,0.0001
2023-11-26,0.0001
2023-11-27,5.366666666666667e-05
2023-11-28,6.966666666666666e-05
2023-11-29,4.9e-05
2023-11-30,5.9000000000000004e-05
2023-12-01,0.00013666666666666666
2023-12-02,0.000143
2023-12-03,0.00017
2023-12-04,0.00032900000000000003
2023-12-05,0.00018566666666666666
2023-12-06,0.00013666666666666666
2023-12-07,3.433333333333334e-05
2023-12-08,0.0001
2023-12-09,0.0001
2023-12-10,0.0001
2023-12-11,0.0001
2023-12-12,0.0001
2023-12-13,0.0001
2023-12-14,0.0001
2023-12-15,0.0001
2023-12-16,0.0001
2023-12-17,0.00011233333333333333
2023-12-18,0.00011466666666666667
2023-12-19,0.0001
2023-12-20,0.0001
2023-12-21,0.0001
2023-12-22,0.0001
2023-12-23,0.0001
2023-12-24,0.0001
2023-12-25,0.0001
2023-12-26,0.00019933333333333334
2023-12-27,0.00013166666666666668
2023-12-28,0.00040566666666666664
2023-12-29,0.000151
2023-12-30,0.0001
2023-12-31,0.00015966666666666668
2024-01-01,0.000215
2024-01-02,0.0005453333333333333
2024-01-03,0.00015166666666666668
2024-01-04,0.0001
2024-01-05,8.533333333333332e-05
2024-01-06,-3.5000000000000004e-05
2024-01-07,1.8e-05
2024-01-08,-0.00016700000000000002
2024-01-09,0.0001
2024-01-10,0.0001
2024-01-11,0.0001
2024-01-12,0.0001
2024-01-13,-5.200000000000001e-05
2024-01-14,6.366666666666666e-05
2024-01-15,9.533333333333334e-05
2024-01-16,9.1e-05
2024-01-17,5.566666666666667e-05
2024-01-18,7.566666666666667e-05
2024-01-19,4.966666666666667e-05
2024-01-20,0.0001
2024-01-21,9.233333333333333e-05
2024-01-22,0.0001
2024-01-23,0.0001
2024-01-24,0.0001
2024-01-25,9.366666666666666e-05
2024-01-26,0.0001
2024-01-27,5.933333333333334e-05
2024-01-28,4.2999999999999995e-05
2024-01-29,0.0001
2024-01-30,0.0001
2024-01-31,-3.1333333333333334e-05
2024-02-01,-7.999999999999996e-06
2024-02-02,0.0001
2024-02-03,8e-05
2024-02-04,-1.166666666666667e-05
2024-02-05,4.566666666666667e-05
2024-02-06,0.0001
2024-02-07,0.0001
2024-02-08,0.0001
2024-02-09,0.0001
2024-02-10,0.0001
2024-02-11,0.0001
2024-02-12,0.0001
2024-02-13,0.0001
2024-02-14,0.000113
2024-02-15,0.00015733333333333333
2024-02-16,0.00028033333333333333
2024-02-17,0.00013433333333333334
2024-02-18,0.00010300000000000001
2024-02-19,0.00028366666666666666
2024-02-20,0.00012866666666666666
2024-02-21,0.00013533333333333333
2024-02-22,0.00016466666666666667
2024-02-23,0.0001
2024-02-24,0.0001
2024-02-25,0.00014633333333333333
2024-02-26,0.00011700000000000001
2024-02-27,0.0005043333333333333
2024-02-28,0.00021866666666666668
2024-02-29,0.0007276666666666667
2024-03-01,0.0005756666666666667
2024-03-02,0.000144
2024-03-03,0.00023333333333333333
2024-03-04,0.0006306666666666666
2024-03-05,0.000588
2024-03-06,0.00028333333333333335
2024-03-07,0.00014266666666666667
2024-03-08,0.00018566666666666666
2024-03-09,0.0001476666666666667
2024-03-10,0.00035066666666666666
2024-03-11,0.0006103333333333333
2024-03-12,0.0007436666666666667
2024-03-13,0.0003993333333333333
2024-03-14,0.000238
2024-03-15,0.00021
2024-03-16,0.0001
2024-03-17,0.0001
2024-03-18,0.0001
2024-03-19,0.0001
2024-03-20,0.0001
2024-03-21,0.0001
2024-03-22,0.0001
2024-03-23,0.00010333333333333333
2024-03-24,0.00014133333333333334
2024-03-25,0.00020666666666666666
2024-03-26,0.000299
2024-03-27,0.000389
2024-03-28,0.0005016666666666666
2024-03-29,0.0003133333333333333
2024-03-30,0.0003856666666666667
2024-03-31,0.0005196666666666666
2024-04-01,0.0005916666666666667
2024-04-02,0.0001
2024-04-03,0.0001
2024-04-04,9.900000000000001e-05
2024-04-05,0.0001
2024-04-06,9.566666666666668e-05
2024-04-07,9.866666666666668e-05
2024-04-08,0.0001
2024-04-09,0.0001
2024-04-10,0.0001
2024-04-11,0.0001
2024-04-12,0.0001
2024-04-13,6.4e-05
2024-04-14,-4.333333333333333e-06
2024-04-15,-7.8e-05
2024-04-16,6.133333333333334e-05
2024-04-17,-9.999999999999997e-06
2024-04-18,-5.633333333333334e-05
2024-04-19,-4.2e-05
2024-04-20,-0.00013966666666666666
2024-04-21,2.8000000000000003e-05
2024-04-22,0.0001
2024-04-23,-3.8333333333333334e-05
2024-04-24,6.833333333333333e-05
2024-04-25,9.400000000000001e-05
2024-04-26,8.733333333333335e-05
2024-04-27,5.7e-05
2024-04-28,0.0001
2024-04-29,-1.8999999999999998e-05
2024-04-30,5.066666666666667e-05
2024-05-01,1.266666666666667e-05
2024-05-02,1.7333333333333336e-05
2024-05-03,-0.00014900000000000002
2024-05-04,8.866666666666668e-05
2024-05-05,6.266666666666667e-05
2024-05-06,4.200000000000001e-05
2024-05-07,1.8666666666666665e-05
2024-05-08,-1.4333333333333334e-05
2024-05-09,3.433333333333334e-05
2024-05-10,2.6000000000000005e-05
2024-05-11,3.766666666666667e-05
2024-05-12,7.666666666666667e-06
2024-05-13,0.0001
2024-05-14,6.566666666666667e-05
2024-05-15,6.3e-05
2024-05-16,4.366666666666667e-05
2024-05-17,3.433333333333333e-05
2024-05-18,5.3333333333333345e-06
2024-05-19,9.933333333333333e-05
2024-05-20,4.766666666666667e-05
2024-05-21,0.0001
2024-05-22,0.0001
2024-05-23,0.0001
2024-05-24,0.0001
2024-05-25,0.0001
2024-05-26,0.0001
2024-05-27,0.0001
2024-05-28,0.00011633333333333335
2024-05-29,0.0001
2024-05-30,0.0001
2024-05-31,0.0001
2024-06-01,0.0001
2024-06-02,0.0001
2024-06-03,0.0001
2024-06-04,0.0001
2024-06-05,0.0001
2024-06-06,0.0001
2024-06-07,0.000102
2024-06-08,0.0001
2024-06-09,0.0001
2024-06-10,0.0001
2024-06-11,2.0666666666666673e-05
2024-06-12,0.0001
2024-06-13,3.066666666666667e-05
2024-06-14,2.6333333333333338e-05
2024-06-15,-0.00010633333333333333
2024-06-16,2.9333333333333336e-05
2024-06-17,2.666666666666667e-05
2024-06-18,-4.233333333333333e-05
2024-06-19,-3.7e-05
2024-06-20,7.666666666666667e-06
2024-06-21,-2.8333333333333335e-05
2024-06-22,7.333333333333333e-06
2024-06-23,-1.7666666666666668e-05
2024-06-24,-9.333333333333334e-05
2024-06-25,-2.399999999999999e-05
2024-06-26,8.3e-05
2024-06-27,9.900000000000001e-05
2024-06-28,0.0001
2024-06-29,9.733333333333333e-05
2024-06-30,0.0001
2024-07-01,9.666666666666667e-05
2024-07-02,0.0001
2024-07-03,6.466666666666666e-05
2024-07-04,3.2999999999999996e-05
2024-07-05,9.866666666666668e-05
2024-07-06,3.366666666666667e-05
2024-07-07,-2.3666666666666665e-05
2024-07-08,0.0001
2024-07-09,6.733333333333333e-05
2024-07-10,1.9666666666666666e-05
2024-07-11,3.933333333333333e-05
2024-07-12,8.833333333333333e-05
2024-07-13,-2.4333333333333333e-05
2024-07-14,3.3333333333333335e-05
2024-07-15,9.266666666666668e-05
2024-07-16,0.0001
2024-07-17,0.0001
2024-07-18,0.0001
2024-07-19,0.0001
2024-07-20,0.0001
2024-07-21,0.0001
2024-07-22,0.0001
2024-07-23,8.800000000000001e-05
2024-07-24,0.0001
2024-07-25,0.0001
2024-07-26,7.233333333333333e-05
2024-07-27,3.633333333333333e-05
2024-07-28,-3.3333333333333308e-06
2024-07-29,9.8e-05
2024-07-30,5.5e-05
2024-07-31,0.0001
2024-08-01,0.0001
2024-08-02,0.0001
2024-08-03,9.499999999999999e-05
2024-08-04,7.6e-05
2024-08-05,-0.00010366666666666666
2024-08-06,-6.599999999999999e-05
2024-08-07,-3.999999999999998e-06
2024-08-08,0.0001
2024-08-09,6.6e-05
2024-08-10,0.0001
2024-08-11,0.0001
2024-08-12,0.0001
2024-08-13,1.766666666666667e-05
2024-08-14,9.400000000000001e-05
2024-08-15,9.066666666666667e-05
2024-08-16,4.333333333333335e-06
2024-08-17,7.033333333333334e-05
2024-08-18,0.0001
2024-08-19,-9.000000000000002e-06
2024-08-20,5.333333333333334e-05
2024-08-21,2.5666666666666666e-05
2024-08-22,6.866666666666668e-05
2024-08-23,9.333333333333334e-05
2024-08-24,9.966666666666667e-05
2024-08-25,0.0001
2024-08-26,4.2e-05
2024-08-27,3.6666666666666666e-05
2024-08-28,3.6666666666666666e-06
2024-08-29,-2.4666666666666665e-05
2024-08-30,-8.866666666666668e-05
2024-08-31,-1.6666666666666665e-06
2024-09-01,3.8333333333333334e-05
2024-09-02,3.333333333333369e-07
2024-09-03,0.0001
2024-09-04,-5.8666666666666665e-05
2024-09-05,5.633333333333334e-05
2024-09-06,4.633333333333333e-05
2024-09-07,-0.00018099999999999998
2024-09-08,-5.7e-05
2024-09-09,-5.266666666666666e-05
2024-09-10,-1.0333333333333333e-05
2024-09-11,6.433333333333333e-05
2024-09-12,-0.00011500000000000002
2024-09-13,-9.966666666666667e-05
2024-09-14,5.633333333333333e-05
2024-09-15,4.866666666666667e-05
2024-09-16,-6.666666666666666e-06
2024-09-17,0.0001
2024-09-18,0.0001
2024-09-19,8.7e-05
2024-09-20,8.166666666666667e-05
2024-09-21,0.0001
2024-09-22,-5.3333333333333326e-05
2024-09-23,9.999999999999995e-07
2024-09-24,-1e-05
2024-09-25,7.933333333333334e-05
2024-09-26,3.9666666666666664e-05
2024-09-27,-3.633333333333333e-05
2024-09-28,0.0001
2024-09-29,0.0001
2024-09-30,6.666666666666666e-05
2024-10-01,0.0001
2024-10-02,-2.0666666666666666e-05
2024-10-03,8.033333333333334e-05
2024-10-04,4.0333333333333336e-05
2024-10-05,9.866666666666668e-05
2024-10-06,0.0001
2024-10-07,0.0001
2024-10-08,6.233333333333334e-05
2024-10-09,8.1e-05
2024-10-10,1.8e-05
2024-10-11,-4.566666666666667e-05
2024-10-12,0.0001
2024-10-13,0.0001
2024-10-14,0.0001
2024-10-15,0.0001
2024-10-16,0.0001
2024-10-17,0.0001
2024-10-18,0.0001
2024-10-19,0.0001
2024-10-20,0.0001
2024-10-21,0.0001
2024-10-22,0.0001
2024-10-23,0.0001
2024-10-24,0.0001
2024-10-25,0.0001
2024-10-26,0.0001
2024-10-27,0.0001
2024-10-28,0.0001
2024-10-29,0.00017600000000000002
2024-10-30,0.00022733333333333332
2024-10-31,0.0001
2024-11-01,0.0001
2024-11-02,0.0001
2024-11-03,0.0001
2024-11-04,0.0001
2024-11-05,0.0001
2024-11-06,0.000107
2024-11-07,0.0001
2024-11-08,0.0001
2024-11-09,0.0001
2024-11-10,0.00020233333333333334
2024-11-11,0.000224
2024-11-12,0.0003463333333333333
2024-11-13,0.000219
2024-11-14,0.00012100000000000001
2024-11-15,0.0001
2024-11-16,0.0001
2024-11-17,0.00015066666666666668
2024-11-18,0.000366
2024-11-19,0.00028199999999999997
2024-11-20,0.00018500000000000002
2024-11-21,0.0001
2024-11-22,0.00015
2024-11-23,0.000122
2024-11-24,0.0001
2024-11-25,0.00024900000000000004
2024-11-26,0.00012133333333333333
2024-11-27,0.00021366666666666667
2024-11-28,0.0001
2024-11-29,0.00028466666666666663
2024-11-30,0.00014166666666666668
2024-12-01,0.00010566666666666667
2024-12-02,0.00015833333333333332
2024-12-03,0.00011800000000000001
2024-12-04,0.00034399999999999996
2024-12-05,0.0007783333333333335
2024-12-06,0.000283
2024-12-07,0.00020233333333333334
2024-12-08,0.000195
2024-12-09,0.00015733333333333333
2024-12-10,0.00011733333333333333
2024-12-11,0.0001
2024-12-12,0.00010066666666666667
2024-12-13,0.000109
2024-12-14,0.0001
2024-12-15,0.0001
2024-12-16,0.000184
2024-12-17,0.0001
2024-12-18,0.0001
2024-12-19,0.0001
2024-12-20,0.0001
2024-12-21,4.966666666666667e-05
2024-12-22,0.0001
2024-12-23,0.0001
2024-12-24,0.0001
2024-12-25,5.066666666666667e-05
2024-12-26,0.0001
2024-12-27,0.0001
2024-12-28,4.500000000000001e-05
2024-12-29,4.933333333333333e-05
2024-12-30,5.6000000000000006e-05
2024-12-31,0.0001
2025-01-01,0.0001
2025-01-02,0.0001
2025-01-03,0.0001
2025-01-04,0.0001
2025-01-05,0.0001
2025-01-06,0.0001
2025-01-07,0.0001
2025-01-08,0.0001
2025-01-09,9.133333333333334e-05
2025-01-10,-2.233333333333333e-05
2025-01-11,6.8e-05
2025-01-12,2.8666666666666668e-05
2025-01-13,6.9e-05
2025-01-14,6.9e-05
2025-01-15,7.2e-05
2025-01-16,9.366666666666666e-05
2025-01-17,0.0001
2025-01-18,0.0001
2025-01-19,0.0001
2025-01-20,0.00015866666666666666
2025-01-21,0.00011533333333333334
2025-01-22,0.0001
2025-01-23,0.0001
2025-01-24,0.0001
2025-01-25,0.0001
2025-01-26,0.0001
2025-01-27,0.0001
2025-01-28,4.366666666666667e-05
2025-01-29,0.0001
2025-01-30,0.0001
2025-01-31,7.366666666666666e-05
2025-02-01,7.766666666666667e-05
2025-02-02,7.866666666666668e-05
2025-02-03,-9.999999999999999e-06
2025-02-04,2.5e-05
2025-02-05,0.0001
2025-02-06,9.666666666666667e-05
2025-02-07,7.666666666666666e-06
2025-02-08,8.2e-05
2025-02-09,7.333333333333334e-06
2025-02-10,0.0001
2025-02-11,7.4e-05
2025-02-12,6.7e-05
2025-02-13,0.0001
2025-02-14,7.666666666666667e-05
2025-02-15,0.0001
2025-02-16,0.0001
2025-02-17,9.633333333333332e-05
2025-02-18,0.0001
2025-02-19,6.233333333333334e-05
2025-02-20,9.766666666666665e-05
2025-02-21,0.0001
2025-02-22,0.0001
2025-02-23,0.0001
2025-02-24,8.1e-05
2025-02-25,7.000000000000001e-05
2025-02-26,9.1e-05
2025-02-27,9.6e-05
2025-02-28,0.0001
2025-03-01,2.5333333333333334e-05
2025-03-02,-0.00014133333333333334
2025-03-03,4.4000000000000006e-05
2025-03-04,0.0001
2025-03-05,1.6999999999999996e-05
2025-03-06,-1.6e-05
2025-03-07,7.4e-05
2025-03-08,4.1666666666666665e-05
2025-03-09,-2.6666666666666663e-05
2025-03-10,9.999999999999999e-06
2025-03-11,-5.733333333333333e-05
2025-03-12,2.0000000000000033e-06
2025-03-13,-3.566666666666667e-05
2025-03-14,-1.9999999999999965e-06
2025-03-15,-5.066666666666666e-05
2025-03-16,2.4333333333333336e-05
2025-03-17,1.666666666666662e-06
2025-03-18,5.2e-05
2025-03-19,4.933333333333334e-05
2025-03-20,8.800000000000001e-05
2025-03-21,2.7000000000000002e-05
2025-03-22,-8.166666666666667e-05
2025-03-23,8.733333333333332e-05
2025-03-24,7.000000000000001e-05
2025-03-25,-6.999999999999998e-06
2025-03-26,3.233333333333333e-05
2025-03-27,-4.2e-05
2025-03-28,4.266666666666666e-05
2025-03-29,-7.833333333333334e-05
2025-03-30,-0.00018099999999999998
2025-03-31,-3.833333333333333e-05
2025-04-01,7.666666666666667e-05
2025-04-02,8.5e-05
2025-04-03,0.0001
2025-04-04,9.833333333333334e-05
2025-04-05,3.633333333333333e-05
2025-04-06,5.300000000000001e-05
2025-04-07,-1.4333333333333329e-05
2025-04-08,1.9999999999999998e-05
2025-04-09,5.5e-05
2025-04-10,1.3000000000000003e-05
2025-04-11,5.066666666666667e-05
2025-04-12,7.933333333333334e-05
2025-04-13,-1.9999999999999998e-05
2025-04-14,4e-05
2025-04-15,-7.266666666666667e-05
2025-04-16,3.933333333333333e-05
2025-04-17,7.2e-05
2025-04-18,6.966666666666666e-05
2025-04-19,3.9e-05
2025-04-20,6.533333333333334e-05
2025-04-21,6.966666666666668e-05
2025-04-22,7.366666666666666e-05
2025-04-23,-3.333333333333369e-07
2025-04-24,6.66666666666667e-07
2025-04-25,-3.3333333333333335e-05
2025-04-26,-2.433333333333333e-05
2025-04-27,7.033333333333334e-05
2025-04-28,-6.000000000000001e-06
2025-04-29,-1.0666666666666664e-05
2025-04-30,9.333333333333334e-06
2025-05-01,9.2e-05
2025-05-02,9.166666666666667e-05
2025-05-03,-4.233333333333333e-05
2025-05-04,-8e-05
2025-05-05,-0.00011533333333333334
2025-05-06,0.0001
2025-05-07,0.0001
2025-05-08,0.0001
2025-05-09,9.166666666666667e-05
2025-05-10,0.0001
2025-05-11,0.0001
2025-05-12,0.0001
2025-05-13,0.0001
2025-05-14,0.0001
2025-05-15,5.933333333333334e-05
2025-05-16,9.533333333333334e-05
2025-05-17,6.966666666666668e-05
2025-05-18,8.433333333333334e-05
2025-05-19,0.0001
2025-05-20,9.166666666666667e-05
2025-05-21,0.0001
2025-05-22,0.0001
2025-05-23,0.0001
2025-05-24,7.2e-05
2025-05-25,7.333333333333333e-05
2025-05-26,5.5333333333333334e-05
2025-05-27,7.033333333333334e-05
2025-05-28,3.6e-05
2025-05-29,5.2e-05
2025-05-30,3.233333333333333e-05
2025-05-31,7.8e-05
2025-06-01,8.633333333333334e-05
2025-06-02,8.2e-05
2025-06-03,6.8e-05
2025-06-04,4.8666666666666666e-05
2025-06-05,5.133333333333333e-05
2025-06-06,-1.3666666666666669e-05
2025-06-07,4.666666666666667e-05
2025-06-08,2.6333333333333338e-05
2025-06-09,4.466666666666667e-05
2025-06-10,6.166666666666667e-05
2025-06-11,0.0001
2025-06-12,9.666666666666667e-05
2025-06-13,8.033333333333334e-05
2025-06-14,5.333333333333334e-05
2025-06-15,-3.6666666666666666e-05
2025-06-16,5.466666666666667e-05
2025-06-17,3.1333333333333334e-05
2025-06-18,-4.333333333333333e-05
2025-06-19,-0.000102
2025-06-20,-2.1e-05
2025-06-21,-0.0001
2025-06-22,4.066666666666667e-05
2025-06-23,-6.866666666666668e-05
2025-06-24,5.1e-05
2025-06-25,6.8e-05
2025-06-26,-5.9e-05
2025-06-27,-6.666666666666648e-07
2025-06-28,-1.1999999999999999e-05
2025-06-29,0.0001
2025-06-30,7.866666666666668e-05
2025-07-01,-0.000122
2025-07-02,-6.666666666666648e-07
2025-07-03,0.0001
2025-07-04,0.0001
2025-07-05,0.0001
2025-07-06,-6.000000000000001e-06
2025-07-07,9.333333333333334e-05
2025-07-08,1.866666666666667e-05
2025-07-09,0.0001
2025-07-10,0.0001
2025-07-11,0.0001
2025-07-12,0.0001
2025-07-13,0.0001
2025-07-14,0.000189
2025-07-15,0.00017233333333333334
2025-07-16,0.0001866666666666667
2025-07-17,0.00011266666666666666
2025-07-18,0.00010433333333333334
2025-07-19,0.0001
2025-07-20,0.0001
2025-07-21,0.0001
2025-07-22,0.0001
2025-07-23,0.0003046666666666667
2025-07-24,0.000125
2025-07-25,0.00016333333333333334
2025-07-26,0.0001
2025-07-27,0.00011133333333333333
2025-07-28,0.0001
2025-07-29,0.00015766666666666666
2025-07-30,0.0001
2025-07-31,0.0001
2025-08-01,0.0001
2025-08-02,-5.466666666666667e-05
2025-08-03,-0.00014466666666666667
2025-08-04,5.666666666666671e-06
2025-08-05,0.0001
2025-08-06,0.0001
2025-08-07,0.0001
2025-08-08,0.0001
2025-08-09,0.0001
2025-08-10,0.0001
2025-08-11,0.0001
2025-08-12,0.00012166666666666667
2025-08-13,0.0001
2025-08-14,0.0001
2025-08-15,0.0001
2025-08-16,8.566666666666667e-05
2025-08-17,-8.4e-05
2025-08-18,-2.4999999999999998e-05
2025-08-19,-2.1e-05
2025-08-20,0.0001
2025-08-21,3.3333333333333335e-05
2025-08-22,0.0001
2025-08-23,0.0001
2025-08-24,0.0001
2025-08-25,0.0001
2025-08-26,0.0001
2025-08-27,0.0001
2025-08-28,0.0001
2025-08-29,0.0001
2025-08-30,0.0001
2025-08-31,9.966666666666667e-05
2025-09-01,0.0001
2025-09-02,0.0001
2025-09-03,9.8e-05
2025-09-04,0.0001
2025-09-05,6.900000000000001e-05
2025-09-06,0.0001
2025-09-07,9.900000000000001e-05
2025-09-08,0.0001
2025-09-09,8e-05
2025-09-10,0.0001
2025-09-11,4.866666666666667e-05
2025-09-12,5.666666666666667e-05
2025-09-13,4.2666666666666676e-05
2025-09-14,8.033333333333334e-05
2025-09-15,6.4e-05
2025-09-16,3.1666666666666666e-05
2025-09-17,5.8e-05
2025-09-18,9.700000000000001e-05
2025-09-19,0.0001
2025-09-20,0.0001
2025-09-21,5.2e-05
2025-09-22,0.0001
2025-09-23,7.6e-05
2025-09-24,6.866666666666668e-05
2025-09-25,6.366666666666666e-05
2025-09-26,6.8e-05
2025-09-27,-9.499999999999999e-05
2025-09-28,-6.9e-05
2025-09-29,-1.9999999999999998e-05
2025-09-30,-2.9999999999999963e-06
2025-10-01,4.8e-05
2025-10-02,-7.666666666666667e-06
2025-10-03,7.933333333333334e-05
2025-10-04,0.0001
2025-10-05,0.0001
2025-10-06,0.0001
2025-10-07,0.0001
2025-10-08,0.0001
2025-10-09,9.733333333333333e-05
2025-10-10,0.0001
2025-10-11,-8.666666666666664e-06
2025-10-12,7.6e-05
2025-10-13,-4.666666666666667e-06
2025-10-14,3.7000000000000005e-05
2025-10-15,7.4e-05
2025-10-16,4.933333333333334e-05
2025-10-17,0.0001
2025-10-18,2.2333333333333335e-05
2025-10-19,2.2666666666666668e-05
2025-10-20,-1.2333333333333334e-05
2025-10-21,-1.8e-05
2025-10-22,7.6e-05
2025-10-23,0.0001
2025-10-24,5.399999999999999e-05
2025-10-25,4.133333333333333e-05
2025-10-26,8.266666666666667e-05
2025-10-27,7.933333333333333e-05
2025-10-28,6.9e-05
2025-10-29,1.9e-05
2025-10-30,6.4e-05
2025-10-31,0.0001
2025-11-01,0.0001
2025-11-02,0.0001
2025-11-03,0.0001
2025-11-04,9.533333333333334e-05
2025-11-05,0.0001
2025-11-06,4.1e-05
2025-11-07,0.0001
2025-11-08,9e-05
2025-11-09,7.6e-05
2025-11-10,6.933333333333334e-05
2025-11-11,0.0001
2025-11-12,0.0001
2025-11-13,7.033333333333334e-05
2025-11-14,0.0001
2025-11-15,0.0001
2025-11-16,5.1e-05
2025-11-17,0.0001
2025-11-18,0.0001
2025-11-19,3.8333333333333334e-05
2025-11-20,0.0001
2025-11-21,0.0001
2025-11-22,3.466666666666667e-05
2025-11-23,-6.3e-05
2025-11-24,-0.00010600000000000002
2025-11-25,-8.7e-05
2025-11-26,2.4666666666666665e-05
2025-11-27,-3.366666666666667e-05
2025-11-28,1.0333333333333337e-05
2025-11-29,-2.633333333333333e-05
2025-11-30,4.366666666666667e-05
2025-12-01,1.7e-05
2025-12-02,-6.4e-05
2025-12-03,2.133333333333333e-05
2025-12-04,3.2999999999999996e-05
2025-12-05,2.2000000000000003e-05
2025-12-06,1.7000000000000003e-05
2025-12-07,1.4999999999999999e-05
2025-12-08,3.1e-05
2025-12-09,-6.699999999999999e-05
2025-12-10,1.1333333333333336e-05
2025-12-11,-4.4000000000000006e-05
2025-12-12,5.066666666666667e-05
2025-12-13,-4.2666666666666676e-05
2025-12-14,2.4333333333333333e-05
2025-12-15,-1.1333333333333334e-05
2025-12-16,5.633333333333334e-05
2025-12-17,5.6e-05
2025-12-18,7.4e-05
2025-12-19,9.266666666666668e-05
2025-12-20,5.1666666666666664e-05
2025-12-21,7.233333333333333e-05
2025-12-22,7.033333333333333e-05
2025-12-23,6.0666666666666666e-05
2025-12-24,3.566666666666667e-05
2025-12-25,5.766666666666667e-05
2025-12-26,9.566666666666668e-05
2025-12-27,4.5e-05
2025-12-28,2.1333333333333338e-05
2025-12-29,0.0001
2025-12-30,4.2e-05
2025-12-31,4.933333333333333e-05
2026-01-01,0.0001
2026-01-02,5.6000000000000006e-05
2026-01-03,9e-05
2026-01-04,0.0001
2026-01-05,7.900000000000001e-05
2026-01-06,5.7333333333333336e-05
2026-01-07,0.0001
2026-01-08,8.1e-05
2026-01-09,1.8e-05
2026-01-10,0.0001
2026-01-11,0.0001
2026-01-12,9.866666666666668e-05
2026-01-13,5.233333333333334e-05
2026-01-14,4.766666666666667e-05
2026-01-15,-7.033333333333333e-05
2026-01-16,9.866666666666668e-05
2026-01-17,4.266666666666666e-05
2026-01-18,-1.5666666666666667e-05
2026-01-19,-2.3e-05
2026-01-20,2.2666666666666668e-05
2026-01-21,8.633333333333334e-05
2026-01-22,1.0666666666666666e-05
2026-01-23,0.0001
2026-01-24,4.233333333333333e-05
2026-01-25,8.166666666666667e-05
2026-01-26,-6.333333333333325e-06
2026-01-27,-1.3e-05
2026-01-28,8.4e-05
2026-01-29,8.2e-05
2026-01-30,1.1666666666666666e-05
2026-01-31,0.0001
2026-02-01,-5.766666666666666e-05
2026-02-02,9.433333333333333e-05
2026-02-03,-0.00010333333333333333
2026-02-04,8.7e-05
2026-02-05,7.366666666666666e-05
2026-02-06,4.433333333333334e-05
2026-02-07,-0.000153
2026-02-08,4.2e-05
2026-02-09,1.1000000000000001e-05
2026-02-10,1.4666666666666666e-05
2026-02-11,2.6e-05
2026-02-12,8.333333333333335e-06
2026-02-13,-2.5e-05
2026-02-14,-0.00010666666666666665
2026-02-15,3.066666666666667e-05
2026-02-16,7.933333333333334e-05
2026-02-17,1.7666666666666668e-05
2026-02-18,6.2e-05
2026-02-19,6.900000000000001e-05
2026-02-20,1.4333333333333332e-05
2026-02-21,5.366666666666667e-05
2026-02-22,-9.666666666666667e-06
2026-02-23,-3.233333333333333e-05
2026-02-24,-1.333333333333332e-06
2026-02-25,-5.566666666666667e-05
2026-02-26,-3.966666666666667e-05
2026-02-27,-3.566666666666667e-05
2026-02-28,-0.00010833333333333333
2026-03-01,-0.00013466666666666667
2026-03-02,-2.6666666666666664e-06
2026-03-03,-9.999999999999972e-07
2026-03-04,6.999999999999998e-06
2026-03-05,-5.433333333333334e-05
2026-03-06,8e-05
2026-03-07,1.8333333333333333e-05
2026-03-08,2.633333333333333e-05
2026-03-09,-5.233333333333333e-05
2026-03-10,-0.00020733333333333332
2026-03-11,-0.00012933333333333332
2026-03-12,-0.00021233333333333334
2026-03-13,-0.00013833333333333333
2026-03-14,2.2333333333333335e-05
2026-03-15,-6.8e-05
2026-03-16,2.9666666666666665e-05
2026-03-17,8.033333333333334e-05
2026-03-18,-3.633333333333333e-05
2026-03-19,5.0333333333333335e-05
2026-03-20,2.0333333333333334e-05
2026-03-21,-0.0001463333333333333
2026-03-22,-0.00012966666666666668
2026-03-23,4.6e-05
2026-03-24,2.4999999999999998e-05
2026-03-25,8.4e-05
2026-03-26,9.633333333333332e-05
2026-03-27,6.666666666666667e-05
2026-03-28,-0.00018933333333333335
2026-03-29,-0.00012633333333333333
2026-03-30,-0.00011266666666666666
2026-03-31,5e-06
2026-04-01,-6.3e-05
2026-04-02,-2.3333333333333315e-06
2026-04-03,-9.499999999999999e-05
2026-04-04,6.666666666666666e-06
2026-04-05,-5.5333333333333334e-05
2026-04-06,2.533333333333333e-05
2026-04-07,-0.000102
2026-04-08,9.466666666666667e-05
2026-04-09,-9.666666666666668e-06
2026-04-10,-7.866666666666666e-05
2026-04-11,-0.00029633333333333334
2026-04-12,-8.2e-05
2026-04-13,5.6666666666666664e-05
2026-04-14,-0.00021
2026-04-15,-0.00019333333333333333
2026-04-16,-4.566666666666667e-05
2026-04-17,-1.333333333333334e-06
2026-04-18,-8.566666666666666e-05
2026-04-19,-4.066666666666667e-05
2026-04-20,-6.566666666666667e-05
2026-04-21,-9.1e-05
2026-04-22,-0.0001
2026-04-23,-0.00014233333333333334
2026-04-24,-2.4999999999999998e-05
2026-04-25,-0.000105
2026-04-26,-2.1666666666666664e-05
2026-04-27,-2.966666666666667e-05
2026-04-28,-2.4e-05
2026-04-29,6.000000000000001e-06
2026-04-30,2.3999999999999997e-05
2026-05-01,-4.6e-05
2026-05-02,-0.00018466666666666666
2026-05-03,1.0000000000000006e-06
2026-05-04,2.8666666666666668e-05
2026-05-05,-7.033333333333334e-05
2026-05-06,-9.3e-05
2026-05-07,1.6666666666666665e-06
2026-05-08,-2.0000000000000008e-06
2026-05-09,-3.766666666666666e-05
2026-05-10,-3.2999999999999996e-05
2026-05-11,6.566666666666667e-05
2026-05-12,-1.6666666666666665e-06
2026-05-13,1.3000000000000003e-05
2026-05-14,3.9e-05
2026-05-15,-6.033333333333333e-05
2026-05-16,-8.366666666666666e-05
2026-05-17,4.1666666666666665e-05
2026-05-18,-1.9333333333333333e-05
2026-05-19,8.599999999999999e-05
2026-05-20,0.0001
2026-05-21,-1.5e-05
2026-05-22,-2.0333333333333334e-05
2026-05-23,-0.00015233333333333334
2026-05-24,-0.00017066666666666665
2026-05-25,-7.6e-05
2026-05-26,-7.5e-05
2026-05-27,-5.766666666666666e-05
2026-05-28,0.0001
2026-05-29,8.599999999999999e-05
2026-05-30,-3.2999999999999996e-05
2026-05-31,-3.366666666666666e-05
2026-06-01,-8.833333333333333e-05
2026-06-02,4.633333333333334e-05
2026-06-03,4.2e-05
2026-06-04,6.166666666666667e-05
2026-06-05,2.9e-05
2026-06-06,-3.1333333333333334e-05
2026-06-07,-4.366666666666666e-05
2026-06-08,-5.300000000000001e-05
2026-06-09,-4.7e-05
2026-06-10,7.1e-05
2026-06-11,4.066666666666667e-05
2026-06-12,1.6e-05
2026-06-13,-1.966666666666667e-05
2026-06-14,-9.400000000000001e-05
2026-06-15,-1.0666666666666669e-05
2026-06-16,-0.00012266666666666668
2026-06-17,5.999999999999999e-06
2026-06-18,7.166666666666667e-05
2026-06-19,5.8e-05
2026-06-20,-0.00014533333333333333
2026-06-21,-2.3e-05
2026-06-22,-9.866666666666666e-05
2026-06-23,2.3333333333333336e-05
2026-06-24,1.3666666666666667e-05
2026-06-25,-0.00015433333333333334
2026-06-26,-6.533333333333333e-05
2026-06-27,-8.966666666666666e-05
2026-06-28,-6.166666666666667e-05
2026-06-29,2.7666666666666667e-05
2026-06-30,6.533333333333333e-05
2026-07-01,-3.266666666666666e-05
2026-07-02,3.3e-05
2026-07-03,6.3e-05
2026-07-04,-0.00014133333333333334
2026-07-05,4.133333333333333e-05
2026-07-06,2.8666666666666668e-05
2026-07-07,4.266666666666666e-05
2026-07-08,-5.133333333333333e-05
2026-07-09,4.7333333333333336e-05
2026-07-10,-1.0999999999999996e-05
2026-07-11,2.2333333333333335e-05
2026-07-12,-2.4666666666666665e-05
2026-07-13,1.4666666666666668e-05
2026-07-14,3.233333333333333e-05
2026-07-15,5.7333333333333336e-05
2026-07-16,4.6e-05
2026-07-17,5.833333333333334e-05
2026-07-18,-6.4e-05
2026-07-19,-5.0333333333333335e-05
2026-07-20,6.166666666666667e-05
2026-07-21,4.4333333333333324e-05
2026-07-22,3.366666666666667e-05
2026-07-23,2.3000000000000003e-05
2026-07-24,-8.666666666666675e-06
2026-07-25,-0.00010033333333333334
2026-07-26,-8.2e-05
2026-07-27,-6.666666666666671e-06
2026-07-28,-2.0666666666666666e-05
2026-07-29,9.566666666666668e-05
2026-07-30,1.0000000000000004e-05
2026-07-31,-0.0003556666666666667
2026-08-01,-0.00044699999999999997
2026-08-02,-9.1e-05
2026-08-03,-7.466666666666666e-05
2026-08-04,0.0001
2026-08-05,5.066666666666667e-05
2026-08-06,3.5333333333333336e-05
2026-08-07,2.8333333333333335e-05
2026-08-08,2.6e-05
2026-08-09,7.5e-05
2026-08-10,0.0001
2026-08-11,8.833333333333333e-05
2026-08-12,6.833333333333333e-05
2026-08-13,0.0001
2026-08-14,0.0001
2026-08-15,8.733333333333335e-05
2026-08-16,8.033333333333334e-05
2026-08-17,6.633333333333334e-05
2026-08-18,-3e-05
2026-08-19,2.5333333333333334e-05
2026-08-20,7.233333333333333e-05
2026-08-21,1.1000000000000005e-05
2026-08-22,0.0001
2026-08-23,0.0001
2026-08-24,0.0001
2026-08-25,9.566666666666668e-05
2026-08-26,0.0001
2026-08-27,0.0001
2026-08-28,0.0001
2026-08-29,0.0001
2026-08-30,0.0001
2026-08-31,0.0001
2026-09-01,0.0001
2026-09-02,0.0001
2026-09-03,0.0001
2026-09-04,0.0001
2026-09-05,-6.333333333333333e-06
2026-09-06,9.066666666666667e-05
2026-09-07,0.0001
2026-09-08,8.866666666666668e-05
2026-09-09,0.0001
2026-09-10,0.0001
2026-09-11,9.8e-05
2026-09-12,0.0001
2026-09-13,0.0001
2026-09-14,0.0001
2026-09-15,0.0001
2026-09-16,0.0001
