date,value
2010-01-01,200.2101287841797
2010-01-02,110.1469497680664
2010-01-03,91.47129821777344
2010-01-04,177.1170654296875
2010-01-05,122.52561950683594
2010-01-06,161.5886688232422
2010-01-07,102.26229095458984
2010-01-08,110.29637908935547
2010-01-09,51.384193420410156
2010-01-10,76.887451171875
2010-01-11,71.1869888305664
2010-01-12,117.8705062866211
2010-01-13,121.8910140991211
2010-01-14,82.36654663085938
2010-01-15,80.62333679199219
2010-01-16,40.32151794433594
2010-01-17,48.35865020751953
2010-01-18,71.80421447753906
2010-01-19,96.37858581542969
2010-01-20,84.67708587646484
2010-01-21,91.92457580566406
2010-01-22,50.3940315246582
2010-01-23,81.54877471923828
2010-01-24,55.1074104309082
2010-01-25,119.7811279296875
2010-01-26,90.70558166503906
2010-01-27,65.01604461669922
2010-01-28,114.45198822021484
2010-01-29,63.51999282836914
2010-01-30,78.73674774169922
2010-01-31,73.47654724121094
2010-02-01,143.8407440185547
2010-02-02,96.0164566040039
2010-02-03,113.39703369140625
2010-02-04,129.3971710205078
2010-02-05,92.10714721679688
2010-02-06,62.824562072753906
2010-02-07,54.60276794433594
2010-02-08,78.18482208251953
2010-02-09,67.68016052246094
2010-02-10,108.09431457519531
2010-02-11,96.85870361328125
2010-02-12,77.26105499267578
2010-02-13,46.72901153564453
2010-02-14,40.9591064453125
2010-02-15,85.1559829711914
2010-02-16,128.9653778076172
2010-02-17,75.88551330566406
2010-02-18,62.95377731323242
2010-02-19,119.76934051513672
2010-02-20,58.44145202636719
2010-02-21,76.1509780883789
2010-02-22,61.917152404785156
2010-02-23,86.1339340209961
2010-02-24,88.9943618774414
2010-02-25,60.928157806396484
2010-02-26,80.64303588867188
2010-02-27,45.01490783691406
2010-02-28,42.333133697509766
2010-03-01,62.062156677246094
2010-03-02,78.95610809326172
2010-03-03,63.70322799682617
2010-03-04,81.27005767822266
2010-03-05,86.04071807861328
2010-03-06,82.26575469970703
2010-03-07,56.03968048095703
2010-03-08,126.4942398071289
2010-03-09,88.63056945800781
2010-03-10,85.76227569580078
2010-03-11,93.17601013183594
2010-03-12,85.50605010986328
2010-03-13,50.70256805419922
2010-03-14,35.55529022216797
2010-03-15,105.72024536132812
2010-03-16,59.61876678466797
2010-03-17,76.35995483398438
2010-03-18,85.35852813720703
2010-03-19,81.09864044189453
2010-03-20,45.41652297973633
2010-03-21,36.335296630859375
2010-03-22,59.7628173828125
2010-03-23,81.17144012451172
2010-03-24,62.22502899169922
2010-03-25,53.73440170288086
2010-03-26,59.15299606323242
2010-03-27,71.06168365478516
2010-03-28,36.13710021972656
2010-03-29,60.892791748046875
2010-03-30,137.87635803222656
2010-03-31,66.39112091064453
2010-04-01,91.47129821777344
2010-04-02,121.52615356445312
2010-04-03,99.12123107910156
2010-04-04,94.45203399658203
2010-04-05,91.55338287353516
2010-04-06,112.21997833251953
2010-04-07,138.17127990722656
2010-04-08,139.44073486328125
2010-04-09,164.31387329101562
2010-04-10,69.55522918701172
2010-04-11,46.90361404418945
2010-04-12,121.04388427734375
2010-04-13,132.78982543945312
2010-04-14,97.32975006103516
2010-04-15,115.77906036376953
2010-04-16,67.53778839111328
2010-04-17,45.41652297973633
2010-04-18,66.7367172241211
2010-04-19,110.55541229248047
2010-04-20,123.79924011230469
2010-04-21,59.80563735961914
2010-04-22,58.78251647949219
2010-04-23,84.60388946533203
2010-04-24,65.00772857666016
2010-04-25,49.81304931640625
2010-04-26,72.09941864013672
2010-04-27,69.49442291259766
2010-04-28,43.92354965209961
2010-04-29,62.75053405761719
2010-04-30,42.7428092956543
2010-05-01,31.064146041870117
2010-05-02,23.084095001220703
2010-05-03,147.40721130371094
2010-05-04,129.4566650390625
2010-05-05,84.3966293334961
2010-05-06,69.1490249633789
2010-05-07,76.70611572265625
2010-05-08,51.50473403930664
2010-05-09,59.36501693725586
2010-05-10,76.66112518310547
2010-05-11,91.06715393066406
2010-05-12,46.60899353027344
2010-05-13,53.53644943237305
2010-05-14,100.9544448852539
2010-05-15,78.10118865966797
2010-05-16,70.20856475830078
2010-05-17,125.4760513305664
2010-05-18,135.3522186279297
2010-05-19,157.28277587890625
2010-05-20,114.79195404052734
2010-05-21,132.2446746826172
2010-05-22,104.72343444824219
2010-05-23,59.047550201416016
2010-05-24,95.59480285644531
2010-05-25,99.93221282958984
2010-05-26,110.53778076171875
2010-05-27,81.87602996826172
2010-05-28,90.22557830810547
2010-05-29,74.90731048583984
2010-05-30,29.789278030395508
2010-05-31,100.23619842529297
2010-06-01,165.62838745117188
2010-06-02,181.89389038085938
2010-06-03,131.32081604003906
2010-06-04,97.81204223632812
2010-06-05,92.3088150024414
2010-06-06,66.37202453613281
2010-06-07,150.21189880371094
2010-06-08,117.35954284667969
2010-06-09,73.68704986572266
2010-06-10,147.0831298828125
2010-06-11,100.93696594238281
2010-06-12,35.12510681152344
2010-06-13,93.22422790527344
2010-06-14,90.917724609375
2010-06-15,103.29512023925781
2010-06-16,88.8821029663086
2010-06-17,89.18451690673828
2010-06-18,119.01441192626953
2010-06-19,49.77146911621094
2010-06-20,67.85520935058594
2010-06-21,89.52886199951172
2010-06-22,131.22592163085938
2010-06-23,82.58478546142578
2010-06-24,89.27035522460938
2010-06-25,59.793643951416016
2010-06-26,57.63373565673828
2010-06-27,30.958576202392578
2010-06-28,77.70220184326172
2010-06-29,113.39703369140625
2010-06-30,96.41568756103516
2010-07-01,94.26005554199219
2010-07-02,64.02725219726562
2010-07-03,45.130348205566406
2010-07-04,30.334869384765625
2010-07-05,39.26006317138672
2010-07-06,111.21331024169922
2010-07-07,93.78730773925781
2010-07-08,140.0662841796875
2010-07-09,66.58427429199219
2010-07-10,64.32170104980469
2010-07-11,54.205650329589844
2010-07-12,28.984968185424805
2010-07-13,140.02398681640625
2010-07-14,158.44317626953125
2010-07-15,123.99986267089844
2010-07-16,45.871360778808594
2010-07-17,36.30976486206055
2010-07-18,50.47722244262695
2010-07-19,71.64586639404297
2010-07-20,88.59192657470703
2010-07-21,99.6260986328125
2010-07-22,65.88532257080078
2010-07-23,73.75513458251953
2010-07-24,51.949859619140625
2010-07-25,61.801631927490234
2010-07-26,132.6739044189453
2010-07-27,99.45352935791016
2010-07-28,103.40233612060547
2010-07-29,65.02313995361328
2010-07-30,74.9758071899414
2010-07-31,85.08809661865234
2010-08-01,90.22557830810547
2010-08-02,117.83837127685547
2010-08-03,112.56298065185547
2010-08-04,99.5685043334961
2010-08-05,85.46356201171875
2010-08-06,64.68528747558594
2010-08-07,52.48243713378906
2010-08-08,85.4432144165039
2010-08-09,48.00822830200195
2010-08-10,77.12614440917969
2010-08-11,69.17195129394531
2010-08-12,83.66990661621094
2010-08-13,54.12692642211914
2010-08-14,46.4107551574707
2010-08-15,61.98151779174805
2010-08-16,66.96566009521484
2010-08-17,83.65069580078125
2010-08-18,108.86372375488281
2010-08-19,96.27484130859375
2010-08-20,57.42262649536133
2010-08-21,80.34212493896484
2010-08-22,71.36590576171875
2010-08-23,76.51311492919922
2010-08-24,105.28943634033203
2010-08-25,97.31837463378906
2010-08-26,83.9590835571289
2010-08-27,95.1482162475586
2010-08-28,71.94717407226562
2010-08-29,65.9874038696289
2010-08-30,97.03926849365234
2010-08-31,123.15957641601562
2010-09-01,94.7530746459961
2010-09-02,60.68281555175781
2010-09-03,81.19038391113281
2010-09-04,55.995361328125
2010-09-05,37.7142448425293
2010-09-06,52.41404724121094
2010-09-07,113.9554672241211
2010-09-08,87.17283630371094
2010-09-09,45.96228790283203
2010-09-10,86.666015625
2010-09-11,21.70396614074707
2010-09-12,45.068946838378906
2010-09-13,71.60271453857422
2010-09-14,80.19900512695312
2010-09-15,63.128170013427734
2010-09-16,61.403690338134766
2010-09-17,89.34310913085938
2010-09-18,60.37820053100586
2010-09-19,72.29810333251953
2010-09-20,70.04185485839844
2010-09-21,100.86990356445312
2010-09-22,67.37425231933594
2010-09-23,80.06205749511719
2010-09-24,91.22930908203125
2010-09-25,62.550453186035156
2010-09-26,64.01097106933594
2010-09-27,95.32569122314453
2010-09-28,89.32766723632812
2010-09-29,82.90054321289062
2010-09-30,69.40618133544922
2010-10-01,80.87020111083984
2010-10-02,27.019311904907227
2010-10-03,45.61194610595703
2010-10-04,75.46617126464844
2010-10-05,111.25634002685547
2010-10-06,98.46273040771484
2010-10-07,104.35934448242188
2010-10-08,67.21151733398438
2010-10-09,55.82979202270508
2010-10-10,55.20946502685547
2010-10-11,70.21652221679688
2010-10-12,64.5305404663086
2010-10-13,52.52485656738281
2010-10-14,77.56256103515625
2010-10-15,71.87647247314453
2010-10-16,45.550968170166016
2010-10-17,77.17451477050781
2010-10-18,30.70746421813965
2010-10-19,83.68592071533203
2010-10-20,69.56391906738281
2010-10-21,43.10032272338867
2010-10-22,65.01024627685547
2010-10-23,40.6616325378418
2010-10-24,63.09653091430664
2010-10-25,50.78228759765625
2010-10-26,44.563690185546875
2010-10-27,85.60568237304688
2010-10-28,55.86671829223633
2010-10-29,78.20037078857422
2010-10-30,98.13050842285156
2010-10-31,42.5467414855957
2010-11-01,130.50672912597656
2010-11-02,130.6160430908203
2010-11-03,81.79179382324219
2010-11-04,79.7408447265625
2010-11-05,54.94014358520508
2010-11-06,58.6295166015625
2010-11-07,65.06829833984375
2010-11-08,92.57479858398438
2010-11-09,131.48008728027344
2010-11-10,79.36360168457031
2010-11-11,87.63406372070312
2010-11-12,75.50946807861328
2010-11-13,47.89254379272461
2010-11-14,70.89152526855469
2010-11-15,120.9535903930664
2010-11-16,121.2349853515625
2010-11-17,77.66468811035156
2010-11-18,73.96996307373047
2010-11-19,103.71417236328125
2010-11-20,82.29981994628906
2010-11-21,119.66583251953125
2010-11-22,113.15013122558594
2010-11-23,77.37921905517578
2010-11-24,166.79205322265625
2010-11-25,91.48633575439453
2010-11-26,56.32421112060547
2010-11-27,66.41739654541016
2010-11-28,67.98179626464844
2010-11-29,159.03428649902344
2010-11-30,183.40769958496094
2010-12-01,94.04766082763672
2010-12-02,100.17845916748047
2010-12-03,86.44165802001953
2010-12-04,88.63056945800781
2010-12-05,42.703453063964844
2010-12-06,110.68245697021484
2010-12-07,127.92436218261719
2010-12-08,67.67610931396484
2010-12-09,88.63056945800781
2010-12-10,61.2244987487793
2010-12-11,52.62440490722656
2010-12-12,70.34410095214844
2010-12-13,72.62633514404297
2010-12-14,67.45047760009766
2010-12-15,72.64402770996094
2010-12-16,136.46005249023438
2010-12-17,107.16203308105469
2010-12-18,79.54708099365234
2010-12-19,89.52886199951172
2010-12-20,128.2569580078125
2010-12-21,156.8079376220703
2010-12-22,163.8302459716797
2010-12-23,124.6888656616211
2010-12-24,126.52168273925781
2010-12-25,131.3352813720703
2010-12-26,104.92296600341797
2010-12-27,87.47978210449219
2010-12-28,134.57305908203125
2010-12-29,53.03965377807617
2010-12-30,161.357177734375
2010-12-31,45.37763977050781
2011-01-01,83.27684020996094
2011-01-02,60.84307861328125
2011-01-03,74.2015151977539
2011-01-04,119.25243377685547
2011-01-05,44.563690185546875
2011-01-06,74.0829849243164
2011-01-07,74.59210968017578
2011-01-08,81.79179382324219
2011-01-09,83.45616912841797
2011-01-10,96.13255310058594
2011-01-11,89.32766723632812
2011-01-12,74.32042694091797
2011-01-13,61.53376388549805
2011-01-14,66.92056274414062
2011-01-15,70.84191131591797
2011-01-16,32.66831970214844
2011-01-17,91.63396453857422
2011-01-18,56.982242584228516
2011-01-19,62.640323638916016
2011-01-20,59.08705139160156
2011-01-21,88.97392272949219
2011-01-22,61.294490814208984
2011-01-23,72.8764877319336
2011-01-24,106.99507904052734
2011-01-25,204.19937133789062
2011-01-26,113.75102233886719
2011-01-27,68.67119598388672
2011-01-28,69.63356018066406
2011-01-29,63.65000534057617
2011-01-30,46.4107551574707
2011-01-31,89.41900634765625
2011-02-01,118.03402709960938
2011-02-02,98.82798767089844
2011-02-03,113.2795181274414
2011-02-04,94.64479064941406
2011-02-05,66.14111328125
2011-02-06,52.37261199951172
2011-02-07,59.578556060791016
2011-02-08,56.59284210205078
2011-02-09,86.5784683227539
2011-02-10,104.0421371459961
2011-02-11,97.6264877319336
2011-02-12,59.68590545654297
2011-02-13,69.80506896972656
2011-02-14,76.56786346435547
2011-02-15,55.579994201660156
2011-02-16,62.22502899169922
2011-02-17,88.42582702636719
2011-02-18,66.4507064819336
2011-02-19,76.46487426757812
2011-02-20,61.68655014038086
2011-02-21,108.9972152709961
2011-02-22,163.8302459716797
2011-02-23,73.44939422607422
2011-02-24,144.02468872070312
2011-02-25,137.7366943359375
2011-02-26,128.1565399169922
2011-02-27,62.14948654174805
2011-02-28,107.25624084472656
2011-03-01,178.95901489257812
2011-03-02,126.99939727783203
2011-03-03,154.95379638671875
2011-03-04,119.61127471923828
2011-03-05,87.87358093261719
2011-03-06,50.86476135253906
2011-03-07,138.72427368164062
2011-03-08,166.0056610107422
2011-03-09,199.4664306640625
2011-03-10,136.30661010742188
2011-03-11,136.77268981933594
2011-03-12,93.12439727783203
2011-03-13,103.51773834228516
2011-03-14,87.9781265258789
2011-03-15,141.81134033203125
2011-03-16,166.35165405273438
2011-03-17,116.2304458618164
2011-03-18,147.7964324951172
2011-03-19,133.5103302001953
2011-03-20,95.84282684326172
2011-03-21,151.39047241210938
2011-03-22,192.9297637939453
2011-03-23,231.2828826904297
2011-03-24,144.67994689941406
2011-03-25,130.91949462890625
2011-03-26,103.26298522949219
2011-03-27,101.72952270507812
2011-03-28,131.84349060058594
2011-03-29,196.35418701171875
2011-03-30,125.13372039794922
2011-03-31,126.22554016113281
2011-04-01,125.87757110595703
2011-04-02,65.73689270019531
2011-04-03,72.01234436035156
2011-04-04,71.92547607421875
2011-04-05,103.40233612060547
2011-04-06,130.38829040527344
2011-04-07,74.62199401855469
2011-04-08,84.77043914794922
2011-04-09,51.972572326660156
2011-04-10,74.30058288574219
2011-04-11,98.69049072265625
2011-04-12,88.33514404296875
2011-04-13,111.53427124023438
2011-04-14,110.64944458007812
2011-04-15,86.82132720947266
2011-04-16,67.21931457519531
2011-04-17,30.169103622436523
2011-04-18,86.95490264892578
2011-04-19,96.63265991210938
2011-04-20,80.7943344116211
2011-04-21,117.58607482910156
2011-04-22,81.57286834716797
2011-04-23,73.87528228759766
2011-04-24,93.87843322753906
2011-04-25,78.18482208251953
2011-04-26,144.02468872070312
2011-04-27,124.72569274902344
2011-04-28,110.53406524658203
2011-04-29,68.87517547607422
2011-04-30,114.09954833984375
2011-05-01,69.49442291259766
2011-05-02,115.2568588256836
2011-05-03,269.19287109375
2011-05-04,113.01701354980469
2011-05-05,101.1986083984375
2011-05-06,104.74522399902344
2011-05-07,120.40609741210938
2011-05-08,51.961849212646484
2011-05-09,126.04299926757812
2011-05-10,140.8026580810547
2011-05-11,88.7294921875
2011-05-12,80.9588851928711
2011-05-13,114.1140365600586
2011-05-14,53.38319778442383
2011-05-15,94.28560638427734
2011-05-16,87.17283630371094
2011-05-17,74.639404296875
2011-05-18,85.3180923461914
2011-05-19,150.25360107421875
2011-05-20,81.48226928710938
2011-05-21,65.41405487060547
2011-05-22,84.93763732910156
2011-05-23,119.9306640625
2011-05-24,134.65721130371094
2011-05-25,119.10356140136719
2011-05-26,103.62940979003906
2011-05-27,94.45203399658203
2011-05-28,69.73827362060547
2011-05-29,72.29810333251953
2011-05-30,112.04273986816406
2011-05-31,140.02398681640625
2011-06-01,96.12361145019531
2011-06-02,86.354736328125
2011-06-03,66.98822784423828
2011-06-04,53.747894287109375
2011-06-05,77.79023742675781
2011-06-06,62.42275619506836
2011-06-07,106.61982727050781
2011-06-08,122.13936614990234
2011-06-09,101.33381652832031
2011-06-10,90.61734771728516
2011-06-11,52.62440490722656
2011-06-12,103.89971923828125
2011-06-13,105.76525115966797
2011-06-14,43.3272819519043
2011-06-15,81.83572387695312
2011-06-16,115.51518249511719
2011-06-17,77.9061050415039
2011-06-18,67.31720733642578
2011-06-19,65.33663940429688
2011-06-20,74.1619644165039
2011-06-21,79.22998046875
2011-06-22,56.08184814453125
2011-06-23,128.5777130126953
2011-06-24,115.043212890625
2011-06-25,74.31127166748047
2011-06-26,73.46420288085938
2011-06-27,108.47199249267578
2011-06-28,66.17350006103516
2011-06-29,81.51732635498047
2011-06-30,101.40513610839844
2011-07-01,88.8176040649414
2011-07-02,52.95401382446289
2011-07-03,98.58832550048828
2011-07-04,70.36500549316406
2011-07-05,83.86247253417969
2011-07-06,41.548736572265625
2011-07-07,93.25922393798828
2011-07-08,65.35699462890625
2011-07-09,66.89118194580078
2011-07-10,83.9442138671875
2011-07-11,84.93763732910156
2011-07-12,75.82986450195312
2011-07-13,92.94522094726562
2011-07-14,74.88043212890625
2011-07-15,91.54486083984375
2011-07-16,51.18130111694336
2011-07-17,59.38866424560547
2011-07-18,72.8036880493164
2011-07-19,126.4942398071289
2011-07-20,92.12239074707031
2011-07-21,90.60633850097656
2011-07-22,62.43583297729492
2011-07-23,82.05442810058594
2011-07-24,33.392818450927734
2011-07-25,83.91838073730469
2011-07-26,92.6003646850586
2011-07-27,88.66615295410156
2011-07-28,101.98326873779297
2011-07-29,95.42375946044922
2011-07-30,74.82776641845703
2011-07-31,53.21393585205078
2011-08-01,88.10020446777344
2011-08-02,90.46023559570312
2011-08-03,86.63004302978516
2011-08-04,77.03646087646484
2011-08-05,51.97543716430664
2011-08-06,30.84327507019043
2011-08-07,74.82186126708984
2011-08-08,94.76786804199219
2011-08-09,63.13661575317383
2011-08-10,44.114097595214844
2011-08-11,91.38117980957031
2011-08-12,69.30058288574219
2011-08-13,46.178916931152344
2011-08-14,39.671470642089844
2011-08-15,131.05657958984375
2011-08-16,54.5106086730957
2011-08-17,38.834320068359375
2011-08-18,109.4460678100586
2011-08-19,119.64898681640625
2011-08-20,111.22051239013672
2011-08-21,39.671470642089844
2011-08-22,143.45765686035156
2011-08-23,197.70501708984375
2011-08-24,159.73345947265625
2011-08-25,109.68766784667969
2011-08-26,93.75191497802734
2011-08-27,87.86651611328125
2011-08-28,55.51789855957031
2011-08-29,125.17124938964844
2011-08-30,61.34384536743164
2011-08-31,91.10472106933594
2011-09-01,90.60633850097656
2011-09-02,105.27227783203125
2011-09-03,91.36085510253906
2011-09-04,54.304386138916016
2011-09-05,123.4190673828125
2011-09-06,138.56492614746094
2011-09-07,87.84709930419922
2011-09-08,99.44561767578125
2011-09-09,90.50731658935547
2011-09-10,95.78508758544922
2011-09-11,53.14279556274414
2011-09-12,110.15664672851562
2011-09-13,111.98429107666016
2011-09-14,78.36181640625
2011-09-15,85.37545776367188
2011-09-16,72.69947814941406
2011-09-17,69.4011001586914
2011-09-18,53.91158676147461
2011-09-19,56.625091552734375
2011-09-20,70.64717864990234
2011-09-21,102.08763122558594
2011-09-22,84.1607666015625
2011-09-23,93.08572387695312
2011-09-24,57.93043518066406
2011-09-25,39.51373291015625
2011-09-26,73.34098052978516
2011-09-27,86.86112976074219
2011-09-28,55.84939956665039
2011-09-29,93.68878173828125
2011-09-30,68.4011001586914
2011-10-01,82.06195831298828
2011-10-02,37.430145263671875
2011-10-03,92.0157699584961
2011-10-04,73.61261749267578
2011-10-05,66.10445404052734
2011-10-06,86.47265625
2011-10-07,74.47611236572266
2011-10-08,48.00822830200195
2011-10-09,38.66810607910156
2011-10-10,55.35139083862305
2011-10-11,85.24990844726562
2011-10-12,137.2508544921875
2011-10-13,135.9896240234375
2011-10-14,73.91124725341797
2011-10-15,68.78255462646484
2011-10-16,54.193336486816406
2011-10-17,96.44184112548828
2011-10-18,114.35791778564453
2011-10-19,51.13114547729492
2011-10-20,72.08696746826172
2011-10-21,110.52729034423828
2011-10-22,64.29456329345703
2011-10-23,71.88211822509766
2011-10-24,96.52515411376953
2011-10-25,82.53282928466797
2011-10-26,64.39116668701172
2011-10-27,53.972591400146484
2011-10-28,51.45736312866211
2011-10-29,48.421024322509766
2011-10-30,59.82063674926758
2011-10-31,82.71080780029297
2011-11-01,80.11046600341797
2011-11-02,37.60396957397461
2011-11-03,110.41893005371094
2011-11-04,111.48065185546875
2011-11-05,60.730403900146484
2011-11-06,31.851613998413086
2011-11-07,65.59539794921875
2011-11-08,82.42171478271484
2011-11-09,112.76825714111328
2011-11-10,80.2463150024414
2011-11-11,66.76000213623047
2011-11-12,52.101646423339844
2011-11-13,76.73902130126953
2011-11-14,95.59480285644531
2011-11-15,114.09954833984375
2011-11-16,83.44913482666016
2011-11-17,108.66275787353516
2011-11-18,109.06854248046875
2011-11-19,75.71583557128906
2011-11-20,58.42271041870117
2011-11-21,111.56315612792969
2011-11-22,58.25148391723633
2011-11-23,102.48828125
2011-11-24,67.84777069091797
2011-11-25,83.16069793701172
2011-11-26,49.87923049926758
2011-11-27,113.0796127319336
2011-11-28,105.4183120727539
2011-11-29,107.72577667236328
2011-11-30,84.24638366699219
2011-12-01,104.02568054199219
2011-12-02,104.30795288085938
2011-12-03,76.69346618652344
2011-12-04,58.45708084106445
2011-12-05,97.07157897949219
2011-12-06,73.94124603271484
2011-12-07,49.84187698364258
2011-12-08,87.08116912841797
2011-12-09,71.6583023071289
2011-12-10,32.534149169921875
2011-12-11,33.940242767333984
2011-12-12,99.59353637695312
2011-12-13,89.63418579101562
2011-12-14,113.05692291259766
2011-12-15,82.23851776123047
2011-12-16,118.86456298828125
2011-12-17,48.182804107666016
2011-12-18,68.86834716796875
2011-12-19,86.1526107788086
2011-12-20,180.24853515625
2011-12-21,80.14276123046875
2011-12-22,83.3827133178711
2011-12-23,75.76393127441406
2011-12-24,93.64148712158203
2011-12-25,62.946659088134766
2011-12-26,103.26950073242188
2011-12-27,68.30036163330078
2011-12-28,86.666015625
2011-12-29,115.55469512939453
2011-12-30,125.90361785888672
2011-12-31,57.4433708190918
2012-01-01,72.44184112548828
2012-01-02,60.10707473754883
2012-01-03,88.10020446777344
2012-01-04,76.9422836303711
2012-01-05,82.43946838378906
2012-01-06,100.59858703613281
2012-01-07,73.74918365478516
2012-01-08,55.72543716430664
2012-01-09,88.3912582397461
2012-01-10,66.64337158203125
2012-01-11,103.96586608886719
2012-01-12,103.84225463867188
2012-01-13,98.1017074584961
2012-01-14,102.56485748291016
2012-01-15,53.321006774902344
2012-01-16,72.8570556640625
2012-01-17,56.625091552734375
2012-01-18,73.85881042480469
2012-01-19,103.19525909423828
2012-01-20,70.93292236328125
2012-01-21,60.43781280517578
2012-01-22,39.20198440551758
2012-01-23,109.54258728027344
2012-01-24,103.51773834228516
2012-01-25,65.62960052490234
2012-01-26,85.76227569580078
2012-01-27,58.41665267944336
2012-01-28,51.401912689208984
2012-01-29,38.2219352722168
2012-01-30,128.4284210205078
2012-01-31,69.98382568359375
2012-02-01,134.9707489013672
2012-02-02,57.816890716552734
2012-02-03,102.98137664794922
2012-02-04,65.95157623291016
2012-02-05,40.39716720581055
2012-02-06,124.92127990722656
2012-02-07,142.98854064941406
2012-02-08,82.25337219238281
2012-02-09,85.78363037109375
2012-02-10,68.33390808105469
2012-02-11,51.00617599487305
2012-02-12,45.37763977050781
2012-02-13,61.8345947265625
2012-02-14,80.42071533203125
2012-02-15,128.7169189453125
2012-02-16,81.79179382324219
2012-02-17,49.788089752197266
2012-02-18,90.71519470214844
2012-02-19,42.46881866455078
2012-02-20,150.11636352539062
2012-02-21,141.4915771484375
2012-02-22,101.14710235595703
2012-02-23,68.30036163330078
2012-02-24,152.73109436035156
2012-02-25,133.7548828125
2012-02-26,51.557472229003906
2012-02-27,54.99793243408203
2012-02-28,113.57374572753906
2012-02-29,146.89878845214844
2012-03-01,91.45125579833984
2012-03-02,99.75540924072266
2012-03-03,70.7939682006836
2012-03-04,94.46485900878906
2012-03-05,116.52247619628906
2012-03-06,110.7882080078125
2012-03-07,138.18359375
2012-03-08,154.152587890625
2012-03-09,132.3766326904297
2012-03-10,24.94820785522461
2012-03-11,46.09934997558594
2012-03-12,71.49427032470703
2012-03-13,64.65402221679688
2012-03-14,69.15589904785156
2012-03-15,64.95230865478516
2012-03-16,72.73102569580078
2012-03-17,53.292789459228516
2012-03-18,31.608470916748047
2012-03-19,106.99507904052734
2012-03-20,104.6073989868164
2012-03-21,124.37675476074219
2012-03-22,67.60342407226562
2012-03-23,93.311767578125
2012-03-24,51.31344223022461
2012-03-25,51.45736312866211
2012-03-26,79.66934967041016
2012-03-27,116.36654663085938
2012-03-28,149.5762939453125
2012-03-29,83.44913482666016
2012-03-30,103.07345581054688
2012-03-31,91.24769592285156
2012-04-01,141.78305053710938
2012-04-02,154.47207641601562
2012-04-03,134.50100708007812
2012-04-04,126.0838851928711
2012-04-05,116.87487030029297
2012-04-06,88.2839584350586
2012-04-07,91.53900146484375
2012-04-08,76.59115600585938
2012-04-09,126.88357543945312
2012-04-10,116.15497589111328
2012-04-11,85.70198059082031
2012-04-12,136.67489624023438
2012-04-13,112.74003601074219
2012-04-14,83.18555450439453
2012-04-15,56.67891311645508
2012-04-16,136.95370483398438
2012-04-17,117.74530029296875
2012-04-18,99.26673889160156
2012-04-19,65.09412384033203
2012-04-20,100.38084411621094
2012-04-21,48.29644012451172
2012-04-22,60.47283935546875
2012-04-23,90.46023559570312
2012-04-24,93.36894226074219
2012-04-25,83.9510269165039
2012-04-26,118.67997741699219
2012-04-27,84.50428009033203
2012-04-28,34.00411605834961
2012-04-29,69.93904876708984
2012-04-30,99.85459899902344
2012-05-01,75.19068908691406
2012-05-02,87.5736312866211
2012-05-03,101.76319885253906
2012-05-04,62.24031066894531
2012-05-05,38.938663482666016
2012-05-06,25.481290817260742
2012-05-07,60.385345458984375
2012-05-08,84.52481842041016
2012-05-09,54.60276794433594
2012-05-10,55.440460205078125
2012-05-11,110.3074951171875
2012-05-12,30.90605926513672
2012-05-13,53.86288833618164
2012-05-14,65.92174530029297
2012-05-15,92.65923309326172
2012-05-16,67.07111358642578
2012-05-17,53.89209747314453
2012-05-18,147.14547729492188
2012-05-19,77.57096862792969
2012-05-20,73.61261749267578
2012-05-21,59.07185363769531
2012-05-22,115.74031829833984
2012-05-23,86.14241790771484
2012-05-24,113.44409942626953
2012-05-25,81.91314697265625
2012-05-26,57.1601676940918
2012-05-27,46.74994659423828
2012-05-28,157.4913330078125
2012-05-29,91.09561157226562
2012-05-30,88.2839584350586
2012-05-31,91.92120361328125
2012-06-01,67.89513397216797
2012-06-02,48.75640869140625
2012-06-03,12.990462303161621
2012-06-04,40.61731719970703
2012-06-05,67.32860565185547
2012-06-06,69.86804962158203
2012-06-07,102.94328308105469
2012-06-08,92.90912628173828
2012-06-09,89.52886199951172
2012-06-10,60.35042190551758
2012-06-11,78.35245513916016
2012-06-12,92.0157699584961
2012-06-13,99.33882141113281
2012-06-14,112.46371459960938
2012-06-15,55.382530212402344
2012-06-16,58.83778762817383
2012-06-17,69.59175872802734
2012-06-18,102.8192367553711
2012-06-19,111.61479949951172
2012-06-20,147.8824920654297
2012-06-21,73.04448699951172
2012-06-22,72.01234436035156
2012-06-23,44.92632293701172
2012-06-24,60.35042190551758
2012-06-25,99.9677505493164
2012-06-26,129.9046173095703
2012-06-27,48.38581848144531
2012-06-28,92.0157699584961
2012-06-29,80.06205749511719
2012-06-30,45.572731018066406
2012-07-01,19.562408447265625
2012-07-02,45.3155632019043
2012-07-03,77.41548156738281
2012-07-04,129.361083984375
2012-07-05,82.71080780029297
2012-07-06,62.64903259277344
2012-07-07,60.75172424316406
2012-07-08,28.804935455322266
2012-07-09,83.69519805908203
2012-07-10,97.55320739746094
2012-07-11,69.2664794921875
2012-07-12,66.01834869384766
2012-07-13,107.78419494628906
2012-07-14,80.49229431152344
2012-07-15,48.20784378051758
2012-07-16,54.23030090332031
2012-07-17,155.83316040039062
2012-07-18,104.48519134521484
2012-07-19,147.7859344482422
2012-07-20,166.3677978515625
2012-07-21,40.64500045776367
2012-07-22,58.1152229309082
2012-07-23,80.69075012207031
2012-07-24,109.74150848388672
2012-07-25,86.86112976074219
2012-07-26,76.39044952392578
2012-07-27,67.26025390625
2012-07-28,60.39321517944336
2012-07-29,71.44754028320312
2012-07-30,112.50230407714844
2012-07-31,65.10248565673828
2012-08-01,67.74896240234375
2012-08-02,52.747894287109375
2012-08-03,74.2411117553711
2012-08-04,45.37763977050781
2012-08-05,53.1072998046875
2012-08-06,99.59353637695312
2012-08-07,114.60892486572266
2012-08-08,75.28562927246094
2012-08-09,87.43833923339844
2012-08-10,85.19978332519531
2012-08-11,52.33610534667969
2012-08-12,63.949180603027344
2012-08-13,89.93396759033203
2012-08-14,109.05572509765625
2012-08-15,94.5273666381836
2012-08-16,95.69639587402344
2012-08-17,104.33283996582031
2012-08-18,49.14788818359375
2012-08-19,34.650291442871094
2012-08-20,69.01182556152344
2012-08-21,75.3927230834961
2012-08-22,123.79440307617188
2012-08-23,76.19268798828125
2012-08-24,69.69965362548828
2012-08-25,28.860706329345703
2012-08-26,53.42850875854492
2012-08-27,83.16069793701172
2012-08-28,73.70896911621094
2012-08-29,65.1778335571289
2012-08-30,84.21781921386719
2012-08-31,69.28677368164062
2012-09-01,48.182804107666016
2012-09-02,64.0728759765625
2012-09-03,57.5265007019043
2012-09-04,83.33502960205078
2012-09-05,81.70010375976562
2012-09-06,54.94014358520508
2012-09-07,69.73827362060547
2012-09-08,63.17500686645508
2012-09-09,66.14111328125
2012-09-10,66.42849731445312
2012-09-11,79.34294128417969
2012-09-12,99.15667724609375
2012-09-13,65.81260681152344
2012-09-14,76.23063659667969
2012-09-15,49.441307067871094
2012-09-16,75.143310546875
2012-09-17,92.0157699584961
2012-09-18,82.91783905029297
2012-09-19,53.06172561645508
2012-09-20,52.32091522216797
2012-09-21,67.89513397216797
2012-09-22,28.168092727661133
2012-09-23,51.75886917114258
2012-09-24,60.30682373046875
2012-09-25,74.92713165283203
2012-09-26,87.26852416992188
2012-09-27,106.64201354980469
2012-09-28,89.97920227050781
2012-09-29,62.022544860839844
2012-09-30,59.507205963134766
2012-10-01,52.09804916381836
2012-10-02,81.33536529541016
2012-10-03,63.84767532348633
2012-10-04,72.01234436035156
2012-10-05,87.9742202758789
2012-10-06,49.2252197265625
2012-10-07,39.357242584228516
2012-10-08,92.6003646850586
2012-10-09,108.14913177490234
2012-10-10,64.5305404663086
2012-10-11,89.17181396484375
2012-10-12,81.25166320800781
2012-10-13,74.74205017089844
2012-10-14,46.46888732910156
2012-10-15,129.81033325195312
2012-10-16,79.95852661132812
2012-10-17,95.4528579711914
2012-10-18,109.91007995605469
2012-10-19,103.82190704345703
2012-10-20,71.02417755126953
2012-10-21,82.65523529052734
2012-10-22,163.3594970703125
2012-10-23,106.50161743164062
2012-10-24,74.35617065429688
2012-10-25,89.9630355834961
2012-10-26,67.88048553466797
2012-10-27,50.012123107910156
2012-10-28,50.76731872558594
2012-10-29,117.22061920166016
2012-10-30,69.49442291259766
2012-10-31,75.20423889160156
2012-11-01,53.590579986572266
2012-11-02,55.20946502685547
2012-11-03,61.56099319458008
2012-11-04,55.51789855957031
2012-11-05,61.5718879699707
2012-11-06,129.58700561523438
2012-11-07,43.58641815185547
2012-11-08,59.48845672607422
2012-11-09,72.01234436035156
2012-11-10,54.08273696899414
2012-11-11,51.65797424316406
2012-11-12,108.3355484008789
2012-11-13,61.272926330566406
2012-11-14,56.916969299316406
2012-11-15,96.56777954101562
2012-11-16,98.02496337890625
2012-11-17,110.41893005371094
2012-11-18,79.13984680175781
2012-11-19,116.35051727294922
2012-11-20,135.60218811035156
2012-11-21,116.17536163330078
2012-11-22,121.62774658203125
2012-11-23,122.54585266113281
2012-11-24,62.56029510498047
2012-11-25,50.73954772949219
2012-11-26,110.5606689453125
2012-11-27,67.26025390625
2012-11-28,55.39410400390625
2012-11-29,56.9495849609375
2012-11-30,68.23002624511719
2012-12-01,36.50212478637695
2012-12-02,73.61261749267578
2012-12-03,67.43140411376953
2012-12-04,101.98326873779297
2012-12-05,84.93763732910156
2012-12-06,39.543968200683594
2012-12-07,107.20284271240234
2012-12-08,61.2304573059082
2012-12-09,21.23440933227539
2012-12-10,59.91724395751953
2012-12-11,107.62855529785156
2012-12-12,108.60877227783203
2012-12-13,95.92377471923828
2012-12-14,104.71763610839844
2012-12-15,57.11323547363281
2012-12-16,57.554264068603516
2012-12-17,87.63406372070312
2012-12-18,80.30467224121094
2012-12-19,102.01748657226562
2012-12-20,82.29981994628906
2012-12-21,77.03646087646484
2012-12-22,60.71916198730469
2012-12-23,67.74166870117188
2012-12-24,89.38674926757812
2012-12-25,105.3998794555664
2012-12-26,55.93453598022461
2012-12-27,61.99993133544922
2012-12-28,103.94142150878906
2012-12-29,46.18281936645508
2012-12-30,68.85244750976562
2012-12-31,49.50288009643555
2013-01-01,116.83330535888672
2013-01-02,82.32990264892578
2013-01-03,78.42606353759766
2013-01-04,80.4021224975586
2013-01-05,55.04756164550781
2013-01-06,21.65077018737793
2013-01-07,83.806640625
2013-01-08,84.62763977050781
2013-01-09,70.40132904052734
2013-01-10,54.5674934387207
2013-01-11,94.95783996582031
2013-01-12,84.41516876220703
2013-01-13,55.9083137512207
2013-01-14,77.53734588623047
2013-01-15,124.8553237915039
2013-01-16,96.06802368164062
2013-01-17,125.95314025878906
2013-01-18,146.60467529296875
2013-01-19,106.30095672607422
2013-01-20,106.42787170410156
2013-01-21,121.64796447753906
2013-01-22,151.14378356933594
2013-01-23,116.95853424072266
2013-01-24,98.55047607421875
2013-01-25,124.61068725585938
2013-01-26,65.71369934082031
2013-01-27,69.59175872802734
2013-01-28,121.24431610107422
2013-01-29,37.03491973876953
2013-01-30,90.16455841064453
2013-01-31,53.66896438598633
2013-02-01,134.15383911132812
2013-02-02,38.865867614746094
2013-02-03,62.764442443847656
2013-02-04,82.70536804199219
2013-02-05,81.3898696899414
2013-02-06,92.0157699584961
2013-02-07,75.93278503417969
2013-02-08,91.72178649902344
2013-02-09,80.94056701660156
2013-02-10,105.04971313476562
2013-02-11,98.34883880615234
2013-02-12,91.13523864746094
2013-02-13,176.86680603027344
2013-02-14,86.18997192382812
2013-02-15,73.30233764648438
2013-02-16,66.25135040283203
2013-02-17,78.87065887451172
2013-02-18,63.09653091430664
2013-02-19,113.0272445678711
2013-02-20,86.96478271484375
2013-02-21,33.24657440185547
2013-02-22,81.15421295166016
2013-02-23,37.708736419677734
2013-02-24,39.51373291015625
2013-02-25,49.62648391723633
2013-02-26,114.36246490478516
2013-02-27,119.15711212158203
2013-02-28,66.07115936279297
2013-03-01,56.746341705322266
2013-03-02,31.03768539428711
2013-03-03,40.56205368041992
2013-03-04,45.37763977050781
2013-03-05,85.88137817382812
2013-03-06,89.93396759033203
2013-03-07,89.28753662109375
2013-03-08,92.39599609375
2013-03-09,56.396759033203125
2013-03-10,57.11323547363281
2013-03-11,70.56848907470703
2013-03-12,92.6003646850586
2013-03-13,104.33283996582031
2013-03-14,49.96774673461914
2013-03-15,86.62572479248047
2013-03-16,87.4698486328125
2013-03-17,55.20946502685547
2013-03-18,107.28964233398438
2013-03-19,82.03292083740234
2013-03-20,72.51012420654297
2013-03-21,85.62372589111328
2013-03-22,109.61961364746094
2013-03-23,56.05021286010742
2013-03-24,59.98613357543945
2013-03-25,102.8192367553711
2013-03-26,87.94427490234375
2013-03-27,100.5026626586914
2013-03-28,57.269142150878906
2013-03-29,125.15999603271484
2013-03-30,59.20585632324219
2013-03-31,21.00994300842285
2013-04-01,99.55804443359375
2013-04-02,72.47573852539062
2013-04-03,77.13086700439453
2013-04-04,123.71868896484375
2013-04-05,99.51920318603516
2013-04-06,75.28562927246094
2013-04-07,90.27962493896484
2013-04-08,121.8519515991211
2013-04-09,82.03292083740234
2013-04-10,92.12703704833984
2013-04-11,54.70295333862305
2013-04-12,97.20853424072266
2013-04-13,78.52442932128906
2013-04-14,37.35978698730469
2013-04-15,105.3128433227539
2013-04-16,108.67475128173828
2013-04-17,153.71543884277344
2013-04-18,82.49689483642578
2013-04-19,91.2050552368164
2013-04-20,94.73210144042969
2013-04-21,65.20802307128906
2013-04-22,165.16957092285156
2013-04-23,153.32225036621094
2013-04-24,104.45033264160156
2013-04-25,76.640380859375
2013-04-26,98.46273040771484
2013-04-27,69.98382568359375
2013-04-28,80.14276123046875
2013-04-29,89.40803527832031
2013-04-30,74.62605285644531
2013-05-01,68.93204498291016
2013-05-02,70.48016357421875
2013-05-03,82.29981994628906
2013-05-04,56.625091552734375
2013-05-05,61.98151779174805
2013-05-06,88.39717102050781
2013-05-07,83.02174377441406
2013-05-08,84.93763732910156
2013-05-09,65.07382202148438
2013-05-10,61.07770919799805
2013-05-11,71.02417755126953
2013-05-12,48.81678771972656
2013-05-13,78.7603530883789
2013-05-14,86.73805236816406
2013-05-15,44.513790130615234
2013-05-16,89.78886413574219
2013-05-17,105.79786682128906
2013-05-18,45.92814636230469
2013-05-19,103.51773834228516
2013-05-20,123.02521514892578
2013-05-21,95.35551452636719
2013-05-22,76.76866149902344
2013-05-23,100.92051696777344
2013-05-24,104.98847961425781
2013-05-25,99.09390258789062
2013-05-26,32.66831970214844
2013-05-27,126.3936767578125
2013-05-28,157.53294372558594
2013-05-29,108.14913177490234
2013-05-30,95.18872833251953
2013-05-31,67.14663696289062
2013-06-01,64.05517578125
2013-06-02,51.15934371948242
2013-06-03,62.92530059814453
2013-06-04,110.1469497680664
2013-06-05,58.66412353515625
2013-06-06,80.57597351074219
2013-06-07,156.52792358398438
2013-06-08,78.29705047607422
2013-06-09,87.5271987915039
2013-06-10,97.70214080810547
2013-06-11,126.30946350097656
2013-06-12,80.8882827758789
2013-06-13,82.10367584228516
2013-06-14,79.86274719238281
2013-06-15,98.6066665649414
2013-06-16,90.09075164794922
2013-06-17,149.29881286621094
2013-06-18,124.2212905883789
2013-06-19,116.4417724609375
2013-06-20,91.31602478027344
2013-06-21,73.69450378417969
2013-06-22,42.50514602661133
2013-06-23,41.06488800048828
2013-06-24,89.89329528808594
2013-06-25,85.92912292480469
2013-06-26,96.83511352539062
2013-06-27,39.08634567260742
2013-06-28,39.43532943725586
2013-06-29,15.581221580505371
2013-06-30,66.65126037597656
2013-07-01,71.90812683105469
2013-07-02,107.83097839355469
2013-07-03,84.93763732910156
2013-07-04,77.55175018310547
2013-07-05,67.95011138916016
2013-07-06,43.504642486572266
2013-07-07,68.53588104248047
2013-07-08,87.94427490234375
2013-07-09,98.94683074951172
2013-07-10,87.17283630371094
2013-07-11,77.26105499267578
2013-07-12,75.10594940185547
2013-07-13,54.833152770996094
2013-07-14,93.21077728271484
2013-07-15,125.8574447631836
2013-07-16,100.76251220703125
2013-07-17,117.40746307373047
2013-07-18,55.372318267822266
2013-07-19,83.66990661621094
2013-07-20,49.81304931640625
2013-07-21,43.77842712402344
2013-07-22,78.05756378173828
2013-07-23,74.88516998291016
2013-07-24,49.37989044189453
2013-07-25,54.64029312133789
2013-07-26,87.67440795898438
2013-07-27,34.90253448486328
2013-07-28,88.13927459716797
2013-07-29,101.85054779052734
2013-07-30,96.21566009521484
2013-07-31,50.381256103515625
2013-08-01,45.96228790283203
2013-08-02,43.63861846923828
2013-08-03,65.75039672851562
2013-08-04,54.98038101196289
2013-08-05,85.84397888183594
2013-08-06,65.87492370605469
2013-08-07,128.6837158203125
2013-08-08,95.32569122314453
2013-08-09,81.24469757080078
2013-08-10,73.39986419677734
2013-08-11,21.698041915893555
2013-08-12,84.8097152709961
2013-08-13,78.55891418457031
2013-08-14,42.36020278930664
2013-08-15,75.8603286743164
2013-08-16,48.60426712036133
2013-08-17,74.04183959960938
2013-08-18,99.68375396728516
2013-08-19,113.08908081054688
2013-08-20,96.34892272949219
2013-08-21,62.34443283081055
2013-08-22,58.66005325317383
2013-08-23,98.12107849121094
2013-08-24,86.91868591308594
2013-08-25,69.59175872802734
2013-08-26,110.09980010986328
2013-08-27,154.7476806640625
2013-08-28,140.363037109375
2013-08-29,187.63999938964844
2013-08-30,122.40435028076172
2013-08-31,187.61988830566406
2013-09-01,108.71361541748047
2013-09-02,104.6073989868164
2013-09-03,105.57984924316406
2013-09-04,50.25387191772461
2013-09-05,89.52886199951172
2013-09-06,126.0838851928711
2013-09-07,59.55815124511719
2013-09-08,66.25135040283203
2013-09-09,111.56315612792969
2013-09-10,66.75199127197266
2013-09-11,110.54598236083984
2013-09-12,76.2971420288086
2013-09-13,95.27296447753906
2013-09-14,77.73173522949219
2013-09-15,64.95230865478516
2013-09-16,127.75743865966797
2013-09-17,112.64398956298828
2013-09-18,83.11102294921875
2013-09-19,58.43898391723633
2013-09-20,90.80135345458984
2013-09-21,66.02171325683594
2013-09-22,81.12410736083984
2013-09-23,164.7133026123047
2013-09-24,174.1165771484375
2013-09-25,124.926513671875
2013-09-26,129.27093505859375
2013-09-27,131.36656188964844
2013-09-28,91.36085510253906
2013-09-29,76.55093383789062
2013-09-30,116.45745849609375
2013-10-01,132.81521606445312
2013-10-02,65.55722045898438
2013-10-03,40.20857238769531
2013-10-04,102.0298080444336
2013-10-05,35.843833923339844
2013-10-06,98.58832550048828
2013-10-07,125.08997344970703
2013-10-08,93.82888793945312
2013-10-09,87.7754135131836
2013-10-10,57.74200439453125
2013-10-11,66.39112091064453
2013-10-12,39.21983337402344
2013-10-13,20.28102684020996
2013-10-14,85.28290557861328
2013-10-15,102.45054626464844
2013-10-16,66.40760803222656
2013-10-17,63.642032623291016
2013-10-18,72.72377014160156
2013-10-19,60.11345291137695
2013-10-20,51.86016082763672
2013-10-21,133.9811248779297
2013-10-22,70.64717864990234
2013-10-23,88.33514404296875
2013-10-24,60.84307861328125
2013-10-25,50.8508186340332
2013-10-26,57.954681396484375
2013-10-27,62.501277923583984
2013-10-28,73.30716705322266
2013-10-29,65.83985137939453
2013-10-30,88.22819519042969
2013-10-31,60.22850036621094
2013-11-01,64.67051696777344
2013-11-02,65.01300811767578
2013-11-03,69.80506896972656
2013-11-04,55.28624725341797
2013-11-05,59.7628173828125
2013-11-06,76.10494232177734
2013-11-07,53.581016540527344
2013-11-08,120.52340698242188
2013-11-09,104.88341522216797
2013-11-10,35.016571044921875
2013-11-11,91.38117980957031
2013-11-12,88.01508331298828
2013-11-13,45.27427291870117
2013-11-14,99.47650909423828
2013-11-15,92.94522094726562
2013-11-16,29.789278030395508
2013-11-17,47.71187973022461
2013-11-18,83.27684020996094
2013-11-19,94.15567016601562
2013-11-20,81.33536529541016
2013-11-21,62.14948654174805
2013-11-22,76.55093383789062
2013-11-23,55.945587158203125
2013-11-24,58.919185638427734
2013-11-25,164.51678466796875
2013-11-26,186.73788452148438
2013-11-27,67.51730346679688
2013-11-28,57.798343658447266
2013-11-29,76.10494232177734
2013-11-30,38.25872039794922
2013-12-01,14.309146881103516
2013-12-02,37.750057220458984
2013-12-03,81.95154571533203
2013-12-04,99.29759216308594
2013-12-05,44.54942321777344
2013-12-06,49.9202880859375
2013-12-07,44.54942321777344
2013-12-08,82.18202209472656
2013-12-09,65.89988708496094
2013-12-10,61.11748123168945
2013-12-11,67.5223617553711
2013-12-12,57.636253356933594
2013-12-13,45.2227668762207
2013-12-14,54.886600494384766
2013-12-15,33.73286819458008
2013-12-16,41.46468734741211
2013-12-17,116.00431060791016
2013-12-18,112.78604125976562
2013-12-19,67.32860565185547
2013-12-20,106.17205047607422
2013-12-21,64.15778350830078
2013-12-22,71.08514404296875
2013-12-23,47.473106384277344
2013-12-24,75.74468994140625
2013-12-25,92.75189971923828
2013-12-26,104.82809448242188
2013-12-27,115.08920288085938
2013-12-28,86.04071807861328
2013-12-29,45.690589904785156
2013-12-30,68.65425109863281
2013-12-31,121.707763671875
2014-01-01,112.1636962890625
2014-01-02,82.12977600097656
2014-01-03,117.95494079589844
2014-01-04,32.2652702331543
2014-01-05,65.5233154296875
2014-01-06,103.51773834228516
2014-01-07,91.53147888183594
2014-01-08,93.82888793945312
2014-01-09,61.47032928466797
2014-01-10,96.66303253173828
2014-01-11,42.08343505859375
2014-01-12,7.06304407119751
2014-01-13,108.96604919433594
2014-01-14,91.65206909179688
2014-01-15,87.80299377441406
2014-01-16,60.78105545043945
2014-01-17,64.95230865478516
2014-01-18,63.125152587890625
2014-01-19,81.51732635498047
2014-01-20,85.71331787109375
2014-01-21,125.08997344970703
2014-01-22,81.95154571533203
2014-01-23,61.2178840637207
2014-01-24,106.38368225097656
2014-01-25,62.09123992919922
2014-01-26,91.62421417236328
2014-01-27,105.46525573730469
2014-01-28,64.61444854736328
2014-01-29,66.80148315429688
2014-01-30,45.55594253540039
2014-01-31,75.71583557128906
2014-02-01,36.704349517822266
2014-02-02,65.66764068603516
2014-02-03,156.57630920410156
2014-02-04,51.89400863647461
2014-02-05,91.35379028320312
2014-02-06,43.71916961669922
2014-02-07,60.6419677734375
2014-02-08,43.261146545410156
2014-02-09,71.87030792236328
2014-02-10,55.363250732421875
2014-02-11,77.70220184326172
2014-02-12,59.721771240234375
2014-02-13,68.08977508544922
2014-02-14,61.67979049682617
2014-02-15,68.51533508300781
2014-02-16,50.76731872558594
2014-02-17,84.3966293334961
2014-02-18,95.13902282714844
2014-02-19,85.04147338867188
2014-02-20,115.87171173095703
2014-02-21,116.56026458740234
2014-02-22,28.930723190307617
2014-02-23,38.51823043823242
2014-02-24,69.3731460571289
2014-02-25,61.5718879699707
2014-02-26,71.66613006591797
2014-02-27,65.92174530029297
2014-02-28,70.87701416015625
2014-03-01,101.96997833251953
2014-03-02,133.57127380371094
2014-03-03,180.03085327148438
2014-03-04,213.0656280517578
2014-03-05,213.84420776367188
2014-03-06,142.98854064941406
2014-03-07,165.26113891601562
2014-03-08,52.7281379699707
2014-03-09,102.8747787475586
2014-03-10,118.64496612548828
2014-03-11,115.1427230834961
2014-03-12,124.26982879638672
2014-03-13,84.93763732910156
2014-03-14,103.85346984863281
2014-03-15,97.6978530883789
2014-03-16,107.94518280029297
2014-03-17,135.20684814453125
2014-03-18,194.0785369873047
2014-03-19,153.06887817382812
2014-03-20,97.96873474121094
2014-03-21,117.64946746826172
2014-03-22,74.87720489501953
2014-03-23,84.60388946533203
2014-03-24,122.18487548828125
2014-03-25,140.58642578125
2014-03-26,108.48175048828125
2014-03-27,87.17283630371094
2014-03-28,112.1636962890625
2014-03-29,73.02838897705078
2014-03-30,59.98613357543945
2014-03-31,85.81781768798828
2014-04-01,120.92815399169922
2014-04-02,94.74890899658203
2014-04-03,63.2974739074707
2014-04-04,59.551780700683594
2014-04-05,60.44831085205078
2014-04-06,19.485692977905273
2014-04-07,56.96214294433594
2014-04-08,115.93987274169922
2014-04-09,142.43226623535156
2014-04-10,85.1054916381836
2014-04-11,52.940582275390625
2014-04-12,62.67866897583008
2014-04-13,46.283382415771484
2014-04-14,125.00255584716797
2014-04-15,129.5658721923828
2014-04-16,143.8509521484375
2014-04-17,82.81419372558594
2014-04-18,95.13902282714844
2014-04-19,53.1260871887207
2014-04-20,69.01182556152344
2014-04-21,89.93396759033203
2014-04-22,135.49290466308594
2014-04-23,114.79195404052734
2014-04-24,66.78563690185547
2014-04-25,125.74397277832031
2014-04-26,65.6263427734375
2014-04-27,81.62384796142578
2014-04-28,116.31206512451172
2014-04-29,125.793701171875
2014-04-30,182.05270385742188
2014-05-01,79.18489074707031
2014-05-02,92.11811828613281
2014-05-03,93.72142791748047
2014-05-04,91.11188507080078
2014-05-05,63.878719329833984
2014-05-06,111.76004791259766
2014-05-07,80.20745086669922
2014-05-08,121.40300750732422
2014-05-09,119.73136138916016
2014-05-10,50.381256103515625
2014-05-11,94.45203399658203
2014-05-12,93.84044647216797
2014-05-13,114.07518005371094
2014-05-14,113.31475067138672
2014-05-15,60.22850036621094
2014-05-16,79.4108657836914
2014-05-17,40.28379821777344
2014-05-18,67.60342407226562
2014-05-19,56.4642219543457
2014-05-20,77.7395248413086
2014-05-21,94.7530746459961
2014-05-22,58.45708084106445
2014-05-23,110.1740951538086
2014-05-24,66.56834411621094
2014-05-25,111.29180908203125
2014-05-26,43.230899810791016
2014-05-27,68.70510864257812
2014-05-28,96.48255157470703
2014-05-29,114.96981048583984
2014-05-30,64.87747955322266
2014-05-31,48.314571380615234
2014-06-01,34.79587936401367
2014-06-02,57.27783203125
2014-06-03,84.3966293334961
2014-06-04,76.4748306274414
2014-06-05,107.98065185546875
2014-06-06,52.97283172607422
2014-06-07,23.87436294555664
2014-06-08,69.8853988647461
2014-06-09,75.93278503417969
2014-06-10,114.51898193359375
2014-06-11,130.0640106201172
2014-06-12,87.9742202758789
2014-06-13,99.44561767578125
2014-06-14,74.20626831054688
2014-06-15,65.59539794921875
2014-06-16,135.30911254882812
2014-06-17,207.0354766845703
2014-06-18,144.5634307861328
2014-06-19,104.74522399902344
2014-06-20,143.6958465576172
2014-06-21,89.03101348876953
2014-06-22,102.8747787475586
2014-06-23,129.00125122070312
2014-06-24,155.02163696289062
2014-06-25,94.64479064941406
2014-06-26,95.01924896240234
2014-06-27,136.6387939453125
2014-06-28,76.96761322021484
2014-06-29,91.17159271240234
2014-06-30,84.09903717041016
2014-07-01,127.72338104248047
2014-07-02,134.72164916992188
2014-07-03,93.11001586914062
2014-07-04,92.0157699584961
2014-07-05,73.1883316040039
2014-07-06,90.96295928955078
2014-07-07,124.0274887084961
2014-07-08,114.51898193359375
2014-07-09,109.20553588867188
2014-07-10,75.13040161132812
2014-07-11,116.42811584472656
2014-07-12,57.9457893371582
2014-07-13,123.22461700439453
2014-07-14,151.0289306640625
2014-07-15,97.30403137207031
2014-07-16,160.0869140625
2014-07-17,147.45384216308594
2014-07-18,207.27992248535156
2014-07-19,173.84658813476562
2014-07-20,116.2304458618164
2014-07-21,203.44903564453125
2014-07-22,208.98077392578125
2014-07-23,217.15283203125
2014-07-24,119.6003646850586
2014-07-25,180.27578735351562
2014-07-26,131.2224884033203
2014-07-27,110.41893005371094
2014-07-28,149.43914794921875
2014-07-29,169.99307250976562
2014-07-30,202.2324676513672
2014-07-31,141.76959228515625
2014-08-01,151.29515075683594
2014-08-02,47.034427642822266
2014-08-03,36.16340255737305
2014-08-04,155.696044921875
2014-08-05,172.57949829101562
2014-08-06,159.5406494140625
2014-08-07,177.72909545898438
2014-08-08,212.3964385986328
2014-08-09,142.10252380371094
2014-08-10,117.51902770996094
2014-08-11,206.7042236328125
2014-08-12,150.57125854492188
2014-08-13,165.8466033935547
2014-08-14,106.74224090576172
2014-08-15,131.8223419189453
2014-08-16,83.90495300292969
2014-08-17,79.55948638916016
2014-08-18,115.86087036132812
2014-08-19,216.1544952392578
2014-08-20,123.02521514892578
2014-08-21,153.53732299804688
2014-08-22,109.5760269165039
2014-08-23,108.71361541748047
2014-08-24,66.78563690185547
2014-08-25,167.60015869140625
2014-08-26,118.14370727539062
2014-08-27,143.0821075439453
2014-08-28,97.53470611572266
2014-08-29,157.33633422851562
2014-08-30,127.5322265625
2014-08-31,103.73385620117188
2014-09-01,227.84857177734375
2014-09-02,219.2826690673828
2014-09-03,184.26419067382812
2014-09-04,219.8441925048828
2014-09-05,117.66925048828125
2014-09-06,101.83300018310547
2014-09-07,78.72647094726562
2014-09-08,147.0210418701172
2014-09-09,110.5606689453125
2014-09-10,131.67970275878906
2014-09-11,118.18185424804688
2014-09-12,168.17050170898438
2014-09-13,99.93549346923828
2014-09-14,101.92516326904297
2014-09-15,112.8726806640625
2014-09-16,157.3469696044922
2014-09-17,159.79791259765625
2014-09-18,118.05796813964844
2014-09-19,132.80625915527344
2014-09-20,76.32644653320312
2014-09-21,79.82090759277344
2014-09-22,80.6785888671875
2014-09-23,179.1758270263672
2014-09-24,146.8816375732422
2014-09-25,107.52838134765625
2014-09-26,151.3148193359375
2014-09-27,128.7447509765625
2014-09-28,60.10707473754883
2014-09-29,101.27595520019531
2014-09-30,97.30403137207031
2014-10-01,108.3355484008789
2014-10-02,57.60987091064453
2014-10-03,103.98194122314453
2014-10-04,81.08733367919922
2014-10-05,50.47722244262695
2014-10-06,95.29304504394531
2014-10-07,67.60342407226562
2014-10-08,80.9824447631836
2014-10-09,75.36348724365234
2014-10-10,121.7016830444336
2014-10-11,64.35458374023438
2014-10-12,41.06488800048828
2014-10-13,80.6785888671875
2014-10-14,70.293212890625
2014-10-15,89.52886199951172
2014-10-16,68.58318328857422
2014-10-17,86.50884246826172
2014-10-18,51.01163101196289
2014-10-19,57.66558837890625
2014-10-20,75.8603286743164
2014-10-21,60.74390411376953
2014-10-22,78.49686431884766
2014-10-23,74.2879638671875
2014-10-24,91.68357849121094
2014-10-25,111.97412109375
2014-10-26,37.7142448425293
2014-10-27,96.68016815185547
2014-10-28,139.37872314453125
2014-10-29,92.36563873291016
2014-10-30,103.40233612060547
2014-10-31,89.83234405517578
2014-11-01,97.52098083496094
2014-11-02,44.93793487548828
2014-11-03,80.91041564941406
2014-11-04,79.87751770019531
2014-11-05,103.51773834228516
2014-11-06,41.02251052856445
2014-11-07,90.21154022216797
2014-11-08,62.501277923583984
2014-11-09,67.19204711914062
2014-11-10,57.861446380615234
2014-11-11,77.03646087646484
2014-11-12,57.4178352355957
2014-11-13,61.54497528076172
2014-11-14,77.44579315185547
2014-11-15,97.96873474121094
2014-11-16,51.25830078125
2014-11-17,136.548583984375
2014-11-18,87.40283966064453
2014-11-19,92.23857116699219
2014-11-20,89.15814208984375
2014-11-21,110.541748046875
2014-11-22,54.009254455566406
2014-11-23,76.59115600585938
2014-11-24,142.10719299316406
2014-11-25,163.63818359375
2014-11-26,119.0936508178711
2014-11-27,80.7943344116211
2014-11-28,90.86843872070312
2014-11-29,49.09932327270508
2014-11-30,83.9442138671875
2014-12-01,57.56436538696289
2014-12-02,108.90633392333984
2014-12-03,88.44233703613281
2014-12-04,89.80892944335938
2014-12-05,62.501277923583984
2014-12-06,61.644256591796875
2014-12-07,43.99995040893555
2014-12-08,109.46703338623047
2014-12-09,72.47573852539062
2014-12-10,107.7931900024414
2014-12-11,81.70773315429688
2014-12-12,77.55175018310547
2014-12-13,71.80872344970703
2014-12-14,88.24462890625
2014-12-15,66.97259521484375
2014-12-16,136.0686492919922
2014-12-17,144.743896484375
2014-12-18,122.81765747070312
2014-12-19,110.96691131591797
2014-12-20,73.45714569091797
2014-12-21,109.50636291503906
2014-12-22,74.2015151977539
2014-12-23,56.84593200683594
2014-12-24,123.6417236328125
2014-12-25,44.02083206176758
2014-12-26,114.01953887939453
2014-12-27,60.82398223876953
2014-12-28,32.71672058105469
2014-12-29,92.93777465820312
2014-12-30,69.61613464355469
2014-12-31,93.75191497802734
2015-01-01,74.57938385009766
2015-01-02,106.85701751708984
2015-01-03,53.42850875854492
2015-01-04,16.480436325073242
2015-01-05,100.71996307373047
2015-01-06,66.82413482666016
2015-01-07,78.7603530883789
2015-01-08,168.6398162841797
2015-01-09,64.71438598632812
2015-01-10,138.7462921142578
2015-01-11,96.12361145019531
2015-01-12,148.07835388183594
2015-01-13,151.55538940429688
2015-01-14,88.3912582397461
2015-01-15,132.78982543945312
2015-01-16,156.10951232910156
2015-01-17,108.23240661621094
2015-01-18,78.12659454345703
2015-01-19,120.25823974609375
2015-01-20,175.2919158935547
2015-01-21,148.50863647460938
2015-01-22,98.54320526123047
2015-01-23,109.11988067626953
2015-01-24,97.71585845947266
2015-01-25,110.41893005371094
2015-01-26,135.92604064941406
2015-01-27,95.16268157958984
2015-01-28,146.4594268798828
2015-01-29,105.28024291992188
2015-01-30,126.52168273925781
2015-01-31,60.167724609375
2015-02-01,114.22647094726562
2015-02-02,101.14710235595703
2015-02-03,141.2511749267578
2015-02-04,90.69612121582031
2015-02-05,89.42814636230469
2015-02-06,166.44029235839844
2015-02-07,116.95133972167969
2015-02-08,107.08731079101562
2015-02-09,128.9940643310547
2015-02-10,134.22850036621094
2015-02-11,110.84524536132812
2015-02-12,76.61225128173828
2015-02-13,139.6398468017578
2015-02-14,60.35042190551758
2015-02-15,70.78136444091797
2015-02-16,102.5166015625
2015-02-17,123.7453384399414
2015-02-18,154.67242431640625
2015-02-19,143.86007690429688
2015-02-20,136.84970092773438
2015-02-21,72.01234436035156
2015-02-22,83.68592071533203
2015-02-23,168.176513671875
2015-02-24,149.08883666992188
2015-02-25,114.378173828125
2015-02-26,95.06265258789062
2015-02-27,105.93698120117188
2015-02-28,51.557472229003906
2015-03-01,111.40922546386719
2015-03-02,105.46525573730469
2015-03-03,149.37307739257812
2015-03-04,218.31878662109375
2015-03-05,77.4869613647461
2015-03-06,86.04071807861328
2015-03-07,59.09745407104492
2015-03-08,86.04071807861328
2015-03-09,79.82090759277344
2015-03-10,89.771484375
2015-03-11,78.04478454589844
2015-03-12,105.60790252685547
2015-03-13,67.84777069091797
2015-03-14,66.88500213623047
2015-03-15,116.68535614013672
2015-03-16,109.26010131835938
2015-03-17,97.29219818115234
2015-03-18,117.37445068359375
2015-03-19,55.86671829223633
2015-03-20,94.76250457763672
2015-03-21,74.55940246582031
2015-03-22,78.87065887451172
2015-03-23,98.2957763671875
2015-03-24,100.38084411621094
2015-03-25,105.37905883789062
2015-03-26,103.40631103515625
2015-03-27,199.252197265625
2015-03-28,91.8117446899414
2015-03-29,129.1449432373047
2015-03-30,123.23540496826172
2015-03-31,131.05657958984375
2015-04-01,138.92813110351562
2015-04-02,113.84656524658203
2015-04-03,150.14471435546875
2015-04-04,165.62838745117188
2015-04-05,116.45745849609375
2015-04-06,116.78925323486328
2015-04-07,110.12525177001953
2015-04-08,166.75509643554688
2015-04-09,134.8137969970703
2015-04-10,142.1363983154297
2015-04-11,74.88043212890625
2015-04-12,53.0010871887207
2015-04-13,79.2243423461914
2015-04-14,121.64796447753906
2015-04-15,143.6572723388672
2015-04-16,104.71763610839844
2015-04-17,99.0600357055664
2015-04-18,47.478919982910156
2015-04-19,97.81204223632812
2015-04-20,91.7326431274414
2015-04-21,85.28290557861328
2015-04-22,75.58879852294922
2015-04-23,61.07770919799805
2015-04-24,156.40452575683594
2015-04-25,41.45420455932617
2015-04-26,39.279457092285156
2015-04-27,76.0417251586914
2015-04-28,46.00788497924805
2015-04-29,84.09903717041016
2015-04-30,52.747894287109375
2015-05-01,76.23860931396484
2015-05-02,41.45420455932617
2015-05-03,43.83359909057617
2015-05-04,70.595703125
2015-05-05,44.76443099975586
2015-05-06,99.69424438476562
2015-05-07,64.28498840332031
2015-05-08,71.75237274169922
2015-05-09,50.07369613647461
2015-05-10,52.5804443359375
2015-05-11,118.67454528808594
2015-05-12,62.16614532470703
2015-05-13,114.38423919677734
2015-05-14,77.46539306640625
2015-05-15,95.23632049560547
2015-05-16,78.19366455078125
2015-05-17,76.887451171875
2015-05-18,112.11767578125
2015-05-19,128.43557739257812
2015-05-20,71.46401977539062
2015-05-21,56.78687286376953
2015-05-22,84.28925323486328
2015-05-23,80.7943344116211
2015-05-24,63.16336441040039
2015-05-25,86.68401336669922
2015-05-26,37.399959564208984
2015-05-27,83.27684020996094
2015-05-28,55.8925895690918
2015-05-29,55.4736213684082
2015-05-30,68.61474609375
2015-05-31,84.0397720336914
2015-06-01,106.23394775390625
2015-06-02,65.3465576171875
2015-06-03,129.118896484375
2015-06-04,84.12870788574219
2015-06-05,62.501277923583984
2015-06-06,36.68402862548828
2015-06-07,86.60308074951172
2015-06-08,81.79179382324219
2015-06-09,95.46304321289062
2015-06-10,48.58432388305664
2015-06-11,54.965171813964844
2015-06-12,41.64371109008789
2015-06-13,56.14521408081055
2015-06-14,64.6985855102539
2015-06-15,63.19683837890625
2015-06-16,114.22647094726562
2015-06-17,79.92790985107422
2015-06-18,83.08512115478516
2015-06-19,44.27490234375
2015-06-20,99.45352935791016
2015-06-21,74.66853332519531
2015-06-22,90.68220520019531
2015-06-23,103.51773834228516
2015-06-24,84.81681060791016
2015-06-25,131.0054931640625
2015-06-26,81.48998260498047
2015-06-27,78.12659454345703
2015-06-28,109.96076202392578
2015-06-29,136.92648315429688
2015-06-30,169.31866455078125
2015-07-01,93.14065551757812
2015-07-02,84.56055450439453
2015-07-03,86.95490264892578
2015-07-04,50.12138366699219
2015-07-05,80.4021224975586
2015-07-06,109.32566833496094
2015-07-07,82.0898666381836
2015-07-08,61.78390121459961
2015-07-09,58.6295166015625
2015-07-10,107.38996887207031
2015-07-11,81.55207824707031
2015-07-12,105.27227783203125
2015-07-13,123.0675277709961
2015-07-14,67.70211029052734
2015-07-15,229.97799682617188
2015-07-16,117.64946746826172
2015-07-17,146.96043395996094
2015-07-18,63.4743537902832
2015-07-19,98.67223358154297
2015-07-20,125.31095123291016
2015-07-21,193.97918701171875
2015-07-22,152.95497131347656
2015-07-23,87.72247314453125
2015-07-24,113.35782623291016
2015-07-25,92.12703704833984
2015-07-26,127.40645599365234
2015-07-27,171.43505859375
2015-07-28,132.92807006835938
2015-07-29,99.94815826416016
2015-07-30,74.9848861694336
2015-07-31,72.27420043945312
2015-08-01,64.01097106933594
2015-08-02,69.55522918701172
2015-08-03,28.458484649658203
2015-08-04,155.10350036621094
2015-08-05,77.82831573486328
2015-08-06,128.7997283935547
2015-08-07,90.13789367675781
2015-08-08,68.75904083251953
2015-08-09,85.33546447753906
2015-08-10,88.92799377441406
2015-08-11,93.79849243164062
2015-08-12,97.42845916748047
2015-08-13,110.11305236816406
2015-08-14,78.32218170166016
2015-08-15,47.83491134643555
2015-08-16,71.2380142211914
2015-08-17,95.6089096069336
2015-08-18,88.54347229003906
2015-08-19,121.07337188720703
2015-08-20,28.846744537353516
2015-08-21,86.26477813720703
2015-08-22,79.31500244140625
2015-08-23,55.20946502685547
2015-08-24,103.35624694824219
2015-08-25,58.1152229309082
2015-08-26,79.10609436035156
2015-08-27,85.70679473876953
2015-08-28,52.88569641113281
2015-08-29,64.28009796142578
2015-08-30,70.75387573242188
2015-08-31,79.24803161621094
2015-09-01,96.3266830444336
2015-09-02,75.71583557128906
2015-09-03,85.4856185913086
2015-09-04,98.02912902832031
2015-09-05,91.27626037597656
2015-09-06,82.64202117919922
2015-09-07,84.0753173828125
2015-09-08,117.95494079589844
2015-09-09,142.70852661132812
2015-09-10,143.31256103515625
2015-09-11,118.87203979492188
2015-09-12,101.751220703125
2015-09-13,55.3118896484375
2015-09-14,79.94129943847656
2015-09-15,122.68769073486328
2015-09-16,83.47319030761719
2015-09-17,83.40997314453125
2015-09-18,83.91305541992188
2015-09-19,83.0118408203125
2015-09-20,68.18321228027344
2015-09-21,86.41481018066406
2015-09-22,188.75030517578125
2015-09-23,85.7754898071289
2015-09-24,88.69506072998047
2015-09-25,81.83991241455078
2015-09-26,78.38380432128906
2015-09-27,75.04198455810547
2015-09-28,92.13209533691406
2015-09-29,111.60942077636719
2015-09-30,101.27595520019531
2015-10-01,128.45445251464844
2015-10-02,180.3509063720703
2015-10-03,70.55522155761719
2015-10-04,81.99424743652344
2015-10-05,91.09561157226562
2015-10-06,113.13414764404297
2015-10-07,110.68245697021484
2015-10-08,70.63836669921875
2015-10-09,88.3863754272461
2015-10-10,107.57498931884766
2015-10-11,83.11102294921875
2015-10-12,79.31500244140625
2015-10-13,80.68500518798828
2015-10-14,105.43982696533203
2015-10-15,84.31990814208984
2015-10-16,90.19367218017578
2015-10-17,110.28762817382812
2015-10-18,67.10542297363281
2015-10-19,85.07396697998047
2015-10-20,70.16028594970703
2015-10-21,69.3731460571289
2015-10-22,68.85244750976562
2015-10-23,79.13984680175781
2015-10-24,73.32506561279297
2015-10-25,51.93921661376953
2015-10-26,83.86247253417969
2015-10-27,49.441307067871094
2015-10-28,68.03733825683594
2015-10-29,62.64903259277344
2015-10-30,91.50739288330078
2015-10-31,81.29000091552734
2015-11-01,46.562198638916016
2015-11-02,109.91929626464844
2015-11-03,53.27228927612305
2015-11-04,96.48255157470703
2015-11-05,60.44831085205078
2015-11-06,89.18451690673828
2015-11-07,102.21636962890625
2015-11-08,84.10816192626953
2015-11-09,87.3079833984375
2015-11-10,85.30216979980469
2015-11-11,51.980377197265625
2015-11-12,44.11854934692383
2015-11-13,61.5718879699707
2015-11-14,121.14533233642578
2015-11-15,129.0610809326172
2015-11-16,291.9892578125
2015-11-17,354.0518798828125
2015-11-18,309.495361328125
2015-11-19,242.89370727539062
2015-11-20,212.1929473876953
2015-11-21,171.53688049316406
2015-11-22,203.52639770507812
2015-11-23,170.00735473632812
2015-11-24,246.838134765625
2015-11-25,247.6171875
2015-11-26,172.9800262451172
2015-11-27,237.591064453125
2015-11-28,101.36375427246094
2015-11-29,103.51773834228516
2015-11-30,100.22897338867188
2015-12-01,170.49981689453125
2015-12-02,192.69784545898438
2015-12-03,157.9247283935547
2015-12-04,156.33291625976562
2015-12-05,158.12745666503906
2015-12-06,135.33836364746094
2015-12-07,197.36715698242188
2015-12-08,197.98146057128906
2015-12-09,199.49636840820312
2015-12-10,147.40721130371094
2015-12-11,150.00306701660156
2015-12-12,103.64730072021484
2015-12-13,81.62384796142578
2015-12-14,119.4185791015625
2015-12-15,142.25750732421875
2015-12-16,170.60433959960938
2015-12-17,162.97996520996094
2015-12-18,134.47500610351562
2015-12-19,115.4379653930664
2015-12-20,100.59858703613281
2015-12-21,165.0172119140625
2015-12-22,143.2771453857422
2015-12-23,73.7386703491211
2015-12-24,111.12447357177734
2015-12-25,160.93446350097656
2015-12-26,135.3522186279297
2015-12-27,102.93289184570312
2015-12-28,147.82249450683594
2015-12-29,109.34689331054688
2015-12-30,141.56272888183594
2015-12-31,70.10725402832031
2016-01-01,208.83578491210938
2016-01-02,89.81443786621094
2016-01-03,113.11206817626953
2016-01-04,133.57127380371094
2016-01-05,205.15902709960938
2016-01-06,161.46932983398438
2016-01-07,205.20330810546875
2016-01-08,181.01463317871094
2016-01-09,67.20005798339844
2016-01-10,100.81727600097656
2016-01-11,95.24954986572266
2016-01-12,106.3890380859375
2016-01-13,139.33460998535156
2016-01-14,125.4760513305664
2016-01-15,112.73136138916016
2016-01-16,92.98435974121094
2016-01-17,102.0298080444336
2016-01-18,147.984130859375
2016-01-19,154.4204559326172
2016-01-20,194.33729553222656
2016-01-21,87.86651611328125
2016-01-22,110.86237335205078
2016-01-23,82.91289520263672
2016-01-24,85.93925476074219
2016-01-25,82.81419372558594
2016-01-26,72.01234436035156
2016-01-27,93.97354888916016
2016-01-28,76.83790588378906
2016-01-29,83.25235748291016
2016-01-30,40.54550552368164
2016-01-31,40.72829055786133
2016-02-01,132.70687866210938
2016-02-02,103.51773834228516
2016-02-03,104.03104400634766
2016-02-04,96.6531753540039
2016-02-05,109.37723541259766
2016-02-06,77.32037353515625
2016-02-07,110.18936157226562
2016-02-08,139.5309295654297
2016-02-09,77.60041809082031
2016-02-10,99.32736206054688
2016-02-11,118.4752426147461
2016-02-12,106.14369201660156
2016-02-13,64.63546752929688
2016-02-14,115.97611236572266
2016-02-15,81.19038391113281
2016-02-16,128.85191345214844
2016-02-17,134.09194946289062
2016-02-18,118.95960998535156
2016-02-19,161.5886688232422
2016-02-20,69.3517837524414
2016-02-21,61.2178840637207
2016-02-22,104.66248321533203
2016-02-23,150.35768127441406
2016-02-24,115.6131362915039
2016-02-25,57.1890869140625
2016-02-26,88.87377166748047
2016-02-27,46.477352142333984
2016-02-28,101.82073211669922
2016-02-29,59.73482894897461
2016-03-01,123.23540496826172
2016-03-02,81.85124206542969
2016-03-03,131.77566528320312
2016-03-04,72.01234436035156
2016-03-05,68.61474609375
2016-03-06,51.65797424316406
2016-03-07,67.18156433105469
2016-03-08,103.05766296386719
2016-03-09,91.76087188720703
2016-03-10,99.94815826416016
2016-03-11,58.51002502441406
2016-03-12,55.942039489746094
2016-03-13,64.32170104980469
2016-03-14,134.74850463867188
2016-03-15,132.50270080566406
2016-03-16,100.38084411621094
2016-03-17,79.66934967041016
2016-03-18,104.46994018554688
2016-03-19,40.4869384765625
2016-03-20,74.36376190185547
2016-03-21,112.46371459960938
2016-03-22,76.37043762207031
2016-03-23,245.37538146972656
2016-03-24,141.8479766845703
2016-03-25,186.76197814941406
2016-03-26,101.58541107177734
2016-03-27,65.11189270019531
2016-03-28,157.18687438964844
2016-03-29,168.95631408691406
2016-03-30,140.47825622558594
2016-03-31,131.27745056152344
2016-04-01,156.7049102783203
2016-04-02,88.50371551513672
2016-04-03,105.79058837890625
2016-04-04,113.1427230834961
2016-04-05,89.26080322265625
2016-04-06,101.51417541503906
2016-04-07,93.87843322753906
2016-04-08,46.477352142333984
2016-04-09,44.5455322265625
2016-04-10,69.59175872802734
2016-04-11,95.73894500732422
2016-04-12,79.82090759277344
2016-04-13,97.70214080810547
2016-04-14,96.78153228759766
2016-04-15,86.41481018066406
2016-04-16,55.63744354248047
2016-04-17,64.11421203613281
2016-04-18,52.3036994934082
2016-04-19,90.2462387084961
2016-04-20,93.18052673339844
2016-04-21,93.311767578125
2016-04-22,76.72159576416016
2016-04-23,40.49593734741211
2016-04-24,86.98208618164062
2016-04-25,80.2722396850586
2016-04-26,80.30467224121094
2016-04-27,74.1619644165039
2016-04-28,105.86102294921875
2016-04-29,77.53734588623047
2016-04-30,71.83882141113281
2016-05-01,77.36357116699219
2016-05-02,99.31861114501953
2016-05-03,71.12875366210938
2016-05-04,104.36856842041016
2016-05-05,103.82675170898438
2016-05-06,79.36795043945312
2016-05-07,54.57969665527344
2016-05-08,22.33191680908203
2016-05-09,100.38084411621094
2016-05-10,72.8036880493164
2016-05-11,113.59468841552734
2016-05-12,101.35812377929688
2016-05-13,88.21751403808594
2016-05-14,45.949867248535156
2016-05-15,72.96404266357422
2016-05-16,66.86859893798828
2016-05-17,88.40447235107422
2016-05-18,92.40077209472656
2016-05-19,73.92061614990234
2016-05-20,115.90248107910156
2016-05-21,83.91305541992188
2016-05-22,104.1688003540039
2016-05-23,121.707763671875
2016-05-24,86.67697143554688
2016-05-25,75.74468994140625
2016-05-26,68.9161148071289
2016-05-27,81.85124206542969
2016-05-28,62.501277923583984
2016-05-29,44.966983795166016
2016-05-30,108.72760772705078
2016-05-31,141.11044311523438
2016-06-01,100.83919525146484
2016-06-02,94.64479064941406
2016-06-03,144.19883728027344
2016-06-04,56.81184768676758
2016-06-05,63.55046081542969
2016-06-06,101.40513610839844
2016-06-07,79.2243423461914
2016-06-08,76.72159576416016
2016-06-09,61.34384536743164
2016-06-10,62.16614532470703
2016-06-11,44.436885833740234
2016-06-12,16.358360290527344
2016-06-13,93.311767578125
2016-06-14,108.35501861572266
2016-06-15,129.708984375
2016-06-16,78.98127746582031
2016-06-17,99.28677368164062
2016-06-18,70.89918518066406
2016-06-19,103.74932098388672
2016-06-20,90.8284683227539
2016-06-21,116.31917572021484
2016-06-22,104.51173400878906
2016-06-23,106.85701751708984
2016-06-24,67.60342407226562
2016-06-25,54.495826721191406
2016-06-26,38.25135803222656
2016-06-27,109.86957550048828
2016-06-28,96.44184112548828
2016-06-29,151.0141143798828
2016-06-30,134.22850036621094
2016-07-01,112.06250762939453
2016-07-02,88.87377166748047
2016-07-03,102.71527862548828
2016-07-04,42.83492660522461
2016-07-05,98.27861785888672
2016-07-06,107.6462173461914
2016-07-07,141.4793243408203
2016-07-08,131.0286407470703
2016-07-09,109.11988067626953
2016-07-10,121.48780822753906
2016-07-11,90.2462387084961
2016-07-12,114.82037353515625
2016-07-13,57.69348907470703
2016-07-14,109.42415618896484
2016-07-15,91.61395263671875
2016-07-16,237.53746032714844
2016-07-17,188.21408081054688
2016-07-18,158.04234313964844
2016-07-19,190.2488250732422
2016-07-20,104.29373168945312
2016-07-21,146.57379150390625
2016-07-22,150.14471435546875
2016-07-23,77.7395248413086
2016-07-24,104.01782989501953
2016-07-25,100.5713119506836
2016-07-26,81.79179382324219
2016-07-27,99.42936706542969
2016-07-28,90.89362335205078
2016-07-29,107.76387023925781
2016-07-30,66.51741790771484
2016-07-31,49.318626403808594
2016-08-01,98.58832550048828
2016-08-02,126.30240631103516
2016-08-03,118.50753784179688
2016-08-04,154.44447326660156
2016-08-05,93.311767578125
2016-08-06,45.007713317871094
2016-08-07,72.89268493652344
2016-08-08,116.02689361572266
2016-08-09,114.03922271728516
2016-08-10,116.2304458618164
2016-08-11,97.57951354980469
2016-08-12,112.60853576660156
2016-08-13,96.78153228759766
2016-08-14,87.17283630371094
2016-08-15,97.81204223632812
2016-08-16,95.1244125366211
2016-08-17,61.155094146728516
2016-08-18,118.65913391113281
2016-08-19,78.40396881103516
2016-08-20,55.85392761230469
2016-08-21,23.110937118530273
2016-08-22,84.60388946533203
2016-08-23,89.98486328125
2016-08-24,139.23226928710938
2016-08-25,176.9652099609375
2016-08-26,80.30467224121094
2016-08-27,117.3005599975586
2016-08-28,71.81718444824219
2016-08-29,151.196044921875
2016-08-30,79.74700164794922
2016-08-31,86.18061828613281
2016-09-01,72.01234436035156
2016-09-02,77.37384033203125
2016-09-03,81.90414428710938
2016-09-04,86.4900131225586
2016-09-05,52.6999397277832
2016-09-06,91.33917999267578
2016-09-07,91.87398529052734
2016-09-08,60.41156768798828
2016-09-09,116.9141616821289
2016-09-10,110.29214477539062
2016-09-11,93.0932388305664
2016-09-12,137.5460662841797
2016-09-13,122.2564468383789
2016-09-14,115.55469512939453
2016-09-15,99.23526000976562
2016-09-16,51.03395462036133
2016-09-17,66.83617401123047
2016-09-18,104.68611907958984
2016-09-19,255.72784423828125
2016-09-20,183.1067657470703
2016-09-21,162.7410430908203
2016-09-22,95.46304321289062
2016-09-23,100.2487564086914
2016-09-24,71.66613006591797
2016-09-25,52.461483001708984
2016-09-26,133.84112548828125
2016-09-27,83.86247253417969
2016-09-28,115.8915786743164
2016-09-29,104.65530395507812
2016-09-30,120.28876495361328
2016-10-01,47.720062255859375
2016-10-02,64.79350280761719
2016-10-03,64.83673858642578
2016-10-04,147.34649658203125
2016-10-05,119.91195678710938
2016-10-06,92.69335174560547
2016-10-07,25.318988800048828
2016-10-08,50.19042205810547
2016-10-09,101.5645751953125
2016-10-10,90.01542663574219
2016-10-11,85.37545776367188
2016-10-12,101.61250305175781
2016-10-13,112.53922271728516
2016-10-14,93.18052673339844
2016-10-15,60.44831085205078
2016-10-16,53.55189895629883
2016-10-17,128.75704956054688
2016-10-18,114.42375946044922
2016-10-19,112.19987487792969
2016-10-20,115.55469512939453
2016-10-21,78.98127746582031
2016-10-22,81.6326675415039
2016-10-23,79.82090759277344
2016-10-24,86.04071807861328
2016-10-25,71.29698944091797
2016-10-26,96.95320129394531
2016-10-27,99.09390258789062
2016-10-28,82.20970916748047
2016-10-29,66.83617401123047
2016-10-30,82.43946838378906
2016-10-31,63.814788818359375
2016-11-01,89.67141723632812
2016-11-02,77.03646087646484
2016-11-03,62.05097961425781
2016-11-04,48.217872619628906
2016-11-05,65.12256622314453
2016-11-06,69.65679931640625
2016-11-07,66.01131439208984
2016-11-08,89.67141723632812
2016-11-09,50.19042205810547
2016-11-10,71.2380142211914
2016-11-11,94.90303039550781
2016-11-12,39.57667541503906
2016-11-13,67.60342407226562
2016-11-14,153.25045776367188
2016-11-15,81.45658111572266
2016-11-16,106.85701751708984
2016-11-17,59.95597839355469
2016-11-18,92.14374542236328
2016-11-19,61.87860107421875
2016-11-20,52.5804443359375
2016-11-21,118.51763153076172
2016-11-22,100.06166076660156
2016-11-23,75.68257141113281
2016-11-24,67.71858978271484
2016-11-25,76.48912811279297
2016-11-26,83.14237976074219
2016-11-27,109.89561462402344
2016-11-28,111.19926452636719
2016-11-29,145.42979431152344
2016-11-30,120.1720199584961
2016-12-01,146.6143341064453
2016-12-02,64.86146545410156
2016-12-03,36.35190963745117
2016-12-04,22.950815200805664
2016-12-05,85.22901153564453
2016-12-06,68.572265625
2016-12-07,103.3477554321289
2016-12-08,75.39987182617188
2016-12-09,71.08514404296875
2016-12-10,62.58562469482422
2016-12-11,47.32239532470703
2016-12-12,95.49745178222656
2016-12-13,137.07176208496094
2016-12-14,110.9472427368164
2016-12-15,108.9334716796875
2016-12-16,107.91650390625
2016-12-17,57.11323547363281
2016-12-18,81.59033203125
2016-12-19,85.88137817382812
2016-12-20,114.6426010131836
2016-12-21,195.18496704101562
2016-12-22,125.21733856201172
2016-12-23,182.83653259277344
2016-12-24,100.55011749267578
2016-12-25,90.06981658935547
2016-12-26,95.73894500732422
2016-12-27,90.86843872070312
2016-12-28,127.40645599365234
2016-12-29,98.7843246459961
2016-12-30,206.6664276123047
2016-12-31,152.97825622558594
2017-01-01,108.47199249267578
2017-01-02,146.65013122558594
2017-01-03,121.9743881225586
2017-01-04,108.89063262939453
2017-01-05,68.13825988769531
2017-01-06,129.0610809326172
2017-01-07,71.2380142211914
2017-01-08,37.814701080322266
2017-01-09,161.02760314941406
2017-01-10,66.47293090820312
2017-01-11,137.6140899658203
2017-01-12,129.81033325195312
2017-01-13,127.04450225830078
2017-01-14,64.44683837890625
2017-01-15,29.185617446899414
2017-01-16,72.58614349365234
2017-01-17,100.71996307373047
2017-01-18,102.49857330322266
2017-01-19,125.66645050048828
2017-01-20,104.65530395507812
2017-01-21,39.01728820800781
2017-01-22,85.1360855102539
2017-01-23,111.45087432861328
2017-01-24,96.97809600830078
2017-01-25,104.37609100341797
2017-01-26,111.43194580078125
2017-01-27,119.15711212158203
2017-01-28,98.63725280761719
2017-01-29,116.2304458618164
2017-01-30,166.4895477294922
2017-01-31,188.69056701660156
2017-02-01,150.57125854492188
2017-02-02,166.10296630859375
2017-02-03,184.0315399169922
2017-02-04,148.07135009765625
2017-02-05,50.518463134765625
2017-02-06,83.56026458740234
2017-02-07,184.3418731689453
2017-02-08,101.92516326904297
2017-02-09,92.30064392089844
2017-02-10,212.408935546875
2017-02-11,128.20175170898438
2017-02-12,89.32766723632812
2017-02-13,132.0226287841797
2017-02-14,185.8536376953125
2017-02-15,118.85968017578125
2017-02-16,127.40645599365234
2017-02-17,88.52149963378906
2017-02-18,92.24872589111328
2017-02-19,95.06265258789062
2017-02-20,110.41893005371094
2017-02-21,139.23226928710938
2017-02-22,95.24954986572266
2017-02-23,59.775657653808594
2017-02-24,90.82076263427734
2017-02-25,43.472015380859375
2017-02-26,48.10783004760742
2017-02-27,81.36131286621094
2017-02-28,69.56926727294922
2017-03-01,130.10084533691406
2017-03-02,114.5424575805664
2017-03-03,64.7708740234375
2017-03-04,16.43954086303711
2017-03-05,122.122314453125
2017-03-06,117.259033203125
2017-03-07,141.88922119140625
2017-03-08,111.12447357177734
2017-03-09,123.0382308959961
2017-03-10,71.80421447753906
2017-03-11,52.903411865234375
2017-03-12,75.8024673461914
2017-03-13,78.47029876708984
2017-03-14,59.832916259765625
2017-03-15,95.8620834350586
2017-03-16,80.57597351074219
2017-03-17,97.03926849365234
2017-03-18,91.13523864746094
2017-03-19,99.91503143310547
2017-03-20,140.57020568847656
2017-03-21,81.21882629394531
2017-03-22,156.499267578125
2017-03-23,131.1907958984375
2017-03-24,177.37338256835938
2017-03-25,83.81195068359375
2017-03-26,46.93921661376953
2017-03-27,116.55330657958984
2017-03-28,87.32604217529297
2017-03-29,93.54426574707031
2017-03-30,75.62940216064453
2017-03-31,118.13721466064453
2017-04-01,66.33427429199219
2017-04-02,68.06645965576172
2017-04-03,79.89495086669922
2017-04-04,150.57125854492188
2017-04-05,125.19940948486328
2017-04-06,124.10195922851562
2017-04-07,143.82296752929688
2017-04-08,176.61795043945312
2017-04-09,130.3556671142578
2017-04-10,134.95645141601562
2017-04-11,97.26019287109375
2017-04-12,171.33970642089844
2017-04-13,156.74610900878906
2017-04-14,123.9395980834961
2017-04-15,118.7955322265625
2017-04-16,86.14241790771484
2017-04-17,111.51217651367188
2017-04-18,106.6658706665039
2017-04-19,152.96888732910156
2017-04-20,178.77349853515625
2017-04-21,130.75924682617188
2017-04-22,127.40645599365234
2017-04-23,41.20109176635742
2017-04-24,142.7318115234375
2017-04-25,61.82086181640625
2017-04-26,92.1579818725586
2017-04-27,104.49739837646484
2017-04-28,126.36498260498047
2017-04-29,84.0753173828125
2017-04-30,37.988162994384766
2017-05-01,126.25030517578125
2017-05-02,126.7417221069336
2017-05-03,109.7222671508789
2017-05-04,95.95024108886719
2017-05-05,76.30575561523438
2017-05-06,69.86804962158203
2017-05-07,22.034818649291992
2017-05-08,72.8036880493164
2017-05-09,77.81199645996094
2017-05-10,123.99986267089844
2017-05-11,99.90283203125
2017-05-12,78.98820495605469
2017-05-13,30.51049041748047
2017-05-14,37.64281463623047
2017-05-15,75.4284896850586
2017-05-16,74.9207534790039
2017-05-17,97.42845916748047
2017-05-18,97.73103332519531
2017-05-19,75.71583557128906
2017-05-20,62.501277923583984
2017-05-21,54.866546630859375
2017-05-22,143.4822235107422
2017-05-23,139.23226928710938
2017-05-24,181.95040893554688
2017-05-25,146.43972778320312
2017-05-26,218.0687255859375
2017-05-27,150.57125854492188
2017-05-28,86.60308074951172
2017-05-29,103.30252838134766
2017-05-30,128.18490600585938
2017-05-31,157.74131774902344
2017-06-01,90.67247772216797
2017-06-02,88.57132720947266
2017-06-03,80.7943344116211
2017-06-04,85.85488891601562
2017-06-05,276.6095275878906
2017-06-06,227.27735900878906
2017-06-07,245.9568328857422
2017-06-08,182.93284606933594
2017-06-09,121.29351043701172
2017-06-10,67.0400619506836
2017-06-11,50.518463134765625
2017-06-12,144.54840087890625
2017-06-13,107.03875732421875
2017-06-14,77.39643859863281
2017-06-15,108.01850891113281
2017-06-16,105.61810302734375
2017-06-17,71.37345123291016
2017-06-18,97.20853424072266
2017-06-19,171.01210021972656
2017-06-20,204.19937133789062
2017-06-21,180.24266052246094
2017-06-22,210.32177734375
2017-06-23,107.30852508544922
2017-06-24,90.93323516845703
2017-06-25,65.09412384033203
2017-06-26,128.3940887451172
2017-06-27,106.09647369384766
2017-06-28,110.05207824707031
2017-06-29,103.35624694824219
2017-06-30,102.60165405273438
2017-07-01,96.48255157470703
2017-07-02,66.547119140625
2017-07-03,120.5723876953125
2017-07-04,77.9427719116211
2017-07-05,208.90066528320312
2017-07-06,177.17137145996094
2017-07-07,115.72289276123047
2017-07-08,100.65813446044922
2017-07-09,113.18568420410156
2017-07-10,98.00495910644531
2017-07-11,112.50230407714844
2017-07-12,94.16999053955078
2017-07-13,55.37727355957031
2017-07-14,93.1047134399414
2017-07-15,35.428531646728516
2017-07-16,44.069637298583984
2017-07-17,113.9952392578125
2017-07-18,140.66104125976562
2017-07-19,67.03340911865234
2017-07-20,114.76612091064453
2017-07-21,80.10476684570312
2017-07-22,94.76786804199219
2017-07-23,120.32831573486328
2017-07-24,53.321006774902344
2017-07-25,100.20222473144531
2017-07-26,125.10517883300781
2017-07-27,107.20284271240234
2017-07-28,113.88499450683594
2017-07-29,66.25135040283203
2017-07-30,71.32322692871094
2017-07-31,170.75091552734375
2017-08-01,198.3933563232422
2017-08-02,145.28805541992188
2017-08-03,135.8093719482422
2017-08-04,95.55484008789062
2017-08-05,77.60041809082031
2017-08-06,77.9427719116211
2017-08-07,127.92436218261719
2017-08-08,169.71409606933594
2017-08-09,136.29527282714844
2017-08-10,215.31689453125
2017-08-11,145.5007781982422
2017-08-12,181.9040069580078
2017-08-13,75.97632598876953
2017-08-14,202.68099975585938
2017-08-15,232.3563690185547
2017-08-16,159.36752319335938
2017-08-17,102.84115600585938
2017-08-18,138.9141387939453
2017-08-19,126.86429595947266
2017-08-20,73.74918365478516
2017-08-21,177.33230590820312
2017-08-22,250.00511169433594
2017-08-23,149.3144073486328
2017-08-24,95.28536224365234
2017-08-25,86.63638305664062
2017-08-26,129.9990234375
2017-08-27,65.23656463623047
2017-08-28,126.38310241699219
2017-08-29,85.88137817382812
2017-08-30,142.64645385742188
2017-08-31,121.707763671875
2017-09-01,133.69107055664062
2017-09-02,67.69552612304688
2017-09-03,57.11323547363281
2017-09-04,253.09506225585938
2017-09-05,188.14927673339844
2017-09-06,202.4923858642578
2017-09-07,152.65289306640625
2017-09-08,132.6992950439453
2017-09-09,45.15271759033203
2017-09-10,90.01542663574219
2017-09-11,63.70322799682617
2017-09-12,125.10517883300781
2017-09-13,138.88095092773438
2017-09-14,84.80172729492188
2017-09-15,120.09308624267578
2017-09-16,104.74522399902344
2017-09-17,88.92799377441406
2017-09-18,172.77781677246094
2017-09-19,129.6927032470703
2017-09-20,162.99935913085938
2017-09-21,139.58956909179688
2017-09-22,107.4874496459961
2017-09-23,95.8901138305664
2017-09-24,97.23780059814453
2017-09-25,55.39410400390625
2017-09-26,133.39198303222656
2017-09-27,132.11126708984375
2017-09-28,150.35079956054688
2017-09-29,72.12433624267578
2017-09-30,63.8707160949707
2017-10-01,60.6419677734375
2017-10-02,148.87945556640625
2017-10-03,90.38383483886719
2017-10-04,108.68004608154297
2017-10-05,83.91305541992188
2017-10-06,151.4772186279297
2017-10-07,79.36054229736328
2017-10-08,95.69639587402344
2017-10-09,61.34384536743164
2017-10-10,95.95598602294922
2017-10-11,115.2568588256836
2017-10-12,85.92912292480469
2017-10-13,68.34180450439453
2017-10-14,87.71141052246094
2017-10-15,98.54320526123047
2017-10-16,111.01097869873047
2017-10-17,108.01850891113281
2017-10-18,118.03402709960938
2017-10-19,121.04388427734375
2017-10-20,72.2603759765625
2017-10-21,60.9871940612793
2017-10-22,36.4018440246582
2017-10-23,104.00526428222656
2017-10-24,110.12525177001953
2017-10-25,119.0936508178711
2017-10-26,83.75645446777344
2017-10-27,94.87067413330078
2017-10-28,62.3332633972168
2017-10-29,49.62648391723633
2017-10-30,97.42845916748047
2017-10-31,68.25345611572266
2017-11-01,75.8603286743164
2017-11-02,188.31134033203125
2017-11-03,88.22819519042969
2017-11-04,43.894447326660156
2017-11-05,105.49578857421875
2017-11-06,132.50270080566406
2017-11-07,113.52740478515625
2017-11-08,181.0870361328125
2017-11-09,109.60702514648438
2017-11-10,107.6008071899414
2017-11-11,51.84888458251953
2017-11-12,59.551780700683594
2017-11-13,83.04486846923828
2017-11-14,111.65958404541016
2017-11-15,71.92547607421875
2017-11-16,119.26782989501953
2017-11-17,49.271602630615234
2017-11-18,26.955793380737305
2017-11-19,60.78105545043945
2017-11-20,57.03129577636719
2017-11-21,144.8372344970703
2017-11-22,143.44000244140625
2017-11-23,48.649192810058594
2017-11-24,74.12738800048828
2017-11-25,55.61498260498047
2017-11-26,16.43954086303711
2017-11-27,164.1797332763672
2017-11-28,101.45014190673828
2017-11-29,99.85459899902344
2017-11-30,111.56315612792969
2017-12-01,110.03947448730469
2017-12-02,21.3911190032959
2017-12-03,34.650291442871094
2017-12-04,64.41104125976562
2017-12-05,133.23780822753906
2017-12-06,109.0212173461914
2017-12-07,64.61444854736328
2017-12-08,89.091064453125
2017-12-09,55.40386199951172
2017-12-10,96.33865356445312
2017-12-11,142.69522094726562
2017-12-12,97.67827606201172
2017-12-13,80.26045227050781
2017-12-14,104.08340454101562
2017-12-15,90.98188018798828
2017-12-16,37.324703216552734
2017-12-17,53.28527069091797
2017-12-18,67.39183044433594
2017-12-19,78.6366195678711
2017-12-20,93.0496597290039
2017-12-21,94.13250732421875
2017-12-22,69.98382568359375
2017-12-23,67.17501068115234
2017-12-24,89.52886199951172
2017-12-25,73.61261749267578
2017-12-26,97.9522705078125
2017-12-27,115.55469512939453
2017-12-28,128.48069763183594
2017-12-29,121.5621109008789
2017-12-30,93.7921371459961
2017-12-31,47.662845611572266
2018-01-01,96.5763168334961
2018-01-02,188.69056701660156
2018-01-03,138.02365112304688
2018-01-04,146.35792541503906
2018-01-05,66.51741790771484
2018-01-06,78.94584655761719
2018-01-07,30.460391998291016
2018-01-08,82.1722183227539
2018-01-09,77.14198303222656
2018-01-10,71.72000122070312
2018-01-11,95.51309204101562
2018-01-12,167.51290893554688
2018-01-13,83.7867202758789
2018-01-14,63.24711990356445
2018-01-15,58.96156311035156
2018-01-16,58.74949645996094
2018-01-17,128.2569580078125
2018-01-18,82.81419372558594
2018-01-19,102.11367797851562
2018-01-20,68.94937133789062
2018-01-21,71.32322692871094
2018-01-22,129.9990234375
2018-01-23,129.00125122070312
2018-01-24,136.3526611328125
2018-01-25,82.48857879638672
2018-01-26,65.83985137939453
2018-01-27,43.261146545410156
2018-01-28,32.47615432739258
2018-01-29,76.4438705444336
2018-01-30,95.8901138305664
2018-01-31,102.40994262695312
2018-02-01,52.32488250732422
2018-02-02,30.99478530883789
2018-02-03,72.01234436035156
2018-02-04,53.42850875854492
2018-02-05,84.5761947631836
2018-02-06,56.73699188232422
2018-02-07,76.4438705444336
2018-02-08,93.48350524902344
2018-02-09,72.09941864013672
2018-02-10,36.4018440246582
2018-02-11,44.66383361816406
2018-02-12,124.49918365478516
2018-02-13,73.42066192626953
2018-02-14,37.50076675415039
2018-02-15,69.69510650634766
2018-02-16,53.116973876953125
2018-02-17,50.916500091552734
2018-02-18,64.8251953125
2018-02-19,91.53900146484375
2018-02-20,91.38117980957031
2018-02-21,72.11685943603516
2018-02-22,53.79000473022461
2018-02-23,74.92713165283203
2018-02-24,48.79865646362305
2018-02-25,37.21986389160156
2018-02-26,90.38383483886719
2018-02-27,65.59539794921875
2018-02-28,70.12908172607422
2018-03-01,93.70771789550781
2018-03-02,151.3148193359375
2018-03-03,47.11207580566406
2018-03-04,55.790611267089844
2018-03-05,108.14913177490234
2018-03-06,88.45307922363281
2018-03-07,134.17996215820312
2018-03-08,106.09647369384766
2018-03-09,101.20653533935547
2018-03-10,106.64852142333984
2018-03-11,72.64402770996094
2018-03-12,135.9002227783203
2018-03-13,119.58728790283203
2018-03-14,94.99882507324219
2018-03-15,189.4098358154297
2018-03-16,173.33203125
2018-03-17,86.76510620117188
2018-03-18,61.62916564941406
2018-03-19,95.18872833251953
2018-03-20,134.78366088867188
2018-03-21,171.2620086669922
2018-03-22,162.07073974609375
2018-03-23,84.1159896850586
2018-03-24,148.64085388183594
2018-03-25,54.60276794433594
2018-03-26,81.37810516357422
2018-03-27,90.82076263427734
2018-03-28,91.53147888183594
2018-03-29,176.90615844726562
2018-03-30,48.476600646972656
2018-03-31,119.91195678710938
2018-04-01,44.865478515625
2018-04-02,139.22386169433594
2018-04-03,105.72024536132812
2018-04-04,70.6681137084961
2018-04-05,69.10179901123047
2018-04-06,100.5026626586914
2018-04-07,101.63198852539062
2018-04-08,84.3966293334961
2018-04-09,102.21106719970703
2018-04-10,213.29278564453125
2018-04-11,102.49281311035156
2018-04-12,296.52142333984375
2018-04-13,117.60595703125
2018-04-14,95.6698226928711
2018-04-15,96.12361145019531
2018-04-16,194.28549194335938
2018-04-17,178.36903381347656
2018-04-18,234.35853576660156
2018-04-19,214.136962890625
2018-04-20,71.06819915771484
2018-04-21,48.051753997802734
2018-04-22,29.31475830078125
2018-04-23,88.52149963378906
2018-04-24,150.57125854492188
2018-04-25,193.12814331054688
2018-04-26,146.26922607421875
2018-04-27,91.80326080322266
2018-04-28,93.78045654296875
2018-04-29,52.5804443359375
2018-04-30,134.5440673828125
2018-05-01,155.34799194335938
2018-05-02,186.62353515625
2018-05-03,125.34039306640625
2018-05-04,139.01663208007812
2018-05-05,64.47073364257812
2018-05-06,22.950815200805664
2018-05-07,79.70087432861328
2018-05-08,125.366455078125
2018-05-09,284.1881103515625
2018-05-10,233.39476013183594
2018-05-11,163.6328582763672
2018-05-12,99.87641143798828
2018-05-13,98.31822204589844
2018-05-14,125.73249816894531
2018-05-15,112.64398956298828
2018-05-16,150.57125854492188
2018-05-17,152.6919708251953
2018-05-18,92.46244812011719
2018-05-19,55.5361442565918
2018-05-20,35.240081787109375
2018-05-21,125.66645050048828
2018-05-22,81.85124206542969
2018-05-23,179.17031860351562
2018-05-24,153.59022521972656
2018-05-25,140.5561981201172
2018-05-26,108.21454620361328
2018-05-27,84.34778594970703
2018-05-28,102.57495880126953
2018-05-29,71.2380142211914
2018-05-30,141.90927124023438
2018-05-31,92.13764190673828
2018-06-01,186.23287963867188
2018-06-02,90.7124252319336
2018-06-03,54.559940338134766
2018-06-04,146.1427001953125
2018-06-05,178.0370330810547
2018-06-06,108.60877227783203
2018-06-07,88.7294921875
2018-06-08,116.16471099853516
2018-06-09,79.71419525146484
2018-06-10,91.42967987060547
2018-06-11,135.01004028320312
2018-06-12,155.8855438232422
2018-06-13,140.87469482421875
2018-06-14,188.4875030517578
2018-06-15,69.98382568359375
2018-06-16,125.56664276123047
2018-06-17,24.537538528442383
2018-06-18,47.07783508300781
2018-06-19,99.42222595214844
2018-06-20,121.3394775390625
2018-06-21,93.59835052490234
2018-06-22,57.31085968017578
2018-06-23,29.68250846862793
2018-06-24,47.90903854370117
2018-06-25,87.7807388305664
2018-06-26,137.2349395751953
2018-06-27,130.60302734375
2018-06-28,88.44233703613281
2018-06-29,141.04144287109375
2018-06-30,38.59983444213867
2018-07-01,59.28532791137695
2018-07-02,123.02521514892578
2018-07-03,146.81739807128906
2018-07-04,49.220916748046875
2018-07-05,119.5712890625
2018-07-06,128.33192443847656
2018-07-07,82.65523529052734
2018-07-08,68.06645965576172
2018-07-09,170.4659423828125
2018-07-10,121.88159942626953
2018-07-11,125.24701690673828
2018-07-12,172.8645782470703
2018-07-13,125.4760513305664
2018-07-14,102.95000457763672
2018-07-15,104.6073989868164
2018-07-16,168.76254272460938
2018-07-17,100.79735565185547
2018-07-18,88.57132720947266
2018-07-19,143.0528564453125
2018-07-20,54.0997200012207
2018-07-21,121.85631561279297
2018-07-22,72.71489715576172
2018-07-23,161.70819091796875
2018-07-24,161.12632751464844
2018-07-25,105.160888671875
2018-07-26,107.8719482421875
2018-07-27,119.3347396850586
2018-07-28,38.48094177246094
2018-07-29,23.49338722229004
2018-07-30,118.85968017578125
2018-07-31,109.94091796875
2018-08-01,140.02928161621094
2018-08-02,121.88159942626953
2018-08-03,147.8824920654297
2018-08-04,84.67708587646484
2018-08-05,53.92552185058594
2018-08-06,162.54562377929688
2018-08-07,200.45794677734375
2018-08-08,129.0610809326172
2018-08-09,170.8864288330078
2018-08-10,121.93501281738281
2018-08-11,156.44570922851562
2018-08-12,85.73704528808594
2018-08-13,142.4760284423828
2018-08-14,136.3998565673828
2018-08-15,111.38750457763672
2018-08-16,128.16482543945312
2018-08-17,107.13349151611328
2018-08-18,54.923404693603516
2018-08-19,57.11323547363281
2018-08-20,106.85701751708984
2018-08-21,152.000732421875
2018-08-22,119.32880401611328
2018-08-23,120.28876495361328
2018-08-24,44.46399688720703
2018-08-25,72.99467468261719
2018-08-26,43.39608383178711
2018-08-27,109.45875549316406
2018-08-28,134.43862915039062
2018-08-29,139.90408325195312
2018-08-30,86.16505432128906
2018-08-31,62.03310012817383
2018-09-01,80.2463150024414
2018-09-02,49.1270637512207
2018-09-03,94.16999053955078
2018-09-04,14.36084270477295
2018-09-05,85.92912292480469
2018-09-06,97.68965911865234
2018-09-07,87.86651611328125
2018-09-08,59.63218307495117
2018-09-09,47.51633834838867
2018-09-10,55.42262268066406
2018-09-11,81.84497833251953
2018-09-12,80.89298248291016
2018-09-13,68.56543731689453
2018-09-14,118.30599212646484
2018-09-15,63.412872314453125
2018-09-16,7.232680797576904
2018-09-17,91.08362579345703
2018-09-18,105.00934600830078
2018-09-19,58.6295166015625
2018-09-20,107.92826843261719
2018-09-21,113.79048919677734
2018-09-22,37.80805969238281
2018-09-23,27.95415687561035
2018-09-24,143.44000244140625
2018-09-25,95.44012451171875
2018-09-26,110.15664672851562
2018-09-27,73.69881439208984
2018-09-28,81.45658111572266
2018-09-29,44.05010223388672
2018-09-30,36.24253463745117
2018-10-01,120.77069091796875
2018-10-02,36.00617218017578
2018-10-03,94.41998291015625
2018-10-04,69.01182556152344
2018-10-05,78.21883392333984
2018-10-06,50.7187385559082
2018-10-07,42.559757232666016
2018-10-08,49.10814666748047
2018-10-09,95.87750244140625
2018-10-10,104.19609832763672
2018-10-11,130.70550537109375
2018-10-12,87.06867980957031
2018-10-13,48.09535598754883
2018-10-14,81.79179382324219
2018-10-15,122.86271667480469
2018-10-16,134.61813354492188
2018-10-17,117.82046508789062
2018-10-18,127.05738830566406
2018-10-19,106.1982192993164
2018-10-20,86.23381042480469
2018-10-21,35.09075927734375
2018-10-22,83.91838073730469
2018-10-23,108.8228530883789
2018-10-24,127.58169555664062
2018-10-25,141.05126953125
2018-10-26,159.10116577148438
2018-10-27,94.45203399658203
2018-10-28,51.074832916259766
2018-10-29,94.36099243164062
2018-10-30,109.74150848388672
2018-10-31,81.52692413330078
2018-11-01,101.45014190673828
2018-11-02,103.39347076416016
2018-11-03,47.92141342163086
2018-11-04,44.33646774291992
2018-11-05,114.6827621459961
2018-11-06,62.58562469482422
2018-11-07,140.43304443359375
2018-11-08,60.81825637817383
2018-11-09,114.37254333496094
2018-11-10,37.60993957519531
2018-11-11,22.585689544677734
2018-11-12,42.7428092956543
2018-11-13,142.2847900390625
2018-11-14,33.37599563598633
2018-11-15,106.85701751708984
2018-11-16,44.5455322265625
2018-11-17,45.58579635620117
2018-11-18,34.79587936401367
2018-11-19,55.67340850830078
2018-11-20,58.04248809814453
2018-11-21,84.62763977050781
2018-11-22,58.45708084106445
2018-11-23,135.29591369628906
2018-11-24,70.05430603027344
2018-11-25,62.20784378051758
2018-11-26,101.25752258300781
2018-11-27,129.9046173095703
2018-11-28,100.890380859375
2018-11-29,96.0164566040039
2018-11-30,142.18678283691406
2018-12-01,53.17625045776367
2018-12-02,21.417463302612305
2018-12-03,50.19042205810547
2018-12-04,99.66178131103516
2018-12-05,103.38850402832031
2018-12-06,131.27745056152344
2018-12-07,196.083984375
2018-12-08,76.75086975097656
2018-12-09,35.6190071105957
2018-12-10,90.9520034790039
2018-12-11,95.38807678222656
2018-12-12,85.98194885253906
2018-12-13,132.15029907226562
2018-12-14,120.08057403564453
2018-12-15,76.80348205566406
2018-12-16,39.24843215942383
2018-12-17,72.8036880493164
2018-12-18,72.2216796875
2018-12-19,62.3332633972168
2018-12-20,162.69090270996094
2018-12-21,210.32177734375
2018-12-22,64.04534912109375
2018-12-23,81.79179382324219
2018-12-24,111.24295043945312
2018-12-25,65.59539794921875
2018-12-26,63.09653091430664
2018-12-27,30.22415542602539
2018-12-28,102.00775909423828
2018-12-29,58.20030975341797
2018-12-30,32.555946350097656
2018-12-31,86.68401336669922
2019-01-01,83.74468994140625
2019-01-02,189.860595703125
2019-01-03,9.491598129272461
2019-01-04,99.0169677734375
2019-01-05,40.47944259643555
2019-01-06,40.49593734741211
2019-01-07,83.16069793701172
2019-01-08,67.88048553466797
2019-01-09,106.42787170410156
2019-01-10,76.83790588378906
2019-01-11,101.2398452758789
2019-01-12,51.75886917114258
2019-01-13,37.72856140136719
2019-01-14,89.27487182617188
2019-01-15,102.54247283935547
2019-01-16,92.7673568725586
2019-01-17,160.6356658935547
2019-01-18,112.82587432861328
2019-01-19,22.317588806152344
2019-01-20,47.83491134643555
2019-01-21,70.80297088623047
2019-01-22,144.76516723632812
2019-01-23,58.188140869140625
2019-01-24,91.32392120361328
2019-01-25,91.13523864746094
2019-01-26,40.13362503051758
2019-01-27,75.62940216064453
2019-01-28,101.14710235595703
2019-01-29,101.45014190673828
2019-01-30,173.69268798828125
2019-01-31,148.13967895507812
2019-02-01,113.57374572753906
2019-02-02,75.83717346191406
2019-02-03,82.25337219238281
2019-02-04,179.9779815673828
2019-02-05,106.4093017578125
2019-02-06,103.09750366210938
2019-02-07,92.48285675048828
2019-02-08,62.35421371459961
2019-02-09,30.334869384765625
2019-02-10,39.15564727783203
2019-02-11,96.53187561035156
2019-02-12,69.21783447265625
2019-02-13,88.7294921875
2019-02-14,76.54199981689453
2019-02-15,145.10621643066406
2019-02-16,61.661033630371094
2019-02-17,86.22735595703125
2019-02-18,67.14663696289062
2019-02-19,116.57129669189453
2019-02-20,171.33970642089844
2019-02-21,116.54501342773438
2019-02-22,69.43730163574219
2019-02-23,46.90999984741211
2019-02-24,74.9758071899414
2019-02-25,139.0223846435547
2019-02-26,124.9152603149414
2019-02-27,160.55812072753906
2019-02-28,162.6325225830078
2019-03-01,184.49745178222656
2019-03-02,131.74984741210938
2019-03-03,77.75981140136719
2019-03-04,62.95815658569336
2019-03-05,103.0784912109375
2019-03-06,81.01388549804688
2019-03-07,91.09561157226562
2019-03-08,55.01298904418945
2019-03-09,81.60523223876953
2019-03-10,23.218931198120117
2019-03-11,44.899261474609375
2019-03-12,101.31523895263672
2019-03-13,115.2568588256836
2019-03-14,66.66802978515625
2019-03-15,61.11748123168945
2019-03-16,81.60523223876953
2019-03-17,32.555946350097656
2019-03-18,79.94129943847656
2019-03-19,107.43463134765625
2019-03-20,60.30682373046875
2019-03-21,88.87377166748047
2019-03-22,122.84458923339844
2019-03-23,77.73173522949219
2019-03-24,67.19204711914062
2019-03-25,51.393856048583984
2019-03-26,88.7294921875
2019-03-27,80.89817810058594
2019-03-28,81.34545135498047
2019-03-29,77.67399597167969
2019-03-30,67.22923278808594
2019-03-31,22.33191680908203
2019-04-01,65.44586181640625
2019-04-02,60.65264892578125
2019-04-03,83.96876525878906
2019-04-04,72.56913757324219
2019-04-05,71.19298553466797
2019-04-06,58.60221862792969
2019-04-07,15.515539169311523
2019-04-08,96.82890319824219
2019-04-09,167.5431671142578
2019-04-10,76.34598541259766
2019-04-11,104.19609832763672
2019-04-12,103.63340759277344
2019-04-13,81.09864044189453
2019-04-14,51.87466049194336
2019-04-15,56.66912078857422
2019-04-16,124.46063232421875
2019-04-17,67.70211029052734
2019-04-18,54.60276794433594
2019-04-19,51.31344223022461
2019-04-20,46.23723602294922
2019-04-21,86.96478271484375
2019-04-22,95.9346694946289
2019-04-23,156.499267578125
2019-04-24,88.273193359375
2019-04-25,99.6260986328125
2019-04-26,129.5658721923828
2019-04-27,53.717315673828125
2019-04-28,29.709129333496094
2019-04-29,68.80704498291016
2019-04-30,49.37431716918945
2019-05-01,61.51911544799805
2019-05-02,186.33192443847656
2019-05-03,70.14849090576172
2019-05-04,51.80648422241211
2019-05-05,93.311767578125
2019-05-06,134.9949188232422
2019-05-07,122.5062026977539
2019-05-08,56.73699188232422
2019-05-09,167.1282501220703
2019-05-10,135.96359252929688
2019-05-11,56.26442337036133
2019-05-12,31.177106857299805
2019-05-13,130.95069885253906
2019-05-14,248.6771697998047
2019-05-15,184.76473999023438
2019-05-16,158.53598022460938
2019-05-17,141.05126953125
2019-05-18,81.71419525146484
2019-05-19,57.23658752441406
2019-05-20,102.84115600585938
2019-05-21,131.1907958984375
2019-05-22,93.18052673339844
2019-05-23,102.54247283935547
2019-05-24,148.69381713867188
2019-05-25,64.11421203613281
2019-05-26,39.71903610229492
2019-05-27,43.34200668334961
2019-05-28,69.45706939697266
2019-05-29,67.5115737915039
2019-05-30,120.23086547851562
2019-05-31,104.56336975097656
2019-06-01,130.1598358154297
2019-06-02,28.994028091430664
2019-06-03,129.24758911132812
2019-06-04,69.39736938476562
2019-06-05,122.38550567626953
2019-06-06,82.92330169677734
2019-06-07,69.92227935791016
2019-06-08,50.870506286621094
2019-06-09,53.92552185058594
2019-06-10,56.934757232666016
2019-06-11,74.29241943359375
2019-06-12,95.03267669677734
2019-06-13,114.66580963134766
2019-06-14,192.6398468017578
2019-06-15,108.25385284423828
2019-06-16,62.501277923583984
2019-06-17,126.36498260498047
2019-06-18,157.74131774902344
2019-06-19,135.55264282226562
2019-06-20,72.56913757324219
2019-06-21,125.99950408935547
2019-06-22,167.47055053710938
2019-06-23,99.30609893798828
2019-06-24,171.24745178222656
2019-06-25,82.01680755615234
2019-06-26,123.7572021484375
2019-06-27,134.94033813476562
2019-06-28,153.90248107910156
2019-06-29,83.27684020996094
2019-06-30,23.661197662353516
2019-07-01,112.51927947998047
2019-07-02,138.2222442626953
2019-07-03,66.82413482666016
2019-07-04,105.83283996582031
2019-07-05,98.34883880615234
2019-07-06,52.012840270996094
2019-07-07,52.02985763549805
2019-07-08,53.5069694519043
2019-07-09,96.6531753540039
2019-07-10,100.7791748046875
2019-07-11,119.67986297607422
2019-07-12,107.3701400756836
2019-07-13,77.71419525146484
2019-07-14,31.32451629638672
2019-07-15,31.055322647094727
2019-07-16,76.37043762207031
2019-07-17,147.22523498535156
2019-07-18,102.68067169189453
2019-07-19,48.779441833496094
2019-07-20,86.82132720947266
2019-07-21,61.02098083496094
2019-07-22,193.0157470703125
2019-07-23,139.26712036132812
2019-07-24,99.51920318603516
2019-07-25,74.43972778320312
2019-07-26,137.65362548828125
2019-07-27,62.81315994262695
2019-07-28,31.775230407714844
2019-07-29,137.6140899658203
2019-07-30,152.35845947265625
2019-07-31,89.65638732910156
2019-08-01,107.72577667236328
2019-08-02,110.98809051513672
2019-08-03,112.1785888671875
2019-08-04,115.36304473876953
2019-08-05,103.51773834228516
2019-08-06,270.9353332519531
2019-08-07,106.0021743774414
2019-08-08,144.63323974609375
2019-08-09,105.86102294921875
2019-08-10,90.65974426269531
2019-08-11,76.1509780883789
2019-08-12,151.52122497558594
2019-08-13,40.672725677490234
2019-08-14,105.77139282226562
2019-08-15,96.88568878173828
2019-08-16,104.6073989868164
2019-08-17,99.67605590820312
2019-08-18,88.65753173828125
2019-08-19,127.8534927368164
2019-08-20,76.67980194091797
2019-08-21,114.39083099365234
2019-08-22,147.9677276611328
2019-08-23,96.78153228759766
2019-08-24,66.05319213867188
2019-08-25,83.02174377441406
2019-08-26,121.19149780273438
2019-08-27,178.0950469970703
2019-08-28,83.47319030761719
2019-08-29,76.37043762207031
2019-08-30,45.77669143676758
2019-08-31,37.03073501586914
2019-09-01,35.542572021484375
2019-09-02,118.91268920898438
2019-09-03,83.72998809814453
2019-09-04,89.6500015258789
2019-09-05,81.01388549804688
2019-09-06,81.73868560791016
2019-09-07,18.947002410888672
2019-09-08,64.95230865478516
2019-09-09,72.8570556640625
2019-09-10,104.88341522216797
2019-09-11,98.7486343383789
2019-09-12,79.50162506103516
2019-09-13,70.56848907470703
2019-09-14,46.437862396240234
2019-09-15,74.36376190185547
2019-09-16,178.9195556640625
2019-09-17,253.3421173095703
2019-09-18,115.36304473876953
2019-09-19,157.13462829589844
2019-09-20,126.9625244140625
2019-09-21,80.55854797363281
2019-09-22,108.32837677001953
2019-09-23,52.5804443359375
2019-09-24,103.2372055053711
2019-09-25,124.11428833007812
2019-09-26,70.6681137084961
2019-09-27,88.05559539794922
2019-09-28,38.8308219909668
2019-09-29,61.0611572265625
2019-09-30,95.55484008789062
2019-10-01,90.13789367675781
2019-10-02,69.64662170410156
2019-10-03,46.477352142333984
2019-10-04,111.27488708496094
2019-10-05,54.147743225097656
2019-10-06,38.97138595581055
2019-10-07,52.96256637573242
2019-10-08,118.77732849121094
2019-10-09,82.47056579589844
2019-10-10,165.16957092285156
2019-10-11,204.3184814453125
2019-10-12,103.07038879394531
2019-10-13,94.85326385498047
2019-10-14,118.4822998046875
2019-10-15,108.06958770751953
2019-10-16,193.50186157226562
2019-10-17,114.77235412597656
2019-10-18,106.58197021484375
2019-10-19,113.19326782226562
2019-10-20,36.48202133178711
2019-10-21,93.44337463378906
2019-10-22,54.304386138916016
2019-10-23,97.05612182617188
2019-10-24,116.30601501464844
2019-10-25,140.87469482421875
2019-10-26,28.694042205810547
2019-10-27,7.667980670928955
2019-10-28,98.2957763671875
2019-10-29,95.01498413085938
2019-10-30,113.28890991210938
2019-10-31,83.14237976074219
2019-11-01,100.65813446044922
2019-11-02,60.810420989990234
2019-11-03,54.304386138916016
2019-11-04,59.24114990234375
2019-11-05,77.9427719116211
2019-11-06,85.79312133789062
2019-11-07,63.615840911865234
2019-11-08,98.94168853759766
2019-11-09,26.858657836914062
2019-11-10,55.60665512084961
2019-11-11,92.58729553222656
2019-11-12,62.41069412231445
2019-11-13,160.1495819091797
2019-11-14,85.79312133789062
2019-11-15,75.07235717773438
2019-11-16,69.26277923583984
2019-11-17,73.94124603271484
2019-11-18,109.09654235839844
2019-11-19,61.16957092285156
2019-11-20,101.92516326904297
2019-11-21,62.8968505859375
2019-11-22,64.28498840332031
2019-11-23,37.21986389160156
2019-11-24,52.461483001708984
2019-11-25,36.63187026977539
2019-11-26,70.48016357421875
2019-11-27,93.24922180175781
2019-11-28,38.01306915283203
2019-11-29,108.37702941894531
2019-11-30,72.47185516357422
2019-12-01,59.45634460449219
2019-12-02,77.88168334960938
2019-12-03,85.84397888183594
2019-12-04,47.662845611572266
2019-12-05,103.14582061767578
2019-12-06,88.65753173828125
2019-12-07,12.234784126281738
2019-12-08,37.47248458862305
2019-12-09,82.81419372558594
2019-12-10,76.30575561523438
2019-12-11,97.42845916748047
2019-12-12,97.68965911865234
2019-12-13,99.6260986328125
2019-12-14,48.30827713012695
2019-12-15,48.35865020751953
2019-12-16,94.9302978515625
2019-12-17,82.32990264892578
2019-12-18,119.12415313720703
2019-12-19,69.01182556152344
2019-12-20,49.50848388671875
2019-12-21,52.75989532470703
2019-12-22,25.416120529174805
2019-12-23,34.808067321777344
2019-12-24,58.21735763549805
2019-12-25,45.37763977050781
2019-12-26,44.167572021484375
2019-12-27,111.91106414794922
2019-12-28,60.940799713134766
2019-12-29,36.3021125793457
2019-12-30,128.64340209960938
2019-12-31,165.35279846191406
2020-01-01,114.53026580810547
2020-01-02,163.1806640625
2020-01-03,80.7943344116211
2020-01-04,229.9917449951172
2020-01-05,199.252197265625
2020-01-06,251.98611450195312
2020-01-07,413.4556884765625
2020-01-08,180.6054229736328
2020-01-09,394.46002197265625
2020-01-10,167.3013916015625
2020-01-11,120.16177368164062
2020-01-12,175.7330322265625
2020-01-13,152.72569274902344
2020-01-14,131.77566528320312
2020-01-15,153.5319366455078
2020-01-16,145.94757080078125
2020-01-17,129.82249450683594
2020-01-18,38.81915283203125
2020-01-19,93.311767578125
2020-01-20,119.11630249023438
2020-01-21,119.32880401611328
2020-01-22,77.99105834960938
2020-01-23,93.07342529296875
2020-01-24,51.961849212646484
2020-01-25,33.125675201416016
2020-01-26,23.32794189453125
2020-01-27,72.01234436035156
2020-01-28,99.59353637695312
2020-01-29,47.01708984375
2020-01-30,188.068359375
2020-01-31,73.97793579101562
2020-02-01,89.04752349853516
2020-02-02,41.14990997314453
2020-02-03,107.51765441894531
2020-02-04,143.60842895507812
2020-02-05,68.34733581542969
2020-02-06,90.6311264038086
2020-02-07,78.96466064453125
2020-02-08,31.170438766479492
2020-02-09,31.473329544067383
2020-02-10,24.757606506347656
2020-02-11,90.26069641113281
2020-02-12,62.03310012817383
2020-02-13,58.852725982666016
2020-02-14,89.18451690673828
2020-02-15,53.96038055419922
2020-02-16,73.43130493164062
2020-02-17,84.64823913574219
2020-02-18,83.42762756347656
2020-02-19,54.75318145751953
2020-02-20,111.30940246582031
2020-02-21,103.92369842529297
2020-02-22,77.33621215820312
2020-02-23,37.9012336730957
2020-02-24,80.91768646240234
2020-02-25,115.451416015625
2020-02-26,102.60165405273438
2020-02-27,63.96682357788086
2020-02-28,55.13877487182617
2020-02-29,90.31626892089844
2020-03-01,53.675865173339844
2020-03-02,106.23394775390625
2020-03-03,123.0382308959961
2020-03-04,144.92483520507812
2020-03-05,79.18489074707031
2020-03-06,51.327030181884766
2020-03-07,64.26498413085938
2020-03-08,65.09412384033203
2020-03-09,72.8036880493164
2020-03-10,71.64586639404297
2020-03-11,90.98188018798828
2020-03-12,74.83802795410156
2020-03-13,68.06645965576172
2020-03-14,66.94995880126953
2020-03-15,32.08298110961914
2020-03-16,34.45463943481445
2020-03-17,99.09390258789062
2020-03-18,87.61199188232422
2020-03-19,89.16736602783203
2020-03-20,57.803192138671875
2020-03-21,59.94169998168945
2020-03-22,79.82090759277344
2020-03-23,121.19149780273438
2020-03-24,191.0130157470703
2020-03-25,53.35679244995117
2020-03-26,56.70586395263672
2020-03-27,52.12910461425781
2020-03-28,67.86724090576172
2020-03-29,157.74131774902344
2020-03-30,103.51773834228516
2020-03-31,89.26080322265625
2020-04-01,65.59539794921875
2020-04-02,47.594364166259766
2020-04-03,84.5761947631836
2020-04-04,76.49503326416016
2020-04-05,95.13902282714844
2020-04-06,99.32736206054688
2020-04-07,106.52973937988281
2020-04-08,78.2134017944336
2020-04-09,60.910011291503906
2020-04-10,85.4856185913086
2020-04-11,42.92744445800781
2020-04-12,42.68772888183594
2020-04-13,88.7790298461914
2020-04-14,91.17159271240234
2020-04-15,89.52886199951172
2020-04-16,48.45511245727539
2020-04-17,73.5105209350586
2020-04-18,43.82669448852539
2020-04-19,37.47248458862305
2020-04-20,25.87943458557129
2020-04-21,54.08273696899414
2020-04-22,137.26109313964844
2020-04-23,100.93696594238281
2020-04-24,45.83427047729492
2020-04-25,48.61210632324219
2020-04-26,40.99712371826172
2020-04-27,49.002479553222656
2020-04-28,95.68627166748047
2020-04-29,79.46189880371094
2020-04-30,56.9495849609375
2020-05-01,60.41156768798828
2020-05-02,69.95919036865234
2020-05-03,26.1518497467041
2020-05-04,59.59642028808594
2020-05-05,41.63842010498047
2020-05-06,80.7943344116211
2020-05-07,56.14521408081055
2020-05-08,70.48016357421875
2020-05-09,24.668058395385742
2020-05-10,41.71999740600586
2020-05-11,37.912078857421875
2020-05-12,39.43532943725586
2020-05-13,59.53266525268555
2020-05-14,82.12977600097656
2020-05-15,45.81698226928711
2020-05-16,51.97543716430664
2020-05-17,75.47622680664062
2020-05-18,135.0965576171875
2020-05-19,99.47650909423828
2020-05-20,99.69424438476562
2020-05-21,73.20591735839844
2020-05-22,135.6533660888672
2020-05-23,36.32925796508789
2020-05-24,17.761756896972656
2020-05-25,129.1339874267578
2020-05-26,120.36186218261719
2020-05-27,23.426929473876953
2020-05-28,61.02098083496094
2020-05-29,137.45094299316406
2020-05-30,84.24638366699219
2020-05-31,77.84101867675781
2020-06-01,53.90272903442383
2020-06-02,83.04486846923828
2020-06-03,114.53026580810547
2020-06-04,36.153533935546875
2020-06-05,109.97901153564453
2020-06-06,55.09468078613281
2020-06-07,60.86082458496094
2020-06-08,65.64539337158203
2020-06-09,68.30036163330078
2020-06-10,95.68627166748047
2020-06-11,87.41497802734375
2020-06-12,73.61261749267578
2020-06-13,58.861026763916016
2020-06-14,26.858657836914062
2020-06-15,102.8747787475586
2020-06-16,79.20344543457031
2020-06-17,151.3807830810547
2020-06-18,101.31523895263672
2020-06-19,53.8231086730957
2020-06-20,82.12977600097656
2020-06-21,43.472015380859375
2020-06-22,131.45111083984375
2020-06-23,56.38412857055664
2020-06-24,80.2188720703125
2020-06-25,40.78400802612305
2020-06-26,44.344947814941406
2020-06-27,29.609542846679688
2020-06-28,36.3021125793457
2020-06-29,48.00822830200195
2020-06-30,76.92465209960938
2020-07-01,107.85104370117188
2020-07-02,23.39383888244629
2020-07-03,43.972137451171875
2020-07-04,24.459888458251953
2020-07-05,57.11323547363281
2020-07-06,72.01234436035156
2020-07-07,106.17205047607422
2020-07-08,68.60346984863281
2020-07-09,55.82979202270508
2020-07-10,97.42845916748047
2020-07-11,21.099157333374023
2020-07-12,25.481290817260742
2020-07-13,92.73129272460938
2020-07-14,93.79849243164062
2020-07-15,103.6720199584961
2020-07-16,29.48873519897461
2020-07-17,38.3201904296875
2020-07-18,30.830516815185547
2020-07-19,33.46028137207031
2020-07-20,87.17283630371094
2020-07-21,116.2304458618164
2020-07-22,117.1346435546875
2020-07-23,78.04478454589844
2020-07-24,92.75189971923828
2020-07-25,35.73427963256836
2020-07-26,39.24843215942383
2020-07-27,137.1768798828125
2020-07-28,121.64796447753906
2020-07-29,80.91041564941406
2020-07-30,54.08273696899414
2020-07-31,38.618019104003906
2020-08-01,26.741212844848633
2020-08-02,25.35128402709961
2020-08-03,42.1684684753418
2020-08-04,48.714229583740234
2020-08-05,33.80171203613281
2020-08-06,112.36660766601562
2020-08-07,43.81703186035156
2020-08-08,27.207948684692383
2020-08-09,39.43532943725586
2020-08-10,40.582759857177734
2020-08-11,55.28624725341797
2020-08-12,61.8345947265625
2020-08-13,88.89659118652344
2020-08-14,44.28566360473633
2020-08-15,82.1888427734375
2020-08-16,64.16596221923828
2020-08-17,65.54547882080078
2020-08-18,84.09903717041016
2020-08-19,46.6558837890625
2020-08-20,122.01818084716797
2020-08-21,166.30258178710938
2020-08-22,55.148189544677734
2020-08-23,24.96910285949707
2020-08-24,71.2380142211914
2020-08-25,85.98194885253906
2020-08-26,105.6713638305664
2020-08-27,142.09405517578125
2020-08-28,64.11421203613281
2020-08-29,45.13981246948242
2020-08-30,8.386247634887695
2020-08-31,88.63056945800781
2020-09-01,106.36685180664062
2020-09-02,109.20553588867188
2020-09-03,94.24089813232422
2020-09-04,94.90303039550781
2020-09-05,57.11323547363281
2020-09-06,28.495206832885742
2020-09-07,149.52561950683594
2020-09-08,68.60346984863281
2020-09-09,47.32239532470703
2020-09-10,145.2469482421875
2020-09-11,145.94757080078125
2020-09-12,55.645904541015625
2020-09-13,85.73704528808594
2020-09-14,67.30906677246094
2020-09-15,115.93987274169922
2020-09-16,82.47056579589844
2020-09-17,100.07757568359375
2020-09-18,86.33578491210938
2020-09-19,45.15671920776367
2020-09-20,57.25425338745117
2020-09-21,52.916419982910156
2020-09-22,94.38795471191406
2020-09-23,62.16614532470703
2020-09-24,64.86751556396484
2020-09-25,55.35139083862305
2020-09-26,42.054080963134766
2020-09-27,62.062156677246094
2020-09-28,104.4075698852539
2020-09-29,105.160888671875
2020-09-30,104.96094512939453
2020-10-01,75.99683380126953
2020-10-02,101.92516326904297
2020-10-03,44.42140579223633
2020-10-04,74.60737609863281
2020-10-05,66.92056274414062
2020-10-06,85.70679473876953
2020-10-07,83.25235748291016
2020-10-08,113.64591217041016
2020-10-09,81.5680160522461
2020-10-10,56.08929443359375
2020-10-11,40.895896911621094
2020-10-12,67.71858978271484
2020-10-13,78.08782196044922
2020-10-14,47.69403839111328
2020-10-15,107.97156524658203
2020-10-16,123.50452423095703
2020-10-17,46.205345153808594
2020-10-18,49.075077056884766
2020-10-19,95.217529296875
2020-10-20,98.67223358154297
2020-10-21,72.01234436035156
2020-10-22,101.61250305175781
2020-10-23,65.72555541992188
2020-10-24,66.82413482666016
2020-10-25,46.98677444458008
2020-10-26,89.93396759033203
2020-10-27,130.45274353027344
2020-10-28,81.79179382324219
2020-10-29,89.64422607421875
2020-10-30,80.3587875366211
2020-10-31,13.506901741027832
2020-11-01,49.866607666015625
2020-11-02,56.625091552734375
2020-11-03,162.6325225830078
2020-11-04,129.5658721923828
2020-11-05,69.64662170410156
2020-11-06,62.92530059814453
2020-11-07,42.17764663696289
2020-11-08,44.865478515625
2020-11-09,105.3998794555664
2020-11-10,58.58963394165039
2020-11-11,97.92937469482422
2020-11-12,52.86012268066406
2020-11-13,69.1920166015625
2020-11-14,33.80171203613281
2020-11-15,66.58427429199219
2020-11-16,70.595703125
2020-11-17,45.81698226928711
2020-11-18,109.74150848388672
2020-11-19,49.04205322265625
2020-11-20,94.15567016601562
2020-11-21,47.32239532470703
2020-11-22,48.83392333984375
2020-11-23,36.7552604675293
2020-11-24,104.29373168945312
2020-11-25,23.360843658447266
2020-11-26,69.12260437011719
2020-11-27,70.37321472167969
2020-11-28,90.85101318359375
2020-11-29,101.21734619140625
2020-11-30,46.802371978759766
2020-12-01,129.65858459472656
2020-12-02,92.27208709716797
2020-12-03,67.78787994384766
2020-12-04,38.66810607910156
2020-12-05,48.33513259887695
2020-12-06,64.01097106933594
2020-12-07,55.042667388916016
2020-12-08,78.9751205444336
2020-12-09,62.7380256652832
2020-12-10,95.42375946044922
2020-12-11,42.853397369384766
2020-12-12,50.962581634521484
2020-12-13,28.132211685180664
2020-12-14,29.79821014404297
2020-12-15,89.52886199951172
2020-12-16,52.51097869873047
2020-12-17,93.12439727783203
2020-12-18,79.99098205566406
2020-12-19,66.18169403076172
2020-12-20,8.833514213562012
2020-12-21,91.1224136352539
2020-12-22,62.6832275390625
2020-12-23,68.60346984863281
2020-12-24,54.99793243408203
2020-12-25,48.241275787353516
2020-12-26,51.643592834472656
2020-12-27,28.47479248046875
2020-12-28,41.40709686279297
2020-12-29,69.01182556152344
2020-12-30,59.15299606323242
2020-12-31,80.7943344116211
2021-01-01,65.27227020263672
2021-01-02,39.43532943725586
2021-01-03,19.037744522094727
2021-01-04,99.32736206054688
2021-01-05,121.8519515991211
2021-01-06,106.57054138183594
2021-01-07,54.23599624633789
2021-01-08,77.7395248413086
2021-01-09,84.59059143066406
2021-01-10,70.81498718261719
2021-01-11,84.14276123046875
2021-01-12,169.87527465820312
2021-01-13,66.500732421875
2021-01-14,62.11064529418945
2021-01-15,57.96993637084961
2021-01-16,72.01234436035156
2021-01-17,71.32322692871094
2021-01-18,94.48599243164062
2021-01-19,66.66802978515625
2021-01-20,87.48678588867188
2021-01-21,47.43533706665039
2021-01-22,93.7134780883789
2021-01-23,56.42650604248047
2021-01-24,34.06239318847656
2021-01-25,140.4451141357422
2021-01-26,50.25387191772461
2021-01-27,68.84309387207031
2021-01-28,112.78604125976562
2021-01-29,63.216941833496094
2021-01-30,61.917152404785156
2021-01-31,23.888710021972656
2021-02-01,60.04654312133789
2021-02-02,192.34263610839844
2021-02-03,69.92227935791016
2021-02-04,78.18482208251953
2021-02-05,106.44497680664062
2021-02-06,63.06491470336914
2021-02-07,48.476600646972656
2021-02-08,72.8036880493164
2021-02-09,61.26280975341797
2021-02-10,74.92713165283203
2021-02-11,63.45914840698242
2021-02-12,73.32506561279297
2021-02-13,36.62135314941406
2021-02-14,25.286775588989258
2021-02-15,61.24074935913086
2021-02-16,91.76087188720703
2021-02-17,104.36856842041016
2021-02-18,33.67285919189453
2021-02-19,85.1559829711914
2021-02-20,23.758169174194336
2021-02-21,37.47248458862305
2021-02-22,71.28911590576172
2021-02-23,97.42845916748047
2021-02-24,77.84101867675781
2021-02-25,46.18281936645508
2021-02-26,121.14055633544922
2021-02-27,81.19038391113281
2021-02-28,66.41739654541016
2021-03-01,96.29557800292969
2021-03-02,137.46934509277344
2021-03-03,154.58648681640625
2021-03-04,88.44233703613281
2021-03-05,88.98228454589844
2021-03-06,57.995521545410156
2021-03-07,16.277973175048828
2021-03-08,60.39744567871094
2021-03-09,22.26188087463379
2021-03-10,57.34138107299805
2021-03-11,70.38656616210938
2021-03-12,49.37989044189453
2021-03-13,72.58614349365234
2021-03-14,43.81703186035156
2021-03-15,111.60258483886719
2021-03-16,108.84150695800781
2021-03-17,93.311767578125
2021-03-18,134.94033813476562
2021-03-19,42.853397369384766
2021-03-20,29.48873519897461
2021-03-21,26.29022216796875
2021-03-22,119.15711212158203
2021-03-23,99.4635238647461
2021-03-24,76.4438705444336
2021-03-25,63.78499984741211
2021-03-26,69.7814712524414
2021-03-27,41.32761764526367
2021-03-28,75.62940216064453
2021-03-29,123.23540496826172
2021-03-30,95.42375946044922
2021-03-31,76.34598541259766
2021-04-01,67.69552612304688
2021-04-02,65.70381927490234
2021-04-03,91.81957244873047
2021-04-04,23.437978744506836
2021-04-05,74.55940246582031
2021-04-06,92.78900909423828
2021-04-07,113.79048919677734
2021-04-08,32.52170181274414
2021-04-09,48.00822830200195
2021-04-10,32.44434356689453
2021-04-11,48.83392333984375
2021-04-12,100.38084411621094
2021-04-13,95.29304504394531
2021-04-14,186.30352783203125
2021-04-15,103.25959777832031
2021-04-16,95.03267669677734
2021-04-17,101.40513610839844
2021-04-18,54.817909240722656
2021-04-19,110.41893005371094
2021-04-20,125.26516723632812
2021-04-21,166.30258178710938
2021-04-22,113.77379608154297
2021-04-23,146.73118591308594
2021-04-24,111.8166275024414
2021-04-25,16.60434913635254
2021-04-26,54.46673583984375
2021-04-27,131.65333557128906
2021-04-28,50.063995361328125
2021-04-29,47.383934020996094
2021-04-30,36.4018440246582
2021-05-01,56.08929443359375
2021-05-02,49.56460189819336
2021-05-03,97.42845916748047
2021-05-04,93.87843322753906
2021-05-05,60.385345458984375
2021-05-06,76.30575561523438
2021-05-07,55.92646408081055
2021-05-08,3.56573486328125
2021-05-09,8.323034286499023
2021-05-10,49.002479553222656
2021-05-11,101.1806869506836
2021-05-12,63.2974739074707
2021-05-13,140.43304443359375
2021-05-14,115.36304473876953
2021-05-15,88.29153442382812
2021-05-16,49.318626403808594
2021-05-17,92.1579818725586
2021-05-18,98.58832550048828
2021-05-19,158.9622344970703
2021-05-20,125.85060119628906
2021-05-21,165.85250854492188
2021-05-22,68.15982818603516
2021-05-23,65.92174530029297
2021-05-24,138.4081268310547
2021-05-25,170.94143676757812
2021-05-26,176.6128387451172
2021-05-27,133.3360595703125
2021-05-28,140.02928161621094
2021-05-29,59.0212516784668
2021-05-30,31.10392189025879
2021-05-31,57.554264068603516
2021-06-01,65.87492370605469
2021-06-02,68.72547149658203
2021-06-03,60.072471618652344
2021-06-04,79.60777282714844
2021-06-05,41.4935417175293
2021-06-06,47.32239532470703
2021-06-07,54.304386138916016
2021-06-08,59.727294921875
2021-06-09,93.24922180175781
2021-06-10,85.51465606689453
2021-06-11,131.48475646972656
2021-06-12,47.130027770996094
2021-06-13,58.55548858642578
2021-06-14,29.358060836791992
2021-06-15,73.5105209350586
2021-06-16,144.7877197265625
2021-06-17,138.02365112304688
2021-06-18,84.50428009033203
2021-06-19,42.243160247802734
2021-06-20,94.64479064941406
2021-06-21,94.50267791748047
2021-06-22,170.60433959960938
2021-06-23,41.51087188720703
2021-06-24,76.66112518310547
2021-06-25,54.78801345825195
2021-06-26,25.453319549560547
2021-06-27,8.472040176391602
2021-06-28,97.29219818115234
2021-06-29,95.68627166748047
2021-06-30,43.81703186035156
2021-07-01,64.11421203613281
2021-07-02,78.9751205444336
2021-07-03,46.89175796508789
2021-07-04,46.52482986450195
2021-07-05,65.9874038696289
2021-07-06,63.3285026550293
2021-07-07,34.77761459350586
2021-07-08,37.85791778564453
2021-07-09,32.35719299316406
2021-07-10,31.023006439208984
2021-07-11,27.30138397216797
2021-07-12,69.73827362060547
2021-07-13,77.247802734375
2021-07-14,56.218509674072266
2021-07-15,104.51173400878906
2021-07-16,70.38033294677734
2021-07-17,76.57191467285156
2021-07-18,32.555946350097656
2021-07-19,50.573551177978516
2021-07-20,37.430145263671875
2021-07-21,49.915401458740234
2021-07-22,95.29304504394531
2021-07-23,91.7940444946289
2021-07-24,65.35699462890625
2021-07-25,26.220853805541992
2021-07-26,59.15299606323242
2021-07-27,79.20344543457031
2021-07-28,53.2962646484375
2021-07-29,30.91729736328125
2021-07-30,80.90396118164062
2021-07-31,30.390527725219727
2021-08-01,40.6949348449707
2021-08-02,111.9454574584961
2021-08-03,50.82042694091797
2021-08-04,89.99213409423828
2021-08-05,99.66178131103516
2021-08-06,63.62165832519531
2021-08-07,50.91036605834961
2021-08-08,18.557802200317383
2021-08-09,42.60537338256836
2021-08-10,103.37091064453125
2021-08-11,71.90812683105469
2021-08-12,76.1509780883789
2021-08-13,95.29304504394531
2021-08-14,11.128447532653809
2021-08-15,55.987060546875
2021-08-16,127.20260620117188
2021-08-17,157.74131774902344
2021-08-18,83.16069793701172
2021-08-19,49.64338684082031
2021-08-20,68.60346984863281
2021-08-21,95.3510971069336
2021-08-22,64.41104125976562
2021-08-23,189.92799377441406
2021-08-24,133.26422119140625
2021-08-25,47.52607727050781
2021-08-26,114.39083099365234
2021-08-27,103.81266021728516
2021-08-28,116.29227447509766
2021-08-29,81.67974853515625
2021-08-30,107.77188873291016
2021-08-31,203.01235961914062
2021-09-01,80.03519439697266
2021-09-02,106.2608871459961
2021-09-03,98.69049072265625
2021-09-04,52.84255599975586
2021-09-05,50.70256805419922
2021-09-06,81.71419525146484
2021-09-07,117.78018951416016
2021-09-08,85.30216979980469
2021-09-09,73.61261749267578
2021-09-10,65.9410400390625
2021-09-11,89.4393310546875
2021-09-12,69.01182556152344
2021-09-13,104.92296600341797
2021-09-14,69.78723907470703
2021-09-15,65.9686279296875
2021-09-16,119.12415313720703
2021-09-17,151.90768432617188
2021-09-18,103.51773834228516
2021-09-19,40.99712371826172
2021-09-20,59.95597839355469
2021-09-21,84.70899963378906
2021-09-22,54.23030090332031
2021-09-23,68.83257293701172
2021-09-24,92.75189971923828
2021-09-25,36.149051666259766
2021-09-26,33.20869827270508
2021-09-27,57.03129577636719
2021-09-28,96.15580749511719
2021-09-29,59.39776611328125
2021-09-30,102.68067169189453
2021-10-01,68.03733825683594
2021-10-02,57.63935852050781
2021-10-03,43.2450065612793
2021-10-04,65.81260681152344
2021-10-05,171.9004364013672
2021-10-06,56.072113037109375
2021-10-07,121.3052978515625
2021-10-08,94.39959716796875
2021-10-09,37.85791778564453
2021-10-10,26.1518497467041
2021-10-11,50.806251525878906
2021-10-12,81.5680160522461
2021-10-13,94.00530242919922
2021-10-14,55.363250732421875
2021-10-15,107.1450424194336
2021-10-16,27.152193069458008
2021-10-17,35.053627014160156
2021-10-18,126.71024322509766
2021-10-19,133.84112548828125
2021-10-20,76.40929412841797
2021-10-21,94.00530242919922
2021-10-22,86.04071807861328
2021-10-23,62.439273834228516
2021-10-24,49.441307067871094
2021-10-25,79.62903594970703
2021-10-26,144.6536102294922
2021-10-27,102.93289184570312
2021-10-28,96.13255310058594
2021-10-29,55.781578063964844
2021-10-30,49.83802795410156
2021-10-31,66.92056274414062
2021-11-01,124.33229064941406
2021-11-02,62.866249084472656
2021-11-03,73.80557250976562
2021-11-04,122.68769073486328
2021-11-05,76.9422836303711
2021-11-06,28.162105560302734
2021-11-07,46.437862396240234
2021-11-08,46.36564636230469
2021-11-09,84.5761947631836
2021-11-10,135.30206298828125
2021-11-11,83.04486846923828
2021-11-12,101.21734619140625
2021-11-13,63.277320861816406
2021-11-14,51.49068832397461
2021-11-15,141.16055297851562
2021-11-16,122.86271667480469
2021-11-17,126.06885528564453
2021-11-18,158.1717071533203
2021-11-19,108.7573471069336
2021-11-20,43.89743423461914
2021-11-21,34.06239318847656
2021-11-22,128.9940643310547
2021-11-23,80.91041564941406
2021-11-24,87.68561553955078
2021-11-25,118.09510040283203
2021-11-26,58.97747039794922
2021-11-27,57.11323547363281
2021-11-28,35.52351379394531
2021-11-29,60.78105545043945
2021-11-30,92.78900909423828
2021-12-01,86.94403076171875
2021-12-02,93.12439727783203
2021-12-03,106.17205047607422
2021-12-04,73.31639099121094
2021-12-05,86.75772857666016
2021-12-06,120.544677734375
2021-12-07,202.4346923828125
2021-12-08,145.55889892578125
2021-12-09,104.557373046875
2021-12-10,164.97715759277344
2021-12-11,95.62051391601562
2021-12-12,76.4438705444336
2021-12-13,110.41893005371094
2021-12-14,129.9046173095703
2021-12-15,72.01234436035156
2021-12-16,136.24957275390625
2021-12-17,95.44012451171875
2021-12-18,86.98970031738281
2021-12-19,61.02098083496094
2021-12-20,53.08602523803711
2021-12-21,101.40513610839844
2021-12-22,141.3362274169922
2021-12-23,135.30911254882812
2021-12-24,135.7197723388672
2021-12-25,43.87506866455078
2021-12-26,43.73026657104492
2021-12-27,78.87065887451172
2021-12-28,58.89009475708008
2021-12-29,37.88884735107422
2021-12-30,147.22523498535156
2021-12-31,76.59115600585938
2022-01-01,63.09653091430664
2022-01-02,37.85791778564453
2022-01-03,52.34305953979492
2022-01-04,88.9631118774414
2022-01-05,96.48255157470703
2022-01-06,70.01464080810547
2022-01-07,118.95960998535156
2022-01-08,38.27546691894531
2022-01-09,63.70322799682617
2022-01-10,130.00657653808594
2022-01-11,188.9130096435547
2022-01-12,78.2134017944336
2022-01-13,170.64743041992188
2022-01-14,133.57127380371094
2022-01-15,71.05609893798828
2022-01-16,46.00788497924805
2022-01-17,109.26873016357422
2022-01-18,138.8214874267578
2022-01-19,153.562744140625
2022-01-20,136.3739776611328
2022-01-21,185.75144958496094
2022-01-22,145.81280517578125
2022-01-23,106.85701751708984
2022-01-24,185.8010711669922
2022-01-25,291.5824279785156
2022-01-26,260.3373107910156
2022-01-27,265.0054016113281
2022-01-28,182.23171997070312
2022-01-29,217.44033813476562
2022-01-30,63.52869415283203
2022-01-31,142.98854064941406
2022-02-01,190.58609008789062
2022-02-02,250.3199920654297
2022-02-03,176.28762817382812
2022-02-04,92.57479858398438
2022-02-05,47.5650749206543
2022-02-06,78.2496337890625
2022-02-07,195.15126037597656
2022-02-08,158.38780212402344
2022-02-09,117.17926788330078
2022-02-10,108.53760528564453
2022-02-11,179.2779541015625
2022-02-12,131.98764038085938
2022-02-13,118.00495147705078
2022-02-14,191.8865509033203
2022-02-15,229.06053161621094
2022-02-16,223.4668731689453
2022-02-17,228.45294189453125
2022-02-18,226.35154724121094
2022-02-19,140.16024780273438
2022-02-20,83.27684020996094
2022-02-21,152.3668212890625
2022-02-22,279.43438720703125
2022-02-23,431.0212097167969
2022-02-24,370.7033996582031
2022-02-25,515.8916625976562
2022-02-26,398.5916748046875
2022-02-27,202.09298706054688
2022-02-28,452.6180725097656
2022-03-01,540.827392578125
2022-03-02,523.524658203125
2022-03-03,436.8221435546875
2022-03-04,350.0732116699219
2022-03-05,322.3639831542969
2022-03-06,197.62477111816406
2022-03-07,362.3121032714844
2022-03-08,352.1051025390625
2022-03-09,295.3064270019531
2022-03-10,352.40081787109375
2022-03-11,410.3309631347656
2022-03-12,298.70550537109375
2022-03-13,181.01463317871094
2022-03-14,350.1087951660156
2022-03-15,311.88226318359375
2022-03-16,473.2239685058594
2022-03-17,290.32562255859375
2022-03-18,285.3160400390625
2022-03-19,175.8885498046875
2022-03-20,130.75924682617188
2022-03-21,227.73902893066406
2022-03-22,244.8419647216797
2022-03-23,267.4743957519531
2022-03-24,317.01409912109375
2022-03-25,350.7424621582031
2022-03-26,275.0921325683594
2022-03-27,189.28958129882812
2022-03-28,281.920654296875
2022-03-29,233.35958862304688
2022-03-30,233.50888061523438
2022-03-31,254.8129119873047
2022-04-01,188.15780639648438
2022-04-02,188.15780639648438
2022-04-03,239.78370666503906
2022-04-04,163.0200653076172
2022-04-05,212.41769409179688
2022-04-06,175.74716186523438
2022-04-07,243.41552734375
2022-04-08,219.47674560546875
2022-04-09,178.6661834716797
2022-04-10,148.9779052734375
2022-04-11,195.2273712158203
2022-04-12,226.25242614746094
2022-04-13,258.87689208984375
2022-04-14,265.656005859375
2022-04-15,168.43563842773438
2022-04-16,166.67005920410156
2022-04-17,151.43167114257812
2022-04-18,218.6294708251953
2022-04-19,213.5172576904297
2022-04-20,189.60824584960938
2022-04-21,128.264404296875
2022-04-22,246.79725646972656
2022-04-23,134.42303466796875
2022-04-24,50.4451904296875
2022-04-25,246.8994598388672
2022-04-26,160.5444793701172
2022-04-27,186.6986541748047
2022-04-28,176.37631225585938
2022-04-29,148.93714904785156
2022-04-30,168.43563842773438
2022-05-01,66.92056274414062
2022-05-02,96.6702651977539
2022-05-03,157.47349548339844
2022-05-04,163.44906616210938
2022-05-05,144.69874572753906
2022-05-06,174.06805419921875
2022-05-07,97.71585845947266
2022-05-08,98.48174285888672
2022-05-09,150.86941528320312
2022-05-10,143.2461700439453
2022-05-11,176.37631225585938
2022-05-12,158.2610626220703
2022-05-13,162.08282470703125
2022-05-14,83.80007934570312
2022-05-15,77.84101867675781
2022-05-16,168.75344848632812
2022-05-17,174.62417602539062
2022-05-18,165.89596557617188
2022-05-19,162.38076782226562
2022-05-20,140.9603271484375
2022-05-21,124.2212905883789
2022-05-22,75.09599304199219
2022-05-23,150.3084716796875
2022-05-24,222.35826110839844
2022-05-25,155.10350036621094
2022-05-26,134.57305908203125
2022-05-27,155.51962280273438
2022-05-28,118.4752426147461
2022-05-29,76.05384826660156
2022-05-30,115.82404327392578
2022-05-31,190.30909729003906
2022-06-01,168.34361267089844
2022-06-02,142.59397888183594
2022-06-03,142.78309631347656
2022-06-04,102.8747787475586
2022-06-05,70.293212890625
2022-06-06,190.12530517578125
2022-06-07,139.0311279296875
2022-06-08,152.3668212890625
2022-06-09,115.55469512939453
2022-06-10,94.34528350830078
2022-06-11,103.96075439453125
2022-06-12,83.74468994140625
2022-06-13,147.22523498535156
2022-06-14,136.36642456054688
2022-06-15,110.05207824707031
2022-06-16,132.2822265625
2022-06-17,114.04771423339844
2022-06-18,98.11554718017578
2022-06-19,56.4642219543457
2022-06-20,115.72289276123047
2022-06-21,116.76954650878906
2022-06-22,121.32015991210938
2022-06-23,143.56231689453125
2022-06-24,149.3589324951172
2022-06-25,123.23540496826172
2022-06-26,75.8603286743164
2022-06-27,131.99984741210938
2022-06-28,200.76168823242188
2022-06-29,181.88807678222656
2022-06-30,173.20616149902344
2022-07-01,119.07923889160156
2022-07-02,60.22850036621094
2022-07-03,30.20578384399414
2022-07-04,80.43762969970703
2022-07-05,109.64945220947266
2022-07-06,138.9888458251953
2022-07-07,88.63056945800781
2022-07-08,110.41893005371094
2022-07-09,70.48016357421875
2022-07-10,38.51823043823242
2022-07-11,112.85301208496094
2022-07-12,113.63867950439453
2022-07-13,182.87045288085938
2022-07-14,165.35279846191406
2022-07-15,192.0329132080078
2022-07-16,102.60165405273438
2022-07-17,107.43463134765625
2022-07-18,128.70916748046875
2022-07-19,151.07994079589844
2022-07-20,149.56410217285156
2022-07-21,117.50662994384766
2022-07-22,125.4760513305664
2022-07-23,109.91929626464844
2022-07-24,89.26080322265625
2022-07-25,109.55962371826172
2022-07-26,160.8621063232422
2022-07-27,145.54339599609375
2022-07-28,106.68494415283203
2022-07-29,68.24624633789062
2022-07-30,119.9827651977539
2022-07-31,125.18424224853516
2022-08-01,130.93153381347656
2022-08-02,204.4794921875
2022-08-03,210.2315673828125
2022-08-04,212.0501708984375
2022-08-05,163.9325408935547
2022-08-06,138.22935485839844
2022-08-07,111.03579711914062
2022-08-08,149.09796142578125
2022-08-09,212.57118225097656
2022-08-10,80.65382385253906
2022-08-11,130.26951599121094
2022-08-12,182.54019165039062
2022-08-13,112.0191879272461
2022-08-14,120.09308624267578
2022-08-15,110.41893005371094
2022-08-16,96.5411376953125
2022-08-17,156.08956909179688
2022-08-18,100.73998260498047
2022-08-19,117.67557525634766
2022-08-20,81.54013061523438
2022-08-21,122.68769073486328
2022-08-22,101.72952270507812
2022-08-23,145.3411865234375
2022-08-24,102.45054626464844
2022-08-25,149.11880493164062
2022-08-26,108.25385284423828
2022-08-27,81.79179382324219
2022-08-28,103.81266021728516
2022-08-29,120.45700073242188
2022-08-30,115.27250671386719
2022-08-31,97.74789428710938
2022-09-01,187.71217346191406
2022-09-02,84.12870788574219
2022-09-03,117.78018951416016
2022-09-04,65.92174530029297
2022-09-05,83.9590835571289
2022-09-06,119.15711212158203
2022-09-07,124.28883361816406
2022-09-08,99.42936706542969
2022-09-09,94.32772064208984
2022-09-10,81.918212890625
2022-09-11,66.75199127197266
2022-09-12,111.95556640625
2022-09-13,132.26222229003906
2022-09-14,202.9320831298828
2022-09-15,95.6089096069336
2022-09-16,127.40645599365234
2022-09-17,119.15711212158203
2022-09-18,71.2380142211914
2022-09-19,122.18487548828125
2022-09-20,109.77320098876953
2022-09-21,189.75428771972656
2022-09-22,225.8568878173828
2022-09-23,187.7991180419922
2022-09-24,108.01850891113281
2022-09-25,71.04702758789062
2022-09-26,163.0200653076172
2022-09-27,155.8855438232422
2022-09-28,202.5867919921875
2022-09-29,156.9405975341797
2022-09-30,162.7410430908203
2022-10-01,154.9739227294922
2022-10-02,120.60319519042969
2022-10-03,123.89524841308594
2022-10-04,164.21275329589844
2022-10-05,171.14932250976562
2022-10-06,202.70140075683594
2022-10-07,144.24093627929688
2022-10-08,132.6922607421875
2022-10-09,97.9522705078125
2022-10-10,193.3405303955078
2022-10-11,228.25112915039062
2022-10-12,181.95040893554688
2022-10-13,133.84112548828125
2022-10-14,147.22523498535156
2022-10-15,92.4211196899414
2022-10-16,64.23261260986328
2022-10-17,171.66856384277344
2022-10-18,128.9849395751953
2022-10-19,160.19326782226562
2022-10-20,159.91705322265625
2022-10-21,174.34567260742188
2022-10-22,108.37702941894531
2022-10-23,52.3036994934082
2022-10-24,93.57535552978516
2022-10-25,139.72164916992188
2022-10-26,133.39198303222656
2022-10-27,180.4924774169922
2022-10-28,203.68539428710938
2022-10-29,81.26068115234375
2022-10-30,51.75886917114258
2022-10-31,113.79048919677734
2022-11-01,136.88296508789062
2022-11-02,150.81610107421875
2022-11-03,186.55252075195312
2022-11-04,115.8915786743164
2022-11-05,95.81807708740234
2022-11-06,101.14710235595703
2022-11-07,139.72164916992188
2022-11-08,225.73756408691406
2022-11-09,137.41021728515625
2022-11-10,98.15015411376953
2022-11-11,111.09221649169922
2022-11-12,47.662845611572266
2022-11-13,46.00788497924805
2022-11-14,188.92971801757812
2022-11-15,196.5082550048828
2022-11-16,170.58071899414062
2022-11-17,153.21286010742188
2022-11-18,77.71419525146484
2022-11-19,81.97037506103516
2022-11-20,60.385345458984375
2022-11-21,107.62855529785156
2022-11-22,105.24880981445312
2022-11-23,105.60198974609375
2022-11-24,46.46888732910156
2022-11-25,80.51380157470703
2022-11-26,94.32772064208984
2022-11-27,85.42438507080078
2022-11-28,87.9999008178711
2022-11-29,100.55011749267578
2022-11-30,81.59033203125
2022-12-01,65.94698333740234
2022-12-02,109.09654235839844
2022-12-03,106.4093017578125
2022-12-04,51.62443161010742
2022-12-05,98.96951293945312
2022-12-06,139.096923828125
2022-12-07,127.40645599365234
2022-12-08,140.9603271484375
2022-12-09,117.3084716796875
2022-12-10,46.72901153564453
2022-12-11,18.454416275024414
2022-12-12,158.36978149414062
2022-12-13,152.62684631347656
2022-12-14,133.39198303222656
2022-12-15,73.61261749267578
2022-12-16,98.7958755493164
2022-12-17,74.71957397460938
2022-12-18,49.73825454711914
2022-12-19,171.4579620361328
2022-12-20,132.74404907226562
2022-12-21,169.54087829589844
2022-12-22,159.0032501220703
2022-12-23,114.92581939697266
2022-12-24,80.7943344116211
2022-12-25,74.1619644165039
2022-12-26,64.6985855102539
2022-12-27,146.81739807128906
2022-12-28,151.88629150390625
2022-12-29,116.48590087890625
2022-12-30,150.22982788085938
2022-12-31,74.57938385009766
2023-01-01,34.62614440917969
2023-01-02,117.05186462402344
2023-01-03,198.44876098632812
2023-01-04,94.28560638427734
2023-01-05,100.73998260498047
2023-01-06,88.7294921875
2023-01-07,88.86172485351562
2023-01-08,29.228540420532227
2023-01-09,86.12676239013672
2023-01-10,114.62171936035156
2023-01-11,129.44314575195312
2023-01-12,114.44572448730469
2023-01-13,103.69776916503906
2023-01-14,95.40194702148438
2023-01-15,42.60537338256836
2023-01-16,107.10379791259766
2023-01-17,127.40645599365234
2023-01-18,76.7813720703125
2023-01-19,115.06175994873047
2023-01-20,152.3668212890625
2023-01-21,126.19306182861328
2023-01-22,41.53689956665039
2023-01-23,87.70545959472656
2023-01-24,89.98486328125
2023-01-25,110.61297607421875
2023-01-26,71.49427032470703
2023-01-27,120.77069091796875
2023-01-28,82.9361572265625
2023-01-29,55.20946502685547
2023-01-30,155.17120361328125
2023-01-31,148.3239288330078
2023-02-01,108.70256805419922
2023-02-02,130.60302734375
2023-02-03,116.32762908935547
2023-02-04,119.19284057617188
2023-02-05,83.86247253417969
2023-02-06,112.52884674072266
2023-02-07,138.02365112304688
2023-02-08,134.977294921875
2023-02-09,169.5853729248047
2023-02-10,147.8824920654297
2023-02-11,98.81238555908203
2023-02-12,75.77769470214844
2023-02-13,110.41893005371094
2023-02-14,82.66657257080078
2023-02-15,119.27412414550781
2023-02-16,134.74850463867188
2023-02-17,106.09647369384766
2023-02-18,86.7698745727539
2023-02-19,115.21974182128906
2023-02-20,146.02967834472656
2023-02-21,174.98080444335938
2023-02-22,150.3084716796875
2023-02-23,127.8748550415039
2023-02-24,110.97380065917969
2023-02-25,84.05022430419922
2023-02-26,67.60342407226562
2023-02-27,125.6263198852539
2023-02-28,146.95309448242188
2023-03-01,92.77371978759766
2023-03-02,121.40300750732422
2023-03-03,154.6261444091797
2023-03-04,101.25752258300781
2023-03-05,60.04654312133789
2023-03-06,106.85701751708984
2023-03-07,161.43118286132812
2023-03-08,125.93231964111328
2023-03-09,147.4773406982422
2023-03-10,113.44409942626953
2023-03-11,84.21781921386719
2023-03-12,77.71419525146484
2023-03-13,144.29745483398438
2023-03-14,117.3084716796875
2023-03-15,101.751220703125
2023-03-16,112.81190490722656
2023-03-17,85.22901153564453
2023-03-18,87.94427490234375
2023-03-19,32.057106018066406
2023-03-20,94.06885528564453
2023-03-21,129.9046173095703
2023-03-22,114.43415832519531
2023-03-23,100.5713119506836
2023-03-24,72.6195297241211
2023-03-25,101.61250305175781
2023-03-26,31.64873695373535
2023-03-27,120.9456787109375
2023-03-28,76.7618179321289
2023-03-29,79.95852661132812
2023-03-30,129.30096435546875
2023-03-31,90.4455337524414
2023-04-01,52.35380172729492
2023-04-02,43.58641815185547
2023-04-03,84.60388946533203
2023-04-04,119.4284439086914
2023-04-05,117.88497161865234
2023-04-06,173.69268798828125
2023-04-07,169.00856018066406
2023-04-08,64.8544921875
2023-04-09,44.02083206176758
2023-04-10,142.78309631347656
2023-04-11,92.75189971923828
2023-04-12,119.4284439086914
2023-04-13,126.19306182861328
2023-04-14,119.80353546142578
2023-04-15,87.3079833984375
2023-04-16,42.064353942871094
2023-04-17,91.62421417236328
2023-04-18,106.85701751708984
2023-04-19,158.03074645996094
2023-04-20,95.6698226928711
2023-04-21,140.05340576171875
2023-04-22,70.80297088623047
2023-04-23,56.4642219543457
2023-04-24,159.4671630859375
2023-04-25,180.23350524902344
2023-04-26,105.3466796875
2023-04-27,117.88497161865234
2023-04-28,117.88497161865234
2023-04-29,63.05033493041992
2023-04-30,71.34761047363281
2023-05-01,104.6073989868164
2023-05-02,77.03646087646484
2023-05-03,149.52561950683594
2023-05-04,118.08403015136719
2023-05-05,69.73827362060547
2023-05-06,91.45125579833984
2023-05-07,42.60537338256836
2023-05-08,51.75886917114258
2023-05-09,116.35051727294922
2023-05-10,118.51763153076172
2023-05-11,137.27757263183594
2023-05-12,146.2168426513672
2023-05-13,88.82279205322266
2023-05-14,74.02385711669922
2023-05-15,135.86703491210938
2023-05-16,137.52537536621094
2023-05-17,89.37788391113281
2023-05-18,125.21733856201172
2023-05-19,160.85305786132812
2023-05-20,98.44183349609375
2023-05-21,60.22850036621094
2023-05-22,78.2496337890625
2023-05-23,183.6913604736328
2023-05-24,115.21974182128906
2023-05-25,106.28559112548828
2023-05-26,61.34384536743164
2023-05-27,85.71331787109375
2023-05-28,36.50212478637695
2023-05-29,44.966983795166016
2023-05-30,111.29180908203125
2023-05-31,219.58306884765625
2023-06-01,182.39715576171875
2023-06-02,129.57322692871094
2023-06-03,119.01441192626953
2023-06-04,38.185218811035156
2023-06-05,107.08731079101562
2023-06-06,133.4734344482422
2023-06-07,142.2924346923828
2023-06-08,78.73674774169922
2023-06-09,96.3266830444336
2023-06-10,97.14274597167969
2023-06-11,81.29000091552734
2023-06-12,65.72555541992188
2023-06-13,77.17451477050781
2023-06-14,72.13296508789062
2023-06-15,158.32125854492188
2023-06-16,111.43194580078125
2023-06-17,93.1047134399414
2023-06-18,84.69633483886719
2023-06-19,107.78419494628906
2023-06-20,142.78309631347656
2023-06-21,127.8748550415039
2023-06-22,154.50408935546875
2023-06-23,46.4107551574707
2023-06-24,105.08145141601562
2023-06-25,125.18424224853516
2023-06-26,169.5130615234375
2023-06-27,118.30599212646484
2023-06-28,82.5390625
2023-06-29,120.89662170410156
2023-06-30,102.67338562011719
2023-07-01,103.0347671508789
2023-07-02,69.4250717163086
2023-07-03,45.37763977050781
2023-07-04,109.93034362792969
2023-07-05,89.85264587402344
2023-07-06,172.6627960205078
2023-07-07,120.56138610839844
2023-07-08,58.67672348022461
2023-07-09,75.93278503417969
2023-07-10,138.2980499267578
2023-07-11,141.3526153564453
2023-07-12,203.18724060058594
2023-07-13,80.51380157470703
2023-07-14,151.36514282226562
2023-07-15,65.74562072753906
2023-07-16,30.577547073364258
2023-07-17,110.8536376953125
2023-07-18,151.43167114257812
2023-07-19,188.8271484375
2023-07-20,127.64022827148438
2023-07-21,112.39069366455078
2023-07-22,36.51649475097656
2023-07-23,49.441307067871094
2023-07-24,143.43077087402344
2023-07-25,61.7248649597168
2023-07-26,84.0753173828125
2023-07-27,132.50270080566406
2023-07-28,130.33053588867188
2023-07-29,71.89212036132812
2023-07-30,10.068594932556152
2023-07-31,154.3993377685547
2023-08-01,116.9141616821289
2023-08-02,132.7555694580078
2023-08-03,88.7294921875
2023-08-04,119.37181091308594
2023-08-05,97.42845916748047
2023-08-06,30.182849884033203
2023-08-07,117.56503295898438
2023-08-08,108.29548645019531
2023-08-09,105.72024536132812
2023-08-10,131.0054931640625
2023-08-11,142.3582763671875
2023-08-12,119.27412414550781
2023-08-13,60.70150375366211
2023-08-14,114.96981048583984
2023-08-15,114.6426010131836
2023-08-16,100.02424621582031
2023-08-17,116.02689361572266
2023-08-18,77.42227935791016
2023-08-19,114.04771423339844
2023-08-20,43.701419830322266
2023-08-21,97.22421264648438
2023-08-22,81.09864044189453
2023-08-23,126.71024322509766
2023-08-24,61.5718879699707
2023-08-25,40.256900787353516
2023-08-26,85.97503662109375
2023-08-27,41.931236267089844
2023-08-28,75.4415054321289
2023-08-29,115.63378143310547
2023-08-30,163.29559326171875
2023-08-31,117.42311096191406
2023-09-01,73.48699951171875
2023-09-02,58.97747039794922
2023-09-03,16.358360290527344
2023-09-04,100.61537170410156
2023-09-05,121.78558349609375
2023-09-06,76.62522888183594
2023-09-07,80.34212493896484
2023-09-08,80.14276123046875
2023-09-09,44.43086242675781
2023-09-10,16.60434913635254
2023-09-11,93.49989318847656
2023-09-12,164.96852111816406
2023-09-13,134.78366088867188
2023-09-14,119.93779754638672
2023-09-15,106.68494415283203
2023-09-16,79.46189880371094
2023-09-17,64.32170104980469
2023-09-18,114.6917495727539
2023-09-19,207.41676330566406
2023-09-20,190.11257934570312
2023-09-21,162.9131622314453
2023-09-22,131.62521362304688
2023-09-23,70.02175903320312
2023-09-24,66.41739654541016
2023-09-25,109.96076202392578
2023-09-26,81.25166320800781
2023-09-27,101.4660415649414
2023-09-28,64.37852478027344
2023-09-29,86.41481018066406
2023-09-30,82.55619812011719
2023-10-01,38.97138595581055
2023-10-02,63.45914840698242
2023-10-03,107.04885864257812
2023-10-04,61.24074935913086
2023-10-05,54.304386138916016
2023-10-06,161.30764770507812
2023-10-07,54.14300537109375
2023-10-08,75.66779327392578
2023-10-09,227.07118225097656
2023-10-10,259.08349609375
2023-10-11,265.9303894042969
2023-10-12,218.0117645263672
2023-10-13,287.3145446777344
2023-10-14,216.03701782226562
2023-10-15,154.47207641601562
2023-10-16,290.3445739746094
2023-10-17,274.5221862792969
2023-10-18,333.0094299316406
2023-10-19,338.8517150878906
2023-10-20,298.6288146972656
2023-10-21,251.51968383789062
2023-10-22,105.160888671875
2023-10-23,312.774658203125
2023-10-24,250.00511169433594
2023-10-25,208.08998107910156
2023-10-26,168.43563842773438
2023-10-27,251.86463928222656
2023-10-28,173.5397491455078
2023-10-29,133.1291961669922
2023-10-30,205.43055725097656
2023-10-31,172.08143615722656
2023-11-01,251.7322540283203
2023-11-02,219.58306884765625
2023-11-03,174.9210662841797
2023-11-04,157.24212646484375
2023-11-05,92.95470428466797
2023-11-06,182.9025115966797
2023-11-07,140.21450805664062
2023-11-08,132.50270080566406
2023-11-09,201.47996520996094
2023-11-10,180.9846649169922
2023-11-11,161.4616241455078
2023-11-12,128.3940887451172
2023-11-13,131.046630859375
2023-11-14,148.2277374267578
2023-11-15,130.60302734375
2023-11-16,170.8645477294922
2023-11-17,149.48410034179688
2023-11-18,111.65958404541016
2023-11-19,101.5645751953125
2023-11-20,204.90109252929688
2023-11-21,96.48255157470703
2023-11-22,191.44436645507812
2023-11-23,175.45379638671875
2023-11-24,152.79371643066406
2023-11-25,125.10517883300781
2023-11-26,87.86651611328125
2023-11-27,166.35165405273438
2023-11-28,184.384765625
2023-11-29,88.7790298461914
2023-11-30,178.9017333984375
2023-12-01,94.81410217285156
2023-12-02,122.122314453125
2023-12-03,110.7027816772461
2023-12-04,194.85691833496094
2023-12-05,89.69046020507812
2023-12-06,131.24276733398438
2023-12-07,194.16470336914062
2023-12-08,153.5236358642578
2023-12-09,106.34246826171875
2023-12-10,124.12431335449219
2023-12-11,153.77490234375
2023-12-12,167.4221954345703
2023-12-13,192.79495239257812
2023-12-14,148.67898559570312
2023-12-15,169.25527954101562
2023-12-16,104.33283996582031
2023-12-17,90.89362335205078
2023-12-18,144.02468872070312
2023-12-19,187.75686645507812
2023-12-20,143.77462768554688
2023-12-21,114.01953887939453
2023-12-22,89.36782836914062
2023-12-23,150.29798889160156
2023-12-24,52.916419982910156
2023-12-25,136.3998565673828
2023-12-26,139.57447814941406
2023-12-27,180.18150329589844
2023-12-28,122.68769073486328
2023-12-29,221.28489685058594
2023-12-30,190.9830322265625
2023-12-31,110.08533477783203
2024-01-01,167.60015869140625
2024-01-02,131.12246704101562
2024-01-03,149.3903045654297
2024-01-04,180.68551635742188
2024-01-05,167.4893798828125
2024-01-06,131.24276733398438
2024-01-07,89.04752349853516
2024-01-08,106.6277084350586
2024-01-09,241.2696990966797
2024-01-10,118.09510040283203
2024-01-11,165.3104705810547
2024-01-12,210.59278869628906
2024-01-13,160.0274200439453
2024-01-14,107.43463134765625
2024-01-15,106.3993911743164
2024-01-16,193.38906860351562
2024-01-17,176.20040893554688
2024-01-18,167.4893798828125
2024-01-19,207.4058380126953
2024-01-20,83.86247253417969
2024-01-21,70.10725402832031
2024-01-22,186.62353515625
2024-01-23,169.07244873046875
2024-01-24,159.14471435546875
2024-01-25,202.29420471191406
2024-01-26,141.32115173339844
2024-01-27,178.9195556640625
2024-01-28,152.74087524414062
2024-01-29,140.53317260742188
2024-01-30,206.27711486816406
2024-01-31,205.60765075683594
2024-02-01,147.4983673095703
2024-02-02,171.52455139160156
2024-02-03,96.79580688476562
2024-02-04,85.66985321044922
2024-02-05,125.87757110595703
2024-02-06,118.75242614746094
2024-02-07,100.38084411621094
2024-02-08,116.2304458618164
2024-02-09,194.5299835205078
2024-02-10,98.4957504272461
2024-02-11,86.26477813720703
2024-02-12,156.3873291015625
2024-02-13,187.85829162597656
2024-02-14,135.8093719482422
2024-02-15,214.8081512451172
2024-02-16,160.93446350097656
2024-02-17,87.02969360351562
2024-02-18,80.7943344116211
2024-02-19,167.8173065185547
2024-02-20,170.2109832763672
2024-02-21,193.75396728515625
2024-02-22,219.58306884765625
2024-02-23,167.06863403320312
2024-02-24,111.12447357177734
2024-02-25,87.17283630371094
2024-02-26,200.9716796875
2024-02-27,166.86441040039062
2024-02-28,177.458984375
2024-02-29,153.25045776367188
2024-03-01,155.183349609375
2024-03-02,82.69258880615234
2024-03-03,82.35665130615234
2024-03-04,170.75091552734375
2024-03-05,83.45616912841797
2024-03-06,108.01850891113281
2024-03-07,122.2349624633789
2024-03-08,183.7222442626953
2024-03-09,89.67141723632812
2024-03-10,98.21629333496094
2024-03-11,155.80584716796875
2024-03-12,199.55227661132812
2024-03-13,149.75440979003906
2024-03-14,187.1507110595703
2024-03-15,138.02365112304688
2024-03-16,126.55989837646484
2024-03-17,69.1920166015625
2024-03-18,147.65321350097656
2024-03-19,183.30413818359375
2024-03-20,116.02689361572266
2024-03-21,130.513916015625
2024-03-22,125.00255584716797
2024-03-23,107.02964782714844
2024-03-24,69.01182556152344
2024-03-25,187.99307250976562
2024-03-26,165.62838745117188
2024-03-27,126.7417221069336
2024-03-28,99.6260986328125
2024-03-29,126.19306182861328
2024-03-30,161.5886688232422
2024-03-31,119.95370483398438
2024-04-01,123.22461700439453
2024-04-02,197.96221923828125
2024-04-03,181.86647033691406
2024-04-04,160.98458862304688
2024-04-05,142.04835510253906
2024-04-06,130.29766845703125
2024-04-07,69.73827362060547
2024-04-08,126.32672882080078
2024-04-09,171.76275634765625
2024-04-10,208.5249481201172
2024-04-11,123.34028625488281
2024-04-12,161.3263397216797
2024-04-13,130.1172332763672
2024-04-14,137.6413116455078
2024-04-15,230.79364013671875
2024-04-16,340.5443420410156
2024-04-17,227.49627685546875
2024-04-18,155.665771484375
2024-04-19,208.1194305419922
2024-04-20,134.36312866210938
2024-04-21,70.48016357421875
2024-04-22,162.9131622314453
2024-04-23,148.3239288330078
2024-04-24,139.23226928710938
2024-04-25,172.4012908935547
2024-04-26,150.83494567871094
2024-04-27,154.3292694091797
2024-04-28,106.32933807373047
2024-04-29,191.10968017578125
2024-04-30,167.80361938476562
2024-05-01,130.75924682617188
2024-05-02,137.77406311035156
2024-05-03,110.41893005371094
2024-05-04,86.46179962158203
2024-05-05,68.83257293701172
2024-05-06,93.61604309082031
2024-05-07,176.26507568359375
2024-05-08,163.58358764648438
2024-05-09,145.39895629882812
2024-05-10,185.2792205810547
2024-05-11,106.0021743774414
2024-05-12,54.009254455566406
2024-05-13,177.1075897216797
2024-05-14,154.67242431640625
2024-05-15,129.21363830566406
2024-05-16,124.90009307861328
2024-05-17,181.6569366455078
2024-05-18,110.9231185913086
2024-05-19,98.48174285888672
2024-05-20,135.07557678222656
2024-05-21,165.28404235839844
2024-05-22,140.05340576171875
2024-05-23,101.83300018310547
2024-05-24,116.63970947265625
2024-05-25,91.41826629638672
2024-05-26,121.3052978515625
2024-05-27,145.42979431152344
2024-05-28,143.45765686035156
2024-05-29,135.4371795654297
2024-05-30,93.57535552978516
2024-05-31,156.499267578125
2024-06-01,121.19149780273438
2024-06-02,90.01542663574219
2024-06-03,111.1133804321289
2024-06-04,110.2148208618164
2024-06-05,119.32062530517578
2024-06-06,122.00985717773438
2024-06-07,122.68769073486328
2024-06-08,66.66158294677734
2024-06-09,92.95470428466797
2024-06-10,107.28964233398438
2024-06-11,121.78558349609375
2024-06-12,117.67557525634766
2024-06-13,133.4734344482422
2024-06-14,90.13789367675781
2024-06-15,109.89561462402344
2024-06-16,102.35462188720703
2024-06-17,120.9456787109375
2024-06-18,142.94383239746094
2024-06-19,114.8867416381836
2024-06-20,177.00743103027344
2024-06-21,128.30368041992188
2024-06-22,64.95230865478516
2024-06-23,85.1559829711914
2024-06-24,212.60784912109375
2024-06-25,109.98760223388672
2024-06-26,128.58396911621094
2024-06-27,120.6764144897461
2024-06-28,121.46080780029297
2024-06-29,42.536983489990234
2024-06-30,46.920223236083984
2024-07-01,71.44754028320312
2024-07-02,79.59959411621094
2024-07-03,107.82317352294922
2024-07-04,90.27962493896484
2024-07-05,73.11270141601562
2024-07-06,87.63406372070312
2024-07-07,94.91598510742188
2024-07-08,89.18451690673828
2024-07-09,90.05038452148438
2024-07-10,124.6665267944336
2024-07-11,127.8534927368164
2024-07-12,86.32097625732422
2024-07-13,31.749849319458008
2024-07-14,45.007713317871094
2024-07-15,67.88048553466797
2024-07-16,68.23641204833984
2024-07-17,105.25916290283203
2024-07-18,133.52000427246094
2024-07-19,143.77462768554688
2024-07-20,79.50162506103516
2024-07-21,81.29000091552734
2024-07-22,130.038818359375
2024-07-23,36.46863555908203
2024-07-24,78.87065887451172
2024-07-25,91.53900146484375
2024-07-26,95.77151489257812
2024-07-27,81.64779663085938
2024-07-28,105.160888671875
2024-07-29,124.38494873046875
2024-07-30,107.0728988647461
2024-07-31,112.86431121826172
2024-08-01,133.19764709472656
2024-08-02,191.2178192138672
2024-08-03,92.17579650878906
2024-08-04,76.24835968017578
2024-08-05,186.99978637695312
2024-08-06,131.50079345703125
2024-08-07,172.7223358154297
2024-08-08,174.67401123046875
2024-08-09,151.33558654785156
2024-08-10,122.04196166992188
2024-08-11,61.8345947265625
2024-08-12,118.30599212646484
2024-08-13,151.6049346923828
2024-08-14,175.76889038085938
2024-08-15,139.61013793945312
2024-08-16,118.94318389892578
2024-08-17,137.03067016601562
2024-08-18,75.07235717773438
2024-08-19,136.52664184570312
2024-08-20,151.46929931640625
2024-08-21,140.68820190429688
2024-08-22,184.3729705810547
2024-08-23,143.7642364501953
2024-08-24,87.31644439697266
2024-08-25,110.72650146484375
2024-08-26,176.03016662597656
2024-08-27,174.34567260742188
2024-08-28,156.19180297851562
2024-08-29,132.50270080566406
2024-08-30,166.55368041992188
2024-08-31,124.57520294189453
2024-09-01,113.66654205322266
2024-09-02,145.5133056640625
2024-09-03,171.22616577148438
2024-09-04,180.32122802734375
2024-09-05,141.96719360351562
2024-09-06,100.38084411621094
2024-09-07,90.47984313964844
2024-09-08,122.36398315429688
2024-09-09,146.7593231201172
2024-09-10,97.6078872680664
2024-09-11,212.9060516357422
2024-09-12,103.11494445800781
2024-09-13,185.6430206298828
2024-09-14,100.38084411621094
2024-09-15,55.874637603759766
2024-09-16,88.97392272949219
2024-09-17,100.7880630493164
2024-09-18,122.00985717773438
2024-09-19,93.75191497802734
2024-09-20,175.53778076171875
2024-09-21,90.29145050048828
2024-09-22,8.952885627746582
2024-09-23,158.09982299804688
2024-09-24,161.11709594726562
2024-09-25,175.30010986328125
2024-09-26,240.47679138183594
2024-09-27,134.84788513183594
2024-09-28,66.58427429199219
2024-09-29,102.35462188720703
2024-09-30,160.4926300048828
2024-10-01,135.86703491210938
2024-10-02,178.71270751953125
2024-10-03,237.0575714111328
2024-10-04,144.27560424804688
2024-10-05,72.57582092285156
2024-10-06,89.28753662109375
2024-10-07,80.63045501708984
2024-10-08,98.58832550048828
2024-10-09,137.03067016601562
2024-10-10,119.58728790283203
2024-10-11,157.45294189453125
2024-10-12,96.0164566040039
2024-10-13,52.166419982910156
2024-10-14,151.46929931640625
2024-10-15,125.71414947509766
2024-10-16,117.64259338378906
2024-10-17,104.24164581298828
2024-10-18,124.89034271240234
2024-10-19,72.25399780273438
2024-10-20,77.84101867675781
2024-10-21,119.05634307861328
2024-10-22,214.1457977294922
2024-10-23,215.39117431640625
2024-10-24,136.4728240966797
2024-10-25,170.02560424804688
2024-10-26,114.05547332763672
2024-10-27,93.91300201416016
2024-10-28,145.1722869873047
2024-10-29,160.8042449951172
2024-10-30,133.96414184570312
2024-10-31,133.89991760253906
2024-11-01,131.0728302001953
2024-11-02,79.75684356689453
2024-11-03,101.40513610839844
2024-11-04,114.6917495727539
2024-11-05,57.4433708190918
2024-11-06,120.14494323730469
2024-11-07,98.7958755493164
2024-11-08,108.89063262939453
2024-11-09,77.39643859863281
2024-11-10,54.009254455566406
2024-11-11,154.22886657714844
2024-11-12,106.85701751708984
2024-11-13,116.55330657958984
2024-11-14,58.6295166015625
2024-11-15,97.5879135131836
2024-11-16,97.26952362060547
2024-11-17,33.888160705566406
2024-11-18,253.14381408691406
2024-11-19,197.47999572753906
2024-11-20,195.1946258544922
2024-11-21,193.78823852539062
2024-11-22,102.09968566894531
2024-11-23,183.44915771484375
2024-11-24,85.59606170654297
2024-11-25,123.70584869384766
2024-11-26,169.25527954101562
2024-11-27,199.62742614746094
2024-11-28,176.27854919433594
2024-11-29,226.97222900390625
2024-11-30,105.60198974609375
2024-12-01,184.54417419433594
2024-12-02,197.0029296875
2024-12-03,164.99378967285156
2024-12-04,136.60072326660156
2024-12-05,127.66488647460938
2024-12-06,150.84552001953125
2024-12-07,151.0617218017578
2024-12-08,68.65425109863281
2024-12-09,170.9712371826172
2024-12-10,194.4993896484375
2024-12-11,153.94032287597656
2024-12-12,233.8283233642578
2024-12-13,191.3634796142578
2024-12-14,101.751220703125
2024-12-15,64.41104125976562
2024-12-16,194.0416259765625
2024-12-17,133.30252075195312
2024-12-18,182.28550720214844
2024-12-19,152.5942840576172
2024-12-20,128.64340209960938
2024-12-21,89.20738983154297
2024-12-22,37.21986389160156
2024-12-23,146.57379150390625
2024-12-24,143.3685302734375
2024-12-25,120.14494323730469
2024-12-26,132.85699462890625
2024-12-27,168.5598602294922
2024-12-28,106.214599609375
2024-12-29,79.4108657836914
2024-12-30,108.1994400024414
2024-12-31,63.39842224121094
2025-01-01,112.81190490722656
2025-01-02,198.4803009033203
2025-01-03,137.5028076171875
2025-01-04,69.86082458496094
2025-01-05,48.147789001464844
2025-01-06,98.31822204589844
2025-01-07,117.64259338378906
2025-01-08,70.20856475830078
2025-01-09,123.1437759399414
2025-01-10,65.53641510009766
2025-01-11,71.65287780761719
2025-01-12,81.90414428710938
2025-01-13,106.85701751708984
2025-01-14,147.36761474609375
2025-01-15,147.094482421875
2025-01-16,92.8215103149414
2025-01-17,88.33514404296875
2025-01-18,77.15607452392578
2025-01-19,68.30036163330078
2025-01-20,151.88629150390625
2025-01-21,50.095542907714844
2025-01-22,157.46360778808594
2025-01-23,126.4798583984375
2025-01-24,148.64085388183594
2025-01-25,84.66626739501953
2025-01-26,128.0631866455078
2025-01-27,209.143798828125
2025-01-28,163.21046447753906
2025-01-29,105.25916290283203
2025-01-30,120.6764144897461
2025-01-31,109.84081268310547
2025-02-01,65.24754333496094
2025-02-02,61.99993133544922
2025-02-03,146.04507446289062
2025-02-04,141.4619598388672
2025-02-05,135.56771850585938
2025-02-06,162.32183837890625
2025-02-07,124.4435043334961
2025-02-08,131.8939666748047
2025-02-09,0.0
2025-02-10,121.00703430175781
2025-02-11,119.80353546142578
2025-02-12,95.37142944335938
2025-02-13,167.4221954345703
2025-02-14,119.525634765625
2025-02-15,108.1865005493164
2025-02-16,86.55165100097656
2025-02-17,156.25318908691406
2025-02-18,217.6139373779297
2025-02-19,166.24411010742188
2025-02-20,265.48809814453125
2025-02-21,181.8218994140625
2025-02-22,124.80632019042969
2025-02-23,96.91022491455078
2025-02-24,144.02468872070312
2025-02-25,165.32223510742188
2025-02-26,162.38076782226562
2025-02-27,143.77462768554688
2025-02-28,122.68769073486328
2025-03-01,119.8626480102539
2025-03-02,83.74468994140625
2025-03-03,154.22886657714844
2025-03-04,253.4526824951172
2025-03-05,180.47381591796875
2025-03-06,229.87570190429688
2025-03-07,179.5272674560547
2025-03-08,195.7426300048828
2025-03-09,105.72024536132812
2025-03-10,238.45330810546875
2025-03-11,221.6365509033203
2025-03-12,218.22657775878906
2025-03-13,254.8129119873047
2025-03-14,223.67819213867188
2025-03-15,150.57125854492188
2025-03-16,92.95470428466797
2025-03-17,155.95892333984375
2025-03-18,201.12017822265625
2025-03-19,275.0921325683594
2025-03-20,246.20436096191406
2025-03-21,158.8217315673828
2025-03-22,110.77057647705078
2025-03-23,96.91022491455078
2025-03-24,141.50775146484375
2025-03-25,139.72164916992188
2025-03-26,155.46347045898438
2025-03-27,155.94879150390625
2025-03-28,156.456787109375
2025-03-29,132.29104614257812
2025-03-30,55.05652618408203
2025-03-31,188.3616943359375
2025-04-01,90.91094970703125
2025-04-02,115.74695587158203
2025-04-03,97.93678283691406
2025-04-04,176.9652099609375
2025-04-05,148.7680206298828
2025-04-06,115.76177215576172
2025-04-07,125.71414947509766
2025-04-08,128.1103515625
2025-04-09,189.45361328125
2025-04-10,166.2014923095703
2025-04-11,134.74850463867188
2025-04-12,98.58832550048828
2025-04-13,91.55338287353516
2025-04-14,168.11903381347656
2025-04-15,141.71412658691406
2025-04-16,156.30990600585938
2025-04-17,122.4609146118164
2025-04-18,187.7323455810547
2025-04-19,117.39453887939453
2025-04-20,170.10482788085938
2025-04-21,158.39720153808594
2025-04-22,133.2294158935547
2025-04-23,146.83367919921875
2025-04-24,179.21395874023438
2025-04-25,190.11257934570312
2025-04-26,123.4497299194336
2025-04-27,154.0729217529297
2025-04-28,113.79048919677734
2025-04-29,127.8748550415039
2025-04-30,140.21450805664062
2025-05-01,105.3466796875
2025-05-02,181.0728302001953
2025-05-03,85.18031311035156
2025-05-04,95.38807678222656
2025-05-05,213.92315673828125
2025-05-06,214.70346069335938
2025-05-07,250.21035766601562
2025-05-08,246.38934326171875
2025-05-09,150.08396911621094
2025-05-10,106.34246826171875
2025-05-11,104.52276611328125
2025-05-12,200.17465209960938
2025-05-13,150.0257110595703
2025-05-14,145.07595825195312
2025-05-15,213.5278778076172
2025-05-16,206.7042236328125
2025-05-17,142.74066162109375
2025-05-18,137.70489501953125
2025-05-19,231.87974548339844
2025-05-20,167.23641967773438
2025-05-21,222.44102478027344
2025-05-22,205.25376892089844
2025-05-23,103.68828582763672
2025-05-24,89.52886199951172
2025-05-25,142.20619201660156
2025-05-26,180.8349609375
2025-05-27,203.34573364257812
2025-05-28,228.03907775878906
2025-05-29,169.4258575439453
2025-05-30,185.31846618652344
2025-05-31,71.29698944091797
2025-06-01,161.38150024414062
2025-06-02,246.2875518798828
2025-06-03,205.0933074951172
2025-06-04,197.03004455566406
2025-06-05,245.16421508789062
2025-06-06,137.7939910888672
2025-06-07,109.03436279296875
2025-06-08,102.71527862548828
2025-06-09,145.3411865234375
2025-06-10,188.4736785888672
2025-06-11,177.35682678222656
2025-06-12,168.150634765625
2025-06-13,166.77857971191406
2025-06-14,307.2526550292969
2025-06-15,169.0869903564453
2025-06-16,273.92388916015625
2025-06-17,293.2027893066406
2025-06-18,320.7700500488281
2025-06-19,205.7495574951172
2025-06-20,284.4123840332031
2025-06-21,193.27784729003906
2025-06-22,239.66897583007812
2025-06-23,540.163330078125
2025-06-24,351.72052001953125
2025-06-25,328.4731140136719
2025-06-26,233.9731903076172
2025-06-27,231.2438201904297
2025-06-28,106.67591094970703
2025-06-29,95.38807678222656
2025-06-30,147.65321350097656
2025-07-01,189.46420288085938
2025-07-02,95.84282684326172
2025-07-03,96.75885009765625
2025-07-04,156.76760864257812
2025-07-05,101.02533721923828
2025-07-06,48.714229583740234
2025-07-07,115.55469512939453
2025-07-08,151.7206573486328
2025-07-09,136.29527282714844
2025-07-10,146.05677795410156
2025-07-11,134.5205078125
2025-07-12,123.25833129882812
2025-07-13,42.68772888183594
2025-07-14,107.62855529785156
2025-07-15,166.55368041992188
2025-07-16,177.89715576171875
2025-07-17,155.00750732421875
2025-07-18,140.04351806640625
2025-07-19,58.319854736328125
2025-07-20,88.87377166748047
2025-07-21,144.323486328125
2025-07-22,118.55506134033203
2025-07-23,142.94383239746094
2025-07-24,199.4794464111328
2025-07-25,122.90444946289062
2025-07-26,124.04899597167969
2025-07-27,152.61151123046875
2025-07-28,142.25750732421875
2025-07-29,126.91829681396484
2025-07-30,219.11924743652344
2025-07-31,176.5133819580078
2025-08-01,179.05772399902344
2025-08-02,113.899169921875
2025-08-03,89.52886199951172
2025-08-04,127.92436218261719
2025-08-05,163.98849487304688
2025-08-06,133.52000427246094
2025-08-07,149.1587677001953
2025-08-08,175.30010986328125
2025-08-09,115.55469512939453
2025-08-10,103.81266021728516
2025-08-11,176.85165405273438
2025-08-12,140.1470947265625
2025-08-13,159.25807189941406
2025-08-14,173.33203125
2025-08-15,139.0772705078125
2025-08-16,99.5866928100586
2025-08-17,154.9739227294922
2025-08-18,224.327392578125
2025-08-19,135.60218811035156
2025-08-20,155.58047485351562
2025-08-21,122.21123504638672
2025-08-22,104.53862762451172
2025-08-23,110.23519134521484
2025-08-24,86.16505432128906
2025-08-25,131.91641235351562
2025-08-26,108.72760772705078
2025-08-27,186.89584350585938
2025-08-28,170.36062622070312
2025-08-29,175.66647338867188
2025-08-30,100.55011749267578
2025-08-31,44.76443099975586
2025-09-01,144.02468872070312
2025-09-02,122.68769073486328
2025-09-03,187.5038299560547
2025-09-04,114.8867416381836
2025-09-05,142.67613220214844
2025-09-06,102.90521240234375
2025-09-07,74.23120880126953
2025-09-08,115.21974182128906
2025-09-09,95.37142944335938
2025-09-10,236.6119842529297
2025-09-11,179.05772399902344
2025-09-12,103.72032165527344
2025-09-13,103.36392211914062
2025-09-14,94.39959716796875
2025-09-15,100.58403778076172
2025-09-16,102.5166015625
2025-09-17,142.6154327392578
2025-09-18,96.48255157470703
2025-09-19,140.83004760742188
2025-09-20,101.55316925048828
2025-09-21,110.11305236816406
2025-09-22,131.45111083984375
2025-09-23,115.3311767578125
2025-09-24,117.20443725585938
2025-09-25,148.87945556640625
2025-09-26,159.19918823242188
2025-09-27,54.95964813232422
2025-09-28,78.6366195678711
2025-09-29,119.8833999633789
2025-09-30,161.74647521972656
2025-10-01,169.25527954101562
2025-10-02,184.73934936523438
2025-10-03,293.1475830078125
2025-10-04,139.05831909179688
2025-10-05,64.23261260986328
2025-10-06,190.01344299316406
2025-10-07,163.92086791992188
2025-10-08,83.78089141845703
2025-10-09,194.47560119628906
2025-10-10,184.0315399169922
2025-10-11,135.20684814453125
2025-10-12,96.5763168334961
2025-10-13,198.07106018066406
2025-10-14,202.95819091796875
2025-10-15,184.0315399169922
2025-10-16,149.9516143798828
2025-10-17,133.89991760253906
2025-10-18,114.5556640625
2025-10-19,103.2244873046875
2025-10-20,161.07623291015625
2025-10-21,177.1075897216797
2025-10-22,122.92731475830078
2025-10-23,193.3405303955078
2025-10-24,158.6478729248047
2025-10-25,108.35501861572266
2025-10-26,124.46063232421875
2025-10-27,163.14573669433594
2025-10-28,129.650390625
2025-10-29,100.992919921875
2025-10-30,132.0226287841797
2025-10-31,158.78424072265625
2025-11-01,53.77545166015625
2025-11-02,57.25425338745117
2025-11-03,236.6119842529297
2025-11-04,107.0601806640625
2025-11-05,140.9603271484375
2025-11-06,82.0813217163086
2025-11-07,99.21167755126953
2025-11-08,85.76227569580078
2025-11-09,24.720653533935547
2025-11-10,105.160888671875
2025-11-11,104.4241943359375
2025-11-12,77.42227935791016
2025-11-13,71.02971649169922
2025-11-14,81.85916900634766
2025-11-15,76.27622985839844
2025-11-16,79.62903594970703
2025-11-17,111.8166275024414
2025-11-18,81.25166320800781
2025-11-19,59.47159194946289
2025-11-20,84.79268646240234
2025-11-21,163.00860595703125
2025-11-22,38.45435333251953
2025-11-23,113.38862609863281
2025-11-24,173.25144958496094
2025-11-25,188.14927673339844
2025-11-26,118.30599212646484
2025-11-27,181.4025115966797
2025-11-28,151.36514282226562
2025-11-29,75.81580352783203
2025-11-30,77.03646087646484
2025-12-01,149.9516143798828
2025-12-02,110.011474609375
2025-12-03,106.47539520263672
2025-12-04,154.6261444091797
2025-12-05,150.29798889160156
2025-12-06,82.40218353271484
2025-12-07,40.895896911621094
2025-12-08,110.63585662841797
2025-12-09,104.47801208496094
2025-12-10,95.6698226928711
2025-12-11,142.22116088867188
2025-12-12,175.30010986328125
2025-12-13,75.28562927246094
2025-12-14,185.31846618652344
2025-12-15,202.24098205566406
2025-12-16,145.1220245361328
2025-12-17,125.1149673461914
2025-12-18,209.34442138671875
2025-12-19,100.20222473144531
2025-12-20,134.84788513183594
2025-12-21,113.11206817626953
2025-12-22,106.6277084350586
2025-12-23,97.63357543945312
2025-12-24,134.29327392578125
2025-12-25,147.22523498535156
2025-12-26,144.02468872070312
2025-12-27,223.72462463378906
2025-12-28,79.82090759277344
2025-12-29,62.946659088134766
2025-12-30,218.8921356201172
2025-12-31,161.7602081298828
2026-01-01,164.65980529785156
2026-01-02,175.08287048339844
2026-01-03,197.96221923828125
2026-01-04,135.55264282226562
2026-01-05,263.34222412109375
2026-01-06,255.32977294921875
2026-01-07,242.22332763671875
2026-01-08,267.4366760253906
2026-01-09,131.62521362304688
2026-01-10,192.19676208496094
2026-01-11,127.08059692382812
2026-01-12,186.33192443847656
2026-01-13,167.4221954345703
2026-01-14,119.8833999633789
2026-01-15,152.97825622558594
2026-01-16,194.85691833496094
2026-01-17,71.53385162353516
2026-01-18,89.3094253540039
2026-01-19,191.91197204589844
2026-01-20,251.4282989501953
2026-01-21,180.3575897216797
2026-01-22,133.7183380126953
2026-01-23,193.18576049804688
2026-01-24,123.51947784423828
2026-01-25,85.1559829711914
2026-01-26,80.7943344116211
2026-01-27,206.27711486816406
2026-01-28,134.1356658935547
2026-01-29,177.5683135986328
2026-01-30,161.4616241455078
2026-01-31,129.1953125
2026-02-01,106.85701751708984
2026-02-02,109.20553588867188
2026-02-03,141.4619598388672
2026-02-04,239.60707092285156
2026-02-05,139.28529357910156
2026-02-06,114.82037353515625
2026-02-07,132.2822265625
2026-02-08,64.23261260986328
2026-02-09,114.00806427001953
2026-02-10,59.25881576538086
2026-02-11,107.04885864257812
2026-02-12,125.64912414550781
2026-02-13,116.78925323486328
2026-02-14,69.01182556152344
2026-02-15,21.51017951965332
2026-02-16,72.96404266357422
2026-02-17,76.59115600585938
2026-02-18,122.04196166992188
2026-02-19,113.25018310546875
2026-02-20,153.67581176757812
2026-02-21,78.07398223876953
2026-02-22,62.062156677246094
2026-02-23,139.28529357910156
2026-02-24,197.6758270263672
2026-02-25,138.26370239257812
2026-02-26,167.3013916015625
2026-02-27,197.11146545410156
2026-02-28,110.59446716308594
2026-03-01,273.90740966796875
2026-03-02,500.8071594238281
2026-03-03,391.0670166015625
2026-03-04,465.91864013671875
2026-03-05,413.3631591796875
2026-03-06,314.74554443359375
2026-03-07,226.0802764892578
2026-03-08,213.7140350341797
2026-03-09,372.13006591796875
2026-03-10,457.110595703125
2026-03-11,368.6567077636719
2026-03-12,313.2816162109375
2026-03-13,322.27532958984375
2026-03-14,270.5178527832031
2026-03-15,236.6119842529297
2026-03-16,259.9399108886719
2026-03-17,354.0606689453125
2026-03-18,337.79473876953125
2026-03-19,375.6520080566406
2026-03-20,328.51910400390625
2026-03-21,300.23272705078125
2026-03-22,174.76376342773438
2026-03-23,300.5848388671875
2026-03-24,402.06890869140625
2026-03-25,316.80596923828125
2026-03-26,310.55322265625
2026-03-27,294.20831298828125
2026-03-28,241.18247985839844
2026-03-29,233.63198852539062
2026-03-30,266.5284423828125
2026-03-31,447.822265625
2026-04-01,282.5602111816406
2026-04-02,271.8004455566406
2026-04-03,217.00830078125
2026-04-04,220.83786010742188
2026-04-05,138.02365112304688
2026-04-06,305.3057861328125
2026-04-07,265.8233337402344
2026-04-08,294.4504699707031
2026-04-09,446.9823303222656
2026-04-10,321.28582763671875
2026-04-11,267.4743957519531
2026-04-12,206.0448760986328
2026-04-13,374.40899658203125
2026-04-14,337.5500793457031
2026-04-15,256.4920654296875
2026-04-16,285.8876647949219
2026-04-17,305.10491943359375
2026-04-18,155.8855438232422
2026-04-19,175.66647338867188
2026-04-20,218.8118133544922
2026-04-21,164.67831420898438
2026-04-22,224.47804260253906
2026-04-23,241.3528289794922
2026-04-24,257.89886474609375
2026-04-25,178.49017333984375
2026-04-26,139.47654724121094
2026-04-27,124.87854766845703
2026-04-28,203.45904541015625
2026-04-29,248.29116821289062
2026-04-30,193.47740173339844
2026-05-01,249.7806854248047
2026-05-02,131.6600799560547
2026-05-03,145.13827514648438
2026-05-04,207.0354766845703
2026-05-05,287.1782531738281
2026-05-06,284.81890869140625
2026-05-07,298.7285461425781
2026-05-08,250.9521026611328
2026-05-09,174.6328887939453
2026-05-10,139.8445587158203
2026-05-11,274.9018859863281
2026-05-12,218.41107177734375
2026-05-13,238.7987823486328
2026-05-14,207.7994384765625
2026-05-15,201.25616455078125
2026-05-16,168.60374450683594
2026-05-17,130.26951599121094
2026-05-18,225.25460815429688
2026-05-19,222.44102478027344
2026-05-20,256.6934509277344
2026-05-21,190.37745666503906
2026-05-22,149.3144073486328
2026-05-23,116.60237884521484
2026-05-24,179.05772399902344
2026-05-25,198.40899658203125
2026-05-26,163.7390899658203
2026-05-27,181.51055908203125
2026-05-28,184.39739990234375
2026-05-29,193.2331085205078
2026-05-30,204.27500915527344
2026-05-31,109.50636291503906
2026-06-01,152.68348693847656
2026-06-02,198.75405883789062
2026-06-03,242.838623046875
2026-06-04,190.74285888671875
2026-06-05,127.8534927368164
2026-06-06,110.41893005371094
2026-06-07,111.74927520751953
2026-06-08,237.08238220214844
2026-06-09,219.68162536621094
2026-06-10,168.02879333496094
2026-06-11,173.7556610107422
2026-06-12,168.34361267089844
2026-06-13,176.0833282470703
2026-06-14,214.54454040527344
2026-06-15,208.66567993164062
2026-06-16,280.6226806640625
2026-06-17,254.37806701660156
2026-06-18,249.3330535888672
2026-06-19,152.5942840576172
2026-06-20,190.31832885742188
2026-06-21,78.45555114746094
2026-06-22,180.93856811523438
2026-06-23,168.54551696777344
2026-06-24,116.84542083740234
2026-06-25,226.97222900390625
2026-06-26,124.08641052246094
2026-06-27,128.79345703125
2026-06-28,113.3246841430664
2026-06-29,173.9934539794922
2026-06-30,139.61013793945312
2026-07-01,152.8877410888672
2026-07-02,89.20738983154297
2026-07-03,56.78687286376953
2026-07-04,61.801631927490234
2026-07-05,36.00617218017578
2026-07-06,95.92377471923828
2026-07-07,158.36978149414062
2026-07-08,191.47789001464844
2026-07-09,185.75144958496094
2026-07-10,155.00750732421875
2026-07-11,144.95838928222656
2026-07-12,163.3594970703125
2026-07-13,191.10968017578125
2026-07-14,333.2168884277344
2026-07-15,163.50881958007812
2026-07-16,209.49044799804688
2026-07-17,165.9356689453125
2026-07-18,148.07835388183594
2026-07-19,127.73397827148438
2026-07-20,221.79177856445312
2026-07-21,143.43077087402344
2026-07-22,209.01478576660156
2026-07-23,270.1511535644531
2026-07-24,309.0081787109375
2026-07-25,134.29327392578125
2026-07-26,167.72494506835938
2026-07-27,187.3624267578125
2026-07-28,152.8877410888672
2026-07-29,139.0772705078125
2026-07-30,226.7156524658203
2026-07-31,169.5853729248047
2026-08-01,119.27412414550781
2026-08-02,81.90414428710938
2026-08-03,179.05772399902344
2026-08-04,166.62815856933594
2026-08-05,138.2980499267578
2026-08-06,125.1268081665039
2026-08-07,167.888427734375
2026-08-08,104.79124450683594
2026-08-09,61.50655746459961
2026-08-10,88.13927459716797
2026-08-11,97.42845916748047
2026-08-12,141.3526153564453
2026-08-13,109.05572509765625
2026-08-14,109.77320098876953
2026-08-15,38.51823043823242
2026-08-16,46.78767776489258
2026-08-17,156.7236328125
2026-08-18,200.5656280517578
2026-08-19,97.04788208007812
2026-08-20,168.54551696777344
2026-08-21,159.32188415527344
2026-08-22,127.40645599365234
2026-08-23,46.78767776489258
2026-08-24,154.2437286376953
2026-08-25,166.71566772460938
2026-08-26,155.58047485351562
2026-08-27,157.44142150878906
2026-08-28,148.3239288330078
2026-08-29,91.17159271240234
2026-08-30,69.73827362060547
2026-08-31,150.57125854492188
2026-09-01,174.34567260742188
2026-09-02,216.03701782226562
2026-09-03,171.9987030029297
2026-09-04,171.33970642089844
2026-09-05,117.5757064819336
2026-09-06,109.5760269165039
2026-09-07,143.19456481933594
2026-09-08,100.38084411621094
2026-09-09,220.83786010742188
2026-09-10,189.47625732421875
2026-09-11,208.77528381347656
2026-09-12,107.0601806640625
2026-09-13,137.0161895751953
2026-09-14,198.18780517578125
2026-09-15,211.7311248779297
2026-09-16,226.0174102783203
2026-09-17,81.79179382324219
2026-09-18,121.5621109008789
2026-09-19,128.18490600585938
2026-09-20,149.14404296875
2026-09-21,172.2848358154297
2026-09-22,184.0315399169922
2026-09-23,210.9915771484375
2026-09-24,144.02468872070312
2026-09-25,228.2280731201172
2026-09-26,157.42897033691406
2026-09-27,140.21450805664062
2026-09-28,206.53900146484375
2026-09-29,197.9925537109375
2026-09-30,156.19180297851562
2026-10-01,176.27854919433594
2026-10-02,264.2320556640625
2026-10-03,160.7364044189453
2026-10-04,145.6073760986328
2026-10-05,141.4915771484375
