date,value
2010-01-01,171.52587890625
2010-01-02,94.9828872680664
2010-01-03,86.9271469116211
2010-01-04,214.94683837890625
2010-01-05,123.71615600585938
2010-01-06,161.23924255371094
2010-01-07,91.10816955566406
2010-01-08,110.05786895751953
2010-01-09,56.970088958740234
2010-01-10,42.62288284301758
2010-01-11,71.03305053710938
2010-01-12,135.19036865234375
2010-01-13,119.24259185791016
2010-01-14,95.29094696044922
2010-01-15,29.1481876373291
2010-01-16,25.79123306274414
2010-01-17,60.31760025024414
2010-01-18,55.72695541381836
2010-01-19,89.04645538330078
2010-01-20,73.22811889648438
2010-01-21,60.05855941772461
2010-01-22,50.28506088256836
2010-01-23,88.8549575805664
2010-01-24,40.73203659057617
2010-01-25,89.29812622070312
2010-01-26,72.40754699707031
2010-01-27,59.46916961669922
2010-01-28,119.64280700683594
2010-01-29,73.9464111328125
2010-01-30,79.5018081665039
2010-01-31,81.46407318115234
2010-02-01,189.9657745361328
2010-02-02,79.84069061279297
2010-02-03,142.8684539794922
2010-02-04,145.2570343017578
2010-02-05,93.00211334228516
2010-02-06,61.7388801574707
2010-02-07,60.53854751586914
2010-02-08,82.1218490600586
2010-02-09,62.53130340576172
2010-02-10,92.78327941894531
2010-02-11,69.80223846435547
2010-02-12,64.24498748779297
2010-02-13,60.44365692138672
2010-02-14,8.514694213867188
2010-02-15,63.7288818359375
2010-02-16,116.4306411743164
2010-02-17,71.33177185058594
2010-02-18,69.7973861694336
2010-02-19,162.4921417236328
2010-02-20,44.1780891418457
2010-02-21,81.41390991210938
2010-02-22,64.3575668334961
2010-02-23,53.71730041503906
2010-02-24,98.66878509521484
2010-02-25,74.6622543334961
2010-02-26,56.740718841552734
2010-02-27,44.03683090209961
2010-02-28,26.4009952545166
2010-03-01,64.50828552246094
2010-03-02,53.71730041503906
2010-03-03,76.51399230957031
2010-03-04,81.09432220458984
2010-03-05,88.05606079101562
2010-03-06,77.52742767333984
2010-03-07,31.065832138061523
2010-03-08,105.18392181396484
2010-03-09,98.26546478271484
2010-03-10,59.4283447265625
2010-03-11,90.8371810913086
2010-03-12,73.73432159423828
2010-03-13,32.79171371459961
2010-03-14,59.130672454833984
2010-03-15,110.70109558105469
2010-03-16,49.57487487792969
2010-03-17,72.56651306152344
2010-03-18,65.51842498779297
2010-03-19,88.18562316894531
2010-03-20,42.48591995239258
2010-03-21,40.285247802734375
2010-03-22,85.19084167480469
2010-03-23,77.13896179199219
2010-03-24,60.873016357421875
2010-03-25,73.59361267089844
2010-03-26,62.13166427612305
2010-03-27,95.4531021118164
2010-03-28,60.098262786865234
2010-03-29,81.01481628417969
2010-03-30,141.10585021972656
2010-03-31,81.35665130615234
2010-04-01,97.79303741455078
2010-04-02,136.91024780273438
2010-04-03,69.12847137451172
2010-04-04,112.19974517822266
2010-04-05,76.12950134277344
2010-04-06,103.68270111083984
2010-04-07,147.29966735839844
2010-04-08,164.02589416503906
2010-04-09,191.2849884033203
2010-04-10,86.75602722167969
2010-04-11,58.50273513793945
2010-04-12,161.04286193847656
2010-04-13,161.1519012451172
2010-04-14,106.04978942871094
2010-04-15,139.0623321533203
2010-04-16,58.83406448364258
2010-04-17,33.04460525512695
2010-04-18,60.53854751586914
2010-04-19,136.19302368164062
2010-04-20,112.30139923095703
2010-04-21,66.30701446533203
2010-04-22,57.50529861450195
2010-04-23,97.40878295898438
2010-04-24,56.40622329711914
2010-04-25,72.48694610595703
2010-04-26,59.95292282104492
2010-04-27,32.1037712097168
2010-04-28,30.436508178710938
2010-04-29,54.925296783447266
2010-04-30,45.696834564208984
2010-05-01,14.089533805847168
2010-05-02,19.195148468017578
2010-05-03,115.76406860351562
2010-05-04,107.64727783203125
2010-05-05,87.72305297851562
2010-05-06,71.18995666503906
2010-05-07,42.52235794067383
2010-05-08,49.590087890625
2010-05-09,49.363868713378906
2010-05-10,67.10118865966797
2010-05-11,50.483463287353516
2010-05-12,44.29352951049805
2010-05-13,61.21119689941406
2010-05-14,99.68680572509766
2010-05-15,85.09849548339844
2010-05-16,74.30260467529297
2010-05-17,132.16053771972656
2010-05-18,154.0152587890625
2010-05-19,144.13101196289062
2010-05-20,92.72586822509766
2010-05-21,150.1968994140625
2010-05-22,114.58002471923828
2010-05-23,68.7398452758789
2010-05-24,96.77052307128906
2010-05-25,123.10631561279297
2010-05-26,142.3209686279297
2010-05-27,96.45018768310547
2010-05-28,101.82017517089844
2010-05-29,92.27819061279297
2010-05-30,19.816574096679688
2010-05-31,127.00881958007812
2010-06-01,206.58779907226562
2010-06-02,273.414306640625
2010-06-03,174.71580505371094
2010-06-04,140.97854614257812
2010-06-05,114.03997039794922
2010-06-06,100.34622192382812
2010-06-07,177.49786376953125
2010-06-08,132.2161865234375
2010-06-09,100.26505279541016
2010-06-10,186.1151123046875
2010-06-11,91.56245422363281
2010-06-12,35.94784927368164
2010-06-13,82.6867904663086
2010-06-14,118.33190155029297
2010-06-15,118.47328186035156
2010-06-16,96.64925384521484
2010-06-17,63.56547546386719
2010-06-18,126.45426177978516
2010-06-19,55.18204879760742
2010-06-20,51.29429626464844
2010-06-21,108.28516387939453
2010-06-22,147.45736694335938
2010-06-23,81.38884735107422
2010-06-24,100.74220275878906
2010-06-25,39.77622985839844
2010-06-26,68.46322631835938
2010-06-27,41.1888427734375
2010-06-28,88.41617584228516
2010-06-29,148.58319091796875
2010-06-30,85.89928436279297
2010-07-01,95.17594909667969
2010-07-02,84.064208984375
2010-07-03,40.02912139892578
2010-07-04,20.179515838623047
2010-07-05,32.64596939086914
2010-07-06,145.321533203125
2010-07-07,81.1065673828125
2010-07-08,128.116455078125
2010-07-09,44.29352951049805
2010-07-10,38.89855194091797
2010-07-11,50.081886291503906
2010-07-12,27.5450382232666
2010-07-13,146.37460327148438
2010-07-14,177.7099151611328
2010-07-15,117.83973693847656
2010-07-16,38.14347457885742
2010-07-17,46.450313568115234
2010-07-18,31.480043411254883
2010-07-19,77.09806823730469
2010-07-20,89.6815185546875
2010-07-21,100.59412384033203
2010-07-22,66.96031951904297
2010-07-23,69.32923889160156
2010-07-24,66.06743621826172
2010-07-25,61.66799545288086
2010-07-26,113.88129425048828
2010-07-27,76.33728790283203
2010-07-28,135.11502075195312
2010-07-29,54.06877517700195
2010-07-30,56.67703628540039
2010-07-31,53.67500686645508
2010-08-01,75.02539825439453
2010-08-02,145.16488647460938
2010-08-03,93.59963989257812
2010-08-04,108.2695083618164
2010-08-05,68.2229995727539
2010-08-06,62.280662536621094
2010-08-07,41.07368469238281
2010-08-08,98.37513732910156
2010-08-09,58.065956115722656
2010-08-10,89.78591918945312
2010-08-11,70.3005599975586
2010-08-12,88.54891204833984
2010-08-13,30.0054874420166
2010-08-14,57.887996673583984
2010-08-15,68.71942901611328
2010-08-16,81.669921875
2010-08-17,111.29308319091797
2010-08-18,51.7277717590332
2010-08-19,83.02056884765625
2010-08-20,41.78012466430664
2010-08-21,77.08499908447266
2010-08-22,69.23348999023438
2010-08-23,74.85064697265625
2010-08-24,47.143096923828125
2010-08-25,74.69841003417969
2010-08-26,76.16139221191406
2010-08-27,99.63099670410156
2010-08-28,59.82632827758789
2010-08-29,21.948238372802734
2010-08-30,73.35562896728516
2010-08-31,98.87963104248047
2010-09-01,69.33533477783203
2010-09-02,35.61858367919922
2010-09-03,81.01481628417969
2010-09-04,53.91377639770508
2010-09-05,31.360576629638672
2010-09-06,61.01749038696289
2010-09-07,91.49004364013672
2010-09-08,81.18537902832031
2010-09-09,60.05855941772461
2010-09-10,80.07278442382812
2010-09-11,22.55940818786621
2010-09-12,37.47624206542969
2010-09-13,43.87150573730469
2010-09-14,69.58746337890625
2010-09-15,99.46052551269531
2010-09-16,48.37177276611328
2010-09-17,102.86529541015625
2010-09-18,50.20636749267578
2010-09-19,65.58342742919922
2010-09-20,34.2599983215332
2010-09-21,114.072021484375
2010-09-22,80.92327880859375
2010-09-23,110.95684814453125
2010-09-24,78.47589111328125
2010-09-25,73.68460083007812
2010-09-26,44.35593795776367
2010-09-27,105.68840026855469
2010-09-28,99.03833770751953
2010-09-29,91.91253662109375
2010-09-30,73.45343780517578
2010-10-01,51.7277717590332
2010-10-02,17.97392463684082
2010-10-03,56.89164733886719
2010-10-04,72.6607666015625
2010-10-05,113.40319061279297
2010-10-06,70.1784439086914
2010-10-07,106.37311553955078
2010-10-08,63.872554779052734
2010-10-09,44.21354675292969
2010-10-10,50.081886291503906
2010-10-11,75.55995178222656
2010-10-12,59.62129592895508
2010-10-13,34.940853118896484
2010-10-14,91.36890411376953
2010-10-15,77.95765686035156
2010-10-16,54.7113037109375
2010-10-17,78.98218536376953
2010-10-18,25.534217834472656
2010-10-19,86.98432922363281
2010-10-20,77.12610626220703
2010-10-21,35.839271545410156
2010-10-22,54.05805587768555
2010-10-23,31.557327270507812
2010-10-24,73.45343780517578
2010-10-25,38.97882843017578
2010-10-26,37.05610275268555
2010-10-27,86.65853881835938
2010-10-28,65.58342742919922
2010-10-29,88.43543243408203
2010-10-30,105.85762786865234
2010-10-31,30.324811935424805
2010-11-01,102.13687133789062
2010-11-02,114.6452865600586
2010-11-03,73.68014526367188
2010-11-04,38.6790885925293
2010-11-05,64.49569702148438
2010-11-06,31.024179458618164
2010-11-07,19.67502784729004
2010-11-08,107.10100555419922
2010-11-09,103.25592803955078
2010-11-10,51.646949768066406
2010-11-11,69.95565032958984
2010-11-12,81.89803314208984
2010-11-13,57.523773193359375
2010-11-14,64.30747985839844
2010-11-15,181.6869354248047
2010-11-16,154.18106079101562
2010-11-17,73.00418090820312
2010-11-18,90.92536926269531
2010-11-19,120.21553039550781
2010-11-20,102.6523208618164
2010-11-21,144.73583984375
2010-11-22,142.7540283203125
2010-11-23,104.1747817993164
2010-11-24,238.6806640625
2010-11-25,76.0737533569336
2010-11-26,58.54418182373047
2010-11-27,50.62580108642578
2010-11-28,92.50199890136719
2010-11-29,225.77899169921875
2010-11-30,224.09521484375
2010-12-01,144.82144165039062
2010-12-02,138.83587646484375
2010-12-03,92.41577911376953
2010-12-04,110.54864501953125
2010-12-05,60.873016357421875
2010-12-06,98.60991668701172
2010-12-07,106.37311553955078
2010-12-08,71.08396911621094
2010-12-09,92.12387084960938
2010-12-10,80.38435363769531
2010-12-11,59.88051986694336
2010-12-12,42.54059982299805
2010-12-13,67.10118865966797
2010-12-14,56.08718490600586
2010-12-15,78.52751922607422
2010-12-16,147.5120391845703
2010-12-17,89.10858917236328
2010-12-18,99.21883392333984
2010-12-19,85.0811996459961
2010-12-20,154.45814514160156
2010-12-21,228.18374633789062
2010-12-22,146.19802856445312
2010-12-23,96.77052307128906
2010-12-24,133.8994903564453
2010-12-25,97.07501983642578
2010-12-26,62.319091796875
2010-12-27,77.5916519165039
2010-12-28,103.29389953613281
2010-12-29,40.094669342041016
2010-12-30,165.74378967285156
2010-12-31,41.1631965637207
2011-01-01,69.24730682373047
2011-01-02,33.72861862182617
2011-01-03,52.886474609375
2011-01-04,110.1801528930664
2011-01-05,55.58415603637695
2011-01-06,76.26953887939453
2011-01-07,84.5804672241211
2011-01-08,81.61492919921875
2011-01-09,85.41097259521484
2011-01-10,106.58297729492188
2011-01-11,86.65853881835938
2011-01-12,88.28538513183594
2011-01-13,56.85250473022461
2011-01-14,83.46981811523438
2011-01-15,80.11388397216797
2011-01-16,21.731786727905273
2011-01-17,99.05546569824219
2011-01-18,75.8120346069336
2011-01-19,73.53514099121094
2011-01-20,55.274322509765625
2011-01-21,96.74909973144531
2011-01-22,75.34443664550781
2011-01-23,88.14412689208984
2011-01-24,135.23403930664062
2011-01-25,119.48760223388672
2011-01-26,74.52352142333984
2011-01-27,59.82140350341797
2011-01-28,71.68878936767578
2011-01-29,46.02345275878906
2011-01-30,57.887996673583984
2011-01-31,87.87374114990234
2011-02-01,139.30824279785156
2011-02-02,79.13491821289062
2011-02-03,119.88513946533203
2011-02-04,93.27420806884766
2011-02-05,73.33121490478516
2011-02-06,65.3241958618164
2011-02-07,46.23867416381836
2011-02-08,31.372482299804688
2011-02-09,56.34212112426758
2011-02-10,94.88665771484375
2011-02-11,83.97877502441406
2011-02-12,54.142581939697266
2011-02-13,52.76826858520508
2011-02-14,80.42346954345703
2011-02-15,30.811004638671875
2011-02-16,73.04761505126953
2011-02-17,90.4970474243164
2011-02-18,99.46052551269531
2011-02-19,54.499664306640625
2011-02-20,71.81201934814453
2011-02-21,86.69396209716797
2011-02-22,166.13412475585938
2011-02-23,79.39811706542969
2011-02-24,174.1978759765625
2011-02-25,160.3453369140625
2011-02-26,171.43252563476562
2011-02-27,72.35094451904297
2011-02-28,109.76851654052734
2011-03-01,200.43797302246094
2011-03-02,152.53907775878906
2011-03-03,125.9856185913086
2011-03-04,104.98609924316406
2011-03-05,106.2831039428711
2011-03-06,42.2956428527832
2011-03-07,90.88463592529297
2011-03-08,138.03890991210938
2011-03-09,171.7862548828125
2011-03-10,115.97911071777344
2011-03-11,133.14822387695312
2011-03-12,106.19773864746094
2011-03-13,95.64249420166016
2011-03-14,95.42161560058594
2011-03-15,133.03860473632812
2011-03-16,186.44021606445312
2011-03-17,106.82286071777344
2011-03-18,170.9876251220703
2011-03-19,138.2488555908203
2011-03-20,99.62039184570312
2011-03-21,77.92938232421875
2011-03-22,181.6156463623047
2011-03-23,192.3189697265625
2011-03-24,135.34413146972656
2011-03-25,106.33194732666016
2011-03-26,108.46282196044922
2011-03-27,95.16519927978516
2011-03-28,116.48399353027344
2011-03-29,181.41627502441406
2011-03-30,92.49120330810547
2011-03-31,124.8178939819336
2011-04-01,104.671142578125
2011-04-02,61.79214859008789
2011-04-03,69.86060333251953
2011-04-04,19.936094284057617
2011-04-05,85.9822769165039
2011-04-06,82.0490493774414
2011-04-07,70.14407348632812
2011-04-08,65.0670166015625
2011-04-09,40.94225311279297
2011-04-10,30.891630172729492
2011-04-11,42.81612014770508
2011-04-12,79.57455444335938
2011-04-13,123.65897369384766
2011-04-14,92.00848388671875
2011-04-15,66.64122009277344
2011-04-16,40.2443733215332
2011-04-17,10.034622192382812
2011-04-18,48.20381546020508
2011-04-19,102.8519515991211
2011-04-20,73.29056549072266
2011-04-21,106.1573486328125
2011-04-22,41.28806686401367
2011-04-23,78.62989807128906
2011-04-24,66.91102600097656
2011-04-25,75.27836608886719
2011-04-26,166.33477783203125
2011-04-27,103.71331787109375
2011-04-28,74.67893981933594
2011-04-29,54.54462814331055
2011-04-30,128.54351806640625
2011-05-01,57.78679275512695
2011-05-02,78.09160614013672
2011-05-03,230.06015014648438
2011-05-04,84.25540924072266
2011-05-05,106.58975982666016
2011-05-06,81.6552505493164
2011-05-07,79.16578674316406
2011-05-08,32.40592956542969
2011-05-09,124.46033477783203
2011-05-10,129.40621948242188
2011-05-11,86.0782470703125
2011-05-12,84.14981079101562
2011-05-13,92.17827606201172
2011-05-14,46.726104736328125
2011-05-15,73.17467498779297
2011-05-16,68.67183685302734
2011-05-17,76.8423843383789
2011-05-18,80.19831848144531
2011-05-19,145.2797393798828
2011-05-20,83.3908462524414
2011-05-21,60.92109298706055
2011-05-22,110.98733520507812
2011-05-23,123.79792785644531
2011-05-24,159.95956420898438
2011-05-25,105.22824096679688
2011-05-26,89.14252471923828
2011-05-27,129.0297088623047
2011-05-28,77.31940460205078
2011-05-29,54.652854919433594
2011-05-30,105.31926727294922
2011-05-31,119.76103973388672
2011-06-01,55.33601379394531
2011-06-02,97.65707397460938
2011-06-03,66.84336853027344
2011-06-04,37.636260986328125
2011-06-05,53.90418243408203
2011-06-06,55.36690902709961
2011-06-07,61.14325714111328
2011-06-08,129.26162719726562
2011-06-09,69.7342758178711
2011-06-10,94.88665771484375
2011-06-11,32.24335479736328
2011-06-12,81.31376647949219
2011-06-13,91.46501159667969
2011-06-14,26.202177047729492
2011-06-15,65.09031677246094
2011-06-16,101.70475769042969
2011-06-17,57.00760269165039
2011-06-18,65.3057632446289
2011-06-19,54.329463958740234
2011-06-20,75.37199401855469
2011-06-21,87.84294891357422
2011-06-22,43.52489471435547
2011-06-23,112.54357147216797
2011-06-24,95.66203308105469
2011-06-25,80.80511474609375
2011-06-26,77.74809265136719
2011-06-27,48.568077087402344
2011-06-28,64.7356948852539
2011-06-29,73.9464111328125
2011-06-30,129.2930450439453
2011-07-01,87.53140258789062
2011-07-02,14.677640914916992
2011-07-03,76.51399230957031
2011-07-04,72.01317596435547
2011-07-05,83.6811294555664
2011-07-06,31.408252716064453
2011-07-07,74.44605255126953
2011-07-08,68.6480712890625
2011-07-09,67.71387481689453
2011-07-10,85.91045379638672
2011-07-11,44.60734939575195
2011-07-12,73.01094055175781
2011-07-13,61.82948684692383
2011-07-14,47.44032287597656
2011-07-15,39.47088623046875
2011-07-16,28.37257194519043
2011-07-17,32.92235565185547
2011-07-18,52.971229553222656
2011-07-19,98.60991668701172
2011-07-20,95.7533187866211
2011-07-21,48.21888732910156
2011-07-22,40.38016128540039
2011-07-23,60.64962387084961
2011-07-24,44.4274787902832
2011-07-25,80.79877471923828
2011-07-26,56.00007629394531
2011-07-27,58.98295211791992
2011-07-28,81.66145324707031
2011-07-29,73.68014526367188
2011-07-30,57.43535232543945
2011-07-31,33.186790466308594
2011-08-01,51.28065490722656
2011-08-02,85.96630859375
2011-08-03,54.88425827026367
2011-08-04,83.27569580078125
2011-08-05,40.337921142578125
2011-08-06,25.64714813232422
2011-08-07,45.2485237121582
2011-08-08,78.80245208740234
2011-08-09,91.00012969970703
2011-08-10,60.02550506591797
2011-08-11,82.3185043334961
2011-08-12,51.863040924072266
2011-08-13,66.55863952636719
2011-08-14,32.98807144165039
2011-08-15,45.09419250488281
2011-08-16,27.893709182739258
2011-08-17,38.75034713745117
2011-08-18,91.0078353881836
2011-08-19,73.90825653076172
2011-08-20,79.98558807373047
2011-08-21,10.996023178100586
2011-08-22,65.0670166015625
2011-08-23,127.49225616455078
2011-08-24,88.54891204833984
2011-08-25,85.1281509399414
2011-08-26,46.19712829589844
2011-08-27,63.32192611694336
2011-08-28,51.29429626464844
2011-08-29,96.64925384521484
2011-08-30,29.1481876373291
2011-08-31,78.78668975830078
2011-09-01,90.41041564941406
2011-09-02,93.37300872802734
2011-09-03,132.3338165283203
2011-09-04,22.577898025512695
2011-09-05,123.15218353271484
2011-09-06,115.22107696533203
2011-09-07,97.39681243896484
2011-09-08,79.84069061279297
2011-09-09,75.2596664428711
2011-09-10,70.79849243164062
2011-09-11,39.279911041259766
2011-09-12,78.51317596435547
2011-09-13,90.11463165283203
2011-09-14,65.1603012084961
2011-09-15,79.5114517211914
2011-09-16,42.05349349975586
2011-09-17,66.5875244140625
2011-09-18,49.81019592285156
2011-09-19,26.906021118164062
2011-09-20,78.32711791992188
2011-09-21,64.39859771728516
2011-09-22,78.38019561767578
2011-09-23,74.7345962524414
2011-09-24,52.55015182495117
2011-09-25,43.8092041015625
2011-09-26,47.43303298950195
2011-09-27,72.22775268554688
2011-09-28,63.8557243347168
2011-09-29,72.34049987792969
2011-09-30,43.33536148071289
2011-10-01,100.08106231689453
2011-10-02,31.12433624267578
2011-10-03,46.573734283447266
2011-10-04,67.33231353759766
2011-10-05,79.39811706542969
2011-10-06,71.90472412109375
2011-10-07,48.46634292602539
2011-10-08,28.179067611694336
2011-10-09,42.87165451049805
2011-10-10,28.323945999145508
2011-10-11,40.507408142089844
2011-10-12,117.21292114257812
2011-10-13,139.1749267578125
2011-10-14,55.872291564941406
2011-10-15,68.6338119506836
2011-10-16,56.32931900024414
2011-10-17,69.7342758178711
2011-10-18,76.0737533569336
2011-10-19,60.7387809753418
2011-10-20,57.08816146850586
2011-10-21,59.46916961669922
2011-10-22,46.4895133972168
2011-10-23,89.6583480834961
2011-10-24,94.85708618164062
2011-10-25,74.86759948730469
2011-10-26,53.54327392578125
2011-10-27,72.92984008789062
2011-10-28,64.18260955810547
2011-10-29,37.8951530456543
2011-10-30,24.871366500854492
2011-10-31,68.77662658691406
2011-11-01,59.95292282104492
2011-11-02,51.16725158691406
2011-11-03,131.16685485839844
2011-11-04,95.34821319580078
2011-11-05,73.45343780517578
2011-11-06,10.594245910644531
2011-11-07,74.99886322021484
2011-11-08,110.96342468261719
2011-11-09,152.37680053710938
2011-11-10,85.41097259521484
2011-11-11,79.30432891845703
2011-11-12,63.84611511230469
2011-11-13,85.0811996459961
2011-11-14,110.59487915039062
2011-11-15,165.2702178955078
2011-11-16,96.54340362548828
2011-11-17,125.95146942138672
2011-11-18,139.92774963378906
2011-11-19,89.94297790527344
2011-11-20,77.72850036621094
2011-11-21,85.63224029541016
2011-11-22,71.04230499267578
2011-11-23,121.74603271484375
2011-11-24,86.2856674194336
2011-11-25,103.72608184814453
2011-11-26,68.31364440917969
2011-11-27,88.49810791015625
2011-11-28,134.85943603515625
2011-11-29,108.77251434326172
2011-11-30,106.48133087158203
2011-12-01,151.37606811523438
2011-12-02,141.9305419921875
2011-12-03,68.67863464355469
2011-12-04,43.20790481567383
2011-12-05,94.17107391357422
2011-12-06,98.37513732910156
2011-12-07,70.13782501220703
2011-12-08,115.8571548461914
2011-12-09,97.50456237792969
2011-12-10,29.512540817260742
2011-12-11,22.577898025512695
2011-12-12,72.01317596435547
2011-12-13,45.3682975769043
2011-12-14,125.34716033935547
2011-12-15,98.47283172607422
2011-12-16,119.64794921875
2011-12-17,45.07369613647461
2011-12-18,80.17266845703125
2011-12-19,85.96630859375
2011-12-20,233.1502685546875
2011-12-21,50.77426528930664
2011-12-22,88.2449722290039
2011-12-23,70.00009155273438
2011-12-24,116.79874420166016
2011-12-25,52.34211730957031
2011-12-26,39.633148193359375
2011-12-27,66.2595443725586
2011-12-28,56.05094909667969
2011-12-29,136.1237335205078
2011-12-30,101.08270263671875
2011-12-31,76.425537109375
2012-01-01,65.71381378173828
2012-01-02,66.64122009277344
2012-01-03,95.23550415039062
2012-01-04,94.28619384765625
2012-01-05,112.17436981201172
2012-01-06,137.4264373779297
2012-01-07,61.32476043701172
2012-01-08,51.48604965209961
2012-01-09,105.00015258789062
2012-01-10,84.75396728515625
2012-01-11,125.20471954345703
2012-01-12,126.64385223388672
2012-01-13,125.08112335205078
2012-01-14,138.30145263671875
2012-01-15,55.42261505126953
2012-01-16,64.62178802490234
2012-01-17,80.71806335449219
2012-01-18,79.84069061279297
2012-01-19,108.69277954101562
2012-01-20,82.57613372802734
2012-01-21,62.22163009643555
2012-01-22,21.731786727905273
2012-01-23,131.16685485839844
2012-01-24,159.85958862304688
2012-01-25,91.91253662109375
2012-01-26,112.91385650634766
2012-01-27,68.57685852050781
2012-01-28,47.4914436340332
2012-01-29,31.782737731933594
2012-01-30,169.39462280273438
2012-01-31,71.12568664550781
2012-02-01,166.7452850341797
2012-02-02,62.21672058105469
2012-02-03,119.88513946533203
2012-02-04,64.81185913085938
2012-02-05,22.394338607788086
2012-02-06,143.27719116210938
2012-02-07,165.13812255859375
2012-02-08,87.04978942871094
2012-02-09,104.25413513183594
2012-02-10,70.35078430175781
2012-02-11,51.83839416503906
2012-02-12,21.561674118041992
2012-02-13,51.41740417480469
2012-02-14,108.2695083618164
2012-02-15,125.92017364501953
2012-02-16,102.01866149902344
2012-02-17,49.6804313659668
2012-02-18,116.79874420166016
2012-02-19,30.26927375793457
2012-02-20,191.4005584716797
2012-02-21,207.62591552734375
2012-02-22,120.15283203125
2012-02-23,85.19084167480469
2012-02-24,163.6897735595703
2012-02-25,151.45037841796875
2012-02-26,85.7433090209961
2012-02-27,49.25038528442383
2012-02-28,125.92017364501953
2012-02-29,152.6886749267578
2012-03-01,84.49398040771484
2012-03-02,131.57546997070312
2012-03-03,98.11233520507812
2012-03-04,104.73397827148438
2012-03-05,152.25900268554688
2012-03-06,110.54864501953125
2012-03-07,178.73951721191406
2012-03-08,176.60728454589844
2012-03-09,120.55867767333984
2012-03-10,23.05023956298828
2012-03-11,32.85690689086914
2012-03-12,85.87181854248047
2012-03-13,50.59938049316406
2012-03-14,57.50529861450195
2012-03-15,79.593505859375
2012-03-16,60.478126525878906
2012-03-17,51.311668395996094
2012-03-18,21.02674674987793
2012-03-19,85.41097259521484
2012-03-20,57.98955535888672
2012-03-21,144.79244995117188
2012-03-22,42.82999038696289
2012-03-23,60.964874267578125
2012-03-24,52.15067672729492
2012-03-25,32.091304779052734
2012-03-26,90.65455627441406
2012-03-27,135.4674072265625
2012-03-28,133.47816467285156
2012-03-29,72.40754699707031
2012-03-30,70.93142700195312
2012-03-31,87.37157440185547
2012-04-01,171.4866180419922
2012-04-02,221.2166290283203
2012-04-03,153.38304138183594
2012-04-04,114.37386322021484
2012-04-05,94.40840148925781
2012-04-06,89.36975860595703
2012-04-07,90.38959503173828
2012-04-08,53.07329177856445
2012-04-09,135.65272521972656
2012-04-10,150.24566650390625
2012-04-11,117.74031829833984
2012-04-12,167.4833984375
2012-04-13,121.31948852539062
2012-04-14,98.8162841796875
2012-04-15,73.31378936767578
2012-04-16,128.116455078125
2012-04-17,97.90890502929688
2012-04-18,91.71488952636719
2012-04-19,90.21300506591797
2012-04-20,132.400390625
2012-04-21,47.24706268310547
2012-04-22,78.22120666503906
2012-04-23,78.80245208740234
2012-04-24,114.77099609375
2012-04-25,58.17325973510742
2012-04-26,104.4911880493164
2012-04-27,84.32154846191406
2012-04-28,37.700653076171875
2012-04-29,63.44346618652344
2012-04-30,79.42212677001953
2012-05-01,76.41751098632812
2012-05-02,94.9828872680664
2012-05-03,128.3878936767578
2012-05-04,74.75688934326172
2012-05-05,18.502124786376953
2012-05-06,21.188491821289062
2012-05-07,50.21230697631836
2012-05-08,80.32575225830078
2012-05-09,72.64625549316406
2012-05-10,57.62560272216797
2012-05-11,105.62174224853516
2012-05-12,18.690441131591797
2012-05-13,55.98584747314453
2012-05-14,61.66799545288086
2012-05-15,109.15282440185547
2012-05-16,68.16544342041016
2012-05-17,59.75062561035156
2012-05-18,196.9634246826172
2012-05-19,81.2256088256836
2012-05-20,61.21119689941406
2012-05-21,37.784690856933594
2012-05-22,99.56037139892578
2012-05-23,91.16561126708984
2012-05-24,138.35406494140625
2012-05-25,81.73602294921875
2012-05-26,72.42738342285156
2012-05-27,33.32061004638672
2012-05-28,148.420166015625
2012-05-29,82.6351089477539
2012-05-30,108.52043151855469
2012-05-31,90.59005737304688
2012-06-01,71.31401824951172
2012-06-02,47.69703674316406
2012-06-03,10.801976203918457
2012-06-04,30.021839141845703
2012-06-05,67.18301391601562
2012-06-06,47.84497833251953
2012-06-07,91.71488952636719
2012-06-08,89.14252471923828
2012-06-09,74.44605255126953
2012-06-10,66.91102600097656
2012-06-11,79.630859375
2012-06-12,93.14746856689453
2012-06-13,88.95745086669922
2012-06-14,119.02177429199219
2012-06-15,51.80884552001953
2012-06-16,34.24782943725586
2012-06-17,81.01481628417969
2012-06-18,104.08381652832031
2012-06-19,92.81120300292969
2012-06-20,202.8987274169922
2012-06-21,66.81266021728516
2012-06-22,39.920345306396484
2012-06-23,29.886117935180664
2012-06-24,33.45551300048828
2012-06-25,75.56938171386719
2012-06-26,108.01976013183594
2012-06-27,30.949481964111328
2012-06-28,67.33231353759766
2012-06-29,66.57411193847656
2012-06-30,52.1058349609375
2012-07-01,21.689006805419922
2012-07-02,45.21757125854492
2012-07-03,88.08991241455078
2012-07-04,130.61802673339844
2012-07-05,61.898963928222656
2012-07-06,65.11829376220703
2012-07-07,69.12847137451172
2012-07-08,23.952205657958984
2012-07-09,95.23550415039062
2012-07-10,84.64544677734375
2012-07-11,47.43303298950195
2012-07-12,90.41747283935547
2012-07-13,143.40150451660156
2012-07-14,97.82350158691406
2012-07-15,22.906476974487305
2012-07-16,52.60989761352539
2012-07-17,185.11451721191406
2012-07-18,122.27937316894531
2012-07-19,125.88591766357422
2012-07-20,202.8987274169922
2012-07-21,43.45404815673828
2012-07-22,53.69403076171875
2012-07-23,70.62830352783203
2012-07-24,60.835670471191406
2012-07-25,19.69847869873047
2012-07-26,57.74641036987305
2012-07-27,44.74320983886719
2012-07-28,50.218849182128906
2012-07-29,21.603952407836914
2012-07-30,138.5913848876953
2012-07-31,63.68794631958008
2012-08-01,88.95060729980469
2012-08-02,52.63383102416992
2012-08-03,47.035282135009766
2012-08-04,45.27951431274414
2012-08-05,44.16038131713867
2012-08-06,72.01317596435547
2012-08-07,110.67202758789062
2012-08-08,112.0252685546875
2012-08-09,78.30061340332031
2012-08-10,56.67703628540039
2012-08-11,56.31885528564453
2012-08-12,53.17574691772461
2012-08-13,74.78291320800781
2012-08-14,90.6832504272461
2012-08-15,129.8649444580078
2012-08-16,116.30126953125
2012-08-17,105.34660339355469
2012-08-18,43.5925407409668
2012-08-19,23.05023956298828
2012-08-20,49.18756866455078
2012-08-21,54.854984283447266
2012-08-22,106.4885482788086
2012-08-23,78.4415054321289
2012-08-24,61.00783920288086
2012-08-25,15.999054908752441
2012-08-26,33.32061004638672
2012-08-27,61.467308044433594
2012-08-28,100.95040130615234
2012-08-29,70.13782501220703
2012-08-30,75.86557006835938
2012-08-31,76.81883239746094
2012-09-01,35.05731964111328
2012-09-02,53.278602600097656
2012-09-03,39.862571716308594
2012-09-04,62.36612319946289
2012-09-05,67.93619537353516
2012-09-06,53.74641418457031
2012-09-07,57.98955535888672
2012-09-08,82.22399139404297
2012-09-09,54.998409271240234
2012-09-10,73.64983367919922
2012-09-11,79.1713638305664
2012-09-12,103.82830810546875
2012-09-13,57.33120346069336
2012-09-14,92.20095825195312
2012-09-15,59.383995056152344
2012-09-16,72.89802551269531
2012-09-17,123.87979888916016
2012-09-18,89.63341522216797
2012-09-19,63.032127380371094
2012-09-20,54.383094787597656
2012-09-21,59.4283447265625
2012-09-22,23.422653198242188
2012-09-23,43.03912353515625
2012-09-24,71.63859558105469
2012-09-25,85.25845336914062
2012-09-26,108.84976959228516
2012-09-27,94.21844482421875
2012-09-28,116.38748168945312
2012-09-29,37.50813674926758
2012-09-30,32.98807144165039
2012-10-01,43.32115936279297
2012-10-02,67.63290405273438
2012-10-03,62.46040725708008
2012-10-04,62.48401641845703
2012-10-05,73.1533203125
2012-10-06,48.15565872192383
2012-10-07,43.635704040527344
2012-10-08,77.00010681152344
2012-10-09,146.5515899658203
2012-10-10,65.58342742919922
2012-10-11,98.86553955078125
2012-10-12,88.35201263427734
2012-10-13,89.49652099609375
2012-10-14,33.12028503417969
2012-10-15,111.93920135498047
2012-10-16,107.64727783203125
2012-10-17,76.43233489990234
2012-10-18,101.54853057861328
2012-10-19,70.14407348632812
2012-10-20,51.971771240234375
2012-10-21,116.31301879882812
2012-10-22,158.47830200195312
2012-10-23,116.04340362548828
2012-10-24,68.01244354248047
2012-10-25,74.80708312988281
2012-10-26,56.44474792480469
2012-10-27,19.570186614990234
2012-10-28,21.107309341430664
2012-10-29,108.30290222167969
2012-10-30,44.945281982421875
2012-10-31,23.822736740112305
2012-11-01,38.991966247558594
2012-11-02,48.60889434814453
2012-11-03,29.251367568969727
2012-11-04,30.776578903198242
2012-11-05,54.612220764160156
2012-11-06,127.9598388671875
2012-11-07,48.32462692260742
2012-11-08,67.6910171508789
2012-11-09,81.6552505493164
2012-11-10,58.46293640136719
2012-11-11,42.95522689819336
2012-11-12,110.87310791015625
2012-11-13,57.31915283203125
2012-11-14,25.241731643676758
2012-11-15,87.59906768798828
2012-11-16,78.70011138916016
2012-11-17,127.13095092773438
2012-11-18,75.20829010009766
2012-11-19,125.20471954345703
2012-11-20,173.96865844726562
2012-11-21,114.87977600097656
2012-11-22,124.93429565429688
2012-11-23,95.53192138671875
2012-11-24,52.02084732055664
2012-11-25,48.21888732910156
2012-11-26,91.93466186523438
2012-11-27,69.91126251220703
2012-11-28,24.56636619567871
2012-11-29,36.83195114135742
2012-11-30,51.06186294555664
2012-12-01,35.411434173583984
2012-12-02,77.90515899658203
2012-12-03,63.08024215698242
2012-12-04,100.50640869140625
2012-12-05,79.84069061279297
2012-12-06,35.411434173583984
2012-12-07,77.25685119628906
2012-12-08,61.09804916381836
2012-12-09,11.771384239196777
2012-12-10,64.0582275390625
2012-12-11,119.32868957519531
2012-12-12,103.2132568359375
2012-12-13,95.71634674072266
2012-12-14,81.27092742919922
2012-12-15,59.989192962646484
2012-12-16,53.17574691772461
2012-12-17,72.87046813964844
2012-12-18,33.38792419433594
2012-12-19,89.8207778930664
2012-12-20,91.24650573730469
2012-12-21,87.35212707519531
2012-12-22,61.709861755371094
2012-12-23,45.06345748901367
2012-12-24,34.97782516479492
2012-12-25,25.040943145751953
2012-12-26,41.3433952331543
2012-12-27,66.28485107421875
2012-12-28,90.18838500976562
2012-12-29,13.964530944824219
2012-12-30,63.61440658569336
2012-12-31,54.88425827026367
2013-01-01,102.86529541015625
2013-01-02,88.59515380859375
2013-01-03,43.47582244873047
2013-01-04,46.79981994628906
2013-01-05,26.925745010375977
2013-01-06,12.002195358276367
2013-01-07,66.02006530761719
2013-01-08,67.01956176757812
2013-01-09,24.6488037109375
2013-01-10,48.04367446899414
2013-01-11,91.10816955566406
2013-01-12,77.45529174804688
2013-01-13,46.4895133972168
2013-01-14,42.983154296875
2013-01-15,84.35465240478516
2013-01-16,88.759521484375
2013-01-17,136.15419006347656
2013-01-18,168.34690856933594
2013-01-19,119.44943237304688
2013-01-20,110.62264251708984
2013-01-21,155.62168884277344
2013-01-22,181.53890991210938
2013-01-23,144.31341552734375
2013-01-24,105.7391128540039
2013-01-25,120.88731384277344
2013-01-26,34.7728157043457
2013-01-27,46.294185638427734
2013-01-28,108.01976013183594
2013-01-29,34.217437744140625
2013-01-30,97.79303741455078
2013-01-31,79.337646484375
2013-02-01,131.57546997070312
2013-02-02,29.832172393798828
2013-02-03,69.58746337890625
2013-02-04,86.87002563476562
2013-02-05,67.67822265625
2013-02-06,76.51399230957031
2013-02-07,36.83195114135742
2013-02-08,58.66887664794922
2013-02-09,59.82632827758789
2013-02-10,69.88170623779297
2013-02-11,29.738231658935547
2013-02-12,72.48694610595703
2013-02-13,232.8612823486328
2013-02-14,90.78156280517578
2013-02-15,58.0506591796875
2013-02-16,87.2259521484375
2013-02-17,87.44457244873047
2013-02-18,69.95565032958984
2013-02-19,137.36370849609375
2013-02-20,65.73994445800781
2013-02-21,45.23820114135742
2013-02-22,61.3475227355957
2013-02-23,38.59199523925781
2013-02-24,32.85690689086914
2013-02-25,41.26597595214844
2013-02-26,111.4918212890625
2013-02-27,151.9270782470703
2013-02-28,99.89134216308594
2013-03-01,70.779541015625
2013-03-02,32.84757614135742
2013-03-03,44.97148895263672
2013-03-04,52.82609939575195
2013-03-05,88.41617584228516
2013-03-06,112.17436981201172
2013-03-07,89.0944595336914
2013-03-08,108.13135528564453
2013-03-09,74.0457992553711
2013-03-10,52.76826858520508
2013-03-11,62.13166427612305
2013-03-12,91.00012969970703
2013-03-13,136.3308868408203
2013-03-14,63.546669006347656
2013-03-15,121.01376342773438
2013-03-16,112.6202621459961
2013-03-17,68.86259460449219
2013-03-18,96.64925384521484
2013-03-19,84.4541244506836
2013-03-20,50.77426528930664
2013-03-21,102.34828186035156
2013-03-22,113.94017791748047
2013-03-23,69.91126251220703
2013-03-24,77.5916519165039
2013-03-25,111.51837158203125
2013-03-26,48.752281188964844
2013-03-27,60.171199798583984
2013-03-28,60.152950286865234
2013-03-29,124.88934326171875
2013-03-30,68.92413330078125
2013-03-31,11.646950721740723
2013-04-01,142.9933624267578
2013-04-02,99.26139831542969
2013-04-03,81.01481628417969
2013-04-04,149.17013549804688
2013-04-05,130.04095458984375
2013-04-06,104.33726501464844
2013-04-07,80.84497833251953
2013-04-08,172.62557983398438
2013-04-09,97.44706726074219
2013-04-10,106.58297729492188
2013-04-11,60.64962387084961
2013-04-12,149.2281951904297
2013-04-13,101.57081604003906
2013-04-14,62.13166427612305
2013-04-15,111.45391082763672
2013-04-16,113.79481506347656
2013-04-17,70.3005599975586
2013-04-18,84.42923736572266
2013-04-19,115.2765884399414
2013-04-20,91.47798919677734
2013-04-21,86.75602722167969
2013-04-22,160.2342987060547
2013-04-23,134.20237731933594
2013-04-24,93.05755615234375
2013-04-25,61.36854934692383
2013-04-26,99.4194564819336
2013-04-27,67.8927001953125
2013-04-28,44.4274787902832
2013-04-29,66.91102600097656
2013-04-30,55.159027099609375
2013-05-01,63.68794631958008
2013-05-02,74.59004211425781
2013-05-03,28.5145320892334
2013-05-04,36.6220817565918
2013-05-05,57.26618957519531
2013-05-06,61.898963928222656
2013-05-07,82.84222412109375
2013-05-08,102.7320785522461
2013-05-09,51.534217834472656
2013-05-10,41.825439453125
2013-05-11,61.42118453979492
2013-05-12,23.195819854736328
2013-05-13,53.93434143066406
2013-05-14,89.29812622070312
2013-05-15,30.845508575439453
2013-05-16,74.6622543334961
2013-05-17,97.07501983642578
2013-05-18,47.73836898803711
2013-05-19,118.35758209228516
2013-05-20,106.08818054199219
2013-05-21,117.21292114257812
2013-05-22,70.21910095214844
2013-05-23,74.0457992553711
2013-05-24,54.18696212768555
2013-05-25,84.75396728515625
2013-05-26,32.597679138183594
2013-05-27,140.1337432861328
2013-05-28,189.21295166015625
2013-05-29,139.89015197753906
2013-05-30,89.70606231689453
2013-05-31,80.64988708496094
2013-06-01,81.16401672363281
2013-06-02,42.54059982299805
2013-06-03,59.79927062988281
2013-06-04,128.9053497314453
2013-06-05,65.04141235351562
2013-06-06,69.48297882080078
2013-06-07,145.29251098632812
2013-06-08,70.11463928222656
2013-06-09,67.18301391601562
2013-06-10,77.37370300292969
2013-06-11,94.8660659790039
2013-06-12,70.46405029296875
2013-06-13,68.27178192138672
2013-06-14,86.61962127685547
2013-06-15,107.61782836914062
2013-06-16,115.25120544433594
2013-06-17,178.46080017089844
2013-06-18,130.83892822265625
2013-06-19,113.51895141601562
2013-06-20,89.02388763427734
2013-06-21,61.2792854309082
2013-06-22,47.12581253051758
2013-06-23,34.1467399597168
2013-06-24,52.32435989379883
2013-06-25,71.4527587890625
2013-06-26,80.52143096923828
2013-06-27,43.33536148071289
2013-06-28,41.73490905761719
2013-06-29,15.547528266906738
2013-06-30,33.25356674194336
2013-07-01,39.862571716308594
2013-07-02,129.11737060546875
2013-07-03,114.3505859375
2013-07-04,79.84069061279297
2013-07-05,91.8167953491211
2013-07-06,41.3433952331543
2013-07-07,88.65069580078125
2013-07-08,81.25379943847656
2013-07-09,78.70011138916016
2013-07-10,65.23825073242188
2013-07-11,80.30623626708984
2013-07-12,39.4439697265625
2013-07-13,59.005924224853516
2013-07-14,119.24259185791016
2013-07-15,117.21292114257812
2013-07-16,111.71624755859375
2013-07-17,118.54826354980469
2013-07-18,81.25379943847656
2013-07-19,75.8990707397461
2013-07-20,56.95402526855469
2013-07-21,72.80626678466797
2013-07-22,64.90730285644531
2013-07-23,58.60646057128906
2013-07-24,41.0609245300293
2013-07-25,39.7557258605957
2013-07-26,95.09219360351562
2013-07-27,26.38413429260254
2013-07-28,61.075469970703125
2013-07-29,56.461280822753906
2013-07-30,106.67511749267578
2013-07-31,34.91132736206055
2013-08-01,27.29934310913086
2013-08-02,52.78091049194336
2013-08-03,57.277015686035156
2013-08-04,34.288429260253906
2013-08-05,92.37665557861328
2013-08-06,62.602359771728516
2013-08-07,131.16685485839844
2013-08-08,101.91381072998047
2013-08-09,67.55751037597656
2013-08-10,58.380619049072266
2013-08-11,24.05680274963379
2013-08-12,82.96698760986328
2013-08-13,65.3241958618164
2013-08-14,42.26860046386719
2013-08-15,84.10698699951172
2013-08-16,49.742733001708984
2013-08-17,58.891239166259766
2013-08-18,102.01866149902344
2013-08-19,62.691410064697266
2013-08-20,99.19265747070312
2013-08-21,55.29743957519531
2013-08-22,45.90839767456055
2013-08-23,52.218082427978516
2013-08-24,80.30623626708984
2013-08-25,46.294185638427734
2013-08-26,71.64894104003906
2013-08-27,112.59285736083984
2013-08-28,120.05101013183594
2013-08-29,198.03622436523438
2013-08-30,120.86737060546875
2013-08-31,184.14511108398438
2013-09-01,63.81089782714844
2013-09-02,144.97389221191406
2013-09-03,124.37335205078125
2013-09-04,41.78767013549805
2013-09-05,85.0811996459961
2013-09-06,114.37386322021484
2013-09-07,42.44954299926758
2013-09-08,70.11463928222656
2013-09-09,64.22418212890625
2013-09-10,62.444671630859375
2013-09-11,139.4685516357422
2013-09-12,74.01737976074219
2013-09-13,79.22245788574219
2013-09-14,99.4405746459961
2013-09-15,78.55982208251953
2013-09-16,128.99879455566406
2013-09-17,111.01274108886719
2013-09-18,59.23664093017578
2013-09-19,76.72712707519531
2013-09-20,100.6722183227539
2013-09-21,62.05987548828125
2013-09-22,56.21436309814453
2013-09-23,152.18252563476562
2013-09-24,130.30503845214844
2013-09-25,127.337158203125
2013-09-26,145.1153106689453
2013-09-27,171.23388671875
2013-09-28,102.9262924194336
2013-09-29,92.58837127685547
2013-09-30,143.46372985839844
2013-10-01,116.93648529052734
2013-10-02,76.95936584472656
2013-10-03,51.43798065185547
2013-10-04,73.52884674072266
2013-10-05,29.80527114868164
2013-10-06,87.44457244873047
2013-10-07,53.93434143066406
2013-10-08,67.84491729736328
2013-10-09,107.89530944824219
2013-10-10,70.75789642333984
2013-10-11,69.7342758178711
2013-10-12,20.069244384765625
2013-10-13,22.48574447631836
2013-10-14,89.57735443115234
2013-10-15,70.99236297607422
2013-10-16,84.4541244506836
2013-10-17,68.79644775390625
2013-10-18,78.61371612548828
2013-10-19,73.66390228271484
2013-10-20,43.123348236083984
2013-10-21,145.98486328125
2013-10-22,45.69082260131836
2013-10-23,80.13101959228516
2013-10-24,73.07867431640625
2013-10-25,36.243473052978516
2013-10-26,60.873016357421875
2013-10-27,34.64784622192383
2013-10-28,45.7179069519043
2013-10-29,41.0609245300293
2013-10-30,93.37300872802734
2013-10-31,11.129308700561523
2013-11-01,59.75062561035156
2013-11-02,30.891630172729492
2013-11-03,63.32192611694336
2013-11-04,61.296329498291016
2013-11-05,42.595420837402344
2013-11-06,79.9372329711914
2013-11-07,57.65850067138672
2013-11-08,163.9947052001953
2013-11-09,106.59469604492188
2013-11-10,58.2347526550293
2013-11-11,91.1835708618164
2013-11-12,126.4144287109375
2013-11-13,56.470462799072266
2013-11-14,110.29043579101562
2013-11-15,129.84193420410156
2013-11-16,34.67900466918945
2013-11-17,45.34162521362305
2013-11-18,100.02388000488281
2013-11-19,85.41097259521484
2013-11-20,98.37513732910156
2013-11-21,77.51886749267578
2013-11-22,81.01481628417969
2013-11-23,78.35033416748047
2013-11-24,76.2115707397461
2013-11-25,273.6017150878906
2013-11-26,243.04446411132812
2013-11-27,91.23197174072266
2013-11-28,78.0993423461914
2013-11-29,79.9372329711914
2013-11-30,58.32442855834961
2013-12-01,23.797008514404297
2013-12-02,54.93312454223633
2013-12-03,64.55868530273438
2013-12-04,112.2939224243164
2013-12-05,58.21237564086914
2013-12-06,41.510284423828125
2013-12-07,37.04423904418945
2013-12-08,63.08024215698242
2013-12-09,80.3701400756836
2013-12-10,60.98532485961914
2013-12-11,99.08287811279297
2013-12-12,65.58342742919922
2013-12-13,62.673580169677734
2013-12-14,53.69403076171875
2013-12-15,33.6599235534668
2013-12-16,68.9583740234375
2013-12-17,92.88858032226562
2013-12-18,97.2586441040039
2013-12-19,61.58443069458008
2013-12-20,147.14230346679688
2013-12-21,50.541351318359375
2013-12-22,82.75333404541016
2013-12-23,43.86152648925781
2013-12-24,75.58089447021484
2013-12-25,44.07206344604492
2013-12-26,61.01749038696289
2013-12-27,124.82646179199219
2013-12-28,64.39099884033203
2013-12-29,25.32876968383789
2013-12-30,104.66162872314453
2013-12-31,79.20298767089844
2014-01-01,37.30704879760742
2014-01-02,68.2934799194336
2014-01-03,130.7776336669922
2014-01-04,17.886388778686523
2014-01-05,36.32312774658203
2014-01-06,65.58342742919922
2014-01-07,21.746082305908203
2014-01-08,47.4914436340332
2014-01-09,51.114501953125
2014-01-10,92.7442398071289
2014-01-11,39.992794036865234
2014-01-12,11.746285438537598
2014-01-13,101.4817123413086
2014-01-14,101.61541748046875
2014-01-15,86.2856674194336
2014-01-16,61.772769927978516
2014-01-17,76.2492446899414
2014-01-18,59.989192962646484
2014-01-19,61.62200927734375
2014-01-20,50.310569763183594
2014-01-21,100.16377258300781
2014-01-22,71.73186492919922
2014-01-23,67.8727798461914
2014-01-24,122.01567840576172
2014-01-25,61.956974029541016
2014-01-26,93.77033996582031
2014-01-27,71.75263214111328
2014-01-28,78.80245208740234
2014-01-29,78.42003631591797
2014-01-30,59.527584075927734
2014-01-31,94.44012451171875
2014-02-01,45.781227111816406
2014-02-02,60.6718864440918
2014-02-03,187.15977478027344
2014-02-04,28.767663955688477
2014-02-05,85.87181854248047
2014-02-06,61.52191162109375
2014-02-07,63.032127380371094
2014-02-08,41.111995697021484
2014-02-09,76.06124877929688
2014-02-10,30.69084930419922
2014-02-11,68.01244354248047
2014-02-12,72.83544158935547
2014-02-13,62.280662536621094
2014-02-14,66.37358093261719
2014-02-15,69.3580093383789
2014-02-16,63.32192611694336
2014-02-17,87.72305297851562
2014-02-18,93.49490356445312
2014-02-19,94.28619384765625
2014-02-20,153.02798461914062
2014-02-21,156.3282470703125
2014-02-22,38.490882873535156
2014-02-23,42.70548629760742
2014-02-24,50.47520065307617
2014-02-25,40.959163665771484
2014-02-26,86.0782470703125
2014-02-27,54.81599426269531
2014-02-28,86.85372161865234
2014-03-01,121.13034057617188
2014-03-02,177.7099151611328
2014-03-03,232.03701782226562
2014-03-04,267.42755126953125
2014-03-05,322.0857238769531
2014-03-06,186.84197998046875
2014-03-07,189.33396911621094
2014-03-08,61.898963928222656
2014-03-09,148.27557373046875
2014-03-10,149.9586639404297
2014-03-11,132.5697021484375
2014-03-12,142.08460998535156
2014-03-13,92.3600845336914
2014-03-14,142.93641662597656
2014-03-15,111.70338439941406
2014-03-16,100.97977447509766
2014-03-17,175.66989135742188
2014-03-18,300.7580871582031
2014-03-19,189.29054260253906
2014-03-20,117.10459899902344
2014-03-21,134.51516723632812
2014-03-22,124.52548217773438
2014-03-23,108.23197937011719
2014-03-24,135.4674072265625
2014-03-25,197.27215576171875
2014-03-26,122.42239379882812
2014-03-27,112.7574691772461
2014-03-28,136.79251098632812
2014-03-29,82.58653259277344
2014-03-30,44.33808898925781
2014-03-31,114.17632293701172
2014-04-01,129.28570556640625
2014-04-02,109.0892562866211
2014-04-03,58.482032775878906
2014-04-04,30.949481964111328
2014-04-05,60.31760025024414
2014-04-06,21.603952407836914
2014-04-07,65.58342742919922
2014-04-08,137.72518920898438
2014-04-09,189.49903869628906
2014-04-10,108.87366485595703
2014-04-11,62.88821792602539
2014-04-12,67.75505828857422
2014-04-13,65.97614288330078
2014-04-14,170.76438903808594
2014-04-15,172.38095092773438
2014-04-16,172.7794952392578
2014-04-17,114.77099609375
2014-04-18,129.45449829101562
2014-04-19,72.76048278808594
2014-04-20,91.8167953491211
2014-04-21,66.47370147705078
2014-04-22,124.3217544555664
2014-04-23,149.9977264404297
2014-04-24,88.8549575805664
2014-04-25,150.30506896972656
2014-04-26,88.35201263427734
2014-04-27,101.80917358398438
2014-04-28,170.22215270996094
2014-04-29,167.3622589111328
2014-04-30,230.36473083496094
2014-05-01,104.25413513183594
2014-05-02,134.81442260742188
2014-05-03,96.74354553222656
2014-05-04,119.05516815185547
2014-05-05,75.88164520263672
2014-05-06,126.38749694824219
2014-05-07,113.38150787353516
2014-05-08,167.2892303466797
2014-05-09,102.57736206054688
2014-05-10,47.13029098510742
2014-05-11,112.19974517822266
2014-05-12,93.63752746582031
2014-05-13,131.340576171875
2014-05-14,119.35136413574219
2014-05-15,50.081886291503906
2014-05-16,100.62113952636719
2014-05-17,51.534217834472656
2014-05-18,101.18585205078125
2014-05-19,23.47588539123535
2014-05-20,107.73809051513672
2014-05-21,88.2449722290039
2014-05-22,48.60889434814453
2014-05-23,103.82830810546875
2014-05-24,68.53311157226562
2014-05-25,108.87366485595703
2014-05-26,44.934810638427734
2014-05-27,57.13044738769531
2014-05-28,113.65670776367188
2014-05-29,119.50125122070312
2014-05-30,82.5081787109375
2014-05-31,45.19696044921875
2014-06-01,11.573546409606934
2014-06-02,79.38050842285156
2014-06-03,70.1784439086914
2014-06-04,60.24431228637695
2014-06-05,75.3071517944336
2014-06-06,46.98514175415039
2014-06-07,24.815349578857422
2014-06-08,81.35665130615234
2014-06-09,63.1404914855957
2014-06-10,84.64544677734375
2014-06-11,114.91181182861328
2014-06-12,84.40767669677734
2014-06-13,91.24650573730469
2014-06-14,34.554710388183594
2014-06-15,87.27140808105469
2014-06-16,108.34659576416016
2014-06-17,205.12261962890625
2014-06-18,123.64356231689453
2014-06-19,97.98629760742188
2014-06-20,188.66464233398438
2014-06-21,91.90188598632812
2014-06-22,148.27557373046875
2014-06-23,137.916748046875
2014-06-24,162.82781982421875
2014-06-25,98.37513732910156
2014-06-26,103.53228759765625
2014-06-27,159.68138122558594
2014-06-28,68.92413330078125
2014-06-29,101.08270263671875
2014-06-30,77.70109558105469
2014-07-01,143.89199829101562
2014-07-02,138.38417053222656
2014-07-03,83.37957763671875
2014-07-04,122.42239379882812
2014-07-05,47.62831115722656
2014-07-06,126.06425476074219
2014-07-07,120.32154083251953
2014-07-08,112.860595703125
2014-07-09,147.9831085205078
2014-07-10,68.15267181396484
2014-07-11,137.4128875732422
2014-07-12,32.122493743896484
2014-07-13,144.6566619873047
2014-07-14,150.70233154296875
2014-07-15,133.67962646484375
2014-07-16,184.3162384033203
2014-07-17,165.38429260253906
2014-07-18,273.1739196777344
2014-07-19,231.29421997070312
2014-07-20,157.05503845214844
2014-07-21,286.2948913574219
2014-07-22,303.1802978515625
2014-07-23,308.6094970703125
2014-07-24,126.57456970214844
2014-07-25,212.36537170410156
2014-07-26,170.32679748535156
2014-07-27,110.1801528930664
2014-07-28,165.6844482421875
2014-07-29,175.73809814453125
2014-07-30,269.0602111816406
2014-07-31,166.76536560058594
2014-08-01,152.29226684570312
2014-08-02,55.872291564941406
2014-08-03,48.11360549926758
2014-08-04,151.7878875732422
2014-08-05,151.477783203125
2014-08-06,195.50344848632812
2014-08-07,226.39756774902344
2014-08-08,285.3000183105469
2014-08-09,157.55026245117188
2014-08-10,158.79623413085938
2014-08-11,246.80352783203125
2014-08-12,187.8070831298828
2014-08-13,210.4890899658203
2014-08-14,136.09793090820312
2014-08-15,155.58172607421875
2014-08-16,117.21292114257812
2014-08-17,84.19880676269531
2014-08-18,140.1337432861328
2014-08-19,260.62188720703125
2014-08-20,113.66590118408203
2014-08-21,127.67109680175781
2014-08-22,126.16048431396484
2014-08-23,132.9393768310547
2014-08-24,77.74809265136719
2014-08-25,139.36477661132812
2014-08-26,136.02488708496094
2014-08-27,165.8470916748047
2014-08-28,120.15283203125
2014-08-29,219.2288055419922
2014-08-30,179.46421813964844
2014-08-31,115.0105972290039
2014-09-01,310.91400146484375
2014-09-02,294.8482971191406
2014-09-03,215.90293884277344
2014-09-04,297.44921875
2014-09-05,142.3209686279297
2014-09-06,124.52548217773438
2014-09-07,80.57049560546875
2014-09-08,160.45652770996094
2014-09-09,99.00655364990234
2014-09-10,116.33929443359375
2014-09-11,156.07891845703125
2014-09-12,175.61180114746094
2014-09-13,112.42872619628906
2014-09-14,127.13095092773438
2014-09-15,97.93791198730469
2014-09-16,179.04273986816406
2014-09-17,150.8333282470703
2014-09-18,127.04210662841797
2014-09-19,176.69212341308594
2014-09-20,60.92911911010742
2014-09-21,88.49810791015625
2014-09-22,47.35536575317383
2014-09-23,159.8920440673828
2014-09-24,134.99317932128906
2014-09-25,121.1404800415039
2014-09-26,129.2236328125
2014-09-27,138.88255310058594
2014-09-28,22.2137393951416
2014-09-29,98.24981689453125
2014-09-30,126.64385223388672
2014-10-01,145.52096557617188
2014-10-02,53.89246368408203
2014-10-03,104.99230194091797
2014-10-04,79.91307830810547
2014-10-05,31.480043411254883
2014-10-06,75.46585845947266
2014-10-07,59.52109146118164
2014-10-08,96.19920349121094
2014-10-09,91.15214538574219
2014-10-10,132.82337951660156
2014-10-11,95.75984954833984
2014-10-12,45.528987884521484
2014-10-13,86.81816864013672
2014-10-14,80.3701400756836
2014-10-15,97.10354614257812
2014-10-16,85.5436019897461
2014-10-17,83.92394256591797
2014-10-18,47.71998977661133
2014-10-19,53.278602600097656
2014-10-20,92.51768493652344
2014-10-21,60.612552642822266
2014-10-22,84.85437774658203
2014-10-23,50.541351318359375
2014-10-24,86.18183135986328
2014-10-25,129.31942749023438
2014-10-26,20.90704917907715
2014-10-27,59.23664093017578
2014-10-28,146.80384826660156
2014-10-29,118.69851684570312
2014-10-30,104.40705871582031
2014-10-31,74.69841003417969
2014-11-01,78.47589111328125
2014-11-02,53.38185501098633
2014-11-03,94.9828872680664
2014-11-04,62.5135612487793
2014-11-05,110.67202758789062
2014-11-06,56.85250473022461
2014-11-07,96.01756286621094
2014-11-08,84.14476776123047
2014-11-09,55.872291564941406
2014-11-10,40.094669342041016
2014-11-11,60.29010009765625
2014-11-12,80.79877471923828
2014-11-13,90.31159210205078
2014-11-14,81.96185302734375
2014-11-15,117.10459899902344
2014-11-16,74.59004211425781
2014-11-17,159.80328369140625
2014-11-18,101.7494888305664
2014-11-19,73.36450958251953
2014-11-20,114.0581283569336
2014-11-21,128.68649291992188
2014-11-22,54.89047622680664
2014-11-23,63.68794631958008
2014-11-24,154.83897399902344
2014-11-25,183.87875366210938
2014-11-26,117.3689956665039
2014-11-27,60.464717864990234
2014-11-28,75.55995178222656
2014-11-29,32.6620979309082
2014-11-30,53.69403076171875
2014-12-01,60.92109298706055
2014-12-02,60.37268829345703
2014-12-03,113.65670776367188
2014-12-04,74.67893981933594
2014-12-05,51.971771240234375
2014-12-06,75.5397720336914
2014-12-07,41.8140983581543
2014-12-08,110.8133773803711
2014-12-09,49.630699157714844
2014-12-10,75.84365844726562
2014-12-11,67.94254302978516
2014-12-12,67.55751037597656
2014-12-13,31.153671264648438
2014-12-14,67.73370361328125
2014-12-15,51.405982971191406
2014-12-16,179.47190856933594
2014-12-17,165.06390380859375
2014-12-18,151.73114013671875
2014-12-19,136.69993591308594
2014-12-20,46.53860855102539
2014-12-21,91.05797576904297
2014-12-22,70.51529693603516
2014-12-23,42.97197723388672
2014-12-24,154.2179412841797
2014-12-25,54.90705490112305
2014-12-26,49.900428771972656
2014-12-27,46.68650436401367
2014-12-28,40.807464599609375
2014-12-29,88.32076263427734
2014-12-30,57.887996673583984
2014-12-31,112.60550689697266
2015-01-01,82.6867904663086
2015-01-02,97.7404556274414
2015-01-03,44.4274787902832
2015-01-04,13.703998565673828
2015-01-05,74.44605255126953
2015-01-06,31.75220489501953
2015-01-07,61.63924789428711
2015-01-08,133.55169677734375
2015-01-09,26.906021118164062
2015-01-10,92.2975082397461
2015-01-11,86.0782470703125
2015-01-12,91.20873260498047
2015-01-13,79.21449279785156
2015-01-14,77.00010681152344
2015-01-15,23.87435531616211
2015-01-16,82.3185043334961
2015-01-17,70.90802001953125
2015-01-18,51.971771240234375
2015-01-19,109.0892562866211
2015-01-20,119.59854125976562
2015-01-21,123.48958587646484
2015-01-22,69.33533477783203
2015-01-23,97.21778869628906
2015-01-24,92.08763885498047
2015-01-25,91.8167953491211
2015-01-26,117.21292114257812
2015-01-27,67.82636260986328
2015-01-28,107.45787811279297
2015-01-29,125.06260681152344
2015-01-30,133.8994903564453
2015-01-31,55.59039306640625
2015-02-01,122.12085723876953
2015-02-02,109.33908081054688
2015-02-03,136.3990936279297
2015-02-04,122.10316467285156
2015-02-05,99.14974975585938
2015-02-06,168.78086853027344
2015-02-07,99.8770523071289
2015-02-08,94.9828872680664
2015-02-09,163.03916931152344
2015-02-10,183.36782836914062
2015-02-11,113.44159698486328
2015-02-12,54.604698181152344
2015-02-13,174.17236328125
2015-02-14,39.031429290771484
2015-02-15,47.08553695678711
2015-02-16,53.278602600097656
2015-02-17,134.55909729003906
2015-02-18,135.76023864746094
2015-02-19,157.4002227783203
2015-02-20,147.2638702392578
2015-02-21,92.5426254272461
2015-02-22,81.18537902832031
2015-02-23,161.03253173828125
2015-02-24,154.96505737304688
2015-02-25,124.37335205078125
2015-02-26,121.61164855957031
2015-02-27,115.19450378417969
2015-02-28,64.30747985839844
2015-03-01,135.8723907470703
2015-03-02,151.477783203125
2015-03-03,175.35304260253906
2015-03-04,279.2906188964844
2015-03-05,64.4328384399414
2015-03-06,91.05797576904297
2015-03-07,77.5916519165039
2015-03-08,107.31832885742188
2015-03-09,116.15377044677734
2015-03-10,104.50691986083984
2015-03-11,72.10742950439453
2015-03-12,81.96185302734375
2015-03-13,59.736228942871094
2015-03-14,81.96185302734375
2015-03-15,150.9317169189453
2015-03-16,107.37196350097656
2015-03-17,130.9833984375
2015-03-18,144.59336853027344
2015-03-19,65.58342742919922
2015-03-20,102.77999114990234
2015-03-21,88.56925201416016
2015-03-22,120.23628234863281
2015-03-23,130.7776336669922
2015-03-24,106.23431396484375
2015-03-25,91.4358139038086
2015-03-26,94.88064575195312
2015-03-27,214.0090789794922
2015-03-28,61.075469970703125
2015-03-29,150.34329223632812
2015-03-30,172.156494140625
2015-03-31,165.3453826904297
2015-04-01,158.84425354003906
2015-04-02,85.50566101074219
2015-04-03,202.8813018798828
2015-04-04,203.30862426757812
2015-04-05,107.59780883789062
2015-04-06,97.11392211914062
2015-04-07,146.5161590576172
2015-04-08,209.86695861816406
2015-04-09,128.116455078125
2015-04-10,183.85244750976562
2015-04-11,83.02056884765625
2015-04-12,44.07206344604492
2015-04-13,98.8162841796875
2015-04-14,147.84060668945312
2015-04-15,175.66989135742188
2015-04-16,133.5165252685547
2015-04-17,92.256103515625
2015-04-18,48.591026306152344
2015-04-19,75.9115219116211
2015-04-20,118.6555404663086
2015-04-21,82.11257934570312
2015-04-22,96.13033294677734
2015-04-23,83.65087890625
2015-04-24,126.72051239013672
2015-04-25,25.06943130493164
2015-04-26,32.6620979309082
2015-04-27,71.13496398925781
2015-04-28,61.21119689941406
2015-04-29,62.1608772277832
2015-04-30,52.63383102416992
2015-05-01,95.09219360351562
2015-05-02,50.13886260986328
2015-05-03,20.828006744384766
2015-05-04,63.218116760253906
2015-05-05,49.630699157714844
2015-05-06,82.89888763427734
2015-05-07,69.17703247070312
2015-05-08,86.18183135986328
2015-05-09,44.84075927734375
2015-05-10,32.79171371459961
2015-05-11,145.8771514892578
2015-05-12,88.61674499511719
2015-05-13,129.3551483154297
2015-05-14,67.4822769165039
2015-05-15,117.06641387939453
2015-05-16,70.93142700195312
2015-05-17,63.934322357177734
2015-05-18,152.55712890625
2015-05-19,151.29745483398438
2015-05-20,76.90238952636719
2015-05-21,62.960086822509766
2015-05-22,70.08914947509766
2015-05-23,57.585445404052734
2015-05-24,35.01487731933594
2015-05-25,61.783260345458984
2015-05-26,35.54198455810547
2015-05-27,76.94144439697266
2015-05-28,74.3623046875
2015-05-29,32.948612213134766
2015-05-30,69.7342758178711
2015-05-31,93.17560577392578
2015-06-01,88.33685302734375
2015-06-02,66.87718200683594
2015-06-03,118.47328186035156
2015-06-04,58.2963752746582
2015-06-05,61.14325714111328
2015-06-06,30.50391960144043
2015-06-07,96.01756286621094
2015-06-08,110.52021026611328
2015-06-09,103.19467163085938
2015-06-10,58.76274871826172
2015-06-11,79.22245788574219
2015-06-12,37.77605056762695
2015-06-13,49.7989387512207
2015-06-14,64.55868530273438
2015-06-15,43.79179382324219
2015-06-16,113.9794692993164
2015-06-17,81.23201751708984
2015-06-18,78.0993423461914
2015-06-19,46.856689453125
2015-06-20,50.89152526855469
2015-06-21,33.866851806640625
2015-06-22,70.9695053100586
2015-06-23,106.57306671142578
2015-06-24,86.20069122314453
2015-06-25,174.29627990722656
2015-06-26,60.98532485961914
2015-06-27,51.971771240234375
2015-06-28,114.29476928710938
2015-06-29,87.58358764648438
2015-06-30,187.72503662109375
2015-07-01,87.55146026611328
2015-07-02,73.37191009521484
2015-07-03,110.1801528930664
2015-07-04,53.044090270996094
2015-07-05,80.22826385498047
2015-07-06,127.27079772949219
2015-07-07,64.24498748779297
2015-07-08,79.03884887695312
2015-07-09,79.22245788574219
2015-07-10,123.64356231689453
2015-07-11,90.41747283935547
2015-07-12,116.71626281738281
2015-07-13,153.5017547607422
2015-07-14,104.55050659179688
2015-07-15,367.75750732421875
2015-07-16,183.42977905273438
2015-07-17,138.7160186767578
2015-07-18,46.18329620361328
2015-07-19,105.49163818359375
2015-07-20,144.97389221191406
2015-07-21,231.6099395751953
2015-07-22,167.15985107421875
2015-07-23,131.99386596679688
2015-07-24,111.71624755859375
2015-07-25,53.29148864746094
2015-07-26,74.78291320800781
2015-07-27,147.15211486816406
2015-07-28,114.95521545410156
2015-07-29,150.3895721435547
2015-07-30,88.0267562866211
2015-07-31,66.77584838867188
2015-08-01,33.26695251464844
2015-08-02,57.83734893798828
2015-08-03,37.86259460449219
2015-08-04,202.67251586914062
2015-08-05,80.8958511352539
2015-08-06,167.34530639648438
2015-08-07,97.438232421875
2015-08-08,80.71806335449219
2015-08-09,64.50828552246094
2015-08-10,92.43301391601562
2015-08-11,90.31159210205078
2015-08-12,64.81185913085938
2015-08-13,68.67183685302734
2015-08-14,84.28245544433594
2015-08-15,72.92308807373047
2015-08-16,94.77862548828125
2015-08-17,121.59100341796875
2015-08-18,77.95765686035156
2015-08-19,120.81156921386719
2015-08-20,31.982627868652344
2015-08-21,129.11737060546875
2015-08-22,62.07332229614258
2015-08-23,22.954198837280273
2015-08-24,120.32154083251953
2015-08-25,28.99477767944336
2015-08-26,65.7791976928711
2015-08-27,71.26788330078125
2015-08-28,79.9565658569336
2015-08-29,57.01430892944336
2015-08-30,96.27391815185547
2015-08-31,105.435546875
2015-09-01,142.39761352539062
2015-09-02,78.70011138916016
2015-09-03,92.40916442871094
2015-09-04,129.06430053710938
2015-09-05,113.84860229492188
2015-09-06,80.17266845703125
2015-09-07,83.89351654052734
2015-09-08,114.430419921875
2015-09-09,129.45449829101562
2015-09-10,183.86058044433594
2015-09-11,118.61499786376953
2015-09-12,103.41140747070312
2015-09-13,71.5455551147461
2015-09-14,91.40133666992188
2015-09-15,113.35407257080078
2015-09-16,109.59564208984375
2015-09-17,99.08287811279297
2015-09-18,86.3897476196289
2015-09-19,98.60991668701172
2015-09-20,75.59530639648438
2015-09-21,127.74510955810547
2015-09-22,219.7324981689453
2015-09-23,101.89286804199219
2015-09-24,121.85232543945312
2015-09-25,90.7365951538086
2015-09-26,96.35095977783203
2015-09-27,80.22826385498047
2015-09-28,125.36300659179688
2015-09-29,148.4907684326172
2015-09-30,112.28550720214844
2015-10-01,155.36566162109375
2015-10-02,165.2702178955078
2015-10-03,82.13642883300781
2015-10-04,72.7261734008789
2015-10-05,61.97633743286133
2015-10-06,52.681766510009766
2015-10-07,111.7579116821289
2015-10-08,49.46359634399414
2015-10-09,51.12767791748047
2015-10-10,98.70562744140625
2015-10-11,69.10942077636719
2015-10-12,62.07332229614258
2015-10-13,67.09210968017578
2015-10-14,94.9828872680664
2015-10-15,113.51895141601562
2015-10-16,81.81694793701172
2015-10-17,104.80870819091797
2015-10-18,71.01851654052734
2015-10-19,97.2697982788086
2015-10-20,41.67176818847656
2015-10-21,50.47520065307617
2015-10-22,63.61440658569336
2015-10-23,75.20829010009766
2015-10-24,14.34637451171875
2015-10-25,28.792722702026367
2015-10-26,87.1678466796875
2015-10-27,57.55679702758789
2015-10-28,35.3594856262207
2015-10-29,71.63011932373047
2015-10-30,76.09126281738281
2015-10-31,67.59518432617188
2015-11-01,44.249053955078125
2015-11-02,74.78291320800781
2015-11-03,48.32462692260742
2015-11-04,53.485511779785156
2015-11-05,40.211734771728516
2015-11-06,84.75396728515625
2015-11-07,81.84811401367188
2015-11-08,86.0782470703125
2015-11-09,93.95206451416016
2015-11-10,63.0501594543457
2015-11-11,31.435136795043945
2015-11-12,42.8002815246582
2015-11-13,40.959163665771484
2015-11-14,94.44012451171875
2015-11-15,51.103965759277344
2015-11-16,251.17056274414062
2015-11-17,266.1745910644531
2015-11-18,168.8892822265625
2015-11-19,153.22145080566406
2015-11-20,130.70005798339844
2015-11-21,107.77114868164062
2015-11-22,151.73114013671875
2015-11-23,128.51495361328125
2015-11-24,238.09420776367188
2015-11-25,155.56997680664062
2015-11-26,165.4140625
2015-11-27,212.76165771484375
2015-11-28,107.88754272460938
2015-11-29,98.37513732910156
2015-11-30,100.01224517822266
2015-12-01,121.52223205566406
2015-12-02,129.71347045898438
2015-12-03,121.71063995361328
2015-12-04,126.4823226928711
2015-12-05,134.85943603515625
2015-12-06,75.02539825439453
2015-12-07,168.5525665283203
2015-12-08,136.52059936523438
2015-12-09,162.02963256835938
2015-12-10,68.09651184082031
2015-12-11,110.87310791015625
2015-12-12,89.63341522216797
2015-12-13,56.56064987182617
2015-12-14,86.34808349609375
2015-12-15,101.39278411865234
2015-12-16,173.38792419433594
2015-12-17,196.5082550048828
2015-12-18,104.36550903320312
2015-12-19,116.85774230957031
2015-12-20,23.900249481201172
2015-12-21,132.13487243652344
2015-12-22,95.3115463256836
2015-12-23,47.166160583496094
2015-12-24,96.80364990234375
2015-12-25,111.51837158203125
2015-12-26,118.47328186035156
2015-12-27,31.12433624267578
2015-12-28,156.44241333007812
2015-12-29,106.97102355957031
2015-12-30,84.75396728515625
2015-12-31,68.01244354248047
2016-01-01,155.68934631347656
2016-01-02,105.435546875
2016-01-03,80.61962127685547
2016-01-04,133.28244018554688
2016-01-05,266.29644775390625
2016-01-06,138.3354949951172
2016-01-07,264.65521240234375
2016-01-08,203.20111083984375
2016-01-09,72.3139419555664
2016-01-10,95.80882263183594
2016-01-11,114.40430450439453
2016-01-12,144.7622528076172
2016-01-13,179.39779663085938
2016-01-14,118.2489013671875
2016-01-15,86.5289077758789
2016-01-16,51.546268463134766
2016-01-17,67.8727798461914
2016-01-18,170.38168334960938
2016-01-19,182.25286865234375
2016-01-20,198.3242645263672
2016-01-21,65.75738525390625
2016-01-22,117.99748229980469
2016-01-23,91.92622375488281
2016-01-24,103.94354248046875
2016-01-25,120.50953674316406
2016-01-26,59.88051986694336
2016-01-27,97.67744445800781
2016-01-28,92.29006958007812
2016-01-29,87.44457244873047
2016-01-30,33.71485900878906
2016-01-31,33.866851806640625
2016-02-01,161.28065490722656
2016-02-02,86.0782470703125
2016-02-03,109.26956939697266
2016-02-04,80.3701400756836
2016-02-05,77.95765686035156
2016-02-06,47.374759674072266
2016-02-07,114.53237915039062
2016-02-08,171.88790893554688
2016-02-09,80.65897369384766
2016-02-10,140.4095001220703
2016-02-11,94.57524108886719
2016-02-12,58.84120559692383
2016-02-13,53.74641418457031
2016-02-14,108.49249267578125
2016-02-15,63.01152801513672
2016-02-16,98.2156982421875
2016-02-17,132.15011596679688
2016-02-18,114.13689422607422
2016-02-19,148.5098419189453
2016-02-20,47.4914436340332
2016-02-21,33.9363899230957
2016-02-22,52.218082427978516
2016-02-23,117.21292114257812
2016-02-24,117.03506469726562
2016-02-25,51.212554931640625
2016-02-26,87.33792114257812
2016-02-27,49.18756866455078
2016-02-28,101.60055541992188
2016-02-29,36.12464141845703
2016-03-01,139.36477661132812
2016-03-02,112.10189819335938
2016-03-03,136.02488708496094
2016-03-04,82.3357162475586
2016-03-05,63.39479064941406
2016-03-06,53.69403076171875
2016-03-07,103.13274383544922
2016-03-08,65.29193878173828
2016-03-09,99.19265747070312
2016-03-10,126.64385223388672
2016-03-11,52.395450592041016
2016-03-12,39.872188568115234
2016-03-13,80.22826385498047
2016-03-14,65.3611068725586
2016-03-15,119.36183166503906
2016-03-16,95.39407348632812
2016-03-17,69.7342758178711
2016-03-18,94.10919952392578
2016-03-19,24.484477996826172
2016-03-20,44.97148895263672
2016-03-21,110.52021026611328
2016-03-22,55.56636047363281
2016-03-23,188.34214782714844
2016-03-24,90.19786071777344
2016-03-25,179.81922912597656
2016-03-26,110.1801528930664
2016-03-27,27.071290969848633
2016-03-28,96.8191146850586
2016-03-29,76.63225555419922
2016-03-30,158.26150512695312
2016-03-31,145.5484161376953
2016-04-01,152.0225372314453
2016-04-02,105.13373565673828
2016-04-03,98.9642105102539
2016-04-04,114.98876953125
2016-04-05,57.729122161865234
2016-04-06,79.96946716308594
2016-04-07,104.08381652832031
2016-04-08,35.13397979736328
2016-04-09,26.938913345336914
2016-04-10,57.86772918701172
2016-04-11,70.0567398071289
2016-04-12,74.6702880859375
2016-04-13,116.06055450439453
2016-04-14,124.37335205078125
2016-04-15,116.33929443359375
2016-04-16,49.823062896728516
2016-04-17,47.389312744140625
2016-04-18,48.32462692260742
2016-04-19,105.94245910644531
2016-04-20,77.48252868652344
2016-04-21,100.86915588378906
2016-04-22,75.05459594726562
2016-04-23,13.469456672668457
2016-04-24,60.27360534667969
2016-04-25,62.298954010009766
2016-04-26,66.77584838867188
2016-04-27,65.7791976928711
2016-04-28,146.7112579345703
2016-04-29,85.96630859375
2016-04-30,53.09886932373047
2016-05-01,58.482032775878906
2016-05-02,116.5927505493164
2016-05-03,33.79759216308594
2016-05-04,45.27951431274414
2016-05-05,115.11359405517578
2016-05-06,55.57637023925781
2016-05-07,41.893592834472656
2016-05-08,24.759584426879883
2016-05-09,96.64925384521484
2016-05-10,112.42872619628906
2016-05-11,109.69263458251953
2016-05-12,91.94448852539062
2016-05-13,88.0267562866211
2016-05-14,48.62932205200195
2016-05-15,97.07501983642578
2016-05-16,76.9892349243164
2016-05-17,121.07709503173828
2016-05-18,107.56778717041016
2016-05-19,84.5175552368164
2016-05-20,68.39625549316406
2016-05-21,66.45365142822266
2016-05-22,69.29569244384766
2016-05-23,79.20298767089844
2016-05-24,106.54508209228516
2016-05-25,100.77452850341797
2016-05-26,61.12630081176758
2016-05-27,104.09461975097656
2016-05-28,69.29569244384766
2016-05-29,24.927637100219727
2016-05-30,144.6566619873047
2016-05-31,146.6721954345703
2016-06-01,75.46585845947266
2016-06-02,47.220062255859375
2016-06-03,139.89015197753906
2016-06-04,65.4103775024414
2016-06-05,66.05524444580078
2016-06-06,93.69061279296875
2016-06-07,74.1122055053711
2016-06-08,82.56005859375
2016-06-09,47.08553695678711
2016-06-10,88.61674499511719
2016-06-11,53.74641418457031
2016-06-12,13.60248851776123
2016-06-13,43.106475830078125
2016-06-14,34.32403564453125
2016-06-15,141.0438690185547
2016-06-16,54.085628509521484
2016-06-17,67.54914093017578
2016-06-18,26.202177047729492
2016-06-19,86.27080535888672
2016-06-20,97.7404556274414
2016-06-21,109.33908081054688
2016-06-22,113.35407257080078
2016-06-23,133.28244018554688
2016-06-24,76.92491912841797
2016-06-25,45.31498718261719
2016-06-26,38.168643951416016
2016-06-27,118.76799011230469
2016-06-28,118.54826354980469
2016-06-29,145.82667541503906
2016-06-30,103.64269256591797
2016-07-01,74.54678344726562
2016-07-02,73.90132141113281
2016-07-03,71.1758041381836
2016-07-04,47.4914436340332
2016-07-05,96.14324188232422
2016-07-06,105.78596496582031
2016-07-07,121.7011947631836
2016-07-08,136.19302368164062
2016-07-09,116.66133880615234
2016-07-10,94.28619384765625
2016-07-11,97.11392211914062
2016-07-12,143.21510314941406
2016-07-13,47.973941802978516
2016-07-14,82.71783447265625
2016-07-15,64.15147399902344
2016-07-16,179.5634765625
2016-07-17,112.68424224853516
2016-07-18,126.16048431396484
2016-07-19,214.03237915039062
2016-07-20,82.59381866455078
2016-07-21,154.38221740722656
2016-07-22,140.45628356933594
2016-07-23,57.46031188964844
2016-07-24,79.84069061279297
2016-07-25,73.17467498779297
2016-07-26,76.51399230957031
2016-07-27,26.109041213989258
2016-07-28,50.387264251708984
2016-07-29,85.7129898071289
2016-07-30,66.37358093261719
2016-07-31,41.00998306274414
2016-08-01,54.652854919433594
2016-08-02,95.47673797607422
2016-08-03,75.08016967773438
2016-08-04,203.70928955078125
2016-08-05,93.10999298095703
2016-08-06,37.425323486328125
2016-08-07,53.87782669067383
2016-08-08,96.47999572753906
2016-08-09,108.3739242553711
2016-08-10,105.435546875
2016-08-11,136.6575469970703
2016-08-12,124.85002899169922
2016-08-13,95.1090316772461
2016-08-14,79.07666778564453
2016-08-15,75.9115219116211
2016-08-16,74.44605255126953
2016-08-17,50.852378845214844
2016-08-18,139.78079223632812
2016-08-19,32.597679138183594
2016-08-20,50.01693344116211
2016-08-21,0.0
2016-08-22,64.9391860961914
2016-08-23,65.47207641601562
2016-08-24,96.47999572753906
2016-08-25,110.36409759521484
2016-08-26,66.77584838867188
2016-08-27,85.83439636230469
2016-08-28,29.859121322631836
2016-08-29,91.4358139038086
2016-08-30,51.00933074951172
2016-08-31,53.74641418457031
2016-09-01,46.06193542480469
2016-09-02,80.42346954345703
2016-09-03,52.971229553222656
2016-09-04,57.53532791137695
2016-09-05,25.040943145751953
2016-09-06,111.39537811279297
2016-09-07,84.88455200195312
2016-09-08,58.60646057128906
2016-09-09,105.31926727294922
2016-09-10,132.82337951660156
2016-09-11,103.2132568359375
2016-09-12,123.90501403808594
2016-09-13,125.86485290527344
2016-09-14,88.08006286621094
2016-09-15,117.88175964355469
2016-09-16,54.00988006591797
2016-09-17,62.523414611816406
2016-09-18,87.04978942871094
2016-09-19,148.35748291015625
2016-09-20,175.32855224609375
2016-09-21,148.420166015625
2016-09-22,79.38050842285156
2016-09-23,108.73040771484375
2016-09-24,79.45684051513672
2016-09-25,62.319091796875
2016-09-26,120.5675048828125
2016-09-27,69.7342758178711
2016-09-28,120.4593505859375
2016-09-29,90.80782318115234
2016-09-30,107.71802520751953
2016-10-01,39.68072509765625
2016-10-02,26.938913345336914
2016-10-03,78.42003631591797
2016-10-04,145.2127227783203
2016-10-05,132.94740295410156
2016-10-06,89.24754333496094
2016-10-07,21.05353355407715
2016-10-08,76.51399230957031
2016-10-09,64.96471405029297
2016-10-10,69.86060333251953
2016-10-11,66.2595443725586
2016-10-12,92.9433822631836
2016-10-13,105.78596496582031
2016-10-14,77.48252868652344
2016-10-15,46.913692474365234
2016-10-16,50.89152526855469
2016-10-17,126.53197479248047
2016-10-18,142.7204132080078
2016-10-19,88.8549575805664
2016-10-20,96.08734893798828
2016-10-21,69.53866577148438
2016-10-22,50.01693344116211
2016-10-23,53.09886932373047
2016-10-24,71.5455551147461
2016-10-25,72.96698760986328
2016-10-26,134.36602783203125
2016-10-27,109.86624908447266
2016-10-28,96.50816345214844
2016-10-29,69.470458984375
2016-10-30,87.24673461914062
2016-10-31,38.59199523925781
2016-11-01,114.03997039794922
2016-11-02,51.24658203125
2016-11-03,79.38050842285156
2016-11-04,32.07573699951172
2016-11-05,57.76155090332031
2016-11-06,51.48604965209961
2016-11-07,69.86060333251953
2016-11-08,87.72305297851562
2016-11-09,64.92096710205078
2016-11-10,88.8549575805664
2016-11-11,75.15699005126953
2016-11-12,52.654788970947266
2016-11-13,62.46040725708008
2016-11-14,147.03756713867188
2016-11-15,99.34276580810547
2016-11-16,79.96946716308594
2016-11-17,33.23685073852539
2016-11-18,130.25469970703125
2016-11-19,68.6053237915039
2016-11-20,37.47624206542969
2016-11-21,118.26134490966797
2016-11-22,96.3419418334961
2016-11-23,87.13719940185547
2016-11-24,75.08016967773438
2016-11-25,68.49565887451172
2016-11-26,94.60647583007812
2016-11-27,130.5452117919922
2016-11-28,97.33229064941406
2016-11-29,107.49282836914062
2016-11-30,69.51428985595703
2016-12-01,160.01266479492188
2016-12-02,61.63924789428711
2016-12-03,30.227750778198242
2016-12-04,25.445762634277344
2016-12-05,56.696475982666016
2016-12-06,78.95074462890625
2016-12-07,63.32192611694336
2016-12-08,100.3157730102539
2016-12-09,63.0501594543457
2016-12-10,74.3455810546875
2016-12-11,26.233369827270508
2016-12-12,79.40911865234375
2016-12-13,132.97604370117188
2016-12-14,79.07666778564453
2016-12-15,98.8162841796875
2016-12-16,140.45628356933594
2016-12-17,63.32192611694336
2016-12-18,108.55187225341797
2016-12-19,61.21119689941406
2016-12-20,130.45008850097656
2016-12-21,111.29308319091797
2016-12-22,123.05343627929688
2016-12-23,134.1479034423828
2016-12-24,120.77082061767578
2016-12-25,66.57411193847656
2016-12-26,95.53192138671875
2016-12-27,82.42903900146484
2016-12-28,122.67020416259766
2016-12-29,109.52301788330078
2016-12-30,196.39955139160156
2016-12-31,146.77639770507812
2017-01-01,124.88934326171875
2017-01-02,157.81011962890625
2017-01-03,138.79283142089844
2017-01-04,114.37386322021484
2017-01-05,87.1678466796875
2017-01-06,135.1416015625
2017-01-07,103.66412353515625
2017-01-08,37.73292922973633
2017-01-09,114.77099609375
2017-01-10,82.91148376464844
2017-01-11,130.7776336669922
2017-01-12,167.90879821777344
2017-01-13,140.8553009033203
2017-01-14,85.7433090209961
2017-01-15,24.268754959106445
2017-01-16,98.76707458496094
2017-01-17,102.36331939697266
2017-01-18,85.23077392578125
2017-01-19,167.1929473876953
2017-01-20,136.21173095703125
2017-01-21,45.42173385620117
2017-01-22,64.3575668334961
2017-01-23,102.97209930419922
2017-01-24,67.90764617919922
2017-01-25,82.22399139404297
2017-01-26,109.50627136230469
2017-01-27,126.8260726928711
2017-01-28,102.52495574951172
2017-01-29,144.97389221191406
2017-01-30,95.47673797607422
2017-01-31,183.05247497558594
2017-02-01,125.20471954345703
2017-02-02,189.4214630126953
2017-02-03,252.49618530273438
2017-02-04,168.8584747314453
2017-02-05,84.01536560058594
2017-02-06,109.18753814697266
2017-02-07,195.09133911132812
2017-02-08,103.58818054199219
2017-02-09,76.7508773803711
2017-02-10,185.03536987304688
2017-02-11,103.16493225097656
2017-02-12,111.41812896728516
2017-02-13,169.66146850585938
2017-02-14,272.72314453125
2017-02-15,128.9159393310547
2017-02-16,161.03253173828125
2017-02-17,100.72727966308594
2017-02-18,125.52169799804688
2017-02-19,121.61164855957031
2017-02-20,122.42239379882812
2017-02-21,164.0159912109375
2017-02-22,88.0033187866211
2017-02-23,41.421112060546875
2017-02-24,87.44457244873047
2017-02-25,50.60768127441406
2017-02-26,68.57685852050781
2017-02-27,67.65447998046875
2017-02-28,53.399105072021484
2017-03-01,124.82646179199219
2017-03-02,121.91442108154297
2017-03-03,69.24730682373047
2017-03-04,20.50499153137207
2017-03-05,126.93566131591797
2017-03-06,126.75592803955078
2017-03-07,127.06112670898438
2017-03-08,149.6056365966797
2017-03-09,141.6602020263672
2017-03-10,79.60993194580078
2017-03-11,47.374759674072266
2017-03-12,75.6385498046875
2017-03-13,93.21501922607422
2017-03-14,72.367919921875
2017-03-15,70.85540008544922
2017-03-16,81.89065551757812
2017-03-17,95.36231231689453
2017-03-18,105.435546875
2017-03-19,115.03728485107422
2017-03-20,121.97064971923828
2017-03-21,106.12799072265625
2017-03-22,199.5388641357422
2017-03-23,101.29716491699219
2017-03-24,79.72514343261719
2017-03-25,86.2856674194336
2017-03-26,11.151837348937988
2017-03-27,122.42239379882812
2017-03-28,77.45529174804688
2017-03-29,100.66293334960938
2017-03-30,83.8509521484375
2017-03-31,78.58783721923828
2017-04-01,75.84365844726562
2017-04-02,62.88821792602539
2017-04-03,91.98713684082031
2017-04-04,176.2140350341797
2017-04-05,173.51205444335938
2017-04-06,63.50440979003906
2017-04-07,131.16685485839844
2017-04-08,137.0724639892578
2017-04-09,127.52332305908203
2017-04-10,122.42239379882812
2017-04-11,114.17632293701172
2017-04-12,189.9657745361328
2017-04-13,147.71786499023438
2017-04-14,140.53591918945312
2017-04-15,151.97262573242188
2017-04-16,130.23658752441406
2017-04-17,109.0892562866211
2017-04-18,137.97157287597656
2017-04-19,175.44610595703125
2017-04-20,279.8226013183594
2017-04-21,154.0347442626953
2017-04-22,90.80782318115234
2017-04-23,41.111995697021484
2017-04-24,158.24798583984375
2017-04-25,51.405982971191406
2017-04-26,102.17633819580078
2017-04-27,104.27143859863281
2017-04-28,142.60372924804688
2017-04-29,111.85801696777344
2017-04-30,50.541351318359375
2017-05-01,149.97299194335938
2017-05-02,143.71324157714844
2017-05-03,165.096435546875
2017-05-04,60.7890510559082
2017-05-05,89.57735443115234
2017-05-06,68.34996795654297
2017-05-07,24.43018913269043
2017-05-08,90.80782318115234
2017-05-09,64.70310974121094
2017-05-10,127.65971374511719
2017-05-11,87.44457244873047
2017-05-12,98.52174377441406
2017-05-13,43.492164611816406
2017-05-14,37.56141662597656
2017-05-15,104.53524780273438
2017-05-16,71.19880676269531
2017-05-17,95.3115463256836
2017-05-18,76.9892349243164
2017-05-19,94.44012451171875
2017-05-20,62.36612319946289
2017-05-21,57.0290641784668
2017-05-22,228.24514770507812
2017-05-23,154.36798095703125
2017-05-24,133.4977569580078
2017-05-25,117.57028198242188
2017-05-26,172.6961669921875
2017-05-27,114.47288513183594
2017-05-28,84.01536560058594
2017-05-29,91.62590789794922
2017-05-30,123.41972351074219
2017-05-31,93.69061279296875
2017-06-01,90.47640228271484
2017-06-02,117.83973693847656
2017-06-03,74.64779663085938
2017-06-04,47.594017028808594
2017-06-05,123.41972351074219
2017-06-06,179.53883361816406
2017-06-07,165.3572540283203
2017-06-08,164.44798278808594
2017-06-09,118.2489013671875
2017-06-10,52.466739654541016
2017-06-11,48.00878143310547
2017-06-12,150.24566650390625
2017-06-13,112.42872619628906
2017-06-14,94.39109802246094
2017-06-15,102.6523208618164
2017-06-16,127.74510955810547
2017-06-17,62.84039306640625
2017-06-18,87.04978942871094
2017-06-19,115.86823272705078
2017-06-20,160.3649444580078
2017-06-21,210.63853454589844
2017-06-22,206.68716430664062
2017-06-23,93.10999298095703
2017-06-24,100.81844329833984
2017-06-25,60.14200210571289
2017-06-26,149.4691925048828
2017-06-27,78.42003631591797
2017-06-28,82.36058044433594
2017-06-29,103.13274383544922
2017-06-30,113.75531768798828
2017-07-01,114.61180877685547
2017-07-02,61.48446273803711
2017-07-03,147.75115966796875
2017-07-04,129.62371826171875
2017-07-05,287.8580627441406
2017-07-06,267.8609924316406
2017-07-07,152.3597412109375
2017-07-08,136.9642791748047
2017-07-09,150.58790588378906
2017-07-10,130.39071655273438
2017-07-11,135.12660217285156
2017-07-12,119.76103973388672
2017-07-13,58.60646057128906
2017-07-14,114.09187316894531
2017-07-15,36.82491683959961
2017-07-16,48.86037826538086
2017-07-17,144.97389221191406
2017-07-18,163.74969482421875
2017-07-19,92.90062713623047
2017-07-20,147.48524475097656
2017-07-21,70.52783203125
2017-07-22,93.13016510009766
2017-07-23,141.25660705566406
2017-07-24,66.50713348388672
2017-07-25,117.63005828857422
2017-07-26,153.7818145751953
2017-07-27,98.05677032470703
2017-07-28,107.05097198486328
2017-07-29,70.8301010131836
2017-07-30,92.256103515625
2017-07-31,204.4580078125
2017-08-01,219.9603729248047
2017-08-02,193.2985076904297
2017-08-03,186.57958984375
2017-08-04,123.59953308105469
2017-08-05,64.52717590332031
2017-08-06,103.69895935058594
2017-08-07,134.36602783203125
2017-08-08,219.52401733398438
2017-08-09,187.2471160888672
2017-08-10,330.5404357910156
2017-08-11,217.7792205810547
2017-08-12,270.67376708984375
2017-08-13,113.71804809570312
2017-08-14,200.1360321044922
2017-08-15,247.70718383789062
2017-08-16,198.7786102294922
2017-08-17,126.02305603027344
2017-08-18,106.6259536743164
2017-08-19,62.5135612487793
2017-08-20,30.66238021850586
2017-08-21,129.7624969482422
2017-08-22,228.67579650878906
2017-08-23,165.546142578125
2017-08-24,139.82252502441406
2017-08-25,101.70475769042969
2017-08-26,88.08006286621094
2017-08-27,60.27360534667969
2017-08-28,132.74716186523438
2017-08-29,102.01866149902344
2017-08-30,184.51220703125
2017-08-31,176.0066375732422
2017-09-01,107.05097198486328
2017-09-02,60.043678283691406
2017-09-03,63.32192611694336
2017-09-04,334.25439453125
2017-09-05,246.53045654296875
2017-09-06,267.6790466308594
2017-09-07,169.24754333496094
2017-09-08,163.4720458984375
2017-09-09,68.26527404785156
2017-09-10,109.78095245361328
2017-09-11,57.78679275512695
2017-09-12,144.73583984375
2017-09-13,145.4241180419922
2017-09-14,114.58735656738281
2017-09-15,149.791748046875
2017-09-16,137.90664672851562
2017-09-17,110.91960906982422
2017-09-18,217.98231506347656
2017-09-19,197.71316528320312
2017-09-20,218.61141967773438
2017-09-21,187.502685546875
2017-09-22,130.00607299804688
2017-09-23,144.97389221191406
2017-09-24,129.3700408935547
2017-09-25,64.48670959472656
2017-09-26,157.13612365722656
2017-09-27,146.47288513183594
2017-09-28,153.25204467773438
2017-09-29,119.9472885131836
2017-09-30,72.42341613769531
2017-10-01,100.85139465332031
2017-10-02,147.01002502441406
2017-10-03,82.67269134521484
2017-10-04,115.67469787597656
2017-10-05,112.97120666503906
2017-10-06,212.139892578125
2017-10-07,112.42872619628906
2017-10-08,110.1801528930664
2017-10-09,94.17107391357422
2017-10-10,97.13615417480469
2017-10-11,177.4809112548828
2017-10-12,92.88858032226562
2017-10-13,86.91395568847656
2017-10-14,131.28262329101562
2017-10-15,113.45782470703125
2017-10-16,118.1556625366211
2017-10-17,142.2162322998047
2017-10-18,88.65069580078125
2017-10-19,154.33273315429688
2017-10-20,88.54891204833984
2017-10-21,26.690927505493164
2017-10-22,36.32312774658203
2017-10-23,121.07709503173828
2017-10-24,139.1903533935547
2017-10-25,139.37570190429688
2017-10-26,125.36300659179688
2017-10-27,124.90589904785156
2017-10-28,88.8549575805664
2017-10-29,72.2154541015625
2017-10-30,89.11630249023438
2017-10-31,52.971229553222656
2017-11-01,77.09806823730469
2017-11-02,85.41097259521484
2017-11-03,93.37300872802734
2017-11-04,48.66614532470703
2017-11-05,116.96406555175781
2017-11-06,151.97262573242188
2017-11-07,148.34536743164062
2017-11-08,257.0870361328125
2017-11-09,135.0247039794922
2017-11-10,108.64631652832031
2017-11-11,33.5330924987793
2017-11-12,74.27875518798828
2017-11-13,69.05441284179688
2017-11-14,158.1862335205078
2017-11-15,66.45365142822266
2017-11-16,179.1547088623047
2017-11-17,81.94175720214844
2017-11-18,24.90509796142578
2017-11-19,50.541351318359375
2017-11-20,86.94273376464844
2017-11-21,194.2527313232422
2017-11-22,186.36697387695312
2017-11-23,44.13090133666992
2017-11-24,61.63924789428711
2017-11-25,23.122800827026367
2017-11-26,13.669994354248047
2017-11-27,136.52059936523438
2017-11-28,154.04681396484375
2017-11-29,129.96348571777344
2017-11-30,171.2644805908203
2017-12-01,151.45037841796875
2017-12-02,15.246331214904785
2017-12-03,46.10047912597656
2017-12-04,68.86259460449219
2017-12-05,145.17495727539062
2017-12-06,146.4419708251953
2017-12-07,100.29402923583984
2017-12-08,80.81674194335938
2017-12-09,38.79582595825195
2017-12-10,98.59521484375
2017-12-11,161.03253173828125
2017-12-12,77.69113159179688
2017-12-13,91.0078353881836
2017-12-14,135.4674072265625
2017-12-15,123.79792785644531
2017-12-16,41.38221740722656
2017-12-17,73.8472900390625
2017-12-18,103.4555435180664
2017-12-19,98.0832290649414
2017-12-20,108.32318878173828
2017-12-21,134.18421936035156
2017-12-22,93.10999298095703
2017-12-23,97.75172424316406
2017-12-24,99.26139831542969
2017-12-25,122.42239379882812
2017-12-26,74.0457992553711
2017-12-27,137.2676239013672
2017-12-28,130.06088256835938
2017-12-29,67.38847351074219
2017-12-30,134.71189880371094
2017-12-31,66.05524444580078
2018-01-01,112.42872619628906
2018-01-02,278.9371032714844
2018-01-03,172.156494140625
2018-01-04,194.721923828125
2018-01-05,58.998741149902344
2018-01-06,94.53015899658203
2018-01-07,12.664384841918945
2018-01-08,68.32877349853516
2018-01-09,90.55902862548828
2018-01-10,82.00146484375
2018-01-11,108.30290222167969
2018-01-12,222.86756896972656
2018-01-13,124.41300201416016
2018-01-14,105.18392181396484
2018-01-15,62.39976119995117
2018-01-16,60.12559509277344
2018-01-17,154.45814514160156
2018-01-18,91.8167953491211
2018-01-19,88.30714416503906
2018-01-20,99.7105484008789
2018-01-21,52.7177734375
2018-01-22,96.08734893798828
2018-01-23,153.24081420898438
2018-01-24,153.3985137939453
2018-01-25,108.30290222167969
2018-01-26,88.96533966064453
2018-01-27,56.528995513916016
2018-01-28,54.00988006591797
2018-01-29,50.852378845214844
2018-01-30,101.4817123413086
2018-01-31,111.35924530029297
2018-02-01,73.6319351196289
2018-02-02,45.102989196777344
2018-02-03,119.76103973388672
2018-02-04,63.467830657958984
2018-02-05,78.14195251464844
2018-02-06,79.84069061279297
2018-02-07,77.69113159179688
2018-02-08,101.39278411865234
2018-02-09,79.9372329711914
2018-02-10,35.314151763916016
2018-02-11,49.519168853759766
2018-02-12,147.892822265625
2018-02-13,79.0079345703125
2018-02-14,41.577415466308594
2018-02-15,95.4531021118164
2018-02-16,48.18374252319336
2018-02-17,74.71529388427734
2018-02-18,64.68502044677734
2018-02-19,142.7204132080078
2018-02-20,75.98631286621094
2018-02-21,95.94788360595703
2018-02-22,44.72807312011719
2018-02-23,72.14176940917969
2018-02-24,47.73836898803711
2018-02-25,12.379792213439941
2018-02-26,120.25119018554688
2018-02-27,77.9208984375
2018-02-28,89.18692016601562
2018-03-01,70.1288070678711
2018-03-02,224.4410400390625
2018-03-03,44.07206344604492
2018-03-04,69.58746337890625
2018-03-05,119.90584564208984
2018-03-06,110.32725524902344
2018-03-07,195.25596618652344
2018-03-08,150.30506896972656
2018-03-09,135.94496154785156
2018-03-10,161.23924255371094
2018-03-11,120.81156921386719
2018-03-12,197.75926208496094
2018-03-13,145.84617614746094
2018-03-14,151.11990356445312
2018-03-15,287.0003967285156
2018-03-16,275.45037841796875
2018-03-17,118.52869415283203
2018-03-18,76.869873046875
2018-03-19,110.8133773803711
2018-03-20,181.0471954345703
2018-03-21,232.3527069091797
2018-03-22,184.0718536376953
2018-03-23,93.2601089477539
2018-03-24,171.52587890625
2018-03-25,40.359031677246094
2018-03-26,103.49291229248047
2018-03-27,119.24259185791016
2018-03-28,101.4817123413086
2018-03-29,213.2993621826172
2018-03-30,62.70415496826172
2018-03-31,149.56582641601562
2018-04-01,37.30704879760742
2018-04-02,151.6973114013672
2018-04-03,83.72351837158203
2018-04-04,58.76274871826172
2018-04-05,93.37300872802734
2018-04-06,120.34239959716797
2018-04-07,100.35584259033203
2018-04-08,70.1784439086914
2018-04-09,115.89777374267578
2018-04-10,188.21839904785156
2018-04-11,136.361572265625
2018-04-12,302.9249572753906
2018-04-13,136.91024780273438
2018-04-14,114.35665130615234
2018-04-15,86.0782470703125
2018-04-16,226.17626953125
2018-04-17,261.3247375488281
2018-04-18,367.2671813964844
2018-04-19,225.3024139404297
2018-04-20,91.92622375488281
2018-04-21,74.91851043701172
2018-04-22,48.752281188964844
2018-04-23,100.72727966308594
2018-04-24,218.09854125976562
2018-04-25,244.37928771972656
2018-04-26,207.48211669921875
2018-04-27,114.50593566894531
2018-04-28,130.8074951171875
2018-04-29,74.95248413085938
2018-04-30,138.88255310058594
2018-05-01,197.5644073486328
2018-05-02,239.82876586914062
2018-05-03,193.55972290039062
2018-05-04,217.98231506347656
2018-05-05,86.79622650146484
2018-05-06,38.168643951416016
2018-05-07,99.41065979003906
2018-05-08,168.39761352539062
2018-05-09,413.5447998046875
2018-05-10,367.7211608886719
2018-05-11,225.67018127441406
2018-05-12,132.88058471679688
2018-05-13,125.77643585205078
2018-05-14,184.97396850585938
2018-05-15,159.58082580566406
2018-05-16,147.29966735839844
2018-05-17,218.66738891601562
2018-05-18,106.97102355957031
2018-05-19,65.19535827636719
2018-05-20,35.163875579833984
2018-05-21,175.55259704589844
2018-05-22,120.10917663574219
2018-05-23,214.81666564941406
2018-05-24,248.5266571044922
2018-05-25,214.80075073242188
2018-05-26,139.9747772216797
2018-05-27,102.01866149902344
2018-05-28,140.48471069335938
2018-05-29,110.01091003417969
2018-05-30,202.2891387939453
2018-05-31,80.26368713378906
2018-06-01,263.5888977050781
2018-06-02,119.64794921875
2018-06-03,51.84947967529297
2018-06-04,218.74002075195312
2018-06-05,242.25277709960938
2018-06-06,159.7820587158203
2018-06-07,119.45552825927734
2018-06-08,155.7977294921875
2018-06-09,108.01976013183594
2018-06-10,128.6604766845703
2018-06-11,192.4544219970703
2018-06-12,208.8382110595703
2018-06-13,200.8143768310547
2018-06-14,220.09352111816406
2018-06-15,96.98957061767578
2018-06-16,134.24476623535156
2018-06-17,27.20497703552246
2018-06-18,56.94064712524414
2018-06-19,142.7982940673828
2018-06-20,141.25660705566406
2018-06-21,121.82080078125
2018-06-22,82.60334014892578
2018-06-23,29.61832046508789
2018-06-24,79.67572784423828
2018-06-25,107.56778717041016
2018-06-26,212.49029541015625
2018-06-27,164.54623413085938
2018-06-28,100.28533935546875
2018-06-29,164.8264617919922
2018-06-30,52.522315979003906
2018-07-01,61.62200927734375
2018-07-02,143.976806640625
2018-07-03,129.71347045898438
2018-07-04,65.48597717285156
2018-07-05,117.83973693847656
2018-07-06,166.73751831054688
2018-07-07,105.7391128540039
2018-07-08,88.04350280761719
2018-07-09,137.916748046875
2018-07-10,144.78338623046875
2018-07-11,150.8333282470703
2018-07-12,247.37049865722656
2018-07-13,119.24259185791016
2018-07-14,135.96270751953125
2018-07-15,115.97911071777344
2018-07-16,232.54908752441406
2018-07-17,114.29476928710938
2018-07-18,117.83973693847656
2018-07-19,118.95292663574219
2018-07-20,76.12950134277344
2018-07-21,191.98866271972656
2018-07-22,94.05622863769531
2018-07-23,195.58607482910156
2018-07-24,189.15048217773438
2018-07-25,153.02798461914062
2018-07-26,82.22399139404297
2018-07-27,143.71324157714844
2018-07-28,26.665090560913086
2018-07-29,13.023658752441406
2018-07-30,154.69911193847656
2018-07-31,119.24259185791016
2018-08-01,189.21295166015625
2018-08-02,144.78338623046875
2018-08-03,231.88424682617188
2018-08-04,112.65863800048828
2018-08-05,89.6815185546875
2018-08-06,177.10853576660156
2018-08-07,258.3649597167969
2018-08-08,166.93963623046875
2018-08-09,262.3337097167969
2018-08-10,162.22845458984375
2018-08-11,231.89866638183594
2018-08-12,103.69895935058594
2018-08-13,169.24754333496094
2018-08-14,186.33409118652344
2018-08-15,128.8656768798828
2018-08-16,155.76063537597656
2018-08-17,156.7893524169922
2018-08-18,34.252899169921875
2018-08-19,54.275936126708984
2018-08-20,112.23784637451172
2018-08-21,209.2028045654297
2018-08-22,158.76101684570312
2018-08-23,123.10631561279297
2018-08-24,51.76248550415039
2018-08-25,57.8070068359375
2018-08-26,72.17041015625
2018-08-27,182.03677368164062
2018-08-28,214.63665771484375
2018-08-29,165.1201171875
2018-08-30,119.41490173339844
2018-08-31,68.77662658691406
2018-09-01,58.72004318237305
2018-09-02,35.01487731933594
2018-09-03,119.76103973388672
2018-09-04,15.92198657989502
2018-09-05,64.30747985839844
2018-09-06,132.9251251220703
2018-09-07,124.2083969116211
2018-09-08,39.6688232421875
2018-09-09,33.866851806640625
2018-09-10,70.9010009765625
2018-09-11,35.819297790527344
2018-09-12,67.26505279541016
2018-09-13,99.77503967285156
2018-09-14,133.28244018554688
2018-09-15,70.30638885498047
2018-09-16,12.028401374816895
2018-09-17,143.50526428222656
2018-09-18,134.94688415527344
2018-09-19,90.53994750976562
2018-09-20,165.6844482421875
2018-09-21,119.15156555175781
2018-09-22,48.3670539855957
2018-09-23,34.86713790893555
2018-09-24,193.8216552734375
2018-09-25,125.6556396484375
2018-09-26,176.65464782714844
2018-09-27,103.2132568359375
2018-09-28,122.56574249267578
2018-09-29,24.419361114501953
2018-09-30,48.21888732910156
2018-10-01,100.42461395263672
2018-10-02,29.94025993347168
2018-10-03,130.85528564453125
2018-10-04,87.76605987548828
2018-10-05,110.57039642333984
2018-10-06,79.07666778564453
2018-10-07,70.779541015625
2018-10-08,51.971771240234375
2018-10-09,143.50526428222656
2018-10-10,101.08270263671875
2018-10-11,176.61428833007812
2018-10-12,125.05513000488281
2018-10-13,59.989192962646484
2018-10-14,113.35407257080078
2018-10-15,172.89324951171875
2018-10-16,143.9218292236328
2018-10-17,188.40655517578125
2018-10-18,120.74537658691406
2018-10-19,135.85716247558594
2018-10-20,133.521728515625
2018-10-21,46.68650436401367
2018-10-22,132.2161865234375
2018-10-23,130.30503845214844
2018-10-24,204.5986328125
2018-10-25,135.05953979492188
2018-10-26,196.75027465820312
2018-10-27,84.14981079101562
2018-10-28,48.53750991821289
2018-10-29,99.11257934570312
2018-10-30,114.91181182861328
2018-10-31,114.17632293701172
2018-11-01,117.3689956665039
2018-11-02,158.722900390625
2018-11-03,59.77223587036133
2018-11-04,63.20085144042969
2018-11-05,176.0535125732422
2018-11-06,81.78013610839844
2018-11-07,206.07261657714844
2018-11-08,60.68674087524414
2018-11-09,126.80579376220703
2018-11-10,48.11360549926758
2018-11-11,25.040943145751953
2018-11-12,26.6564884185791
2018-11-13,162.68209838867188
2018-11-14,34.69148254394531
2018-11-15,157.20494079589844
2018-11-16,67.34728240966797
2018-11-17,45.48721694946289
2018-11-18,46.294185638427734
2018-11-19,61.72557830810547
2018-11-20,89.63341522216797
2018-11-21,113.9332504272461
2018-11-22,97.21778869628906
2018-11-23,174.1978759765625
2018-11-24,99.86116790771484
2018-11-25,38.79582595825195
2018-11-26,112.26507568359375
2018-11-27,162.02963256835938
2018-11-28,146.81365966796875
2018-11-29,119.76103973388672
2018-11-30,223.68359375
2018-12-01,88.43543243408203
2018-12-02,23.7457218170166
2018-12-03,45.528987884521484
2018-12-04,134.1735382080078
2018-12-05,151.30857849121094
2018-12-06,160.10325622558594
2018-12-07,235.90208435058594
2018-12-08,86.79622650146484
2018-12-09,35.54198455810547
2018-12-10,135.33688354492188
2018-12-11,122.58263397216797
2018-12-12,112.88949584960938
2018-12-13,131.8645477294922
2018-12-14,144.6114501953125
2018-12-15,88.8549575805664
2018-12-16,39.16355895996094
2018-12-17,86.48363494873047
2018-12-18,88.08006286621094
2018-12-19,81.45037841796875
2018-12-20,195.40818786621094
2018-12-21,247.7595977783203
2018-12-22,41.421112060546875
2018-12-23,108.81990814208984
2018-12-24,92.50199890136719
2018-12-25,27.272314071655273
2018-12-26,52.466739654541016
2018-12-27,40.211734771728516
2018-12-28,133.9304962158203
2018-12-29,40.32948684692383
2018-12-30,13.535645484924316
2018-12-31,113.2693099975586
2019-01-01,77.37370300292969
2019-01-02,249.2763671875
2019-01-03,7.892561435699463
2019-01-04,112.2759780883789
2019-01-05,61.709861755371094
2019-01-06,67.34728240966797
2019-01-07,99.8843765258789
2019-01-08,90.31159210205078
2019-01-09,132.74716186523438
2019-01-10,92.29006958007812
2019-01-11,127.9598388671875
2019-01-12,86.0782470703125
2019-01-13,50.19597244262695
2019-01-14,117.21292114257812
2019-01-15,140.87637329101562
2019-01-16,96.4237060546875
2019-01-17,194.9452362060547
2019-01-18,112.58189392089844
2019-01-19,31.813325881958008
2019-01-20,69.6083984375
2019-01-21,75.6962890625
2019-01-22,191.18663024902344
2019-01-23,96.77052307128906
2019-01-24,110.45629119873047
2019-01-25,131.79444885253906
2019-01-26,30.805261611938477
2019-01-27,88.04350280761719
2019-01-28,151.392578125
2019-01-29,139.37570190429688
2019-01-30,254.4735107421875
2019-01-31,232.6785888671875
2019-02-01,138.51219177246094
2019-02-02,110.98733520507812
2019-02-03,111.92115020751953
2019-02-04,291.2250671386719
2019-02-05,161.57704162597656
2019-02-06,156.54824829101562
2019-02-07,139.82252502441406
2019-02-08,38.88711166381836
2019-02-09,35.314151763916016
2019-02-10,39.07097625732422
2019-02-11,84.49398040771484
2019-02-12,90.44639587402344
2019-02-13,133.5091094970703
2019-02-14,113.15035247802734
2019-02-15,158.5821990966797
2019-02-16,91.15214538574219
2019-02-17,119.50125122070312
2019-02-18,102.36331939697266
2019-02-19,153.47674560546875
2019-02-20,198.6005859375
2019-02-21,156.54824829101562
2019-02-22,88.30714416503906
2019-02-23,66.01206970214844
2019-02-24,124.68946838378906
2019-02-25,167.4228057861328
2019-02-26,184.65948486328125
2019-02-27,189.7234649658203
2019-02-28,220.64500427246094
2019-03-01,278.9371032714844
2019-03-02,208.67453002929688
2019-03-03,64.65971374511719
2019-03-04,72.48694610595703
2019-03-05,140.2576141357422
2019-03-06,104.79090118408203
2019-03-07,123.95267486572266
2019-03-08,39.210018157958984
2019-03-09,95.50286865234375
2019-03-10,12.871512413024902
2019-03-11,41.48349380493164
2019-03-12,87.90969848632812
2019-03-13,106.4885482788086
2019-03-14,62.36612319946289
2019-03-15,54.20917510986328
2019-03-16,95.50286865234375
2019-03-17,40.606937408447266
2019-03-18,16.618425369262695
2019-03-19,59.55683898925781
2019-03-20,57.31087112426758
2019-03-21,107.49282836914062
2019-03-22,119.76103973388672
2019-03-23,79.55245971679688
2019-03-24,78.22120666503906
2019-03-25,77.70109558105469
2019-03-26,65.58342742919922
2019-03-27,70.80986785888672
2019-03-28,75.15699005126953
2019-03-29,98.7822036743164
2019-03-30,101.64220428466797
2019-03-31,24.759584426879883
2019-04-01,75.35116577148438
2019-04-02,93.10999298095703
2019-04-03,118.69851684570312
2019-04-04,106.4885482788086
2019-04-05,97.50456237792969
2019-04-06,82.07087707519531
2019-04-07,12.901657104492188
2019-04-08,76.278564453125
2019-04-09,230.8688201904297
2019-04-10,112.860595703125
2019-04-11,144.40386962890625
2019-04-12,166.1935272216797
2019-04-13,114.12257385253906
2019-04-14,61.62200927734375
2019-04-15,59.9736442565918
2019-04-16,151.25888061523438
2019-04-17,56.29642868041992
2019-04-18,68.10586547851562
2019-04-19,66.37358093261719
2019-04-20,60.41783142089844
2019-04-21,92.03592681884766
2019-04-22,84.46519470214844
2019-04-23,173.51205444335938
2019-04-24,30.90607261657715
2019-04-25,103.55277252197266
2019-04-26,150.8333282470703
2019-04-27,64.51991271972656
2019-04-28,12.352035522460938
2019-04-29,98.0832290649414
2019-04-30,52.25345993041992
2019-05-01,102.31014251708984
2019-05-02,247.9053497314453
2019-05-03,77.77422332763672
2019-05-04,65.88510131835938
2019-05-05,142.25137329101562
2019-05-06,164.0613555908203
2019-05-07,138.54013061523438
2019-05-08,87.09893798828125
2019-05-09,213.8036651611328
2019-05-10,178.15199279785156
2019-05-11,64.33023834228516
2019-05-12,0.0
2019-05-13,193.58152770996094
2019-05-14,351.14068603515625
2019-05-15,204.8502197265625
2019-05-16,131.82763671875
2019-05-17,156.38473510742188
2019-05-18,125.44230651855469
2019-05-19,71.39102935791016
2019-05-20,135.0247039794922
2019-05-21,163.63389587402344
2019-05-22,123.97203826904297
2019-05-23,88.97455596923828
2019-05-24,206.07261657714844
2019-05-25,101.54853057861328
2019-05-26,66.05524444580078
2019-05-27,41.1888427734375
2019-05-28,115.5114517211914
2019-05-29,97.30583953857422
2019-05-30,124.1078109741211
2019-05-31,146.07217407226562
2019-06-01,167.7595672607422
2019-06-02,24.10944366455078
2019-06-03,143.29788208007812
2019-06-04,100.02388000488281
2019-06-05,142.47433471679688
2019-06-06,116.13191223144531
2019-06-07,72.6781997680664
2019-06-08,69.67127990722656
2019-06-09,64.0582275390625
2019-06-10,68.86259460449219
2019-06-11,87.2138442993164
2019-06-12,75.2596664428711
2019-06-13,169.5079345703125
2019-06-14,229.83218383789062
2019-06-15,149.17013549804688
2019-06-16,64.96471405029297
2019-06-17,195.1419677734375
2019-06-18,200.2020263671875
2019-06-19,218.3877716064453
2019-06-20,106.4885482788086
2019-06-21,196.02603149414062
2019-06-22,211.670654296875
2019-06-23,153.35568237304688
2019-06-24,284.79522705078125
2019-06-25,136.3990936279297
2019-06-26,198.9554443359375
2019-06-27,159.26171875
2019-06-28,201.1031494140625
2019-06-29,117.97689056396484
2019-06-30,39.35005569458008
2019-07-01,172.156494140625
2019-07-02,214.01901245117188
2019-07-03,103.19467163085938
2019-07-04,158.40597534179688
2019-07-05,141.25660705566406
2019-07-06,54.06288146972656
2019-07-07,72.10742950439453
2019-07-08,80.8958511352539
2019-07-09,138.82113647460938
2019-07-10,153.02798461914062
2019-07-11,156.38473510742188
2019-07-12,145.49600219726562
2019-07-13,96.93268585205078
2019-07-14,39.07097625732422
2019-07-15,43.03912353515625
2019-07-16,111.13272094726562
2019-07-17,198.9364013671875
2019-07-18,103.94354248046875
2019-07-19,66.37358093261719
2019-07-20,138.83587646484375
2019-07-21,86.98432922363281
2019-07-22,242.9168701171875
2019-07-23,198.52279663085938
2019-07-24,126.1003189086914
2019-07-25,92.84844207763672
2019-07-26,192.00294494628906
2019-07-27,98.9642105102539
2019-07-28,52.844200134277344
2019-07-29,171.64564514160156
2019-07-30,155.29843139648438
2019-07-31,109.86624908447266
2019-08-01,111.97169494628906
2019-08-02,156.18321228027344
2019-08-03,131.68942260742188
2019-08-04,82.22399139404297
2019-08-05,94.68607330322266
2019-08-06,306.05596923828125
2019-08-07,124.87084197998047
2019-08-08,124.14664459228516
2019-08-09,132.04013061523438
2019-08-10,139.1749267578125
2019-08-11,88.65069580078125
2019-08-12,191.164306640625
2019-08-13,45.09419250488281
2019-08-14,111.93920135498047
2019-08-15,107.41797637939453
2019-08-16,115.97911071777344
2019-08-17,149.19078063964844
2019-08-18,107.23129272460938
2019-08-19,173.96865844726562
2019-08-20,110.52021026611328
2019-08-21,150.60597229003906
2019-08-22,206.38934326171875
2019-08-23,146.32159423828125
2019-08-24,76.89541625976562
2019-08-25,82.84222412109375
2019-08-26,143.963623046875
2019-08-27,203.09706115722656
2019-08-28,102.28926086425781
2019-08-29,79.38050842285156
2019-08-30,55.36690902709961
2019-08-31,50.387264251708984
2019-09-01,11.821905136108398
2019-09-02,113.00528717041016
2019-09-03,113.13917541503906
2019-09-04,104.36550903320312
2019-09-05,127.24610137939453
2019-09-06,100.16377258300781
2019-09-07,10.503351211547852
2019-09-08,96.01756286621094
2019-09-09,56.5440673828125
2019-09-10,138.0885772705078
2019-09-11,156.76039123535156
2019-09-12,88.14412689208984
2019-09-13,96.64925384521484
2019-09-14,51.48604965209961
2019-09-15,89.94297790527344
2019-09-16,229.5419921875
2019-09-17,325.92974853515625
2019-09-18,157.59597778320312
2019-09-19,240.13623046875
2019-09-20,121.56927490234375
2019-09-21,69.66643524169922
2019-09-22,94.81940460205078
2019-09-23,63.596046447753906
2019-09-24,141.83082580566406
2019-09-25,142.3516082763672
2019-09-26,88.14412689208984
2019-09-27,146.4419708251953
2019-09-28,54.64299774169922
2019-09-29,25.38713264465332
2019-09-30,123.59953308105469
2019-10-01,119.92398071289062
2019-10-02,115.82669830322266
2019-10-03,63.24116134643555
2019-10-04,135.23403930664062
2019-10-05,52.971229553222656
2019-10-06,25.924739837646484
2019-10-07,64.0582275390625
2019-10-08,131.68942260742188
2019-10-09,99.05546569824219
2019-10-10,213.64572143554688
2019-10-11,180.74172973632812
2019-10-12,95.22917175292969
2019-10-13,109.20939636230469
2019-10-14,164.20291137695312
2019-10-15,179.72650146484375
2019-10-16,283.49554443359375
2019-10-17,177.7099151611328
2019-10-18,127.62179565429688
2019-10-19,138.4172821044922
2019-10-20,36.403133392333984
2019-10-21,116.55164337158203
2019-10-22,37.62983322143555
2019-10-23,154.392578125
2019-10-24,179.09646606445312
2019-10-25,167.34530639648438
2019-10-26,31.813325881958008
2019-10-27,12.75233268737793
2019-10-28,114.430419921875
2019-10-29,107.73809051513672
2019-10-30,113.04393005371094
2019-10-31,109.16131591796875
2019-11-01,106.52777099609375
2019-11-02,63.872554779052734
2019-11-03,38.70497131347656
2019-11-04,90.31159210205078
2019-11-05,97.21778869628906
2019-11-06,71.33966827392578
2019-11-07,75.56938171386719
2019-11-08,92.14588928222656
2019-11-09,44.66762924194336
2019-11-10,66.05524444580078
2019-11-11,111.20667266845703
2019-11-12,63.872554779052734
2019-11-13,189.24070739746094
2019-11-14,118.89944458007812
2019-11-15,85.83439636230469
2019-11-16,75.12283325195312
2019-11-17,110.67202758789062
2019-11-18,156.69332885742188
2019-11-19,62.602359771728516
2019-11-20,141.25660705566406
2019-11-21,76.70770263671875
2019-11-22,88.04350280761719
2019-11-23,33.76306915283203
2019-11-24,74.78291320800781
2019-11-25,34.81205368041992
2019-11-26,78.14195251464844
2019-11-27,81.23201751708984
2019-11-28,63.218116760253906
2019-11-29,117.54639434814453
2019-11-30,75.3282699584961
2019-12-01,56.50264358520508
2019-12-02,112.25251007080078
2019-12-03,100.77452850341797
2019-12-04,63.41303634643555
2019-12-05,92.36659240722656
2019-12-06,113.9332504272461
2019-12-07,20.347211837768555
2019-12-08,24.927637100219727
2019-12-09,103.29389953613281
2019-12-10,119.43648529052734
2019-12-11,77.15696716308594
2019-12-12,110.77093505859375
2019-12-13,138.0703582763672
2019-12-14,22.954198837280273
2019-12-15,40.211734771728516
2019-12-16,116.32897186279297
2019-12-17,104.70336151123047
2019-12-18,137.15371704101562
2019-12-19,93.25143432617188
2019-12-20,22.4551944732666
2019-12-21,62.673580169677734
2019-12-22,28.179067611694336
2019-12-23,38.59199523925781
2019-12-24,67.77338409423828
2019-12-25,50.310569763183594
2019-12-26,44.07206344604492
2019-12-27,93.05755615234375
2019-12-28,57.91334915161133
2019-12-29,45.27951431274414
2019-12-30,85.57682037353516
2019-12-31,210.82723999023438
2020-01-01,131.8645477294922
2020-01-02,199.01177978515625
2020-01-03,125.9681625366211
2020-01-04,313.9848937988281
2020-01-05,289.9477844238281
2020-01-06,357.9545593261719
2020-01-07,622.1167602539062
2020-01-08,227.10003662109375
2020-01-09,551.646240234375
2020-01-10,187.8070831298828
2020-01-11,183.6335906982422
2020-01-12,233.8040313720703
2020-01-13,157.6504669189453
2020-01-14,151.13876342773438
2020-01-15,216.64637756347656
2020-01-16,213.2993621826172
2020-01-17,174.11529541015625
2020-01-18,53.79890441894531
2020-01-19,103.4555435180664
2020-01-20,179.2313995361328
2020-01-21,150.82298278808594
2020-01-22,129.70401000976562
2020-01-23,147.75115966796875
2020-01-24,79.21449279785156
2020-01-25,55.0900764465332
2020-01-26,25.8638858795166
2020-01-27,94.09795379638672
2020-01-28,136.8250274658203
2020-01-29,71.08396911621094
2020-01-30,284.33587646484375
2020-01-31,88.8549575805664
2020-02-01,118.47328186035156
2020-02-02,34.217437744140625
2020-02-03,93.6616439819336
2020-02-04,103.49291229248047
2020-02-05,98.51045989990234
2020-02-06,128.116455078125
2020-02-07,111.62471008300781
2020-02-08,37.700653076171875
2020-02-09,39.256587982177734
2020-02-10,24.704071044921875
2020-02-11,82.56005859375
2020-02-12,41.26597595214844
2020-02-13,27.96450424194336
2020-02-14,120.068115234375
2020-02-15,59.82632827758789
2020-02-16,122.12085723876953
2020-02-17,112.6202621459961
2020-02-18,138.74537658691406
2020-02-19,53.117156982421875
2020-02-20,140.68702697753906
2020-02-21,129.62371826171875
2020-02-22,75.02539825439453
2020-02-23,37.81927490234375
2020-02-24,75.6962890625
2020-02-25,155.0792999267578
2020-02-26,154.38221740722656
2020-02-27,53.19041442871094
2020-02-28,56.4302978515625
2020-02-29,101.7494888305664
2020-03-01,63.761661529541016
2020-03-02,104.39810943603516
2020-03-03,86.57012176513672
2020-03-04,185.92901611328125
2020-03-05,58.52863693237305
2020-03-06,78.79391479492188
2020-03-07,68.01244354248047
2020-03-08,84.19880676269531
2020-03-09,95.13199615478516
2020-03-10,112.14264678955078
2020-03-11,110.04259490966797
2020-03-12,72.05598449707031
2020-03-13,81.75467681884766
2020-03-14,87.13719940185547
2020-03-15,53.35600662231445
2020-03-16,49.114479064941406
2020-03-17,86.32347869873047
2020-03-18,83.25955963134766
2020-03-19,81.56000518798828
2020-03-20,81.34104919433594
2020-03-21,52.466739654541016
2020-03-22,119.47245788574219
2020-03-23,167.95755004882812
2020-03-24,275.8683776855469
2020-03-25,81.34104919433594
2020-03-26,78.58783721923828
2020-03-27,55.168888092041016
2020-03-28,91.36890411376953
2020-03-29,151.8773956298828
2020-03-30,139.36477661132812
2020-03-31,107.21122741699219
2020-04-01,101.29716491699219
2020-04-02,79.15240478515625
2020-04-03,93.77033996582031
2020-04-04,94.02924346923828
2020-04-05,143.83831787109375
2020-04-06,90.85319519042969
2020-04-07,143.4197998046875
2020-04-08,91.8167953491211
2020-04-09,38.96044921875
2020-04-10,94.77862548828125
2020-04-11,65.4417724609375
2020-04-12,70.99236297607422
2020-04-13,92.27819061279297
2020-04-14,137.1836700439453
2020-04-15,99.26139831542969
2020-04-16,65.9322738647461
2020-04-17,84.04866027832031
2020-04-18,48.591026306152344
2020-04-19,49.85527420043945
2020-04-20,43.03912353515625
2020-04-21,59.96199035644531
2020-04-22,114.13689422607422
2020-04-23,114.45307159423828
2020-04-24,76.22526550292969
2020-04-25,57.74641036987305
2020-04-26,54.54462814331055
2020-04-27,65.19535827636719
2020-04-28,75.77727508544922
2020-04-29,66.07505798339844
2020-04-30,55.2479248046875
2020-05-01,50.23411178588867
2020-05-02,98.89453887939453
2020-05-03,43.492164611816406
2020-05-04,74.33443450927734
2020-05-05,38.47072219848633
2020-05-06,47.423309326171875
2020-05-07,70.02975463867188
2020-05-08,54.699363708496094
2020-05-09,29.30323028564453
2020-05-10,69.38296508789062
2020-05-11,31.52507972717285
2020-05-12,57.385498046875
2020-05-13,70.7189712524414
2020-05-14,98.6461410522461
2020-05-15,53.33755874633789
2020-05-16,46.10047912597656
2020-05-17,111.57483673095703
2020-05-18,125.81746673583984
2020-05-19,99.26139831542969
2020-05-20,128.116455078125
2020-05-21,106.52777099609375
2020-05-22,174.65809631347656
2020-05-23,32.95518112182617
2020-05-24,14.769457817077637
2020-05-25,205.42062377929688
2020-05-26,147.95123291015625
2020-05-27,31.168359756469727
2020-05-28,79.73563385009766
2020-05-29,190.4912872314453
2020-05-30,134.5027313232422
2020-05-31,129.45449829101562
2020-06-01,73.34477233886719
2020-06-02,76.72712707519531
2020-06-03,190.47100830078125
2020-06-04,37.578495025634766
2020-06-05,131.68942260742188
2020-06-06,68.71942901611328
2020-06-07,43.378013610839844
2020-06-08,75.58089447021484
2020-06-09,105.47438049316406
2020-06-10,121.24363708496094
2020-06-11,137.72518920898438
2020-06-12,76.51399230957031
2020-06-13,65.25971984863281
2020-06-14,29.778419494628906
2020-06-15,128.31539916992188
2020-06-16,108.47554016113281
2020-06-17,133.28244018554688
2020-06-18,124.53873443603516
2020-06-19,32.54952621459961
2020-06-20,108.13135528564453
2020-06-21,57.83734893798828
2020-06-22,166.14466857910156
2020-06-23,62.5135612487793
2020-06-24,109.86624908447266
2020-06-25,45.21757125854492
2020-06-26,66.37358093261719
2020-06-27,24.621261596679688
2020-06-28,60.37268829345703
2020-06-29,44.35593795776367
2020-06-30,87.95223236083984
2020-07-01,145.1986541748047
2020-07-02,23.343252182006836
2020-07-03,56.87765884399414
2020-07-04,23.2447566986084
2020-07-05,94.9828872680664
2020-07-06,94.09795379638672
2020-07-07,123.59953308105469
2020-07-08,105.94245910644531
2020-07-09,77.37370300292969
2020-07-10,146.59823608398438
2020-07-11,29.241016387939453
2020-07-12,42.376983642578125
2020-07-13,111.37962341308594
2020-07-14,73.89131164550781
2020-07-15,147.78262329101562
2020-07-16,24.52080726623535
2020-07-17,49.5669059753418
2020-07-18,45.576072692871094
2020-07-19,55.646541595458984
2020-07-20,128.8656768798828
2020-07-21,178.4293975830078
2020-07-22,187.01016235351562
2020-07-23,115.37188720703125
2020-07-24,110.1801528930664
2020-07-25,41.5998420715332
2020-07-26,52.218082427978516
2020-07-27,185.8867645263672
2020-07-28,171.18385314941406
2020-07-29,110.8133773803711
2020-07-30,67.45723724365234
2020-07-31,42.81612014770508
2020-08-01,27.795196533203125
2020-08-02,42.16077423095703
2020-08-03,46.752540588378906
2020-08-04,64.81185913085938
2020-08-05,56.21436309814453
2020-08-06,112.12362670898438
2020-08-07,65.58342742919922
2020-08-08,39.59245681762695
2020-08-09,65.58342742919922
2020-08-10,50.618751525878906
2020-08-11,76.62040710449219
2020-08-12,80.79877471923828
2020-08-13,140.05950927734375
2020-08-14,58.91986846923828
2020-08-15,124.79952239990234
2020-08-16,93.37300872802734
2020-08-17,92.23604583740234
2020-08-18,108.78153228759766
2020-08-19,69.83248901367188
2020-08-20,180.37677001953125
2020-08-21,261.6217956542969
2020-08-22,73.37191009521484
2020-08-23,41.525184631347656
2020-08-24,118.47328186035156
2020-08-25,105.36353302001953
2020-08-26,152.8157501220703
2020-08-27,162.4640350341797
2020-08-28,106.6259536743164
2020-08-29,69.29569244384766
2020-08-30,0.0
2020-08-31,101.33625793457031
2020-09-01,126.35338592529297
2020-09-02,105.94245910644531
2020-09-03,125.38282012939453
2020-09-04,127.76689147949219
2020-09-05,73.87557983398438
2020-09-06,47.389312744140625
2020-09-07,229.5419921875
2020-09-08,89.64361572265625
2020-09-09,64.39099884033203
2020-09-10,124.6734390258789
2020-09-11,205.94419860839844
2020-09-12,70.76788330078125
2020-09-13,103.69895935058594
2020-09-14,71.9609146118164
2020-09-15,165.2702178955078
2020-09-16,121.91442108154297
2020-09-17,141.46998596191406
2020-09-18,143.58181762695312
2020-09-19,48.2775764465332
2020-09-20,81.61492919921875
2020-09-21,70.40264892578125
2020-09-22,156.97308349609375
2020-09-23,73.8472900390625
2020-09-24,86.30298614501953
2020-09-25,70.80986785888672
2020-09-26,48.41901397705078
2020-09-27,90.31159210205078
2020-09-28,134.1735382080078
2020-09-29,95.39407348632812
2020-09-30,76.80492401123047
2020-10-01,96.64925384521484
2020-10-02,148.31944274902344
2020-10-03,63.32192611694336
2020-10-04,99.26139831542969
2020-10-05,111.29308319091797
2020-10-06,114.02861785888672
2020-10-07,102.01866149902344
2020-10-08,175.000244140625
2020-10-09,113.04393005371094
2020-10-10,71.33177185058594
2020-10-11,68.01244354248047
2020-10-12,93.85021209716797
2020-10-13,129.8649444580078
2020-10-14,64.89668273925781
2020-10-15,143.65078735351562
2020-10-16,176.0535125732422
2020-10-17,65.02047729492188
2020-10-18,68.01244354248047
2020-10-19,100.01224517822266
2020-10-20,85.95614624023438
2020-10-21,67.36558532714844
2020-10-22,81.11422729492188
2020-10-23,65.58342742919922
2020-10-24,95.25662231445312
2020-10-25,39.07097625732422
2020-10-26,124.63818359375
2020-10-27,185.9580535888672
2020-10-28,113.35407257080078
2020-10-29,106.4885482788086
2020-10-30,66.82084655761719
2020-10-31,22.46282386779785
2020-11-01,59.23664093017578
2020-11-02,54.93312454223633
2020-11-03,142.3516082763672
2020-11-04,136.46824645996094
2020-11-05,72.39169311523438
2020-11-06,67.27417755126953
2020-11-07,26.97848892211914
2020-11-08,74.61409759521484
2020-11-09,116.85774230957031
2020-11-10,59.96199035644531
2020-11-11,113.29578399658203
2020-11-12,80.5838851928711
2020-11-13,57.53532791137695
2020-11-14,44.97148895263672
2020-11-15,69.2086410522461
2020-11-16,63.218116760253906
2020-11-17,53.33755874633789
2020-11-18,128.43084716796875
2020-11-19,51.90182113647461
2020-11-20,128.116455078125
2020-11-21,73.07867431640625
2020-11-22,67.67822265625
2020-11-23,45.844722747802734
2020-11-24,82.59381866455078
2020-11-25,31.0804386138916
2020-11-26,79.58438110351562
2020-11-27,66.87718200683594
2020-11-28,127.84617614746094
2020-11-29,153.02798461914062
2020-11-30,69.1869125366211
2020-12-01,180.85125732421875
2020-12-02,130.4361114501953
2020-12-03,90.18838500976562
2020-12-04,42.87165451049805
2020-12-05,64.30747985839844
2020-12-06,79.84069061279297
2020-12-07,91.5394058227539
2020-12-08,102.15377807617188
2020-12-09,104.33726501464844
2020-12-10,143.58181762695312
2020-12-11,35.633941650390625
2020-12-12,67.80316925048828
2020-12-13,46.78562927246094
2020-12-14,33.03752899169922
2020-12-15,125.38282012939453
2020-12-16,80.05162811279297
2020-12-17,125.37232971191406
2020-12-18,133.03001403808594
2020-12-19,92.68571472167969
2020-12-20,14.69068717956543
2020-12-21,106.97102355957031
2020-12-22,72.17041015625
2020-12-23,97.79303741455078
2020-12-24,56.286155700683594
2020-12-25,80.22826385498047
2020-12-26,61.3475227355957
2020-12-27,47.35536575317383
2020-12-28,55.0900764465332
2020-12-29,105.20674133300781
2020-12-30,89.43194580078125
2020-12-31,95.97574615478516
2021-01-01,81.41390991210938
2021-01-02,39.35005569458008
2021-01-03,31.66096305847168
2021-01-04,107.37196350097656
2021-01-05,150.10919189453125
2021-01-06,169.8487548828125
2021-01-07,76.32125854492188
2021-01-08,86.19047546386719
2021-01-09,118.17074584960938
2021-01-10,78.51317596435547
2021-01-11,110.4747543334961
2021-01-12,181.6156463623047
2021-01-13,55.29743957519531
2021-01-14,68.86259460449219
2021-01-15,75.74885559082031
2021-01-16,108.87366485595703
2021-01-17,105.435546875
2021-01-18,129.40621948242188
2021-01-19,76.22526550292969
2021-01-20,132.2690887451172
2021-01-21,52.59196090698242
2021-01-22,101.64220428466797
2021-01-23,93.84081268310547
2021-01-24,28.323945999145508
2021-01-25,185.24440002441406
2021-01-26,76.61072540283203
2021-01-27,60.612552642822266
2021-01-28,166.72911071777344
2021-01-29,91.11589813232422
2021-01-30,80.08941650390625
2021-01-31,26.485614776611328
2021-02-01,83.21763610839844
2021-02-02,248.7938995361328
2021-02-03,101.7494888305664
2021-02-04,116.33929443359375
2021-02-05,106.21480560302734
2021-02-06,82.80071258544922
2021-02-07,40.309810638427734
2021-02-08,68.10586547851562
2021-02-09,50.94194412231445
2021-02-10,104.93347930908203
2021-02-11,70.35769653320312
2021-02-12,107.59780883789062
2021-02-13,38.7568359375
2021-02-14,28.035661697387695
2021-02-15,64.81185913085938
2021-02-16,91.56245422363281
2021-02-17,128.29196166992188
2021-02-18,56.00007629394531
2021-02-19,127.457763671875
2021-02-20,33.866851806640625
2021-02-21,37.391456604003906
2021-02-22,118.55826568603516
2021-02-23,103.1097640991211
2021-02-24,107.87873840332031
2021-02-25,62.84039306640625
2021-02-26,166.72911071777344
2021-02-27,129.62371826171875
2021-02-28,82.84222412109375
2021-03-01,96.08734893798828
2021-03-02,191.74591064453125
2021-03-03,220.3603057861328
2021-03-04,127.02809143066406
2021-03-05,127.80359649658203
2021-03-06,73.75601959228516
2021-03-07,27.071290969848633
2021-03-08,23.179555892944336
2021-03-09,29.61832046508789
2021-03-10,51.34893798828125
2021-03-11,80.47687530517578
2021-03-12,68.43487548828125
2021-03-13,109.7411880493164
2021-03-14,58.2963752746582
2021-03-15,177.16563415527344
2021-03-16,149.5301971435547
2021-03-17,134.02195739746094
2021-03-18,188.21839904785156
2021-03-19,64.14109802246094
2021-03-20,43.5925407409668
2021-03-21,29.1481876373291
2021-03-22,174.38584899902344
2021-03-23,107.87873840332031
2021-03-24,120.068115234375
2021-03-25,77.79086303710938
2021-03-26,95.5713882446289
2021-03-27,63.44346618652344
2021-03-28,113.19878387451172
2021-03-29,98.37513732910156
2021-03-30,83.1263198852539
2021-03-31,70.53787231445312
2021-04-01,90.06552124023438
2021-04-02,72.84638214111328
2021-04-03,123.33599090576172
2021-04-04,38.97882843017578
2021-04-05,88.56925201416016
2021-04-06,131.16685485839844
2021-04-07,168.21397399902344
2021-04-08,54.085628509521484
2021-04-09,65.3241958618164
2021-04-10,43.16558074951172
2021-04-11,54.142581939697266
2021-04-12,133.55169677734375
2021-04-13,143.3851318359375
2021-04-14,294.7205810546875
2021-04-15,151.11990356445312
2021-04-16,142.9933624267578
2021-04-17,101.18585205078125
2021-04-18,39.07097625732422
2021-04-19,100.16377258300781
2021-04-20,138.88255310058594
2021-04-21,261.6217956542969
2021-04-22,145.5484161376953
2021-04-23,177.4713897705078
2021-04-24,98.79022216796875
2021-04-25,13.807036399841309
2021-04-26,57.64282989501953
2021-04-27,98.87963104248047
2021-04-28,62.444671630859375
2021-04-29,28.65543556213379
2021-04-30,37.83658981323242
2021-05-01,82.30589294433594
2021-05-02,68.69086456298828
2021-05-03,90.01647186279297
2021-05-04,104.08381652832031
2021-05-05,93.25143432617188
2021-05-06,111.97169494628906
2021-05-07,85.85466766357422
2021-05-08,5.93004035949707
2021-05-09,13.841727256774902
2021-05-10,73.34477233886719
2021-05-11,124.37335205078125
2021-05-12,84.2141342163086
2021-05-13,144.25082397460938
2021-05-14,143.89199829101562
2021-05-15,130.51943969726562
2021-05-16,54.67997741699219
2021-05-17,127.72042083740234
2021-05-18,114.77099609375
2021-05-19,204.66900634765625
2021-05-20,134.54835510253906
2021-05-21,171.45761108398438
2021-05-22,102.01866149902344
2021-05-23,54.81599426269531
2021-05-24,176.47238159179688
2021-05-25,276.6029052734375
2021-05-26,243.5712127685547
2021-05-27,187.09837341308594
2021-05-28,196.4903564453125
2021-05-29,85.88652801513672
2021-05-30,38.79582595825195
2021-05-31,63.81089782714844
2021-06-01,93.9035415649414
2021-06-02,99.05546569824219
2021-06-03,85.63224029541016
2021-06-04,95.61695861816406
2021-06-05,40.25370788574219
2021-06-06,47.220062255859375
2021-06-07,90.31159210205078
2021-06-08,68.76708221435547
2021-06-09,110.77093505859375
2021-06-10,119.76103973388672
2021-06-11,155.1833038330078
2021-06-12,44.78867721557617
2021-06-13,97.3814468383789
2021-06-14,40.68690872192383
2021-06-15,114.61180877685547
2021-06-16,124.04387664794922
2021-06-17,214.23919677734375
2021-06-18,112.42872619628906
2021-06-19,64.39859771728516
2021-06-20,128.78199768066406
2021-06-21,99.26139831542969
2021-06-22,252.2006378173828
2021-06-23,55.228145599365234
2021-06-24,100.65177917480469
2021-06-25,56.07132339477539
2021-06-26,42.33046340942383
2021-06-27,14.089533805847168
2021-06-28,107.86868286132812
2021-06-29,60.62181854248047
2021-06-30,43.722286224365234
2021-07-01,49.7587776184082
2021-07-02,102.15377807617188
2021-07-03,50.13252639770508
2021-07-04,61.898963928222656
2021-07-05,65.84471130371094
2021-07-06,97.21778869628906
2021-07-07,21.689006805419922
2021-07-08,39.35005569458008
2021-07-09,33.63252639770508
2021-07-10,34.395469665527344
2021-07-11,45.40391159057617
2021-07-12,41.421112060546875
2021-07-13,60.455501556396484
2021-07-14,86.30298614501953
2021-07-15,98.24019622802734
2021-07-16,101.4406509399414
2021-07-17,77.513671875
2021-07-18,27.071290969848633
2021-07-19,84.10698699951172
2021-07-20,38.90542221069336
2021-07-21,45.27951431274414
2021-07-22,105.6521987915039
2021-07-23,119.47245788574219
2021-07-24,62.927398681640625
2021-07-25,29.07128143310547
2021-07-26,65.58342742919922
2021-07-27,108.47554016113281
2021-07-28,47.7265510559082
2021-07-29,44.07206344604492
2021-07-30,67.27417755126953
2021-07-31,39.30994415283203
2021-08-01,67.67822265625
2021-08-02,160.78517150878906
2021-08-03,46.10047912597656
2021-08-04,92.64825439453125
2021-08-05,110.495849609375
2021-08-06,98.75301361083984
2021-08-07,39.51132583618164
2021-08-08,15.431394577026367
2021-08-09,26.570775985717773
2021-08-10,140.65550231933594
2021-08-11,103.64269256591797
2021-08-12,55.40668869018555
2021-08-13,60.37268829345703
2021-08-14,6.169101715087891
2021-08-15,15.518330574035645
2021-08-16,185.10264587402344
2021-08-17,163.95855712890625
2021-08-18,99.8843765258789
2021-08-19,75.05459594726562
2021-08-20,81.49419403076172
2021-08-21,117.46285247802734
2021-08-22,76.51399230957031
2021-08-23,297.28204345703125
2021-08-24,150.3895721435547
2021-08-25,63.2310791015625
2021-08-26,134.75270080566406
2021-08-27,86.32347869873047
2021-08-28,117.21292114257812
2021-08-29,75.46585845947266
2021-08-30,94.33232116699219
2021-08-31,288.2141418457031
2021-09-01,73.9464111328125
2021-09-02,138.30145263671875
2021-09-03,92.76825714111328
2021-09-04,38.44770812988281
2021-09-05,42.16077423095703
2021-09-06,104.53524780273438
2021-09-07,130.58387756347656
2021-09-08,86.69396209716797
2021-09-09,99.46820068359375
2021-09-10,45.15579605102539
2021-09-11,49.5810661315918
2021-09-12,76.51399230957031
2021-09-13,91.40133666992188
2021-09-14,100.58580780029297
2021-09-15,70.52783203125
2021-09-16,160.01266479492188
2021-09-17,220.03431701660156
2021-09-18,139.8771514892578
2021-09-19,68.1807861328125
2021-09-20,58.164485931396484
2021-09-21,118.63273620605469
2021-09-22,60.12559509277344
2021-09-23,85.85466766357422
2021-09-24,110.1801528930664
2021-09-25,43.722286224365234
2021-09-26,27.614072799682617
2021-09-27,55.32719421386719
2021-09-28,111.93920135498047
2021-09-29,83.58494567871094
2021-09-30,148.4907684326172
2021-10-01,91.93466186523438
2021-10-02,50.74827575683594
2021-10-03,28.767663955688477
2021-10-04,102.15377807617188
2021-10-05,185.4364471435547
2021-10-06,93.25143432617188
2021-10-07,139.66497802734375
2021-10-08,142.7204132080078
2021-10-09,15.740021705627441
2021-10-10,43.492164611816406
2021-10-11,76.04458618164062
2021-10-12,52.75383377075195
2021-10-13,74.44605255126953
2021-10-14,53.708988189697266
2021-10-15,74.2453842163086
2021-10-16,16.933425903320312
2021-10-17,58.2963752746582
2021-10-18,188.149169921875
2021-10-19,198.73765563964844
2021-10-20,104.64871978759766
2021-10-21,104.2244644165039
2021-10-22,107.31832885742188
2021-10-23,81.97927856445312
2021-10-24,68.5199966430664
2021-10-25,123.59953308105469
2021-10-26,160.37867736816406
2021-10-27,140.05950927734375
2021-10-28,99.92153930664062
2021-10-29,71.3602066040039
2021-10-30,60.78142547607422
2021-10-31,111.29308319091797
2021-11-01,199.38766479492188
2021-11-02,96.50816345214844
2021-11-03,101.08270263671875
2021-11-04,160.31504821777344
2021-11-05,101.02091979980469
2021-11-06,46.83534622192383
2021-11-07,38.61453628540039
2021-11-08,34.270652770996094
2021-11-09,117.21292114257812
2021-11-10,193.97914123535156
2021-11-11,115.09069061279297
2021-11-12,153.02798461914062
2021-11-13,89.44902801513672
2021-11-14,71.3602066040039
2021-11-15,211.282958984375
2021-11-16,165.03445434570312
2021-11-17,180.74172973632812
2021-11-18,217.95529174804688
2021-11-19,150.72525024414062
2021-11-20,67.38847351074219
2021-11-21,42.48591995239258
2021-11-22,180.20118713378906
2021-11-23,118.7286148071289
2021-11-24,48.60889434814453
2021-11-25,166.93963623046875
2021-11-26,98.0832290649414
2021-11-27,94.9828872680664
2021-11-28,59.07783126831055
2021-11-29,101.08270263671875
2021-11-30,146.59823608398438
2021-12-01,130.134033203125
2021-12-02,140.12200927734375
2021-12-03,162.44509887695312
2021-12-04,99.76069641113281
2021-12-05,131.16685485839844
2021-12-06,184.43548583984375
2021-12-07,237.19338989257812
2021-12-08,212.73130798339844
2021-12-09,150.17381286621094
2021-12-10,245.486572265625
2021-12-11,153.34352111816406
2021-12-12,127.13095092773438
2021-12-13,174.88914489746094
2021-12-14,177.46104431152344
2021-12-15,112.2759780883789
2021-12-16,212.4296112060547
2021-12-17,125.6556396484375
2021-12-18,98.37513732910156
2021-12-19,86.98432922363281
2021-12-20,88.28538513183594
2021-12-21,160.6124725341797
2021-12-22,227.7056427001953
2021-12-23,225.0275421142578
2021-12-24,208.99118041992188
2021-12-25,72.96698760986328
2021-12-26,54.54462814331055
2021-12-27,131.16685485839844
2021-12-28,85.6956787109375
2021-12-29,63.01152801513672
2021-12-30,197.75926208496094
2021-12-31,127.37589263916016
2022-01-01,91.8167953491211
2022-01-02,62.960086822509766
2022-01-03,74.61409759521484
2022-01-04,139.2482147216797
2022-01-05,137.53416442871094
2022-01-06,65.49678802490234
2022-01-07,182.61903381347656
2022-01-08,52.080955505371094
2022-01-09,105.94245910644531
2022-01-10,172.96726989746094
2022-01-11,270.3359069824219
2022-01-12,114.77099609375
2022-01-13,250.40943908691406
2022-01-14,207.3282470703125
2022-01-15,112.54357147216797
2022-01-16,30.60559844970703
2022-01-17,86.0782470703125
2022-01-18,151.25888061523438
2022-01-19,233.49436950683594
2022-01-20,212.1663055419922
2022-01-21,242.71995544433594
2022-01-22,205.1887664794922
2022-01-23,96.93268585205078
2022-01-24,282.5132141113281
2022-01-25,397.4753112792969
2022-01-26,425.4924621582031
2022-01-27,411.3392333984375
2022-01-28,282.85858154296875
2022-01-29,322.0650634765625
2022-01-30,90.55902862548828
2022-01-31,237.79888916015625
2022-02-01,286.770263671875
2022-02-02,395.4829406738281
2022-02-03,272.72314453125
2022-02-04,107.10100555419922
2022-02-05,50.852378845214844
2022-02-06,115.67469787597656
2022-02-07,299.58349609375
2022-02-08,225.77899169921875
2022-02-09,172.39071655273438
2022-02-10,173.28463745117188
2022-02-11,250.7174530029297
2022-02-12,187.3812255859375
2022-02-13,154.19613647460938
2022-02-14,285.52783203125
2022-02-15,380.9420166015625
2022-02-16,371.6394348144531
2022-02-17,334.33978271484375
2022-02-18,318.5234375
2022-02-19,210.354248046875
2022-02-20,123.10631561279297
2022-02-21,244.01055908203125
2022-02-22,439.3686828613281
2022-02-23,692.6530151367188
2022-02-24,545.3680419921875
2022-02-25,797.75244140625
2022-02-26,489.11749267578125
2022-02-27,277.64227294921875
2022-02-28,678.2862548828125
2022-03-01,809.48681640625
2022-03-02,778.1954956054688
2022-03-03,552.4142456054688
2022-03-04,465.75494384765625
2022-03-05,375.8942565917969
2022-03-06,250.40943908691406
2022-03-07,473.4303283691406
2022-03-08,408.3599853515625
2022-03-09,391.4669189453125
2022-03-10,343.8245849609375
2022-03-11,497.5877990722656
2022-03-12,401.23406982421875
2022-03-13,195.67514038085938
2022-03-14,492.6754455566406
2022-03-15,400.7980041503906
2022-03-16,632.5429077148438
2022-03-17,348.2705993652344
2022-03-18,394.0749816894531
2022-03-19,201.1031494140625
2022-03-20,159.4712677001953
2022-03-21,223.8034210205078
2022-03-22,295.4105529785156
2022-03-23,342.1744079589844
2022-03-24,420.2433166503906
2022-03-25,424.8777160644531
2022-03-26,355.8298034667969
2022-03-27,243.2548828125
2022-03-28,277.0487365722656
2022-03-29,283.9694519042969
2022-03-30,243.84130859375
2022-03-31,331.64593505859375
2022-04-01,205.86724853515625
2022-04-02,247.0406951904297
2022-04-03,251.08078002929688
2022-04-04,184.35655212402344
2022-04-05,276.8825378417969
2022-04-06,247.99391174316406
2022-04-07,290.41094970703125
2022-04-08,263.1421203613281
2022-04-09,168.64309692382812
2022-04-10,189.46322631835938
2022-04-11,240.88816833496094
2022-04-12,260.4959716796875
2022-04-13,254.80258178710938
2022-04-14,279.50775146484375
2022-04-15,186.7460174560547
2022-04-16,138.5913848876953
2022-04-17,204.6202850341797
2022-04-18,264.432373046875
2022-04-19,223.2010498046875
2022-04-20,250.40943908691406
2022-04-21,139.11634826660156
2022-04-22,319.2305908203125
2022-04-23,199.60171508789062
2022-04-24,55.92900848388672
2022-04-25,285.14532470703125
2022-04-26,169.09716796875
2022-04-27,239.52207946777344
2022-04-28,219.99363708496094
2022-04-29,170.8219451904297
2022-04-30,161.28065490722656
2022-05-01,55.646541595458984
2022-05-02,107.17913055419922
2022-05-03,187.06307983398438
2022-05-04,172.156494140625
2022-05-05,171.88790893554688
2022-05-06,192.99072265625
2022-05-07,138.13145446777344
2022-05-08,119.11367797851562
2022-05-09,174.54281616210938
2022-05-10,158.8182373046875
2022-05-11,210.82723999023438
2022-05-12,163.3643035888672
2022-05-13,210.58897399902344
2022-05-14,98.37513732910156
2022-05-15,129.45449829101562
2022-05-16,197.4927215576172
2022-05-17,220.00830078125
2022-05-18,195.79672241210938
2022-05-19,189.0345916748047
2022-05-20,200.9364471435547
2022-05-21,145.3765869140625
2022-05-22,97.13615417480469
2022-05-23,173.0578155517578
2022-05-24,265.49432373046875
2022-05-25,147.398193359375
2022-05-26,172.156494140625
2022-05-27,181.0471954345703
2022-05-28,118.21904754638672
2022-05-29,70.26795959472656
2022-05-30,128.4150848388672
2022-05-31,217.59097290039062
2022-06-01,207.71669006347656
2022-06-02,164.17572021484375
2022-06-03,189.9657745361328
2022-06-04,153.9784698486328
2022-06-05,87.67652130126953
2022-06-06,231.06211853027344
2022-06-07,201.0586700439453
2022-06-08,178.31541442871094
2022-06-09,155.56997680664062
2022-06-10,122.03498077392578
2022-06-11,125.74054718017578
2022-06-12,108.32318878173828
2022-06-13,163.2298583984375
2022-06-14,188.98825073242188
2022-06-15,91.51174926757812
2022-06-16,128.32962036132812
2022-06-17,137.9407196044922
2022-06-18,116.55164337158203
2022-06-19,93.9035415649414
2022-06-20,144.3408203125
2022-06-21,153.31190490722656
2022-06-22,131.58457946777344
2022-06-23,141.48333740234375
2022-06-24,204.03732299804688
2022-06-25,131.16685485839844
2022-06-26,112.14264678955078
2022-06-27,177.7099151611328
2022-06-28,241.135009765625
2022-06-29,238.32644653320312
2022-06-30,225.04116821289062
2022-07-01,153.02798461914062
2022-07-02,50.081886291503906
2022-07-03,33.48940658569336
2022-07-04,97.28931427001953
2022-07-05,86.378173828125
2022-07-06,134.83584594726562
2022-07-07,110.54864501953125
2022-07-08,122.42239379882812
2022-07-09,92.09587860107422
2022-07-10,64.0582275390625
2022-07-11,154.56134033203125
2022-07-12,113.39295196533203
2022-07-13,217.23216247558594
2022-07-14,210.82723999023438
2022-07-15,239.52207946777344
2022-07-16,113.75531768798828
2022-07-17,104.2244644165039
2022-07-18,135.19036865234375
2022-07-19,223.338134765625
2022-07-20,239.52207946777344
2022-07-21,158.19784545898438
2022-07-22,200.32754516601562
2022-07-23,124.63818359375
2022-07-24,131.95228576660156
2022-07-25,160.76870727539062
2022-07-26,178.34915161132812
2022-07-27,154.91058349609375
2022-07-28,124.1966323852539
2022-07-29,87.30598449707031
2022-07-30,130.134033203125
2022-07-31,96.08734893798828
2022-08-01,163.3105010986328
2022-08-02,262.3337097167969
2022-08-03,264.58355712890625
2022-08-04,285.9346618652344
2022-08-05,206.82281494140625
2022-08-06,172.41305541992188
2022-08-07,169.2711944580078
2022-08-08,204.8358917236328
2022-08-09,255.31942749023438
2022-08-10,86.22794342041016
2022-08-11,154.74740600585938
2022-08-12,205.36009216308594
2022-08-13,133.06781005859375
2022-08-14,83.21763610839844
2022-08-15,108.01976013183594
2022-08-16,100.34622192382812
2022-08-17,173.0578155517578
2022-08-18,137.97157287597656
2022-08-19,146.77639770507812
2022-08-20,93.22936248779297
2022-08-21,109.86624908447266
2022-08-22,137.46084594726562
2022-08-23,171.21229553222656
2022-08-24,141.98472595214844
2022-08-25,141.71080017089844
2022-08-26,135.0247039794922
2022-08-27,119.02177429199219
2022-08-28,109.86624908447266
2022-08-29,144.68099975585938
2022-08-30,171.52587890625
2022-08-31,72.24928283691406
2022-09-01,201.99693298339844
2022-09-02,78.70011138916016
2022-09-03,146.90687561035156
2022-09-04,95.92798614501953
2022-09-05,101.54853057861328
2022-09-06,148.62429809570312
2022-09-07,170.7522735595703
2022-09-08,130.5452117919922
2022-09-09,129.18946838378906
2022-09-10,85.1469497680664
2022-09-11,69.38296508789062
2022-09-12,109.52301788330078
2022-09-13,179.9675750732422
2022-09-14,238.22735595703125
2022-09-15,56.11892318725586
2022-09-16,176.57077026367188
2022-09-17,158.5325927734375
2022-09-18,74.0457992553711
2022-09-19,158.04530334472656
2022-09-20,139.60447692871094
2022-09-21,261.4750061035156
2022-09-22,348.7845764160156
2022-09-23,277.6192932128906
2022-09-24,149.7012939453125
2022-09-25,103.38619995117188
2022-09-26,216.8900604248047
2022-09-27,240.72975158691406
2022-09-28,282.27972412109375
2022-09-29,186.43003845214844
2022-09-30,226.9955596923828
2022-10-01,209.40672302246094
2022-10-02,187.19927978515625
2022-10-03,195.20106506347656
2022-10-04,254.26190185546875
2022-10-05,229.5419921875
2022-10-06,257.2644348144531
2022-10-07,239.8817138671875
2022-10-08,204.91302490234375
2022-10-09,118.47328186035156
2022-10-10,203.64035034179688
2022-10-11,233.5974884033203
2022-10-12,258.0956726074219
2022-10-13,166.93963623046875
2022-10-14,183.6335906982422
2022-10-15,129.43336486816406
2022-10-16,76.30204010009766
2022-10-17,200.90431213378906
2022-10-18,195.00912475585938
2022-10-19,190.2938690185547
2022-10-20,180.4674835205078
2022-10-21,237.22999572753906
2022-10-22,117.54639434814453
2022-10-23,43.492164611816406
2022-10-24,124.49734497070312
2022-10-25,193.6382293701172
2022-10-26,138.64952087402344
2022-10-27,220.7134552001953
2022-10-28,267.42755126953125
2022-10-29,119.24259185791016
2022-10-30,71.73186492919922
2022-10-31,105.13373565673828
2022-11-01,127.48117065429688
2022-11-02,214.98565673828125
2022-11-03,251.55287170410156
2022-11-04,136.52059936523438
2022-11-05,121.41063690185547
2022-11-06,140.1782989501953
2022-11-07,183.95631408691406
2022-11-08,305.5709533691406
2022-11-09,163.2298583984375
2022-11-10,81.61492919921875
2022-11-11,125.9681625366211
2022-11-12,63.41303634643555
2022-11-13,45.90839767456055
2022-11-14,198.9945831298828
2022-11-15,280.1190185546875
2022-11-16,183.02349853515625
2022-11-17,193.2985076904297
2022-11-18,88.8549575805664
2022-11-19,96.22721099853516
2022-11-20,71.73186492919922
2022-11-21,159.10491943359375
2022-11-22,119.76103973388672
2022-11-23,138.64952087402344
2022-11-24,44.16038131713867
2022-11-25,76.51399230957031
2022-11-26,92.27819061279297
2022-11-27,110.495849609375
2022-11-28,146.34934997558594
2022-11-29,111.48076629638672
2022-11-30,126.64385223388672
2022-12-01,84.36458587646484
2022-12-02,123.70526885986328
2022-12-03,84.6355972290039
2022-12-04,57.23644256591797
2022-12-05,106.50102233886719
2022-12-06,162.78561401367188
2022-12-07,150.08514404296875
2022-12-08,171.3112030029297
2022-12-09,176.51121520996094
2022-12-10,51.80884552001953
2022-12-11,15.34542465209961
2022-12-12,153.63766479492188
2022-12-13,150.4165802001953
2022-12-14,138.64952087402344
2022-12-15,84.75396728515625
2022-12-16,96.64925384521484
2022-12-17,82.84222412109375
2022-12-18,66.17427062988281
2022-12-19,159.68138122558594
2022-12-20,130.45008850097656
2022-12-21,195.20106506347656
2022-12-22,165.2702178955078
2022-12-23,78.70011138916016
2022-12-24,103.35848999023438
2022-12-25,82.22399139404297
2022-12-26,64.55868530273438
2022-12-27,152.6040802001953
2022-12-28,192.4544219970703
2022-12-29,121.07709503173828
2022-12-30,112.42872619628906
2022-12-31,82.6867904663086
2023-01-01,38.390296936035156
2023-01-02,155.73165893554688
2023-01-03,215.79061889648438
2023-01-04,94.08171844482422
2023-01-05,88.69601440429688
2023-01-06,88.53762817382812
2023-01-07,73.89131164550781
2023-01-08,32.40592956542969
2023-01-09,99.1621322631836
2023-01-10,114.37386322021484
2023-01-11,156.56149291992188
2023-01-12,105.7391128540039
2023-01-13,124.55147552490234
2023-01-14,123.40176391601562
2023-01-15,70.85540008544922
2023-01-16,114.50593566894531
2023-01-17,169.5079345703125
2023-01-18,100.32960510253906
2023-01-19,110.78443145751953
2023-01-20,168.93038940429688
2023-01-21,139.9113006591797
2023-01-22,34.53923034667969
2023-01-23,78.53982543945312
2023-01-24,121.59100341796875
2023-01-25,106.50102233886719
2023-01-26,59.44972229003906
2023-01-27,86.0782470703125
2023-01-28,89.24754333496094
2023-01-29,91.8167953491211
2023-01-30,213.1795196533203
2023-01-31,146.17599487304688
2023-02-01,123.69100952148438
2023-02-02,167.83714294433594
2023-02-03,128.97341918945312
2023-02-04,165.18763732910156
2023-02-05,122.03498077392578
2023-02-06,128.6604766845703
2023-02-07,166.93963623046875
2023-02-08,187.06307983398438
2023-02-09,188.020751953125
2023-02-10,167.23773193359375
2023-02-11,133.03001403808594
2023-02-12,90.01647186279297
2023-02-13,86.41580963134766
2023-02-14,127.65971374511719
2023-02-15,144.26206970214844
2023-02-16,149.39682006835938
2023-02-17,156.84007263183594
2023-02-18,110.34992218017578
2023-02-19,159.68138122558594
2023-02-20,204.51071166992188
2023-02-21,220.76168823242188
2023-02-22,173.0578155517578
2023-02-23,121.52223205566406
2023-02-24,147.6450958251953
2023-02-25,106.89118957519531
2023-02-26,56.21436309814453
2023-02-27,142.94830322265625
2023-02-28,162.9281463623047
2023-03-01,108.90953826904297
2023-03-02,115.37188720703125
2023-03-03,128.57647705078125
2023-03-04,88.20826721191406
2023-03-05,83.21763610839844
2023-03-06,133.28244018554688
2023-03-07,204.03732299804688
2023-03-08,173.01014709472656
2023-03-09,198.09788513183594
2023-03-10,141.4984893798828
2023-03-11,101.15409088134766
2023-03-12,96.93268585205078
2023-03-13,177.37335205078125
2023-03-14,148.64102172851562
2023-03-15,122.21348571777344
2023-03-16,119.39025115966797
2023-03-17,103.94354248046875
2023-03-18,113.75531768798828
2023-03-19,35.54198455810547
2023-03-20,111.74458312988281
2023-03-21,157.11964416503906
2023-03-22,170.27841186523438
2023-03-23,125.44230651855469
2023-03-24,83.6105728149414
2023-03-25,101.39278411865234
2023-03-26,52.63383102416992
2023-03-27,167.6168670654297
2023-03-28,98.19977569580078
2023-03-29,75.98631286621094
2023-03-30,133.11727905273438
2023-03-31,122.21348571777344
2023-04-01,63.32192611694336
2023-04-02,72.48694610595703
2023-04-03,97.40878295898438
2023-04-04,146.34934997558594
2023-04-05,147.03756713867188
2023-04-06,226.96287536621094
2023-04-07,224.85745239257812
2023-04-08,58.07688522338867
2023-04-09,54.90705490112305
2023-04-10,201.83865356445312
2023-04-11,110.1801528930664
2023-04-12,114.98876953125
2023-04-13,167.89356994628906
2023-04-14,169.3546600341797
2023-04-15,111.03426361083984
2023-04-16,69.95565032958984
2023-04-17,93.77033996582031
2023-04-18,88.8549575805664
2023-04-19,151.6240692138672
2023-04-20,79.55245971679688
2023-04-21,162.02963256835938
2023-04-22,50.46419143676758
2023-04-23,31.301179885864258
2023-04-24,204.93026733398438
2023-04-25,165.3735809326172
2023-04-26,97.33229064941406
2023-04-27,88.22254180908203
2023-04-28,107.82755279541016
2023-04-29,64.52717590332031
2023-04-30,84.75396728515625
2023-05-01,127.57701873779297
2023-05-02,53.38185501098633
2023-05-03,133.8994903564453
2023-05-04,103.35848999023438
2023-05-05,106.3141860961914
2023-05-06,84.49398040771484
2023-05-07,70.85540008544922
2023-05-08,49.18756866455078
2023-05-09,102.44022369384766
2023-05-10,147.82667541503906
2023-05-11,178.67051696777344
2023-05-12,184.4720916748047
2023-05-13,86.89286041259766
2023-05-14,61.553157806396484
2023-05-15,150.63693237304688
2023-05-16,119.32868957519531
2023-05-17,139.3509521484375
2023-05-18,151.45037841796875
2023-05-19,158.8332977294922
2023-05-20,106.41470336914062
2023-05-21,50.081886291503906
2023-05-22,108.44503021240234
2023-05-23,213.8431854248047
2023-05-24,153.29412841796875
2023-05-25,137.4796905517578
2023-05-26,64.92096710205078
2023-05-27,109.00624084472656
2023-05-28,15.176329612731934
2023-05-29,49.85527420043945
2023-05-30,141.5357666015625
2023-05-31,281.7106018066406
2023-06-01,225.05715942382812
2023-06-02,159.27403259277344
2023-06-03,123.70526885986328
2023-06-04,31.75220489501953
2023-06-05,142.47433471679688
2023-06-06,131.16685485839844
2023-06-07,123.05343627929688
2023-06-08,84.17838287353516
2023-06-09,124.59790802001953
2023-06-10,121.16585540771484
2023-06-11,84.49398040771484
2023-06-12,54.652854919433594
2023-06-13,108.60050964355469
2023-06-14,73.82254791259766
2023-06-15,182.28335571289062
2023-06-16,117.92982482910156
2023-06-17,122.24129486083984
2023-06-18,93.9035415649414
2023-06-19,107.5511245727539
2023-06-20,180.4674835205078
2023-06-21,162.02963256835938
2023-06-22,185.00399780273438
2023-06-23,38.59199523925781
2023-06-24,124.82646179199219
2023-06-25,192.17469787597656
2023-06-26,211.43313598632812
2023-06-27,167.23773193359375
2023-06-28,82.36058044433594
2023-06-29,160.84693908691406
2023-06-30,125.81746673583984
2023-07-01,119.9472885131836
2023-07-02,98.9642105102539
2023-07-03,53.90418243408203
2023-07-04,109.69263458251953
2023-07-05,109.58242797851562
2023-07-06,202.06784057617188
2023-07-07,85.92906188964844
2023-07-08,53.22712707519531
2023-07-09,63.1404914855957
2023-07-10,164.28451538085938
2023-07-11,122.64952087402344
2023-07-12,255.99478149414062
2023-07-13,95.64249420166016
2023-07-14,193.6382293701172
2023-07-15,100.92838287353516
2023-07-16,50.852378845214844
2023-07-17,119.28954315185547
2023-07-18,167.89356994628906
2023-07-19,260.19744873046875
2023-07-20,141.5157928466797
2023-07-21,127.88768005371094
2023-07-22,34.70241165161133
2023-07-23,65.7791976928711
2023-07-24,159.0229034423828
2023-07-25,68.43487548828125
2023-07-26,93.21501922607422
2023-07-27,190.31117248535156
2023-07-28,162.56088256835938
2023-07-29,64.3790512084961
2023-07-30,0.0
2023-07-31,175.07440185546875
2023-08-01,140.42568969726562
2023-08-02,147.18722534179688
2023-08-03,88.53762817382812
2023-08-04,119.11367797851562
2023-08-05,119.39025115966797
2023-08-06,37.646976470947266
2023-08-07,115.0105972290039
2023-08-08,127.13095092773438
2023-08-09,97.67744445800781
2023-08-10,145.2469024658203
2023-08-11,200.32754516601562
2023-08-12,144.26206970214844
2023-08-13,72.10742950439453
2023-08-14,119.50125122070312
2023-08-15,140.48471069335938
2023-08-16,127.20621490478516
2023-08-17,154.36798095703125
2023-08-18,110.36409759521484
2023-08-19,129.31942749023438
2023-08-20,43.6069221496582
2023-08-21,103.94354248046875
2023-08-22,82.99822998046875
2023-08-23,130.45008850097656
2023-08-24,71.67854309082031
2023-08-25,66.94974517822266
2023-08-26,92.51768493652344
2023-08-27,55.787418365478516
2023-08-28,79.84069061279297
2023-08-29,169.6819610595703
2023-08-30,213.37705993652344
2023-08-31,102.77999114990234
2023-09-01,84.60932922363281
2023-09-02,57.2152099609375
2023-09-03,27.20497703552246
2023-09-04,115.84362030029297
2023-09-05,182.28335571289062
2023-09-06,88.22254180908203
2023-09-07,92.50199890136719
2023-09-08,88.8549575805664
2023-09-09,32.84058380126953
2023-09-10,13.807036399841309
2023-09-11,122.17556762695312
2023-09-12,230.4564971923828
2023-09-13,198.289794921875
2023-09-14,123.4777603149414
2023-09-15,133.06781005859375
2023-09-16,90.85319519042969
2023-09-17,93.59963989257812
2023-09-18,168.29962158203125
2023-09-19,314.51055908203125
2023-09-20,258.683837890625
2023-09-21,225.77899169921875
2023-09-22,164.17572021484375
2023-09-23,89.57735443115234
2023-09-24,69.0351791381836
2023-09-25,171.442138671875
2023-09-26,114.33789825439453
2023-09-27,138.96595764160156
2023-09-28,68.13260650634766
2023-09-29,76.64706420898438
2023-09-30,85.81008911132812
2023-10-01,25.924739837646484
2023-10-02,84.42923736572266
2023-10-03,148.35748291015625
2023-10-04,64.81185913085938
2023-10-05,70.24235534667969
2023-10-06,220.3603057861328
2023-10-07,32.74298858642578
2023-10-08,69.91126251220703
2023-10-09,211.03053283691406
2023-10-10,297.5069274902344
2023-10-11,278.8153991699219
2023-10-12,221.56886291503906
2023-10-13,318.5480651855469
2023-10-14,248.07643127441406
2023-10-15,171.2644805908203
2023-10-16,296.30120849609375
2023-10-17,324.65606689453125
2023-10-18,359.49432373046875
2023-10-19,330.34613037109375
2023-10-20,331.09228515625
2023-10-21,258.0956726074219
2023-10-22,0.0
2023-10-23,307.3695373535156
2023-10-24,249.46449279785156
2023-10-25,224.47569274902344
2023-10-26,155.62168884277344
2023-10-27,236.750732421875
2023-10-28,169.76910400390625
2023-10-29,104.18927001953125
2023-10-30,213.5274200439453
2023-10-31,173.75347900390625
2023-11-01,247.38201904296875
2023-11-02,198.2407989501953
2023-11-03,109.0892562866211
2023-11-04,148.18533325195312
2023-11-05,84.32154846191406
2023-11-06,146.45623779296875
2023-11-07,106.87669372558594
2023-11-08,120.19652557373047
2023-11-09,177.39202880859375
2023-11-10,164.17572021484375
2023-11-11,155.91531372070312
2023-11-12,156.58677673339844
2023-11-13,84.75396728515625
2023-11-14,160.76870727539062
2023-11-15,148.0915985107422
2023-11-16,155.82882690429688
2023-11-17,119.32868957519531
2023-11-18,79.58438110351562
2023-11-19,90.95059967041016
2023-11-20,227.17556762695312
2023-11-21,85.57682037353516
2023-11-22,231.55198669433594
2023-11-23,128.3878936767578
2023-11-24,111.80642700195312
2023-11-25,144.73583984375
2023-11-26,102.28926086425781
2023-11-27,180.42601013183594
2023-11-28,169.1825714111328
2023-11-29,55.36690902709961
2023-11-30,163.1587677001953
2023-12-01,88.69601440429688
2023-12-02,93.0861587524414
2023-12-03,42.48591995239258
2023-12-04,151.2276611328125
2023-12-05,109.38462829589844
2023-12-06,113.4977798461914
2023-12-07,215.27206420898438
2023-12-08,137.4796905517578
2023-12-09,123.79792785644531
2023-12-10,154.81988525390625
2023-12-11,149.18008422851562
2023-12-12,178.9930419921875
2023-12-13,194.32125854492188
2023-12-14,118.68598175048828
2023-12-15,211.11160278320312
2023-12-16,104.10723114013672
2023-12-17,100.77452850341797
2023-12-18,83.31202697753906
2023-12-19,156.12571716308594
2023-12-20,95.64249420166016
2023-12-21,99.80085754394531
2023-12-22,138.7160186767578
2023-12-23,149.97299194335938
2023-12-24,88.0033187866211
2023-12-25,97.21778869628906
2023-12-26,92.84844207763672
2023-12-27,138.30145263671875
2023-12-28,96.01756286621094
2023-12-29,301.099609375
2023-12-30,197.14141845703125
2023-12-31,99.86116790771484
2024-01-01,114.77099609375
2024-01-02,91.8167953491211
2024-01-03,108.01976013183594
2024-01-04,155.81031799316406
2024-01-05,165.06390380859375
2024-01-06,122.2283706665039
2024-01-07,74.0457992553711
2024-01-08,106.39714813232422
2024-01-09,206.04556274414062
2024-01-10,108.01976013183594
2024-01-11,148.03475952148438
2024-01-12,189.31297302246094
2024-01-13,141.9390106201172
2024-01-14,119.11367797851562
2024-01-15,94.37271881103516
2024-01-16,145.2469024658203
2024-01-17,175.81939697265625
2024-01-18,206.32986450195312
2024-01-19,246.3778076171875
2024-01-20,61.01749038696289
2024-01-21,58.2963752746582
2024-01-22,121.92974853515625
2024-01-23,124.96803283691406
2024-01-24,107.82755279541016
2024-01-25,210.26747131347656
2024-01-26,112.81244659423828
2024-01-27,161.529541015625
2024-01-28,95.25662231445312
2024-01-29,144.68099975585938
2024-01-30,171.52587890625
2024-01-31,170.96920776367188
2024-02-01,143.0911102294922
2024-02-02,169.37078857421875
2024-02-03,116.26152801513672
2024-02-04,126.64385223388672
2024-02-05,121.19816589355469
2024-02-06,62.36612319946289
2024-02-07,74.19538879394531
2024-02-08,77.31940460205078
2024-02-09,175.6227264404297
2024-02-10,94.83424377441406
2024-02-11,28.6927490234375
2024-02-12,189.15048217773438
2024-02-13,135.3820343017578
2024-02-14,137.4796905517578
2024-02-15,216.22386169433594
2024-02-16,167.27755737304688
2024-02-17,81.41390991210938
2024-02-18,89.57735443115234
2024-02-19,109.20939636230469
2024-02-20,141.5357666015625
2024-02-21,197.4927215576172
2024-02-22,302.57806396484375
2024-02-23,191.61764526367188
2024-02-24,70.40264892578125
2024-02-25,101.4817123413086
2024-02-26,149.82656860351562
2024-02-27,215.83799743652344
2024-02-28,157.4002227783203
2024-02-29,166.642578125
2024-03-01,188.59664916992188
2024-03-02,56.627098083496094
2024-03-03,45.65475845336914
2024-03-04,159.0229034423828
2024-03-05,85.41097259521484
2024-03-06,99.80085754394531
2024-03-07,91.47798919677734
2024-03-08,194.43557739257812
2024-03-09,52.63383102416992
2024-03-10,89.0944595336914
2024-03-11,157.7220916748047
2024-03-12,232.3075408935547
2024-03-13,129.50650024414062
2024-03-14,155.62168884277344
2024-03-15,105.20674133300781
2024-03-16,137.2676239013672
2024-03-17,100.68682098388672
2024-03-18,149.4691925048828
2024-03-19,152.4231414794922
2024-03-20,115.77599334716797
2024-03-21,103.35848999023438
2024-03-22,122.84236907958984
2024-03-23,106.79821014404297
2024-03-24,57.385498046875
2024-03-25,140.15087890625
2024-03-26,158.91368103027344
2024-03-27,105.38970947265625
2024-03-28,82.84222412109375
2024-03-29,136.41351318359375
2024-03-30,116.45056915283203
2024-03-31,92.07255554199219
2024-04-01,132.60194396972656
2024-04-02,197.53414916992188
2024-04-03,162.02963256835938
2024-04-04,123.56652069091797
2024-04-05,170.0894317626953
2024-04-06,100.01224517822266
2024-04-07,43.492164611816406
2024-04-08,81.70138549804688
2024-04-09,173.43173217773438
2024-04-10,168.44088745117188
2024-04-11,136.7484130859375
2024-04-12,160.9774932861328
2024-04-13,135.2456817626953
2024-04-14,76.30204010009766
2024-04-15,237.06796264648438
2024-04-16,453.0772399902344
2024-04-17,267.6067199707031
2024-04-18,196.75027465820312
2024-04-19,269.2010803222656
2024-04-20,171.88790893554688
2024-04-21,87.90969848632812
2024-04-22,248.3568878173828
2024-04-23,164.44798278808594
2024-04-24,154.36798095703125
2024-04-25,143.35708618164062
2024-04-26,154.36798095703125
2024-04-27,137.49603271484375
2024-04-28,54.40995407104492
2024-04-29,188.34214782714844
2024-04-30,196.38113403320312
2024-05-01,124.2633285522461
2024-05-02,59.77223587036133
2024-05-03,115.97911071777344
2024-05-04,80.88265991210938
2024-05-05,71.5455551147461
2024-05-06,23.952205657958984
2024-05-07,252.70677185058594
2024-05-08,126.30882263183594
2024-05-09,136.67385864257812
2024-05-10,186.7460174560547
2024-05-11,88.14412689208984
2024-05-12,29.94025993347168
2024-05-13,152.72496032714844
2024-05-14,150.05079650878906
2024-05-15,166.05165100097656
2024-05-16,144.49856567382812
2024-05-17,204.36639404296875
2024-05-18,92.23604583740234
2024-05-19,119.11367797851562
2024-05-20,149.75942993164062
2024-05-21,171.79856872558594
2024-05-22,172.156494140625
2024-05-23,139.4685516357422
2024-05-24,126.08643341064453
2024-05-25,116.26152801513672
2024-05-26,77.5916519165039
2024-05-27,188.11245727539062
2024-05-28,162.6675567626953
2024-05-29,168.93038940429688
2024-05-30,82.99822998046875
2024-05-31,108.44503021240234
2024-06-01,109.17240905761719
2024-06-02,74.85064697265625
2024-06-03,127.04210662841797
2024-06-04,122.19609832763672
2024-06-05,113.39295196533203
2024-06-06,111.60052490234375
2024-06-07,92.7442398071289
2024-06-08,102.33450317382812
2024-06-09,70.26795959472656
2024-06-10,144.97389221191406
2024-06-11,131.64907836914062
2024-06-12,88.06584167480469
2024-06-13,110.98733520507812
2024-06-14,121.79779052734375
2024-06-15,174.06027221679688
2024-06-16,92.84844207763672
2024-06-17,111.74458312988281
2024-06-18,165.3735809326172
2024-06-19,137.9905548095703
2024-06-20,231.29421997070312
2024-06-21,184.28018188476562
2024-06-22,78.55982208251953
2024-06-23,70.80986785888672
2024-06-24,205.3046417236328
2024-06-25,150.63693237304688
2024-06-26,183.29415893554688
2024-06-27,170.5885772705078
2024-06-28,128.54351806640625
2024-06-29,44.21354675292969
2024-06-30,46.818763732910156
2024-07-01,54.00988006591797
2024-07-02,91.64707946777344
2024-07-03,99.62039184570312
2024-07-04,80.84497833251953
2024-07-05,74.82523345947266
2024-07-06,77.72850036621094
2024-07-07,63.1404914855957
2024-07-08,127.13095092773438
2024-07-09,96.27391815185547
2024-07-10,88.8549575805664
2024-07-11,125.64402770996094
2024-07-12,98.6955795288086
2024-07-13,44.00165939331055
2024-07-14,29.94025993347168
2024-07-15,22.577898025512695
2024-07-16,92.84844207763672
2024-07-17,113.2693099975586
2024-07-18,126.88693237304688
2024-07-19,162.5922393798828
2024-07-20,52.886474609375
2024-07-21,67.59518432617188
2024-07-22,136.5869598388672
2024-07-23,30.324811935424805
2024-07-24,70.62830352783203
2024-07-25,85.63224029541016
2024-07-26,103.05966186523438
2024-07-27,106.68852996826172
2024-07-28,131.16685485839844
2024-07-29,174.1978759765625
2024-07-30,111.29308319091797
2024-07-31,168.93038940429688
2024-08-01,144.46697998046875
2024-08-02,187.06307983398438
2024-08-03,67.0661849975586
2024-08-04,56.35813522338867
2024-08-05,211.03053283691406
2024-08-06,166.62405395507812
2024-08-07,153.8828887939453
2024-08-08,134.8721160888672
2024-08-09,111.85801696777344
2024-08-10,115.97911071777344
2024-08-11,88.14412689208984
2024-08-12,98.37513732910156
2024-08-13,126.06425476074219
2024-08-14,191.12884521484375
2024-08-15,168.8584747314453
2024-08-16,118.68598175048828
2024-08-17,118.89944458007812
2024-08-18,15.606253623962402
2024-08-19,83.65087890625
2024-08-20,98.57070922851562
2024-08-21,148.89210510253906
2024-08-22,183.97427368164062
2024-08-23,99.62039184570312
2024-08-24,99.83374786376953
2024-08-25,30.69084930419922
2024-08-26,172.98817443847656
2024-08-27,171.82090759277344
2024-08-28,119.05516815185547
2024-08-29,94.44012451171875
2024-08-30,102.58859252929688
2024-08-31,94.17107391357422
2024-09-01,81.01481628417969
2024-09-02,99.64612579345703
2024-09-03,208.09371948242188
2024-09-04,177.7099151611328
2024-09-05,127.88768005371094
2024-09-06,102.01866149902344
2024-09-07,125.39471435546875
2024-09-08,72.6781997680664
2024-09-09,185.9580535888672
2024-09-10,131.8915252685547
2024-09-11,197.86605834960938
2024-09-12,117.89704895019531
2024-09-13,125.42398834228516
2024-09-14,133.55169677734375
2024-09-15,53.09886932373047
2024-09-16,79.67572784423828
2024-09-17,111.74458312988281
2024-09-18,101.45501708984375
2024-09-19,62.36612319946289
2024-09-20,188.34214782714844
2024-09-21,84.46519470214844
2024-09-22,0.0
2024-09-23,212.8480224609375
2024-09-24,171.4866180419922
2024-09-25,231.2174835205078
2024-09-26,289.9477844238281
2024-09-27,136.50637817382812
2024-09-28,46.139095306396484
2024-09-29,108.32318878173828
2024-09-30,160.14556884765625
2024-10-01,75.31846618652344
2024-10-02,191.0638427734375
2024-10-03,321.6181335449219
2024-10-04,143.963623046875
2024-10-05,86.21295166015625
2024-10-06,133.64169311523438
2024-10-07,67.04674530029297
2024-10-08,120.23628234863281
2024-10-09,128.80772399902344
2024-10-10,69.6083984375
2024-10-11,151.06967163085938
2024-10-12,88.71187591552734
2024-10-13,28.91867446899414
2024-10-14,87.618408203125
2024-10-15,125.44230651855469
2024-10-16,102.97209930419922
2024-10-17,134.83584594726562
2024-10-18,118.68598175048828
2024-10-19,64.70310974121094
2024-10-20,86.30298614501953
2024-10-21,139.76341247558594
2024-10-22,222.58616638183594
2024-10-23,209.98460388183594
2024-10-24,123.79792785644531
2024-10-25,136.50637817382812
2024-10-26,107.21122741699219
2024-10-27,127.7862548828125
2024-10-28,131.68942260742188
2024-10-29,213.94204711914062
2024-10-30,151.9027862548828
2024-10-31,77.45529174804688
2024-11-01,128.80772399902344
2024-11-02,79.58438110351562
2024-11-03,98.37513732910156
2024-11-04,134.6396942138672
2024-11-05,63.68794631958008
2024-11-06,123.69100952148438
2024-11-07,115.97911071777344
2024-11-08,152.4984893798828
2024-11-09,60.06705856323242
2024-11-10,44.9103889465332
2024-11-11,178.4293975830078
2024-11-12,155.49618530273438
2024-11-13,122.42239379882812
2024-11-14,68.25318908691406
2024-11-15,108.1965560913086
2024-11-16,98.85658264160156
2024-11-17,42.26860046386719
2024-11-18,192.4544219970703
2024-11-19,233.0734100341797
2024-11-20,267.3348693847656
2024-11-21,241.71148681640625
2024-11-22,122.63202667236328
2024-11-23,217.9196014404297
2024-11-24,128.116455078125
2024-11-25,91.4358139038086
2024-11-26,130.68814086914062
2024-11-27,176.37124633789062
2024-11-28,195.44151306152344
2024-11-29,234.64291381835938
2024-11-30,110.91960906982422
2024-12-01,184.14511108398438
2024-12-02,121.3437728881836
2024-12-03,168.8584747314453
2024-12-04,147.66412353515625
2024-12-05,167.6168670654297
2024-12-06,150.5193328857422
2024-12-07,107.66790008544922
2024-12-08,42.81612014770508
2024-12-09,71.08396911621094
2024-12-10,202.1654052734375
2024-12-11,142.22911071777344
2024-12-12,140.42568969726562
2024-12-13,131.68942260742188
2024-12-14,94.0103759765625
2024-12-15,30.60559844970703
2024-12-16,207.45216369628906
2024-12-17,166.26783752441406
2024-12-18,229.9775390625
2024-12-19,137.46084594726562
2024-12-20,106.97102355957031
2024-12-21,69.23348999023438
2024-12-22,15.474740982055664
2024-12-23,158.44491577148438
2024-12-24,150.58790588378906
2024-12-25,171.2644805908203
2024-12-26,88.37979888916016
2024-12-27,121.88069915771484
2024-12-28,121.44105529785156
2024-12-29,56.59939193725586
2024-12-30,110.73381805419922
2024-12-31,52.7177734375
2025-01-01,68.2229995727539
2025-01-02,102.44022369384766
2025-01-03,155.91531372070312
2025-01-04,87.13719940185547
2025-01-05,16.014556884765625
2025-01-06,62.88821792602539
2025-01-07,164.75537109375
2025-01-08,84.91726684570312
2025-01-09,143.35708618164062
2025-01-10,69.3580093383789
2025-01-11,100.8304214477539
2025-01-12,121.07709503173828
2025-01-13,154.0152587890625
2025-01-14,202.4586944580078
2025-01-15,156.56149291992188
2025-01-16,67.53599548339844
2025-01-17,100.99846649169922
2025-01-18,51.3261604309082
2025-01-19,70.99236297607422
2025-01-20,120.28400421142578
2025-01-21,62.48401641845703
2025-01-22,145.48435974121094
2025-01-23,130.21290588378906
2025-01-24,194.22784423828125
2025-01-25,52.8019905090332
2025-01-26,127.7862548828125
2025-01-27,213.1795196533203
2025-01-28,150.79400634765625
2025-01-29,113.2693099975586
2025-01-30,140.48471069335938
2025-01-31,134.6005401611328
2025-02-01,66.77584838867188
2025-02-02,88.37979888916016
2025-02-03,143.521240234375
2025-02-04,127.43255615234375
2025-02-05,156.84007263183594
2025-02-06,199.9639892578125
2025-02-07,108.40623474121094
2025-02-08,143.4197998046875
2025-02-09,0.0
2025-02-10,138.35406494140625
2025-02-11,149.4305877685547
2025-02-12,116.31301879882812
2025-02-13,188.9370880126953
2025-02-14,123.05343627929688
2025-02-15,111.37962341308594
2025-02-16,91.59870147705078
2025-02-17,194.89413452148438
2025-02-18,251.32333374023438
2025-02-19,174.07644653320312
2025-02-20,200.69244384765625
2025-02-21,188.98825073242188
2025-02-22,95.13199615478516
2025-02-23,102.56130981445312
2025-02-24,108.87366485595703
2025-02-25,112.01309204101562
2025-02-26,108.01976013183594
2025-02-27,172.156494140625
2025-02-28,139.11634826660156
2025-03-01,126.8521499633789
2025-03-02,108.32318878173828
2025-03-03,156.12571716308594
2025-03-04,303.8776550292969
2025-03-05,242.0477752685547
2025-03-06,245.0626220703125
2025-03-07,221.5160369873047
2025-03-08,233.71548461914062
2025-03-09,87.90969848632812
2025-03-10,267.9478454589844
2025-03-11,219.16485595703125
2025-03-12,214.03237915039062
2025-03-13,282.5132141113281
2025-03-14,265.707763671875
2025-03-15,189.9657745361328
2025-03-16,126.4823226928711
2025-03-17,186.7460174560547
2025-03-18,206.58779907226562
2025-03-19,314.52813720703125
2025-03-20,251.25540161132812
2025-03-21,160.3649444580078
2025-03-22,70.1784439086914
2025-03-23,131.8645477294922
2025-03-24,96.27391815185547
2025-03-25,174.27439880371094
2025-03-26,208.8251953125
2025-03-27,143.0911102294922
2025-03-28,188.4188232421875
2025-03-29,132.00497436523438
2025-03-30,76.30204010009766
2025-03-31,259.2474365234375
2025-04-01,94.49412536621094
2025-04-02,119.16322326660156
2025-04-03,86.22794342041016
2025-04-04,183.94017028808594
2025-04-05,189.681396484375
2025-04-06,148.0915985107422
2025-04-07,104.53524780273438
2025-04-08,142.0370330810547
2025-04-09,152.7627716064453
2025-04-10,162.02963256835938
2025-04-11,168.07142639160156
2025-04-12,131.16685485839844
2025-04-13,83.05036926269531
2025-04-14,196.75027465820312
2025-04-15,147.29966735839844
2025-04-16,169.96937561035156
2025-04-17,142.56211853027344
2025-04-18,241.71148681640625
2025-04-19,144.30374145507812
2025-04-20,238.22735595703125
2025-04-21,171.79856872558594
2025-04-22,100.71311950683594
2025-04-23,185.58712768554688
2025-04-24,221.12945556640625
2025-04-25,249.1029510498047
2025-04-26,128.31539916992188
2025-04-27,204.986328125
2025-04-28,168.21397399902344
2025-04-29,162.02963256835938
2025-04-30,136.02488708496094
2025-05-01,97.33229064941406
2025-05-02,221.42312622070312
2025-05-03,94.44012451171875
2025-05-04,100.95040130615234
2025-05-05,280.3017578125
2025-05-06,214.23919677734375
2025-05-07,262.3337097167969
2025-05-08,309.5971374511719
2025-05-09,160.45652770996094
2025-05-10,141.48333740234375
2025-05-11,147.0851593017578
2025-05-12,214.776123046875
2025-05-13,199.60171508789062
2025-05-14,180.9528045654297
2025-05-15,287.92724609375
2025-05-16,308.5044250488281
2025-05-17,188.2721710205078
2025-05-18,152.67457580566406
2025-05-19,220.3603057861328
2025-05-20,224.63914489746094
2025-05-21,349.93695068359375
2025-05-22,246.53045654296875
2025-05-23,117.98533630371094
2025-05-24,140.1337432861328
2025-05-25,208.67453002929688
2025-05-26,232.389892578125
2025-05-27,218.1785125732422
2025-05-28,279.4424133300781
2025-05-29,223.4694366455078
2025-05-30,221.5160369873047
2025-05-31,100.32960510253906
2025-06-01,197.75926208496094
2025-06-02,255.99478149414062
2025-06-03,248.0603790283203
2025-06-04,235.51519775390625
2025-06-05,341.3498840332031
2025-06-06,128.32962036132812
2025-06-07,103.61769104003906
2025-06-08,142.3516082763672
2025-06-09,201.42623901367188
2025-06-10,246.9555206298828
2025-06-11,256.896728515625
2025-06-12,233.0375518798828
2025-06-13,267.7989807128906
2025-06-14,455.0919189453125
2025-06-15,178.94688415527344
2025-06-16,413.17559814453125
2025-06-17,435.7406921386719
2025-06-18,482.1663818359375
2025-06-19,250.92788696289062
2025-06-20,352.4280700683594
2025-06-21,232.1461944580078
2025-06-22,355.8790588378906
2025-06-23,606.0990600585938
2025-06-24,436.0411376953125
2025-06-25,462.94183349609375
2025-06-26,296.9539489746094
2025-06-27,317.272705078125
2025-06-28,84.03571319580078
2025-06-29,115.37188720703125
2025-06-30,181.49832153320312
2025-07-01,233.77706909179688
2025-07-02,99.62039184570312
2025-07-03,75.72518920898438
2025-07-04,147.36029052734375
2025-07-05,132.64064025878906
2025-07-06,40.507408142089844
2025-07-07,138.79283142089844
2025-07-08,168.21397399902344
2025-07-09,187.2471160888672
2025-07-10,194.32125854492188
2025-07-11,139.82252502441406
2025-07-12,162.2808380126953
2025-07-13,70.99236297607422
2025-07-14,129.27273559570312
2025-07-15,184.65948486328125
2025-07-16,244.84478759765625
2025-07-17,162.31045532226562
2025-07-18,179.1547088623047
2025-07-19,77.5916519165039
2025-07-20,53.74641418457031
2025-07-21,171.442138671875
2025-07-22,162.37075805664062
2025-07-23,144.70188903808594
2025-07-24,261.37628173828125
2025-07-25,145.99844360351562
2025-07-26,168.09732055664062
2025-07-27,134.36602783203125
2025-07-28,135.19036865234375
2025-07-29,158.3048095703125
2025-07-30,257.22991943359375
2025-07-31,176.13168334960938
2025-08-01,238.22735595703125
2025-08-02,157.85122680664062
2025-08-03,115.80496978759766
2025-08-04,134.36602783203125
2025-08-05,207.26959228515625
2025-08-06,158.60865783691406
2025-08-07,144.70188903808594
2025-08-08,201.0586700439453
2025-08-09,136.1237335205078
2025-08-10,141.25660705566406
2025-08-11,192.3062286376953
2025-08-12,211.88491821289062
2025-08-13,190.69642639160156
2025-08-14,202.85104370117188
2025-08-15,168.21397399902344
2025-08-16,78.45105743408203
2025-08-17,193.2985076904297
2025-08-18,236.27798461914062
2025-08-19,107.3880615234375
2025-08-20,183.27423095703125
2025-08-21,128.36521911621094
2025-08-22,141.25660705566406
2025-08-23,174.16163635253906
2025-08-24,111.45391082763672
2025-08-25,121.88069915771484
2025-08-26,96.43777465820312
2025-08-27,203.64035034179688
2025-08-28,188.8802490234375
2025-08-29,219.10826110839844
2025-08-30,92.90062713623047
2025-08-31,29.778419494628906
2025-09-01,179.6415557861328
2025-09-02,132.02413940429688
2025-09-03,187.09837341308594
2025-09-04,148.60520935058594
2025-09-05,196.01336669921875
2025-09-06,122.24129486083984
2025-09-07,77.15696716308594
2025-09-08,131.7371368408203
2025-09-09,84.5912857055664
2025-09-10,273.2642822265625
2025-09-11,212.70298767089844
2025-09-12,140.15087890625
2025-09-13,114.60044860839844
2025-09-14,85.63224029541016
2025-09-15,100.36653900146484
2025-09-16,106.55720520019531
2025-09-17,118.58920288085938
2025-09-18,85.57682037353516
2025-09-19,203.66017150878906
2025-09-20,120.63520050048828
2025-09-21,91.56245422363281
2025-09-22,163.95855712890625
2025-09-23,138.5243682861328
2025-09-24,153.8828887939453
2025-09-25,185.69688415527344
2025-09-26,173.11114501953125
2025-09-27,41.54606246948242
2025-09-28,98.0832290649414
2025-09-29,136.41351318359375
2025-09-30,150.63693237304688
2025-10-01,211.11160278320312
2025-10-02,180.10218811035156
2025-10-03,282.7632141113281
2025-10-04,82.59381866455078
2025-10-05,91.56245422363281
2025-10-06,158.0021209716797
2025-10-07,181.74046325683594
2025-10-08,42.87165451049805
2025-10-09,204.8358917236328
2025-10-10,197.45547485351562
2025-10-11,120.4593505859375
2025-10-12,64.24498748779297
2025-10-13,238.53436279296875
2025-10-14,241.09442138671875
2025-10-15,221.6267547607422
2025-10-16,204.03732299804688
2025-10-17,145.22866821289062
2025-10-18,127.00881958007812
2025-10-19,140.45628356933594
2025-10-20,151.4103546142578
2025-10-21,207.26959228515625
2025-10-22,139.8771514892578
2025-10-23,257.22991943359375
2025-10-24,189.9657745361328
2025-10-25,120.13411712646484
2025-10-26,159.21986389160156
2025-10-27,188.7454376220703
2025-10-28,107.80836486816406
2025-10-29,111.97169494628906
2025-10-30,159.68138122558594
2025-10-31,236.750732421875
2025-11-01,71.5455551147461
2025-11-02,54.40995407104492
2025-11-03,141.25660705566406
2025-11-04,104.73397827148438
2025-11-05,195.35488891601562
2025-11-06,87.75410461425781
2025-11-07,100.8304214477539
2025-11-08,80.22826385498047
2025-11-09,27.407997131347656
2025-11-10,98.37513732910156
2025-11-11,144.71998596191406
2025-11-12,101.16708374023438
2025-11-13,64.4328384399414
2025-11-14,108.90953826904297
2025-11-15,63.42607498168945
2025-11-16,92.69965362548828
2025-11-17,127.84617614746094
2025-11-18,93.54918670654297
2025-11-19,59.34299087524414
2025-11-20,94.0103759765625
2025-11-21,261.41162109375
2025-11-22,45.679996490478516
2025-11-23,121.22510528564453
2025-11-24,138.30145263671875
2025-11-25,293.9401550292969
2025-11-26,167.23773193359375
2025-11-27,170.51690673828125
2025-11-28,213.00204467773438
2025-11-29,58.19374084472656
2025-11-30,96.08734893798828
2025-12-01,147.36029052734375
2025-12-02,121.97064971923828
2025-12-03,127.88768005371094
2025-12-04,187.91946411132812
2025-12-05,189.9657745361328
2025-12-06,118.76799011230469
2025-12-07,27.20497703552246
2025-12-08,97.40878295898438
2025-12-09,122.64952087402344
2025-12-10,119.32868957519531
2025-12-11,187.2471160888672
2025-12-12,201.0586700439453
2025-12-13,98.37513732910156
2025-12-14,166.93963623046875
2025-12-15,173.96865844726562
2025-12-16,136.41351318359375
2025-12-17,118.89944458007812
2025-12-18,194.55604553222656
2025-12-19,147.03756713867188
2025-12-20,107.25501251220703
2025-12-21,147.80264282226562
2025-12-22,70.93142700195312
2025-12-23,127.57701873779297
2025-12-24,186.1151123046875
2025-12-25,73.45343780517578
2025-12-26,186.29493713378906
2025-12-27,240.0438995361328
2025-12-28,99.56037139892578
2025-12-29,65.42764282226562
2025-12-30,266.9563293457031
2025-12-31,210.5353240966797
2026-01-01,225.5149383544922
2026-01-02,232.9390106201172
2026-01-03,208.50827026367188
2026-01-04,169.07440185546875
2026-01-05,299.65313720703125
2026-01-06,379.9315490722656
2026-01-07,348.395751953125
2026-01-08,333.57293701171875
2026-01-09,118.57135772705078
2026-01-10,272.63006591796875
2026-01-11,211.34300231933594
2026-01-12,241.01907348632812
2026-01-13,228.7133026123047
2026-01-14,178.3869171142578
2026-01-15,225.05715942382812
2026-01-16,283.5518798828125
2026-01-17,100.66293334960938
2026-01-18,81.01481628417969
2026-01-19,222.02548217773438
2026-01-20,303.1522216796875
2026-01-21,219.9603729248047
2026-01-22,151.6240692138672
2026-01-23,255.1341552734375
2026-01-24,168.07142639160156
2026-01-25,99.1338119506836
2026-01-26,76.78059387207031
2026-01-27,282.5132141113281
2026-01-28,184.28018188476562
2026-01-29,244.39219665527344
2026-01-30,233.8729705810547
2026-01-31,180.4822998046875
2026-02-01,136.69993591308594
2026-02-02,121.07709503173828
2026-02-03,156.84007263183594
2026-02-04,338.7093200683594
2026-02-05,120.85574340820312
2026-02-06,143.21510314941406
2026-02-07,146.6624298095703
2026-02-08,76.30204010009766
2026-02-09,115.86823272705078
2026-02-10,78.84089660644531
2026-02-11,69.23348999023438
2026-02-12,161.47091674804688
2026-02-13,158.91368103027344
2026-02-14,79.45684051513672
2026-02-15,35.77277755737305
2026-02-16,121.3437728881836
2026-02-17,84.91726684570312
2026-02-18,183.6335906982422
2026-02-19,178.925048828125
2026-02-20,236.6412353515625
2026-02-21,102.01866149902344
2026-02-22,103.2132568359375
2026-02-23,171.21229553222656
2026-02-24,298.8611755371094
2026-02-25,201.19854736328125
2026-02-26,250.40943908691406
2026-02-27,273.1739196777344
2026-02-28,140.1337432861328
2026-03-01,270.46807861328125
2026-03-02,602.0773315429688
2026-03-03,478.21246337890625
2026-03-04,548.06591796875
2026-03-05,461.4382629394531
2026-03-06,240.2682342529297
2026-03-07,130.7776336669922
2026-03-08,177.7099151611328
2026-03-09,365.2380676269531
2026-03-10,434.40203857421875
2026-03-11,346.53436279296875
2026-03-12,230.609619140625
2026-03-13,246.0162811279297
2026-03-14,246.16522216796875
2026-03-15,176.39678955078125
2026-03-16,277.1130676269531
2026-03-17,289.4224853515625
2026-03-18,308.0694885253906
2026-03-19,359.6946716308594
2026-03-20,309.5971374511719
2026-03-21,307.9052429199219
2026-03-22,198.16575622558594
2026-03-23,285.6522216796875
2026-03-24,459.083984375
2026-03-25,351.2454528808594
2026-03-26,334.74871826171875
2026-03-27,244.64341735839844
2026-03-28,163.71493530273438
2026-03-29,222.02548217773438
2026-03-30,253.28770446777344
2026-03-31,492.8535461425781
2026-04-01,319.9423522949219
2026-04-02,273.0960998535156
2026-04-03,201.6785125732422
2026-04-04,157.4002227783203
2026-04-05,143.46372985839844
2026-04-06,279.2584533691406
2026-04-07,272.0497741699219
2026-04-08,295.8540954589844
2026-04-09,488.7843933105469
2026-04-10,285.583984375
2026-04-11,299.402587890625
2026-04-12,210.87109375
2026-04-13,474.9144592285156
2026-04-14,475.73468017578125
2026-04-15,299.501220703125
2026-04-16,320.41131591796875
2026-04-17,289.9477844238281
2026-04-18,186.33409118652344
2026-04-19,250.40943908691406
2026-04-20,262.8150329589844
2026-04-21,221.20298767089844
2026-04-22,221.97467041015625
2026-04-23,280.96942138671875
2026-04-24,304.9969787597656
2026-04-25,148.420166015625
2026-04-26,159.4712677001953
2026-04-27,131.16685485839844
2026-04-28,169.1825714111328
2026-04-29,241.71148681640625
2026-04-30,204.7595672607422
2026-05-01,306.60546875
2026-05-02,122.61701965332031
2026-05-03,127.7862548828125
2026-05-04,211.03053283691406
2026-05-05,366.5267333984375
2026-05-06,380.9967956542969
2026-05-07,386.4033508300781
2026-05-08,278.2326965332031
2026-05-09,172.4401092529297
2026-05-10,116.28512573242188
2026-05-11,285.7369079589844
2026-05-12,191.7053985595703
2026-05-13,264.75823974609375
2026-05-14,193.1201934814453
2026-05-15,271.3796691894531
2026-05-16,222.66946411132812
2026-05-17,154.74740600585938
2026-05-18,209.34228515625
2026-05-19,269.9513854980469
2026-05-20,304.9266052246094
2026-05-21,211.0730743408203
2026-05-22,183.94017028808594
2026-05-23,114.58735656738281
2026-05-24,215.0663604736328
2026-05-25,286.9274597167969
2026-05-26,198.9945831298828
2026-05-27,226.39756774902344
2026-05-28,229.9983367919922
2026-05-29,220.3603057861328
2026-05-30,257.0870361328125
2026-05-31,136.5869598388672
2026-06-01,154.56134033203125
2026-06-02,220.3603057861328
2026-06-03,321.01361083984375
2026-06-04,222.0521240234375
2026-06-05,125.64402770996094
2026-06-06,125.20471954345703
2026-06-07,106.19773864746094
2026-06-08,295.7121276855469
2026-06-09,259.58673095703125
2026-06-10,249.5021514892578
2026-06-11,186.43003845214844
2026-06-12,180.62318420410156
2026-06-13,192.17469787597656
2026-06-14,242.62469482421875
2026-06-15,314.4906005859375
2026-06-16,365.2380676269531
2026-06-17,357.2394104003906
2026-06-18,315.9287414550781
2026-06-19,179.75648498535156
2026-06-20,256.63079833984375
2026-06-21,86.98432922363281
2026-06-22,277.7651062011719
2026-06-23,172.49339294433594
2026-06-24,165.17306518554688
2026-06-25,142.82611083984375
2026-06-26,188.4188232421875
2026-06-27,111.37962341308594
2026-06-28,144.97389221191406
2026-06-29,178.06893920898438
2026-06-30,158.3048095703125
2026-07-01,188.34214782714844
2026-07-02,59.34299087524414
2026-07-03,62.960086822509766
2026-07-04,82.22399139404297
2026-07-05,44.9103889465332
2026-07-06,85.0811996459961
2026-07-07,153.63766479492188
2026-07-08,244.13714599609375
2026-07-09,247.13304138183594
2026-07-10,200.5011444091797
2026-07-11,160.71658325195312
2026-07-12,196.2112274169922
2026-07-13,188.34214782714844
2026-07-14,358.574462890625
2026-07-15,191.35491943359375
2026-07-16,141.5357666015625
2026-07-17,183.97427368164062
2026-07-18,173.29660034179688
2026-07-19,141.61973571777344
2026-07-20,297.4626159667969
2026-07-21,204.4580078125
2026-07-22,284.4038391113281
2026-07-23,299.51885986328125
2026-07-24,328.8959655761719
2026-07-25,158.19784545898438
2026-07-26,223.14967346191406
2026-07-27,174.49346923828125
2026-07-28,190.69642639160156
2026-07-29,210.26747131347656
2026-07-30,251.361572265625
2026-07-31,159.817626953125
2026-08-01,162.29481506347656
2026-08-02,105.94245910644531
2026-08-03,136.4844207763672
2026-08-04,133.01426696777344
2026-08-05,164.28451538085938
2026-08-06,164.28451538085938
2026-08-07,139.60447692871094
2026-08-08,87.13719940185547
2026-08-09,43.838260650634766
2026-08-10,97.72075653076172
2026-08-11,97.21778869628906
2026-08-12,153.31190490722656
2026-08-13,124.68946838378906
2026-08-14,150.34329223632812
2026-08-15,36.60470199584961
2026-08-16,77.81084442138672
2026-08-17,154.0152587890625
2026-08-18,279.7543029785156
2026-08-19,107.59780883789062
2026-08-20,172.49339294433594
2026-08-21,209.76181030273438
2026-08-22,156.610595703125
2026-08-23,77.81084442138672
2026-08-24,146.5811309814453
2026-08-25,204.93026733398438
2026-08-26,183.27423095703125
2026-08-27,198.9945831298828
2026-08-28,164.44798278808594
2026-08-29,58.96491241455078
2026-08-30,72.48694610595703
2026-08-31,184.51220703125
2026-09-01,223.0367431640625
2026-09-02,272.1841735839844
2026-09-03,201.29066467285156
2026-09-04,179.41212463378906
2026-09-05,161.529541015625
2026-09-06,112.14264678955078
2026-09-07,190.51324462890625
2026-09-08,107.31832885742188
2026-09-09,331.7251892089844
2026-09-10,239.0496368408203
2026-09-11,185.17674255371094
2026-09-12,94.26058197021484
2026-09-13,160.84693908691406
2026-09-14,235.4276885986328
2026-09-15,227.17556762695312
2026-09-16,246.67198181152344
2026-09-17,68.01244354248047
2026-09-18,131.4075164794922
2026-09-19,179.5196075439453
2026-09-20,169.70875549316406
2026-09-21,221.40219116210938
2026-09-22,258.970458984375
2026-09-23,304.1065673828125
2026-09-24,159.68138122558594
2026-09-25,303.6460876464844
2026-09-26,185.4517364501953
2026-09-27,204.03732299804688
2026-09-28,264.2209777832031
2026-09-29,189.9657745361328
2026-09-30,129.8783721923828
2026-10-01,109.93585205078125
2026-10-02,225.07618713378906
2026-10-03,116.22379302978516
2026-10-04,151.3463592529297
2026-10-05,166.10073852539062
