date,value
2010-01-01,241.93197631835938
2010-01-02,113.87487030029297
2010-01-03,104.21685028076172
2010-01-04,190.8885040283203
2010-01-05,148.32315063476562
2010-01-06,177.20040893554688
2010-01-07,116.5114517211914
2010-01-08,117.2873306274414
2010-01-09,47.81095886230469
2010-01-10,114.9761734008789
2010-01-11,66.2366714477539
2010-01-12,97.24774932861328
2010-01-13,157.2557830810547
2010-01-14,57.122100830078125
2010-01-15,132.79376220703125
2010-01-16,49.47372817993164
2010-01-17,24.104900360107422
2010-01-18,76.35540771484375
2010-01-19,106.7576904296875
2010-01-20,87.79310607910156
2010-01-21,130.91659545898438
2010-01-22,40.191131591796875
2010-01-23,95.31462097167969
2010-01-24,73.25038146972656
2010-01-25,148.23611450195312
2010-01-26,94.04342651367188
2010-01-27,71.29751586914062
2010-01-28,104.31973266601562
2010-01-29,56.992027282714844
2010-01-30,78.49439239501953
2010-01-31,61.04198455810547
2010-02-01,67.48140716552734
2010-02-02,110.44719696044922
2010-02-03,82.21671295166016
2010-02-04,122.54893493652344
2010-02-05,85.26480102539062
2010-02-06,62.63118362426758
2010-02-07,48.38639450073242
2010-02-08,82.04649353027344
2010-02-09,97.45931243896484
2010-02-10,111.23776245117188
2010-02-11,115.8726806640625
2010-02-12,89.86044311523438
2010-02-13,36.232913970947266
2010-02-14,71.45780181884766
2010-02-15,118.85140991210938
2010-02-16,146.93531799316406
2010-02-17,85.51957702636719
2010-02-18,47.817142486572266
2010-02-19,50.27396774291992
2010-02-20,68.85457611083984
2010-02-21,75.91658020019531
2010-02-22,54.010746002197266
2010-02-23,121.6474838256836
2010-02-24,78.86260223388672
2010-02-25,38.36249542236328
2010-02-26,92.76324462890625
2010-02-27,52.79570388793945
2010-02-28,52.753536224365234
2010-03-01,77.33890533447266
2010-03-02,100.18028259277344
2010-03-03,35.28174591064453
2010-03-04,71.29751586914062
2010-03-05,72.57958984375
2010-03-06,92.9475326538086
2010-03-07,86.90451049804688
2010-03-08,126.10487365722656
2010-03-09,73.6314697265625
2010-03-10,99.74800109863281
2010-03-11,83.27997589111328
2010-03-12,82.0857162475586
2010-03-13,67.39533233642578
2010-03-14,11.815281867980957
2010-03-15,101.49131774902344
2010-03-16,59.43525695800781
2010-03-17,65.24993133544922
2010-03-18,91.6416244506836
2010-03-19,55.97239303588867
2010-03-20,39.61713790893555
2010-03-21,24.148967742919922
2010-03-22,25.533798217773438
2010-03-23,123.30908203125
2010-03-24,58.38446044921875
2010-03-25,18.906705856323242
2010-03-26,49.65972137451172
2010-03-27,32.696746826171875
2010-03-28,0.0
2010-03-29,56.65833282470703
2010-03-30,155.07400512695312
2010-03-31,48.769195556640625
2010-04-01,91.18974304199219
2010-04-02,125.06021118164062
2010-04-03,121.12944793701172
2010-04-04,67.25807189941406
2010-04-05,91.27156829833984
2010-04-06,99.44405364990234
2010-04-07,113.0223388671875
2010-04-08,101.71575164794922
2010-04-09,144.15113830566406
2010-04-10,34.670562744140625
2010-04-11,23.379619598388672
2010-04-12,80.4475326538086
2010-04-13,100.18028259277344
2010-04-14,100.37602996826172
2010-04-15,96.1855697631836
2010-04-16,83.36082458496094
2010-04-17,56.59591293334961
2010-04-18,60.482994079589844
2010-04-19,81.64082336425781
2010-04-20,112.1983413696289
2010-04-21,59.621551513671875
2010-04-22,48.2601203918457
2010-04-23,64.87959289550781
2010-04-24,67.62535095214844
2010-04-25,37.244789123535156
2010-04-26,79.86387634277344
2010-04-27,100.07186126708984
2010-04-28,51.08640670776367
2010-04-29,59.264888763427734
2010-04-30,36.523921966552734
2010-05-01,50.67577362060547
2010-05-02,23.01304054260254
2010-05-03,163.28164672851562
2010-05-04,136.64984130859375
2010-05-05,84.13684844970703
2010-05-06,72.21885681152344
2010-05-07,101.96000671386719
2010-05-08,43.2389030456543
2010-05-09,71.01873779296875
2010-05-10,96.53704071044922
2010-05-11,121.04912567138672
2010-05-12,46.46552658081055
2010-05-13,33.35728454589844
2010-05-14,125.80462646484375
2010-05-15,64.43651580810547
2010-05-16,50.90360641479492
2010-05-17,125.08982849121094
2010-05-18,106.52810668945312
2010-05-19,147.19871520996094
2010-05-20,124.24763488769531
2010-05-21,102.89764404296875
2010-05-22,87.91670227050781
2010-05-23,70.63896179199219
2010-05-24,82.87004852294922
2010-05-25,81.17560577392578
2010-05-26,78.20470428466797
2010-05-27,54.41600799560547
2010-05-28,70.6733169555664
2010-05-29,49.78449249267578
2010-05-30,35.63710021972656
2010-05-31,76.13536071777344
2010-06-01,148.60671997070312
2010-06-02,76.7182388305664
2010-06-03,72.00413513183594
2010-06-04,32.50365447998047
2010-06-05,52.58552932739258
2010-06-06,12.030496597290039
2010-06-07,102.460205078125
2010-06-08,75.48277282714844
2010-06-09,26.712812423706055
2010-06-10,82.87804412841797
2010-06-11,103.6755599975586
2010-06-12,32.32337188720703
2010-06-13,99.13309478759766
2010-06-14,47.28932571411133
2010-06-15,63.91686248779297
2010-06-16,61.344356536865234
2010-06-17,101.6114273071289
2010-06-18,92.2818374633789
2010-06-19,38.591983795166016
2010-06-20,86.09534454345703
2010-06-21,64.9114761352539
2010-06-22,127.28626251220703
2010-06-23,67.08418273925781
2010-06-24,76.28191375732422
2010-06-25,71.53150939941406
2010-06-26,32.832191467285156
2010-06-27,12.345314025878906
2010-06-28,65.23202514648438
2010-06-29,68.51393127441406
2010-06-30,96.11891174316406
2010-07-01,80.54563903808594
2010-07-02,47.03275680541992
2010-07-03,77.98515319824219
2010-07-04,36.289794921875
2010-07-05,39.13921356201172
2010-07-06,47.516136169433594
2010-07-07,89.75867462158203
2010-07-08,153.59866333007812
2010-07-09,92.9310531616211
2010-07-10,81.61199951171875
2010-07-11,48.03449249267578
2010-07-12,33.023712158203125
2010-07-13,143.58135986328125
2010-07-14,132.24179077148438
2010-07-15,120.08622741699219
2010-07-16,52.26304626464844
2010-07-17,38.982460021972656
2010-07-18,62.902313232421875
2010-07-19,58.82086181640625
2010-07-20,84.47926330566406
2010-07-21,120.6021728515625
2010-07-22,65.6825180053711
2010-07-23,76.72499084472656
2010-07-24,30.464677810668945
2010-07-25,61.61140441894531
2010-07-26,145.06539916992188
2010-07-27,122.02757263183594
2010-07-28,73.6314697265625
2010-07-29,86.43065643310547
2010-07-30,108.72003936767578
2010-07-31,122.85171508789062
2010-08-01,115.6472396850586
2010-08-02,95.72090911865234
2010-08-03,112.21649932861328
2010-08-04,106.89756774902344
2010-08-05,115.8726806640625
2010-08-06,54.30415344238281
2010-08-07,61.55398941040039
2010-08-08,52.41859436035156
2010-08-09,34.80760192871094
2010-08-10,46.133243560791016
2010-08-11,61.296913146972656
2010-08-12,68.24647521972656
2010-08-13,71.94709014892578
2010-08-14,23.133949279785156
2010-08-15,41.19382095336914
2010-08-16,35.605079650878906
2010-08-17,33.35728454589844
2010-08-18,155.04090881347656
2010-08-19,92.42374420166016
2010-08-20,64.40160369873047
2010-08-21,80.0948257446289
2010-08-22,59.28853225708008
2010-08-23,80.76451110839844
2010-08-24,177.6336669921875
2010-08-25,134.333740234375
2010-08-26,91.30980682373047
2010-08-27,112.42115020751953
2010-08-28,89.65714263916016
2010-08-29,118.4117202758789
2010-08-30,114.32975769042969
2010-08-31,127.0142822265625
2010-09-01,128.467529296875
2010-09-02,85.40615844726562
2010-09-03,64.75238037109375
2010-09-04,58.76105499267578
2010-09-05,37.5981559753418
2010-09-06,31.351625442504883
2010-09-07,117.52210998535156
2010-09-08,90.38068389892578
2010-09-09,32.729148864746094
2010-09-10,102.39910888671875
2010-09-11,16.227869033813477
2010-09-12,67.39533233642578
2010-09-13,90.16712951660156
2010-09-14,83.42832946777344
2010-09-15,13.24923324584961
2010-09-16,64.43651580810547
2010-09-17,75.36531829833984
2010-09-18,71.13641357421875
2010-09-19,65.52323913574219
2010-09-20,98.5782470703125
2010-09-21,104.58179473876953
2010-09-22,37.3149299621582
2010-09-23,26.605207443237305
2010-09-24,87.81234741210938
2010-09-25,46.76844024658203
2010-09-26,95.72090911865234
2010-09-27,102.95162200927734
2010-09-28,81.63164520263672
2010-09-29,82.64537048339844
2010-09-30,50.32184600830078
2010-10-01,105.42781066894531
2010-10-02,32.32337188720703
2010-10-03,34.10366439819336
2010-10-04,95.03227233886719
2010-10-05,150.27041625976562
2010-10-06,140.2280731201172
2010-10-07,120.8184585571289
2010-10-08,70.1953353881836
2010-10-09,68.90983581542969
2010-10-10,70.05030059814453
2010-10-11,65.88272094726562
2010-10-12,92.92386627197266
2010-10-13,83.78108978271484
2010-10-14,57.992862701416016
2010-10-15,105.92511749267578
2010-10-16,30.273839950561523
2010-10-17,71.01873779296875
2010-10-18,45.91941452026367
2010-10-19,76.47596740722656
2010-10-20,52.83794403076172
2010-10-21,67.5206069946289
2010-10-22,94.26929473876953
2010-10-23,54.04862976074219
2010-10-24,50.32184600830078
2010-10-25,70.09750366210938
2010-10-26,44.426517486572266
2010-10-27,89.0527114868164
2010-10-28,65.52323913574219
2010-10-29,68.60450744628906
2010-10-30,79.32036590576172
2010-10-31,48.47517395019531
2010-11-01,168.37120056152344
2010-11-02,144.6822052001953
2010-11-03,81.54003143310547
2010-11-04,139.116943359375
2010-11-05,32.218257904052734
2010-11-06,95.6438980102539
2010-11-07,117.94183349609375
2010-11-08,72.22683715820312
2010-11-09,174.7671661376953
2010-11-10,96.31916046142578
2010-11-11,97.84803771972656
2010-11-12,78.54995727539062
2010-11-13,26.525070190429688
2010-11-14,64.24846649169922
2010-11-15,23.338314056396484
2010-11-16,63.98566436767578
2010-11-17,67.32662963867188
2010-11-18,57.711341857910156
2010-11-19,87.7290267944336
2010-11-20,71.79067993164062
2010-11-21,86.76181030273438
2010-11-22,70.01493835449219
2010-11-23,44.080596923828125
2010-11-24,46.403343200683594
2010-11-25,98.80512237548828
2010-11-26,42.11313247680664
2010-11-27,77.24845123291016
2010-11-28,24.644561767578125
2010-11-29,61.87112045288086
2010-11-30,111.94478607177734
2010-12-01,34.725250244140625
2010-12-02,53.26405334472656
2010-12-03,80.02017974853516
2010-12-04,66.26831817626953
2010-12-05,12.163430213928223
2010-12-06,133.98641967773438
2010-12-07,134.24273681640625
2010-12-08,56.81499099731445
2010-12-09,66.26831817626953
2010-12-10,44.97392654418945
2010-12-11,33.134159088134766
2010-12-12,102.00374603271484
2010-12-13,72.40277862548828
2010-12-14,74.71428680419922
2010-12-15,57.93634033203125
2010-12-16,129.23800659179688
2010-12-17,125.68492126464844
2010-12-18,56.64444351196289
2010-12-19,76.5028076171875
2010-12-20,88.1808090209961
2010-12-21,101.6114273071289
2010-12-22,175.27664184570312
2010-12-23,149.1660919189453
2010-12-24,160.5319366455078
2010-12-25,145.47891235351562
2010-12-26,149.42857360839844
2010-12-27,93.02454376220703
2010-12-28,185.7583770751953
2010-12-29,57.68334197998047
2010-12-30,151.3981170654297
2010-12-31,57.57558822631836
2011-01-01,101.46951293945312
2011-01-02,80.87439727783203
2011-01-03,116.24346923828125
2011-01-04,149.70750427246094
2011-01-05,29.6176815032959
2011-01-06,63.30424118041992
2011-01-07,67.60227966308594
2011-01-08,76.10403442382812
2011-01-09,89.5992202758789
2011-01-10,111.8094253540039
2011-01-11,96.47376251220703
2011-01-12,49.39444351196289
2011-01-13,74.9764404296875
2011-01-14,66.71456909179688
2011-01-15,45.19926452636719
2011-01-16,39.08131790161133
2011-01-17,63.94633483886719
2011-01-18,22.72273826599121
2011-01-19,36.733829498291016
2011-01-20,51.54202651977539
2011-01-21,61.40773010253906
2011-01-22,47.82194900512695
2011-01-23,39.628456115722656
2011-01-24,59.732810974121094
2011-01-25,286.507080078125
2011-01-26,144.3284149169922
2011-01-27,78.23979187011719
2011-01-28,52.890830993652344
2011-01-29,82.76619720458984
2011-01-30,34.700923919677734
2011-01-31,81.03978729248047
2011-02-01,106.28321075439453
2011-02-02,116.7689208984375
2011-02-03,116.35298156738281
2011-02-04,111.82633209228516
2011-02-05,54.947940826416016
2011-02-06,52.21140670776367
2011-02-07,63.3548469543457
2011-02-08,82.74734497070312
2011-02-09,120.08622741699219
2011-02-10,100.37602996826172
2011-02-11,114.10633087158203
2011-02-12,54.0928955078125
2011-02-13,88.56934356689453
2011-02-14,56.24476623535156
2011-02-15,81.26640319824219
2011-02-16,36.490291595458984
2011-02-17,74.591552734375
2011-02-18,26.49846649169922
2011-02-19,92.56440734863281
2011-02-20,73.79600524902344
2011-02-21,122.8349838256836
2011-02-22,143.4081573486328
2011-02-23,65.9009780883789
2011-02-24,110.9492416381836
2011-02-25,96.11891174316406
2011-02-26,61.10358810424805
2011-02-27,49.56654739379883
2011-02-28,98.70101165771484
2011-03-01,167.48521423339844
2011-03-02,70.33804321289062
2011-03-03,185.3721923828125
2011-03-04,139.116943359375
2011-03-05,63.711341857910156
2011-03-06,88.73934936523438
2011-03-07,217.9229736328125
2011-03-08,195.58462524414062
2011-03-09,220.15809631347656
2011-03-10,170.6488494873047
2011-03-11,152.97994995117188
2011-03-12,68.9651870727539
2011-03-13,114.6656723022461
2011-03-14,83.89395904541016
2011-03-15,188.49978637695312
2011-03-16,129.7875213623047
2011-03-17,128.06979370117188
2011-03-18,160.15379333496094
2011-03-19,180.8142547607422
2011-03-20,95.54781341552734
2011-03-21,251.54080200195312
2011-03-22,210.48081970214844
2011-03-23,260.3220520019531
2011-03-24,150.24436950683594
2011-03-25,163.90444946289062
2011-03-26,108.36328887939453
2011-03-27,139.44754028320312
2011-03-28,164.29708862304688
2011-03-29,239.24972534179688
2011-03-30,187.12283325195312
2011-03-31,142.84201049804688
2011-04-01,151.90907287597656
2011-04-02,68.38387298583984
2011-04-03,95.72090911865234
2011-04-04,119.50679779052734
2011-04-05,117.81034851074219
2011-04-06,203.76333618164062
2011-04-07,77.62674713134766
2011-04-08,110.51242065429688
2011-04-09,54.53957748413086
2011-04-10,111.10781860351562
2011-04-11,153.99659729003906
2011-04-12,95.40184020996094
2011-04-13,118.60369110107422
2011-04-14,130.99176025390625
2011-04-15,99.8700942993164
2011-04-16,85.77587890625
2011-04-17,48.121986389160156
2011-04-18,123.83892822265625
2011-04-19,84.77499389648438
2011-04-20,95.1903076171875
2011-04-21,133.97044372558594
2011-04-22,120.21479797363281
2011-04-23,76.59380340576172
2011-04-24,120.32931518554688
2011-04-25,98.4557876586914
2011-04-26,127.62787628173828
2011-04-27,168.22711181640625
2011-04-28,130.8551788330078
2011-04-29,78.4721908569336
2011-04-30,132.0948486328125
2011-05-01,92.3740234375
2011-05-02,178.73658752441406
2011-05-03,357.81903076171875
2011-05-04,155.4057159423828
2011-05-05,127.79033660888672
2011-05-06,130.52850341796875
2011-05-07,178.65745544433594
2011-05-08,77.7028579711914
2011-05-09,141.36190795898438
2011-05-10,147.75711059570312
2011-05-11,110.57046508789062
2011-05-12,100.8871078491211
2011-05-13,156.01754760742188
2011-05-14,61.62185287475586
2011-05-15,100.26174926757812
2011-05-16,118.92195892333984
2011-05-17,77.95297241210938
2011-05-18,96.14966583251953
2011-05-19,132.37353515625
2011-05-20,81.23146057128906
2011-05-21,78.2552490234375
2011-05-22,36.289794921875
2011-05-23,131.929931640625
2011-05-24,130.4072265625
2011-05-25,118.73694610595703
2011-05-26,135.37228393554688
2011-05-27,60.532264709472656
2011-05-28,57.93634033203125
2011-05-29,91.73253631591797
2011-05-30,106.8414306640625
2011-05-31,167.51158142089844
2011-06-01,132.68455505371094
2011-06-02,103.30670928955078
2011-06-03,66.78202819824219
2011-06-04,67.68309783935547
2011-06-05,103.40105438232422
2011-06-06,74.6767349243164
2011-06-07,146.60916137695312
2011-06-08,110.69401550292969
2011-06-09,125.40650177001953
2011-06-10,93.68428802490234
2011-06-11,66.26831817626953
2011-06-12,158.4163360595703
2011-06-13,118.09245300292969
2011-06-14,54.97407531738281
2011-06-15,99.31944274902344
2011-06-16,115.15961456298828
2011-06-17,111.83948516845703
2011-06-18,78.29499816894531
2011-06-19,104.21685028076172
2011-06-20,57.50397491455078
2011-06-21,67.7023696899414
2011-06-22,59.636505126953125
2011-06-23,155.1676025390625
2011-06-24,155.1676025390625
2011-06-25,79.78118896484375
2011-06-26,66.58006286621094
2011-06-27,158.04800415039062
2011-06-28,54.32808303833008
2011-06-29,73.87855529785156
2011-06-30,60.65579605102539
2011-07-01,98.38246154785156
2011-07-02,87.98502349853516
2011-07-03,117.94183349609375
2011-07-04,86.33650207519531
2011-07-05,83.60433959960938
2011-07-06,52.71744155883789
2011-07-07,119.0043716430664
2011-07-08,61.7265625
2011-07-09,57.98720169067383
2011-07-10,90.1231918334961
2011-07-11,124.78595733642578
2011-07-12,79.57521057128906
2011-07-13,126.01641082763672
2011-07-14,92.42374420166016
2011-07-15,155.48524475097656
2011-07-16,79.37029266357422
2011-07-17,78.94114685058594
2011-07-18,108.86939239501953
2011-07-19,173.39419555664062
2011-07-20,91.83882904052734
2011-07-21,122.84532165527344
2011-07-22,82.99153137207031
2011-07-23,121.18793487548828
2011-07-24,13.31601333618164
2011-07-25,96.86955261230469
2011-07-26,117.49224853515625
2011-07-27,127.28626251220703
2011-07-28,120.49700927734375
2011-07-29,149.49005126953125
2011-07-30,91.81224060058594
2011-07-31,66.31267547607422
2011-08-01,131.7435302734375
2011-08-02,85.88742065429688
2011-08-03,106.92609405517578
2011-08-04,53.7595329284668
2011-08-05,62.17853927612305
2011-08-06,36.89800262451172
2011-08-07,94.93470001220703
2011-08-08,111.65364074707031
2011-08-09,50.353816986083984
2011-08-10,23.988168716430664
2011-08-11,106.28321075439453
2011-08-12,89.81344604492188
2011-08-13,24.552946090698242
2011-08-14,39.54935836791992
2011-08-15,216.2534942626953
2011-08-16,75.24390411376953
2011-08-17,46.45774459838867
2011-08-18,138.20497131347656
2011-08-19,163.58494567871094
2011-08-20,167.8155975341797
2011-08-21,65.91559600830078
2011-08-22,216.6910400390625
2011-08-23,257.43212890625
2011-08-24,227.48826599121094
2011-08-25,131.22006225585938
2011-08-26,145.38742065429688
2011-08-27,116.79473114013672
2011-08-28,73.79600524902344
2011-08-29,187.17893981933594
2011-08-30,87.36431884765625
2011-08-31,123.52103424072266
2011-09-01,79.48815155029297
2011-09-02,104.9482421875
2011-09-03,41.13273620605469
2011-09-04,81.20585632324219
2011-09-05,108.27445983886719
2011-09-06,138.13841247558594
2011-09-07,87.57669830322266
2011-09-08,123.06974029541016
2011-09-09,108.27445983886719
2011-09-10,132.62535095214844
2011-09-11,82.41211700439453
2011-09-12,149.0381317138672
2011-09-13,136.84854125976562
2011-09-14,92.32435607910156
2011-09-15,95.32618713378906
2011-09-16,113.44023132324219
2011-09-17,74.50959014892578
2011-09-18,47.77390670776367
2011-09-19,88.70838928222656
2011-09-20,70.42972564697266
2011-09-21,133.35824584960938
2011-09-22,87.25778198242188
2011-09-23,134.39883422851562
2011-09-24,63.00231170654297
2011-09-25,26.26140022277832
2011-09-26,89.3630599975586
2011-09-27,94.46592712402344
2011-09-28,41.758121490478516
2011-09-29,106.74331665039062
2011-09-30,84.42639923095703
2011-10-01,81.80935668945312
2011-10-02,49.753238677978516
2011-10-03,135.6046142578125
2011-10-04,80.7246322631836
2011-10-05,58.57864761352539
2011-10-06,86.20648193359375
2011-10-07,122.66873168945312
2011-10-08,73.1983413696289
2011-10-09,38.54907989501953
2011-10-10,76.40447998046875
2011-10-11,137.5988006591797
2011-10-12,192.29933166503906
2011-10-13,152.95193481445312
2011-10-14,100.47782897949219
2011-10-15,76.79933166503906
2011-10-16,67.53315734863281
2011-10-17,117.04607391357422
2011-10-18,159.60829162597656
2011-10-19,29.12786293029785
2011-10-20,82.13151550292969
2011-10-21,168.5214080810547
2011-10-22,83.60433959960938
2011-10-23,47.77390670776367
2011-10-24,122.4720458984375
2011-10-25,89.75867462158203
2011-10-26,64.19296264648438
2011-10-27,26.903230667114258
2011-10-28,32.061859130859375
2011-10-29,56.790565490722656
2011-10-30,89.45475769042969
2011-10-31,107.19307708740234
2011-11-01,87.85026550292969
2011-11-02,27.26416015625
2011-11-03,88.06324005126953
2011-11-04,127.0142822265625
2011-11-05,38.52766418457031
2011-11-06,50.80571365356445
2011-11-07,65.39349365234375
2011-11-08,54.77867126464844
2011-11-09,49.18425369262695
2011-11-10,63.99944305419922
2011-11-11,57.046722412109375
2011-11-12,54.675018310546875
2011-11-13,76.5028076171875
2011-11-14,82.87004852294922
2011-11-15,73.38603210449219
2011-11-16,86.80931854248047
2011-11-17,111.61095428466797
2011-11-18,74.55965423583984
2011-11-19,53.916263580322266
2011-11-20,34.94572830200195
2011-11-21,128.3304901123047
2011-11-22,38.714786529541016
2011-11-23,72.98058319091797
2011-11-24,47.74512481689453
2011-11-25,55.26980972290039
2011-11-26,35.100494384765625
2011-11-27,119.3628158569336
2011-11-28,88.92554473876953
2011-11-29,130.4072265625
2011-11-30,53.7517204284668
2011-12-01,32.407962799072266
2011-12-02,44.11564636230469
2011-12-03,70.57605743408203
2011-12-04,64.75238037109375
2011-12-05,96.77278900146484
2011-12-06,36.8568229675293
2011-12-07,30.577512741088867
2011-12-08,48.61534881591797
2011-12-09,45.46037292480469
2011-12-10,29.485458374023438
2011-12-11,40.602928161621094
2011-12-12,138.13841247558594
2011-12-13,132.0948486328125
2011-12-14,82.65320587158203
2011-12-15,65.58831024169922
2011-12-16,137.20901489257812
2011-12-17,60.043113708496094
2011-12-18,41.19382095336914
2011-12-19,103.06490325927734
2011-12-20,111.8094253540039
2011-12-21,114.13725280761719
2011-12-22,75.56913757324219
2011-12-23,67.13842010498047
2011-12-24,77.79438018798828
2011-12-25,78.44112396240234
2011-12-26,158.38711547851562
2011-12-27,79.43848419189453
2011-12-28,105.59908294677734
2011-12-29,76.79933166503906
2011-12-30,138.50050354003906
2011-12-31,22.9066219329834
2012-01-01,65.65350341796875
2012-01-02,66.58006286621094
2012-01-03,70.26321411132812
2012-01-04,48.4455451965332
2012-01-05,44.82857131958008
2012-01-06,50.144466400146484
2012-01-07,73.52217864990234
2012-01-08,74.0718765258789
2012-01-09,58.746124267578125
2012-01-10,31.265052795410156
2012-01-11,64.3319091796875
2012-01-12,103.52261352539062
2012-01-13,65.1998291015625
2012-01-14,55.26980972290039
2012-01-15,53.15687942504883
2012-01-16,77.47498321533203
2012-01-17,32.25759506225586
2012-01-18,51.54202651977539
2012-01-19,89.16059112548828
2012-01-20,49.50020980834961
2012-01-21,51.64438247680664
2012-01-22,65.13552856445312
2012-01-23,96.10075378417969
2012-01-24,29.485458374023438
2012-01-25,27.548458099365234
2012-01-26,64.12371826171875
2012-01-27,54.8111457824707
2012-01-28,74.01866912841797
2012-01-29,50.80571365356445
2012-01-30,97.12857055664062
2012-01-31,77.52045440673828
2012-02-01,146.08860778808594
2012-02-02,81.37259674072266
2012-02-03,82.13151550292969
2012-02-04,77.7028579711914
2012-02-05,53.69709396362305
2012-02-06,120.24239349365234
2012-02-07,118.79033660888672
2012-02-08,67.091064453125
2012-02-09,72.36271667480469
2012-02-10,64.87959289550781
2012-02-11,45.19926452636719
2012-02-12,64.62566375732422
2012-02-13,61.64426040649414
2012-02-14,76.35540771484375
2012-02-15,128.32070922851562
2012-02-16,67.95002746582031
2012-02-17,52.94382858276367
2012-02-18,58.34578323364258
2012-02-19,60.482994079589844
2012-02-20,79.81562042236328
2012-02-21,74.6767349243164
2012-02-22,64.82299041748047
2012-02-23,47.66309356689453
2012-02-24,121.80877685546875
2012-02-25,90.7868423461914
2012-02-26,0.0
2012-02-27,59.046226501464844
2012-02-28,98.12760925292969
2012-02-29,124.47962951660156
2012-03-01,87.79310607910156
2012-03-02,48.009552001953125
2012-03-03,29.40669059753418
2012-03-04,62.78272247314453
2012-03-05,49.78449249267578
2012-03-06,95.72090911865234
2012-03-07,99.4920654296875
2012-03-08,122.94247436523438
2012-03-09,131.9691619873047
2012-03-10,27.634904861450195
2012-03-11,65.65350341796875
2012-03-12,47.516136169433594
2012-03-13,90.99530029296875
2012-03-14,82.73163604736328
2012-03-15,47.7122802734375
2012-03-16,79.09871673583984
2012-03-17,55.92499923706055
2012-03-18,50.41788101196289
2012-03-19,127.99888610839844
2012-03-20,139.04721069335938
2012-03-21,123.99391174316406
2012-03-22,96.27904510498047
2012-03-23,146.18142700195312
2012-03-24,68.20732879638672
2012-03-25,89.77320098876953
2012-03-26,83.60433959960938
2012-03-27,77.33890533447266
2012-03-28,145.47891235351562
2012-03-29,86.80931854248047
2012-03-30,127.55941009521484
2012-03-31,82.69711303710938
2012-04-01,128.49693298339844
2012-04-02,76.99829864501953
2012-04-03,122.59382629394531
2012-04-04,182.8302459716797
2012-04-05,126.50212860107422
2012-04-06,76.53236389160156
2012-04-07,79.85008239746094
2012-04-08,101.80721282958984
2012-04-09,99.38737487792969
2012-04-10,60.043113708496094
2012-04-11,44.576438903808594
2012-04-12,107.56909942626953
2012-04-13,112.39301300048828
2012-04-14,47.38828659057617
2012-04-15,50.22617721557617
2012-04-16,119.46562194824219
2012-04-17,117.38287353515625
2012-04-18,109.95687103271484
2012-04-19,36.052085876464844
2012-04-20,55.212059020996094
2012-04-21,56.64444351196289
2012-04-22,26.794086456298828
2012-04-23,85.88742065429688
2012-04-24,64.75238037109375
2012-04-25,125.53893280029297
2012-04-26,125.27436065673828
2012-04-27,74.1348648071289
2012-04-28,33.89944839477539
2012-04-29,76.06229400634766
2012-04-30,121.18793487548828
2012-05-01,74.95924377441406
2012-05-02,68.32492065429688
2012-05-03,62.96894073486328
2012-05-04,48.2601203918457
2012-05-05,61.000980377197266
2012-05-06,38.104286193847656
2012-05-07,60.1994743347168
2012-05-08,80.25203704833984
2012-05-09,21.773876190185547
2012-05-10,48.361087799072266
2012-05-11,106.6355972290039
2012-05-12,39.21390914916992
2012-05-13,67.12136840820312
2012-05-14,57.50397491455078
2012-05-15,61.58268356323242
2012-05-16,59.43525695800781
2012-05-17,64.4714584350586
2012-05-18,71.55734252929688
2012-05-19,57.283111572265625
2012-05-20,85.61702728271484
2012-05-21,72.48002624511719
2012-05-22,127.32034301757812
2012-05-23,62.45619583129883
2012-05-24,67.85694122314453
2012-05-25,65.32881164550781
2012-05-26,43.41654968261719
2012-05-27,53.26405334472656
2012-05-28,167.47366333007812
2012-05-29,82.55928039550781
2012-05-30,76.53236389160156
2012-05-31,88.24424743652344
2012-06-01,56.99885559082031
2012-06-02,51.46552658081055
2012-06-03,12.95047664642334
2012-06-04,44.991432189941406
2012-06-05,62.646610260009766
2012-06-06,90.13916778564453
2012-06-07,117.2873306274414
2012-06-08,85.498291015625
2012-06-09,94.83160400390625
2012-06-10,66.84961700439453
2012-06-11,69.43224334716797
2012-06-12,95.72090911865234
2012-06-13,114.26890563964844
2012-06-14,101.92504119873047
2012-06-15,55.212059020996094
2012-06-16,82.1193618774414
2012-06-17,41.626529693603516
2012-06-18,106.95939636230469
2012-06-19,111.271240234375
2012-06-20,73.7136459350586
2012-06-21,80.10161590576172
2012-06-22,95.72090911865234
2012-06-23,71.66085815429688
2012-06-24,80.21955108642578
2012-06-25,135.90005493164062
2012-06-26,161.88095092773438
2012-06-27,66.7895278930664
2012-06-28,110.07904815673828
2012-06-29,79.81562042236328
2012-06-30,39.753395080566406
2012-07-01,13.00146198272705
2012-07-02,36.140865325927734
2012-07-03,73.115234375
2012-07-04,119.75125885009766
2012-07-05,98.94745635986328
2012-07-06,46.84214401245117
2012-07-07,44.62664031982422
2012-07-08,28.716270446777344
2012-07-09,70.26321411132812
2012-07-10,101.4813232421875
2012-07-11,89.3630599975586
2012-07-12,30.97182846069336
2012-07-13,64.4714584350586
2012-07-14,86.41719055175781
2012-07-15,82.38764190673828
2012-07-16,63.07394027709961
2012-07-17,186.42417907714844
2012-07-18,84.87403106689453
2012-07-19,208.41952514648438
2012-07-20,147.4272918701172
2012-07-21,52.097007751464844
2012-07-22,64.37371063232422
2012-07-23,93.14380645751953
2012-07-24,170.18356323242188
2012-07-25,149.57106018066406
2012-07-26,110.7713623046875
2012-07-27,93.87451171875
2012-07-28,78.2695083618164
2012-07-29,142.45523071289062
2012-07-30,66.46281433105469
2012-07-31,61.08432388305664
2012-08-01,42.65711212158203
2012-08-02,49.07982635498047
2012-08-03,98.68345642089844
2012-08-04,54.285552978515625
2012-08-05,79.41574096679688
2012-08-06,138.13841247558594
2012-08-07,110.57046508789062
2012-08-08,39.50204849243164
2012-08-09,93.87451171875
2012-08-10,101.92504119873047
2012-08-11,61.38236618041992
2012-08-12,89.25328063964844
2012-08-13,99.6190414428711
2012-08-14,108.72003936767578
2012-08-15,32.77787780761719
2012-08-16,66.04742431640625
2012-08-17,104.0116958618164
2012-08-18,52.26304626464844
2012-08-19,55.26980972290039
2012-08-20,88.45637512207031
2012-08-21,103.34590911865234
2012-08-22,136.1802520751953
2012-08-23,79.57521057128906
2012-08-24,65.8280029296875
2012-08-25,38.36249542236328
2012-08-26,79.89608001708984
2012-08-27,110.53961944580078
2012-08-28,34.579803466796875
2012-08-29,61.155025482177734
2012-08-30,97.95169067382812
2012-08-31,52.62743377685547
2012-09-01,54.03879928588867
2012-09-02,76.6507797241211
2012-09-03,76.46590423583984
2012-09-04,91.3863754272461
2012-09-05,96.25746154785156
2012-09-06,45.105560302734375
2012-09-07,88.48458862304688
2012-09-08,49.28912353515625
2012-09-09,65.93753051757812
2012-09-10,70.63896179199219
2012-09-11,63.27897262573242
2012-09-12,73.22330474853516
2012-09-13,68.73431396484375
2012-09-14,48.361087799072266
2012-09-15,27.38284683227539
2012-09-16,87.39735412597656
2012-09-17,34.94572830200195
2012-09-18,57.86383056640625
2012-09-19,30.22765350341797
2012-09-20,45.63987731933594
2012-09-21,85.498291015625
2012-09-22,28.081390380859375
2012-09-23,51.599552154541016
2012-09-24,34.3549690246582
2012-09-25,86.49067687988281
2012-09-26,65.24993133544922
2012-09-27,132.8922119140625
2012-09-28,59.801490783691406
2012-09-29,78.69480895996094
2012-09-30,79.09871673583984
2012-10-01,69.25025177001953
2012-10-02,117.94183349609375
2012-10-03,52.41859436035156
2012-10-04,68.66934204101562
2012-10-05,121.43551635742188
2012-10-06,46.18701171875
2012-10-07,26.15739631652832
2012-10-08,109.09994506835938
2012-10-09,71.87748718261719
2012-10-10,57.18391799926758
2012-10-11,79.01985168457031
2012-10-12,87.23245239257812
2012-10-13,47.68767166137695
2012-10-14,52.94382858276367
2012-10-15,124.61779022216797
2012-10-16,30.36663246154785
2012-10-17,112.78108978271484
2012-10-18,121.74640655517578
2012-10-19,135.84681701660156
2012-10-20,101.96000671386719
2012-10-21,38.03114700317383
2012-10-22,171.90426635742188
2012-10-23,95.1903076171875
2012-10-24,81.54003143310547
2012-10-25,89.68612670898438
2012-10-26,87.97300720214844
2012-10-27,76.2536849975586
2012-10-28,75.91658020019531
2012-10-29,129.84422302246094
2012-10-30,84.67618560791016
2012-10-31,128.52471923828125
2012-11-01,66.78202819824219
2012-11-02,71.22761535644531
2012-11-03,93.51847839355469
2012-11-04,86.09534454345703
2012-11-05,73.6588363647461
2012-11-06,104.96533966064453
2012-11-07,43.45225524902344
2012-11-08,43.69867706298828
2012-11-09,58.73782730102539
2012-11-10,48.52463912963867
2012-11-11,51.498966217041016
2012-11-12,91.3863754272461
2012-11-13,68.71986389160156
2012-11-14,90.7868423461914
2012-11-15,110.85698699951172
2012-11-16,128.05113220214844
2012-11-17,118.54666900634766
2012-11-18,101.43802642822266
2012-11-19,102.3462142944336
2012-11-20,108.14783477783203
2012-11-21,125.2083969116211
2012-11-22,142.65103149414062
2012-11-23,152.7108154296875
2012-11-24,68.60450744628906
2012-11-25,43.357173919677734
2012-11-26,118.69883728027344
2012-11-27,50.2899169921875
2012-11-28,95.72090911865234
2012-11-29,75.69905853271484
2012-11-30,88.42601013183594
2012-12-01,42.45472717285156
2012-12-02,66.71456909179688
2012-12-03,84.02980041503906
2012-12-04,105.43488311767578
2012-12-05,103.08405303955078
2012-12-06,48.51968765258789
2012-12-07,135.37228393554688
2012-12-08,61.04198455810547
2012-12-09,42.33809280395508
2012-12-10,51.199554443359375
2012-12-11,71.53150939941406
2012-12-12,123.74224090576172
2012-12-13,82.87804412841797
2012-12-14,125.27436065673828
2012-12-15,53.94072723388672
2012-12-16,51.00187301635742
2012-12-17,96.10075378417969
2012-12-18,136.0977325439453
2012-12-19,125.63368225097656
2012-12-20,54.697662353515625
2012-12-21,55.85405731201172
2012-12-22,53.806461334228516
2012-12-23,94.54641723632812
2012-12-24,146.77206420898438
2012-12-25,180.1293487548828
2012-12-26,61.958187103271484
2012-12-27,61.80908966064453
2012-12-28,126.14788055419922
2012-12-29,75.33927154541016
2012-12-30,76.2672348022461
2012-12-31,49.35050582885742
2013-01-01,137.02786254882812
2013-01-02,67.59239196777344
2013-01-03,119.1385269165039
2013-01-04,112.21649932861328
2013-01-05,83.93123626708984
2013-01-06,28.778833389282227
2013-01-07,123.12435913085938
2013-01-08,96.41960144042969
2013-01-09,132.98138427734375
2013-01-10,57.59950256347656
2013-01-11,101.94751739501953
2013-01-12,110.27249908447266
2013-01-13,69.67028045654297
2013-01-14,128.8311309814453
2013-01-15,194.48594665527344
2013-01-16,120.6021728515625
2013-01-17,131.84371948242188
2013-01-18,187.9115447998047
2013-01-19,137.47946166992188
2013-01-20,159.15042114257812
2013-01-21,130.6022491455078
2013-01-22,175.7916259765625
2013-01-23,90.26982879638672
2013-01-24,95.07786560058594
2013-01-25,124.22712707519531
2013-01-26,107.20050811767578
2013-01-27,111.00408172607422
2013-01-28,138.13841247558594
2013-01-29,41.02324676513672
2013-01-30,70.34636688232422
2013-01-31,17.83458709716797
2013-02-01,137.17015075683594
2013-02-02,53.64863204956055
2013-02-03,69.52360534667969
2013-02-04,86.79031372070312
2013-02-05,89.25328063964844
2013-02-06,122.31005096435547
2013-02-07,126.16509246826172
2013-02-08,126.60848236083984
2013-02-09,125.5199966430664
2013-02-10,139.63514709472656
2013-02-11,169.3523712158203
2013-02-12,102.705322265625
2013-02-13,80.81442260742188
2013-02-14,85.92466735839844
2013-02-15,90.47592163085938
2013-02-16,38.52766418457031
2013-02-17,65.52323913574219
2013-02-18,73.38603210449219
2013-02-19,86.6764144897461
2013-02-20,110.34176635742188
2013-02-21,12.052450180053711
2013-02-22,95.61431884765625
2013-02-23,52.05138397216797
2013-02-24,39.39210510253906
2013-02-25,57.71935272216797
2013-02-26,102.21625518798828
2013-02-27,95.03227233886719
2013-02-28,11.975960731506348
2013-03-01,42.42875289916992
2013-03-02,22.503381729125977
2013-03-03,40.437198638916016
2013-03-04,54.285552978515625
2013-03-05,73.38603210449219
2013-03-06,52.29999923706055
2013-03-07,94.94688415527344
2013-03-08,75.05389404296875
2013-03-09,35.509368896484375
2013-03-10,75.91658020019531
2013-03-11,99.31944274902344
2013-03-12,109.09994506835938
2013-03-13,66.86466217041016
2013-03-14,29.302318572998047
2013-03-15,62.17853927612305
2013-03-16,50.63261032104492
2013-03-17,55.03952407836914
2013-03-18,115.8726806640625
2013-03-19,70.09750366210938
2013-03-20,83.70065307617188
2013-03-21,53.350101470947266
2013-03-22,129.77261352539062
2013-03-23,39.1143798828125
2013-03-24,26.578439712524414
2013-03-25,89.13282775878906
2013-03-26,116.89810180664062
2013-03-27,160.3092803955078
2013-03-28,48.07819747924805
2013-03-29,124.77474212646484
2013-03-30,53.121253967285156
2013-03-31,27.92702865600586
2013-04-01,36.091487884521484
2013-04-02,25.50093650817871
2013-04-03,56.65833282470703
2013-04-04,80.16960906982422
2013-04-05,49.6064338684082
2013-04-06,43.78144073486328
2013-04-07,96.9249496459961
2013-04-08,80.98458099365234
2013-04-09,70.09750366210938
2013-04-10,63.8911018371582
2013-04-11,42.415775299072266
2013-04-12,44.727378845214844
2013-04-13,52.1884880065918
2013-04-14,0.0
2013-04-15,76.35540771484375
2013-04-16,144.45367431640625
2013-04-17,245.18765258789062
2013-04-18,88.56934356689453
2013-04-19,50.91762161254883
2013-04-20,91.39403533935547
2013-04-21,65.00730895996094
2013-04-22,137.2176513671875
2013-04-23,152.85031127929688
2013-04-24,111.56658935546875
2013-04-25,124.51100158691406
2013-04-26,91.14825439453125
2013-04-27,75.58243560791016
2013-04-28,106.52810668945312
2013-04-29,98.04611206054688
2013-04-30,90.92887115478516
2013-05-01,76.35540771484375
2013-05-02,76.6507797241211
2013-05-03,136.74415588378906
2013-05-04,81.54003143310547
2013-05-05,68.65636444091797
2013-05-06,139.14486694335938
2013-05-07,99.31944274902344
2013-05-08,46.18701171875
2013-05-09,80.3196029663086
2013-05-10,71.63495635986328
2013-05-11,73.63778686523438
2013-05-12,69.52360534667969
2013-05-13,110.84883117675781
2013-05-14,74.11805725097656
2013-05-15,59.169029235839844
2013-05-16,121.48123168945312
2013-05-17,138.20497131347656
2013-05-18,57.23347091674805
2013-05-19,90.2992172241211
2013-05-20,154.4437713623047
2013-05-21,90.92887115478516
2013-05-22,76.53236389160156
2013-05-23,136.11924743652344
2013-05-24,158.80255126953125
2013-05-25,129.83682250976562
2013-05-26,52.10842514038086
2013-05-27,126.00462341308594
2013-05-28,139.5982666015625
2013-05-29,95.8366470336914
2013-05-30,94.8957290649414
2013-05-31,59.5021858215332
2013-06-01,42.57200622558594
2013-06-02,51.00187301635742
2013-06-03,53.76995086669922
2013-06-04,73.20527648925781
2013-06-05,38.989036560058594
2013-06-06,101.15371704101562
2013-06-07,188.70693969726562
2013-06-08,90.0646743774414
2013-06-09,93.96991729736328
2013-06-10,120.59220886230469
2013-06-11,146.23046875
2013-06-12,76.79933166503906
2013-06-13,132.2207794189453
2013-06-14,62.308895111083984
2013-06-15,98.30314636230469
2013-06-16,69.08726501464844
2013-06-17,102.32699584960938
2013-06-18,99.07113647460938
2013-06-19,136.0977325439453
2013-06-20,94.17408752441406
2013-06-21,95.5079574584961
2013-06-22,33.89944839477539
2013-06-23,40.9384880065918
2013-06-24,125.46322631835938
2013-06-25,94.23108673095703
2013-06-26,104.58179473876953
2013-06-27,32.4716911315918
2013-06-28,42.887939453125
2013-06-29,12.42660903930664
2013-06-30,106.31375885009766
2013-07-01,114.6988525390625
2013-07-02,77.39933013916016
2013-07-03,48.38639450073242
2013-07-04,58.905174255371094
2013-07-05,33.87047576904297
2013-07-06,37.17491149902344
2013-07-07,30.36663246154785
2013-07-08,87.67357635498047
2013-07-09,111.50863647460938
2013-07-10,104.28540802001953
2013-07-11,70.6046371459961
2013-07-12,102.460205078125
2013-07-13,57.87992858886719
2013-07-14,71.47990417480469
2013-07-15,110.41363525390625
2013-07-16,75.33927154541016
2013-07-17,108.68563842773438
2013-07-18,25.97735595703125
2013-07-19,98.5782470703125
2013-07-20,55.8671875
2013-07-21,0.0
2013-07-22,77.81729125976562
2013-07-23,105.39482879638672
2013-07-24,65.63719177246094
2013-07-25,68.09012603759766
2013-07-26,68.40354919433594
2013-07-27,44.284671783447266
2013-07-28,146.4466094970703
2013-07-29,135.38272094726562
2013-07-30,82.21671295166016
2013-07-31,58.59721374511719
2013-08-01,65.45829772949219
2013-08-02,31.63948631286621
2013-08-03,87.39735412597656
2013-08-04,95.91950225830078
2013-08-05,70.4774398803711
2013-08-06,93.81736755371094
2013-08-07,182.08563232421875
2013-08-08,88.24424743652344
2013-08-09,117.81034851074219
2013-08-10,95.44425201416016
2013-08-11,28.841670989990234
2013-08-12,99.4690170288086
2013-08-13,78.31710052490234
2013-08-14,33.78384780883789
2013-08-15,63.02235412597656
2013-08-16,74.54562377929688
2013-08-17,77.02323913574219
2013-08-18,107.02128601074219
2013-08-19,159.71640014648438
2013-08-20,73.1827392578125
2013-08-21,82.87004852294922
2013-08-22,75.6793441772461
2013-08-23,164.3360137939453
2013-08-24,109.11624908447266
2013-08-25,83.25305938720703
2013-08-26,133.62196350097656
2013-08-27,202.4811553955078
2013-08-28,159.92112731933594
2013-08-29,179.8677215576172
2013-08-30,114.4008560180664
2013-08-31,208.5062713623047
2013-09-01,140.25515747070312
2013-09-02,46.34907150268555
2013-09-03,96.48362731933594
2013-09-04,66.79891967773438
2013-09-05,82.87804412841797
2013-09-06,129.5047607421875
2013-09-07,79.16643524169922
2013-09-08,48.03449249267578
2013-09-09,153.99659729003906
2013-09-10,74.86483764648438
2013-09-11,98.80512237548828
2013-09-12,95.07786560058594
2013-09-13,116.89810180664062
2013-09-14,41.726715087890625
2013-09-15,70.63896179199219
2013-09-16,109.16929626464844
2013-09-17,91.50147247314453
2013-09-18,102.58262634277344
2013-09-19,30.662687301635742
2013-09-20,73.758544921875
2013-09-21,74.40351104736328
2013-09-22,121.31159210205078
2013-09-23,228.06431579589844
2013-09-24,216.97576904296875
2013-09-25,104.4545669555664
2013-09-26,109.54206848144531
2013-09-27,84.94845581054688
2013-09-28,82.26547241210938
2013-09-29,55.50204086303711
2013-09-30,94.59918212890625
2013-10-01,147.98361206054688
2013-10-02,53.822113037109375
2013-10-03,43.168251037597656
2013-10-04,128.83995056152344
2013-10-05,41.6890869140625
2013-10-06,91.73253631591797
2013-10-07,203.2228546142578
2013-10-08,138.27662658691406
2013-10-09,53.26405334472656
2013-10-10,54.53457260131836
2013-10-11,55.73622131347656
2013-10-12,54.137229919433594
2013-10-13,26.958131790161133
2013-10-14,80.54563903808594
2013-10-15,119.15772247314453
2013-10-16,31.154447555541992
2013-10-17,63.446136474609375
2013-10-18,57.999935150146484
2013-10-19,44.157779693603516
2013-10-20,51.70052719116211
2013-10-21,119.75125885009766
2013-10-22,93.90628814697266
2013-10-23,96.06898498535156
2013-10-24,40.437198638916016
2013-10-25,57.93634033203125
2013-10-26,42.57200622558594
2013-10-27,96.9249496459961
2013-10-28,100.48709106445312
2013-10-29,82.04649353027344
2013-10-30,111.94478607177734
2013-10-31,106.74331665039062
2013-11-01,64.4714584350586
2013-11-02,104.93516540527344
2013-11-03,88.56934356689453
2013-11-04,36.744049072265625
2013-11-05,68.09012603759766
2013-11-06,55.90471267700195
2013-11-07,56.55821228027344
2013-11-08,43.69179153442383
2013-11-09,92.9427261352539
2013-11-10,13.96351432800293
2013-11-11,72.87992095947266
2013-11-12,23.930227279663086
2013-11-13,22.56745719909668
2013-11-14,79.33625030517578
2013-11-15,51.88911056518555
2013-11-16,29.69758415222168
2013-11-17,54.36001968383789
2013-11-18,46.12250518798828
2013-11-19,85.33258819580078
2013-11-20,58.970916748046875
2013-11-21,43.370731353759766
2013-11-22,55.50204086303711
2013-11-23,23.483530044555664
2013-11-24,39.15855026245117
2013-11-25,17.730854034423828
2013-11-26,97.12857055664062
2013-11-27,42.068424224853516
2013-11-28,21.607664108276367
2013-11-29,55.90471267700195
2013-11-30,19.070478439331055
2013-12-01,0.0
2013-12-02,9.408465385437012
2013-12-03,94.59918212890625
2013-12-04,95.03227233886719
2013-12-05,31.723068237304688
2013-12-06,56.87614440917969
2013-12-07,44.41229248046875
2013-12-08,88.23129272460938
2013-12-09,35.038421630859375
2013-12-10,56.86740493774414
2013-12-11,15.838711738586426
2013-12-12,42.33809280395508
2013-12-13,15.027854919433594
2013-12-14,51.498966217041016
2013-12-15,40.35484313964844
2013-12-16,0.0
2013-12-17,137.0634002685547
2013-12-18,124.93207550048828
2013-12-19,80.54563903808594
2013-12-20,70.56349182128906
2013-12-21,67.32662963867188
2013-12-22,70.8663330078125
2013-12-23,42.068424224853516
2013-12-24,80.54563903808594
2013-12-25,158.51382446289062
2013-12-26,135.8570556640625
2013-12-27,99.76952362060547
2013-12-28,128.663818359375
2013-12-29,60.7332649230957
2013-12-30,34.22146224975586
2013-12-31,158.26060485839844
2014-01-01,178.90951538085938
2014-01-02,90.97441101074219
2014-01-03,97.99321746826172
2014-01-04,57.18391799926758
2014-01-05,101.6114273071289
2014-01-06,137.5988006591797
2014-01-07,165.11856079101562
2014-01-08,154.54446411132812
2014-01-09,74.8991470336914
2014-01-10,96.36549377441406
2014-01-11,47.94731521606445
2014-01-12,14.08260726928711
2014-01-13,121.66630554199219
2014-01-14,78.31710052490234
2014-01-15,79.57521057128906
2014-01-16,47.12864303588867
2014-01-17,76.17926788330078
2014-01-18,59.93414306640625
2014-01-19,103.42996978759766
2014-01-20,110.58168029785156
2014-01-21,129.32363891601562
2014-01-22,77.39933013916016
2014-01-23,54.2484016418457
2014-01-24,73.14222717285156
2014-01-25,74.28014373779297
2014-01-26,84.31585693359375
2014-01-27,143.3735809326172
2014-01-28,42.94371032714844
2014-01-29,47.00884246826172
2014-01-30,32.439796447753906
2014-01-31,37.74138641357422
2014-02-01,18.295684814453125
2014-02-02,87.28734588623047
2014-02-03,87.8030776977539
2014-02-04,86.22379302978516
2014-02-05,87.11290740966797
2014-02-06,26.821290969848633
2014-02-07,52.89839553833008
2014-02-08,36.96684265136719
2014-02-09,78.16263580322266
2014-02-10,73.59044647216797
2014-02-11,81.54003143310547
2014-02-12,31.753570556640625
2014-02-13,61.09217071533203
2014-02-14,50.638771057128906
2014-02-15,59.39516830444336
2014-02-16,37.958290100097656
2014-02-17,63.102638244628906
2014-02-18,86.22379302978516
2014-02-19,56.51980209350586
2014-02-20,81.54003143310547
2014-02-21,74.96870422363281
2014-02-22,11.53666877746582
2014-02-23,51.199554443359375
2014-02-24,77.80455780029297
2014-02-25,90.02747344970703
2014-02-26,39.69196319580078
2014-02-27,72.29071807861328
2014-02-28,59.5021858215332
2014-03-01,75.51596069335938
2014-03-02,79.89608001708984
2014-03-03,188.45054626464844
2014-03-04,112.21649932861328
2014-03-05,64.3580322265625
2014-03-06,61.09217071533203
2014-03-07,131.8019561767578
2014-03-08,30.921077728271484
2014-03-09,27.348831176757812
2014-03-10,56.774288177490234
2014-03-11,97.12857055664062
2014-03-12,100.658447265625
2014-03-13,58.62197494506836
2014-03-14,78.54288482666016
2014-03-15,66.96052551269531
2014-03-16,94.16130065917969
2014-03-17,101.09300231933594
2014-03-18,35.17838668823242
2014-03-19,93.90628814697266
2014-03-20,54.93778610229492
2014-03-21,80.63504028320312
2014-03-22,5.971738338470459
2014-03-23,64.87959289550781
2014-03-24,117.29734802246094
2014-03-25,52.55763626098633
2014-03-26,108.14783477783203
2014-03-27,45.06159591674805
2014-03-28,82.00019073486328
2014-03-29,58.242881774902344
2014-03-30,66.44610595703125
2014-03-31,34.22146224975586
2014-04-01,86.11138153076172
2014-04-02,58.12754821777344
2014-04-03,56.09123611450195
2014-04-04,96.47376251220703
2014-04-05,48.209800720214844
2014-04-06,12.95047664642334
2014-04-07,43.682159423828125
2014-04-08,66.04742431640625
2014-04-09,81.13934326171875
2014-04-10,52.21140670776367
2014-04-11,37.69830322265625
2014-04-12,43.74001693725586
2014-04-13,26.36623764038086
2014-04-14,62.308895111083984
2014-04-15,60.27796173095703
2014-04-16,119.50679779052734
2014-04-17,55.03952407836914
2014-04-18,43.11189651489258
2014-04-19,18.692668914794922
2014-04-20,27.51976203918457
2014-04-21,99.6190414428711
2014-04-22,121.10247039794922
2014-04-23,65.39349365234375
2014-04-24,39.94804000854492
2014-04-25,94.01768493652344
2014-04-26,31.154447555541992
2014-04-27,67.81049346923828
2014-04-28,46.381622314453125
2014-04-29,83.60433959960938
2014-04-30,94.691650390625
2014-05-01,52.62743377685547
2014-05-02,44.080596923828125
2014-05-03,115.98572540283203
2014-05-04,103.8073501586914
2014-05-05,45.487205505371094
2014-05-06,124.78595733642578
2014-05-07,23.988168716430664
2014-05-08,55.32768630981445
2014-05-09,137.44808959960938
2014-05-10,56.504451751708984
2014-05-11,94.16130065917969
2014-05-12,74.84127807617188
2014-05-13,78.73202514648438
2014-05-14,105.43488311767578
2014-05-15,66.71456909179688
2014-05-16,82.93626403808594
2014-05-17,37.07058334350586
2014-05-18,53.916263580322266
2014-05-19,103.19910430908203
2014-05-20,34.444549560546875
2014-05-21,113.35370635986328
2014-05-22,64.75238037109375
2014-05-23,139.12429809570312
2014-05-24,56.88294982910156
2014-05-25,117.47565460205078
2014-05-26,32.32337188720703
2014-05-27,68.49362182617188
2014-05-28,64.12371826171875
2014-05-29,114.61592864990234
2014-05-30,38.045753479003906
2014-05-31,54.186580657958984
2014-06-01,55.50204086303711
2014-06-02,38.06768035888672
2014-06-03,109.3779067993164
2014-06-04,88.2772445678711
2014-06-05,138.9010009765625
2014-06-06,49.28912353515625
2014-06-07,17.850656509399414
2014-06-08,55.73622131347656
2014-06-09,75.69905853271484
2014-06-10,126.85164642333984
2014-06-11,153.97560119628906
2014-06-12,107.94268035888672
2014-06-13,102.55811309814453
2014-06-14,118.36457061767578
2014-06-15,78.4721908569336
2014-06-16,159.87274169921875
2014-06-17,228.35545349121094
2014-06-18,189.41281127929688
2014-06-19,110.9492416381836
2014-06-20,158.33287048339844
2014-06-21,85.69638061523438
2014-06-22,54.697662353515625
2014-06-23,101.04613494873047
2014-06-24,146.41055297851562
2014-06-25,125.80462646484375
2014-06-26,84.92745208740234
2014-06-27,125.17349243164062
2014-06-28,88.5354232788086
2014-06-29,75.74246215820312
2014-06-30,111.78690338134766
2014-07-01,106.79310607910156
2014-07-02,118.50614166259766
2014-07-03,99.96367645263672
2014-07-04,45.866268157958984
2014-07-05,95.16919708251953
2014-07-06,30.22765350341797
2014-07-07,175.16477966308594
2014-07-08,143.7652130126953
2014-07-09,96.77278900146484
2014-07-10,68.09012603759766
2014-07-11,82.3720703125
2014-07-12,89.86044311523438
2014-07-13,115.61912536621094
2014-07-14,200.75205993652344
2014-07-15,67.48140716552734
2014-07-16,130.9490509033203
2014-07-17,143.58135986328125
2014-07-18,241.7320098876953
2014-07-19,144.95140075683594
2014-07-20,115.8726806640625
2014-07-21,93.61052703857422
2014-07-22,106.38511657714844
2014-07-23,102.33808135986328
2014-07-24,101.16673278808594
2014-07-25,127.30229187011719
2014-07-26,63.81393814086914
2014-07-27,146.77206420898438
2014-07-28,158.91110229492188
2014-07-29,164.88954162597656
2014-07-30,112.9015884399414
2014-07-31,103.41455078125
2014-08-01,142.8910675048828
2014-08-02,46.889652252197266
2014-08-03,43.262508392333984
2014-08-04,192.68292236328125
2014-08-05,210.28125
2014-08-06,125.56544494628906
2014-08-07,128.17422485351562
2014-08-08,105.87133026123047
2014-08-09,119.6283187866211
2014-08-10,87.86797332763672
2014-08-11,158.51382446289062
2014-08-12,131.3443145751953
2014-08-13,95.72090911865234
2014-08-14,56.75396728515625
2014-08-15,84.78488159179688
2014-08-16,40.15040969848633
2014-08-17,57.68334197998047
2014-08-18,73.50270080566406
2014-08-19,140.0679473876953
2014-08-20,145.3588409423828
2014-08-21,214.29058837890625
2014-08-22,92.43278503417969
2014-08-23,82.87804412841797
2014-08-24,39.94804000854492
2014-08-25,167.08425903320312
2014-08-26,81.54003143310547
2014-08-27,138.3192138671875
2014-08-28,72.02554321289062
2014-08-29,84.78488159179688
2014-08-30,78.23979187011719
2014-08-31,96.5202407836914
2014-09-01,139.7829132080078
2014-09-02,139.5368194580078
2014-09-03,133.59783935546875
2014-09-04,133.7293243408203
2014-09-05,85.31422424316406
2014-09-06,95.54781341552734
2014-09-07,84.5213851928711
2014-09-08,128.2474365234375
2014-09-09,118.69883728027344
2014-09-10,155.88833618164062
2014-09-11,76.23522186279297
2014-09-12,171.5517578125
2014-09-13,76.18602752685547
2014-09-14,139.71571350097656
2014-09-15,136.98724365234375
2014-09-16,140.3507843017578
2014-09-17,189.44503784179688
2014-09-18,96.9249496459961
2014-09-19,90.7868423461914
2014-09-20,91.30980682373047
2014-09-21,79.57521057128906
2014-09-22,141.93572998046875
2014-09-23,182.98098754882812
2014-09-24,161.84317016601562
2014-09-25,103.73941040039062
2014-09-26,163.08006286621094
2014-09-27,111.00408172607422
2014-09-28,93.21208953857422
2014-09-29,109.3779067993164
2014-09-30,59.046226501464844
2014-10-01,41.53926086425781
2014-10-02,64.61161041259766
2014-10-03,96.25746154785156
2014-10-04,77.84375
2014-10-05,62.902313232421875
2014-10-06,126.66629028320312
2014-10-07,71.3597640991211
2014-10-08,76.88874053955078
2014-10-09,54.64109802246094
2014-10-10,98.5782470703125
2014-10-11,13.506630897521973
2014-10-12,27.29232406616211
2014-10-13,66.2366714477539
2014-10-14,43.79802703857422
2014-10-15,62.089237213134766
2014-10-16,34.186038970947266
2014-10-17,86.24256134033203
2014-10-18,76.28191375732422
2014-10-19,51.10052490234375
2014-10-20,50.41788101196289
2014-10-21,64.59406280517578
2014-10-22,78.2552490234375
2014-10-23,114.45526885986328
2014-10-24,87.42739868164062
2014-10-25,99.22618103027344
2014-10-26,50.13087463378906
2014-10-27,142.0374755859375
2014-10-28,101.89645385742188
2014-10-29,83.71029663085938
2014-10-30,95.72090911865234
2014-10-31,97.0188217163086
2014-11-01,131.718505859375
2014-11-02,51.199554443359375
2014-11-03,47.4478645324707
2014-11-04,93.68428802490234
2014-11-05,81.08500671386719
2014-11-06,13.632080078125
2014-11-07,71.94709014892578
2014-11-08,23.73672103881836
2014-11-09,93.77930450439453
2014-11-10,67.29723358154297
2014-11-11,81.31694030761719
2014-11-12,35.22529220581055
2014-11-13,14.436595916748047
2014-11-14,84.22626495361328
2014-11-15,67.14617919921875
2014-11-16,12.775131225585938
2014-11-17,100.83576202392578
2014-11-18,104.5605697631836
2014-11-19,103.94873046875
2014-11-20,82.04649353027344
2014-11-21,88.16119384765625
2014-11-22,41.87789535522461
2014-11-23,89.08130645751953
2014-11-24,127.0142822265625
2014-11-25,105.81697082519531
2014-11-26,140.7135467529297
2014-11-27,88.60020446777344
2014-11-28,115.29475402832031
2014-11-29,65.26425170898438
2014-11-30,115.8726806640625
2014-12-01,52.170162200927734
2014-12-02,144.76148986816406
2014-12-03,48.0927848815918
2014-12-04,103.30670928955078
2014-12-05,70.09750366210938
2014-12-06,45.28226852416992
2014-12-07,62.66359329223633
2014-12-08,123.36444091796875
2014-12-09,110.50405883789062
2014-12-10,173.59149169921875
2014-12-11,122.18434143066406
2014-12-12,80.99461364746094
2014-12-13,112.05029296875
2014-12-14,108.27445983886719
2014-12-15,102.71761322021484
2014-12-16,102.90675354003906
2014-12-17,131.929931640625
2014-12-18,111.94478607177734
2014-12-19,106.52810668945312
2014-12-20,90.66700744628906
2014-12-21,136.4616241455078
2014-12-22,95.10829162597656
2014-12-23,82.43048095703125
2014-12-24,123.26113891601562
2014-12-25,21.942665100097656
2014-12-26,167.51158142089844
2014-12-27,65.3011245727539
2014-12-28,16.308006286621094
2014-12-29,79.41574096679688
2014-12-30,69.40184783935547
2014-12-31,62.308895111083984
2015-01-01,49.56654739379883
2015-01-02,117.18091583251953
2015-01-03,60.87320327758789
2015-01-04,16.42970848083496
2015-01-05,111.56658935546875
2015-01-06,104.68611907958984
2015-01-07,92.3740234375
2015-01-08,232.1667022705078
2015-01-09,112.9015884399414
2015-01-10,228.22669982910156
2015-01-11,103.19910430908203
2015-01-12,240.57008361816406
2015-01-13,259.009521484375
2015-01-14,151.0614471435547
2015-01-15,257.6064147949219
2015-01-16,258.1163635253906
2015-01-17,156.9443817138672
2015-01-18,109.04056549072266
2015-01-19,130.7869873046875
2015-01-20,250.92645263671875
2015-01-21,189.17694091796875
2015-01-22,136.02444458007812
2015-01-23,124.3245620727539
2015-01-24,123.39244079589844
2015-01-25,141.5301971435547
2015-01-26,200.75205993652344
2015-01-27,126.49301147460938
2015-01-28,197.5410614013672
2015-01-29,89.96244049072266
2015-01-30,107.02128601074219
2015-01-31,66.64725494384766
2015-02-01,97.6070327758789
2015-02-02,121.00291442871094
2015-02-03,190.78347778320312
2015-02-04,51.66682815551758
2015-02-05,59.43525695800781
2015-02-06,161.88095092773438
2015-02-07,132.34693908691406
2015-02-08,113.87487030029297
2015-02-09,61.7265625
2015-02-10,95.58238220214844
2015-02-11,136.00498962402344
2015-02-12,116.38312530517578
2015-02-13,77.33890533447266
2015-02-14,86.90451049804688
2015-02-15,98.78888702392578
2015-02-16,166.07669067382812
2015-02-17,151.83316040039062
2015-02-18,171.32925415039062
2015-02-19,158.51382446289062
2015-02-20,128.40325927734375
2015-02-21,45.68497848510742
2015-02-22,97.33305358886719
2015-02-23,162.57827758789062
2015-02-24,130.0511932373047
2015-02-25,96.48362731933594
2015-02-26,58.32002258300781
2015-02-27,97.48697662353516
2015-02-28,32.12423324584961
2015-03-01,59.2353630065918
2015-03-02,28.674713134765625
2015-03-03,105.11527252197266
2015-03-04,125.56544494628906
2015-03-05,84.97329711914062
2015-03-06,93.57368469238281
2015-03-07,37.209815979003906
2015-03-08,71.47990417480469
2015-03-09,29.8407039642334
2015-03-10,62.646610260009766
2015-03-11,77.80455780029297
2015-03-12,112.30168151855469
2015-03-13,63.66017150878906
2015-03-14,70.18854522705078
2015-03-15,90.47592163085938
2015-03-16,99.0216293334961
2015-03-17,46.18701171875
2015-03-18,69.34112548828125
2015-03-19,39.31394577026367
2015-03-20,90.36339569091797
2015-03-21,49.55326843261719
2015-03-22,39.31394577026367
2015-03-23,39.19728469848633
2015-03-24,90.97441101074219
2015-03-25,100.48709106445312
2015-03-26,120.86180877685547
2015-03-27,215.19210815429688
2015-03-28,117.15729522705078
2015-03-29,128.74742126464844
2015-03-30,78.62789154052734
2015-03-31,63.07394027709961
2015-04-01,112.53166198730469
2015-04-02,146.4466094970703
2015-04-03,112.26191711425781
2015-04-04,94.35346984863281
2015-04-05,128.99888610839844
2015-04-06,148.18333435058594
2015-04-07,70.26321411132812
2015-04-08,143.77671813964844
2015-04-09,138.23880004882812
2015-04-10,86.59376525878906
2015-04-11,63.98566436767578
2015-04-12,52.83794403076172
2015-04-13,78.98047637939453
2015-04-14,83.95858764648438
2015-04-15,134.79066467285156
2015-04-16,97.43561553955078
2015-04-17,94.80491638183594
2015-04-18,43.69179153442383
2015-04-19,104.0116958618164
2015-04-20,60.966854095458984
2015-04-21,107.3941879272461
2015-04-22,70.92341613769531
2015-04-23,35.81747817993164
2015-04-24,183.9093017578125
2015-04-25,60.111419677734375
2015-04-26,52.21140670776367
2015-04-27,85.28362274169922
2015-04-28,27.51976203918457
2015-04-29,93.15574645996094
2015-04-30,49.07982635498047
2015-05-01,38.00196838378906
2015-05-02,37.56964111328125
2015-05-03,62.42668151855469
2015-05-04,64.96468353271484
2015-05-05,39.66812515258789
2015-05-06,108.4225845336914
2015-05-07,67.85694122314453
2015-05-08,55.6356201171875
2015-05-09,53.7595329284668
2015-05-10,65.52323913574219
2015-05-11,72.01432800292969
2015-05-12,35.41416931152344
2015-05-13,100.34829711914062
2015-05-14,73.54946899414062
2015-05-15,74.30335998535156
2015-05-16,85.03960418701172
2015-05-17,89.42591094970703
2015-05-18,81.28913879394531
2015-05-19,138.71026611328125
2015-05-20,58.671573638916016
2015-05-21,37.74138641357422
2015-05-22,92.43278503417969
2015-05-23,107.3941879272461
2015-05-24,111.94478607177734
2015-05-25,111.10781860351562
2015-05-26,42.61124038696289
2015-05-27,92.24501037597656
2015-05-28,37.14703369140625
2015-05-29,71.10369110107422
2015-05-30,60.80315399169922
2015-05-31,55.85405731201172
2015-06-01,154.04647827148438
2015-06-02,60.13422775268555
2015-06-03,142.0374755859375
2015-06-04,97.84803771972656
2015-06-05,65.97412109375
2015-06-06,36.57111358642578
2015-06-07,86.33650207519531
2015-06-08,40.770015716552734
2015-06-09,76.13536071777344
2015-06-10,26.41897201538086
2015-06-11,21.918394088745117
2015-06-12,45.2896614074707
2015-06-13,59.703887939453125
2015-06-14,51.599552154541016
2015-06-15,84.00308990478516
2015-06-16,100.20988464355469
2015-06-17,79.681884765625
2015-06-18,100.83576202392578
2015-06-19,48.151222229003906
2015-06-20,160.16119384765625
2015-06-21,121.80877685546875
2015-06-22,116.99222564697266
2015-06-23,88.45637512207031
2015-06-24,75.16065216064453
2015-06-25,67.1668701171875
2015-06-26,89.3630599975586
2015-06-27,109.04056549072266
2015-06-28,95.91950225830078
2015-06-29,178.50656127929688
2015-06-30,173.12562561035156
2015-07-01,96.8910903930664
2015-07-02,87.96549224853516
2015-07-03,57.79149627685547
2015-07-04,63.5944938659668
2015-07-05,128.2474365234375
2015-07-06,65.39349365234375
2015-07-07,86.6511459350586
2015-07-08,37.903831481933594
2015-07-09,21.918394088745117
2015-07-10,82.35340118408203
2015-07-11,61.94365692138672
2015-07-12,97.95169067382812
2015-07-13,92.01653289794922
2015-07-14,19.283918380737305
2015-07-15,35.27232360839844
2015-07-16,21.99137306213379
2015-07-17,134.62904357910156
2015-07-18,79.09871673583984
2015-07-19,70.26321411132812
2015-07-20,108.6306381225586
2015-07-21,178.50656127929688
2015-07-22,148.12747192382812
2015-07-23,41.64402770996094
2015-07-24,142.30751037597656
2015-07-25,143.75497436523438
2015-07-26,164.37142944335938
2015-07-27,209.4993438720703
2015-07-28,148.4211883544922
2015-07-29,37.958290100097656
2015-07-30,43.972984313964844
2015-07-31,72.0517349243164
2015-08-01,103.6976547241211
2015-08-02,86.6764144897461
2015-08-03,11.348355293273926
2015-08-04,77.31304168701172
2015-08-05,87.28734588623047
2015-08-06,88.2772445678711
2015-08-07,62.902313232421875
2015-08-08,40.32199478149414
2015-08-09,92.80668640136719
2015-08-10,66.49069213867188
2015-08-11,78.74507141113281
2015-08-12,135.97999572753906
2015-08-13,155.51333618164062
2015-08-14,64.30208587646484
2015-08-15,15.895891189575195
2015-08-16,56.81499099731445
2015-08-17,56.06742477416992
2015-08-18,93.46334075927734
2015-08-19,115.8726806640625
2015-08-20,19.171966552734375
2015-08-21,34.39970016479492
2015-08-22,93.02454376220703
2015-08-23,82.55928039550781
2015-08-24,72.12667846679688
2015-08-25,92.6981430053711
2015-08-26,88.72042846679688
2015-08-27,111.07588195800781
2015-08-28,28.757951736450195
2015-08-29,59.810089111328125
2015-08-30,38.47422790527344
2015-08-31,42.13551712036133
2015-09-01,32.01006317138672
2015-09-02,56.61207580566406
2015-09-03,68.17799377441406
2015-09-04,40.71974563598633
2015-09-05,68.24647521972656
2015-09-06,68.65636444091797
2015-09-07,67.05322265625
2015-09-08,127.39118194580078
2015-09-09,163.8251953125
2015-09-10,89.80490112304688
2015-09-11,126.40655517578125
2015-09-12,90.16712951660156
2015-09-13,49.01478958129883
2015-09-14,89.65714263916016
2015-09-15,144.96005249023438
2015-09-16,43.79802703857422
2015-09-17,71.27420043945312
2015-09-18,79.67120361328125
2015-09-19,86.69709777832031
2015-09-20,56.64444351196289
2015-09-21,57.43254089355469
2015-09-22,131.718505859375
2015-09-23,57.00764465332031
2015-09-24,61.510990142822266
2015-09-25,85.47313690185547
2015-09-26,67.95002746582031
2015-09-27,117.56014251708984
2015-09-28,41.74932098388672
2015-09-29,71.21015930175781
2015-09-30,84.13684844970703
2015-10-01,139.70077514648438
2015-10-02,205.4808807373047
2015-10-03,70.33804321289062
2015-10-04,108.98915100097656
2015-10-05,132.0948486328125
2015-10-06,171.4345703125
2015-10-07,118.22331237792969
2015-10-08,81.54003143310547
2015-10-09,137.91806030273438
2015-10-10,140.52642822265625
2015-10-11,106.52810668945312
2015-10-12,93.02454376220703
2015-10-13,89.37405395507812
2015-10-14,122.63447570800781
2015-10-15,56.04024124145508
2015-10-16,81.74186706542969
2015-10-17,102.09471130371094
2015-10-18,60.81714630126953
2015-10-19,74.2105941772461
2015-10-20,99.92046356201172
2015-10-21,77.80455780029297
2015-10-22,61.01378631591797
2015-10-23,90.16712951660156
2015-10-24,146.19873046875
2015-10-25,80.54563903808594
2015-10-26,83.60433959960938
2015-10-27,39.43130111694336
2015-10-28,110.22035217285156
2015-10-29,54.649173736572266
2015-10-30,91.22572326660156
2015-10-31,105.35172271728516
2015-11-01,66.31267547607422
2015-11-02,149.42857360839844
2015-11-03,48.28028106689453
2015-11-04,146.56849670410156
2015-11-05,72.314697265625
2015-11-06,110.07904815673828
2015-11-07,128.32070922851562
2015-11-08,103.19910430908203
2015-11-09,61.4394645690918
2015-11-10,103.93728637695312
2015-11-11,75.3750991821289
2015-11-12,43.98274612426758
2015-11-13,73.6588363647461
2015-11-14,181.1586456298828
2015-11-15,220.5665283203125
2015-11-16,401.5041198730469
2015-11-17,551.2011108398438
2015-11-18,520.6658325195312
2015-11-19,384.09375
2015-11-20,329.0618896484375
2015-11-21,273.61419677734375
2015-11-22,335.8343505859375
2015-11-23,236.25050354003906
2015-11-24,334.66656494140625
2015-11-25,394.968017578125
2015-11-26,206.9370880126953
2015-11-27,300.629638671875
2015-11-28,105.09382629394531
2015-11-29,132.68455505371094
2015-11-30,109.91251373291016
2015-12-01,223.39572143554688
2015-12-02,265.2874450683594
2015-12-03,222.7180633544922
2015-12-04,210.61041259765625
2015-12-05,274.86077880859375
2015-12-06,218.4447784423828
2015-12-07,308.43402099609375
2015-12-08,298.46502685546875
2015-12-09,240.50885009765625
2015-12-10,236.75839233398438
2015-12-11,207.69631958007812
2015-12-12,140.52642822265625
2015-12-13,108.4968032836914
2015-12-14,175.9884490966797
2015-12-15,212.72943115234375
2015-12-16,179.52806091308594
2015-12-17,194.9739532470703
2015-12-18,196.62290954589844
2015-12-19,120.08622741699219
2015-12-20,186.25088500976562
2015-12-21,207.15982055664062
2015-12-22,194.25714111328125
2015-12-23,90.47592163085938
2015-12-24,137.1591796875
2015-12-25,240.65863037109375
2015-12-26,184.64871215820312
2015-12-27,186.57464599609375
2015-12-28,160.7645263671875
2015-12-29,128.2474365234375
2015-12-30,203.2228546142578
2015-12-31,69.8914566040039
2016-01-01,315.87896728515625
2016-01-02,84.27103424072266
2016-01-03,193.30953979492188
2016-01-04,138.48654174804688
2016-01-05,129.70037841796875
2016-01-06,175.6061553955078
2016-01-07,116.89810180664062
2016-01-08,162.41171264648438
2016-01-09,63.05243682861328
2016-01-10,86.14881896972656
2016-01-11,52.753536224365234
2016-01-12,67.49372100830078
2016-01-13,80.6549301147461
2016-01-14,141.76846313476562
2016-01-15,129.67425537109375
2016-01-16,131.32235717773438
2016-01-17,122.05889892578125
2016-01-18,102.13519287109375
2016-01-19,99.31944274902344
2016-01-20,228.9644012451172
2016-01-21,131.3940887451172
2016-01-22,97.25859069824219
2016-01-23,78.72160339355469
2016-01-24,93.46334075927734
2016-01-25,30.959732055664062
2016-01-26,92.30230712890625
2016-01-27,81.9737548828125
2016-01-28,59.578861236572266
2016-01-29,69.8914566040039
2016-01-30,40.42070007324219
2016-01-31,40.602928161621094
2016-02-01,101.76799011230469
2016-02-02,103.19910430908203
2016-02-03,87.33544158935547
2016-02-04,122.63447570800781
2016-02-05,135.0026092529297
2016-02-06,113.59507751464844
2016-02-07,109.85018920898438
2016-02-08,82.43048095703125
2016-02-09,58.02116394042969
2016-02-10,79.2173080444336
2016-02-11,141.732666015625
2016-02-12,158.7254638671875
2016-02-13,64.43651580810547
2016-02-14,130.07151794433594
2016-02-15,86.33650207519531
2016-02-16,149.864501953125
2016-02-17,138.63027954101562
2016-02-18,136.83859252929688
2016-02-19,228.91920471191406
2016-02-20,89.47311401367188
2016-02-21,108.4968032836914
2016-02-22,156.510498046875
2016-02-23,187.3685760498047
2016-02-24,110.24607849121094
2016-02-25,61.3986701965332
2016-02-26,96.65476989746094
2016-02-27,33.69766616821289
2016-02-28,135.34307861328125
2016-02-29,75.79212188720703
2016-03-01,108.11334991455078
2016-03-02,57.59950256347656
2016-03-03,117.7800521850586
2016-03-04,44.86917495727539
2016-03-05,83.60433959960938
2016-03-06,38.62422561645508
2016-03-07,20.607620239257812
2016-03-08,136.98724365234375
2016-03-09,73.1827392578125
2016-03-10,56.937435150146484
2016-03-11,62.81684112548828
2016-03-12,63.736961364746094
2016-03-13,48.0927848815918
2016-03-14,212.6951141357422
2016-03-15,121.08694458007812
2016-03-16,104.83718872070312
2016-03-17,75.24390411376953
2016-03-18,121.50643920898438
2016-03-19,66.04742431640625
2016-03-20,121.31159210205078
2016-03-21,132.50254821777344
2016-03-22,104.68611907958984
2016-03-23,366.9301452636719
2016-03-24,241.2311553955078
2016-03-25,195.98643493652344
2016-03-26,96.86955261230469
2016-03-27,113.59507751464844
2016-03-28,243.76026916503906
2016-03-29,285.8312072753906
2016-03-30,135.52822875976562
2016-03-31,130.8733673095703
2016-04-01,182.2596435546875
2016-04-02,75.62682342529297
2016-04-03,118.6480712890625
2016-04-04,100.26174926757812
2016-04-05,128.53541564941406
2016-04-06,117.18091583251953
2016-04-07,71.30625915527344
2016-04-08,50.54650115966797
2016-04-09,64.59406280517578
2016-04-10,69.37754821777344
2016-04-11,122.16864776611328
2016-04-12,89.5221176147461
2016-04-13,64.93427276611328
2016-04-14,61.3986701965332
2016-04-15,65.63719177246094
2016-04-16,68.26607513427734
2016-04-17,71.01873779296875
2016-04-18,57.93634033203125
2016-04-19,84.67618560791016
2016-04-20,102.18307495117188
2016-04-21,120.9319076538086
2016-04-22,89.98286437988281
2016-04-23,64.59406280517578
2016-04-24,130.07151794433594
2016-04-25,106.70020294189453
2016-04-26,100.07186126708984
2016-04-27,88.72042846679688
2016-04-28,79.15137481689453
2016-04-29,60.12119674682617
2016-04-30,103.44778442382812
2016-05-01,112.1824722290039
2016-05-02,58.242881774902344
2016-05-03,131.6896514892578
2016-05-04,171.90426635742188
2016-05-05,69.00477600097656
2016-05-06,91.61685943603516
2016-05-07,58.59721374511719
2016-05-08,29.684236526489258
2016-05-09,84.27103424072266
2016-05-10,51.84256362915039
2016-05-11,124.20423126220703
2016-05-12,119.41815948486328
2016-05-13,79.15137481689453
2016-05-14,41.64402770996094
2016-05-15,43.643672943115234
2016-05-16,51.279056549072266
2016-05-17,51.84256362915039
2016-05-18,73.69308471679688
2016-05-19,82.90471649169922
2016-05-20,164.00038146972656
2016-05-21,119.50679779052734
2016-05-22,152.3106231689453
2016-05-23,158.26060485839844
2016-05-24,97.68106079101562
2016-05-25,70.4774398803711
2016-05-26,82.44477081298828
2016-05-27,47.99958419799805
2016-05-28,66.46281433105469
2016-05-29,59.771427154541016
2016-05-30,57.80956268310547
2016-05-31,126.60848236083984
2016-06-01,140.74032592773438
2016-06-02,141.5301971435547
2016-06-03,151.74136352539062
2016-06-04,34.85352325439453
2016-06-05,47.516136169433594
2016-06-06,134.79066467285156
2016-06-07,78.98047637939453
2016-06-08,71.98629760742188
2016-06-09,75.2677230834961
2016-06-10,44.2677116394043
2016-06-11,48.32738494873047
2016-06-12,16.308006286621094
2016-06-13,134.3687744140625
2016-06-14,195.4674530029297
2016-06-15,129.30972290039062
2016-06-16,111.1597671508789
2016-06-17,125.97602081298828
2016-06-18,117.80158996582031
2016-06-19,147.75711059570312
2016-06-20,85.22248077392578
2016-06-21,100.83576202392578
2016-06-22,108.72003936767578
2016-06-23,63.91686248779297
2016-06-24,70.94245910644531
2016-06-25,54.32808303833008
2016-06-26,30.506893157958984
2016-06-27,76.6719741821289
2016-06-28,50.162601470947266
2016-06-29,174.8314208984375
2016-06-30,172.0482940673828
2016-07-01,151.93588256835938
2016-07-02,120.8184585571289
2016-07-03,170.66517639160156
2016-07-04,56.937435150146484
2016-07-05,92.21281433105469
2016-07-06,126.82666015625
2016-07-07,175.0889129638672
2016-07-08,146.95347595214844
2016-07-09,101.01371002197266
2016-07-10,161.4851531982422
2016-07-11,84.67618560791016
2016-07-12,114.4669418334961
2016-07-13,57.51590347290039
2016-07-14,148.75546264648438
2016-07-15,134.59446716308594
2016-07-16,396.1123352050781
2016-07-17,315.2263488769531
2016-07-18,201.67152404785156
2016-07-19,167.3498992919922
2016-07-20,128.72811889648438
2016-07-21,146.12261962890625
2016-07-22,149.68255615234375
2016-07-23,111.94478607177734
2016-07-24,159.5348358154297
2016-07-25,137.85989379882812
2016-07-26,112.11753845214844
2016-07-27,177.37855529785156
2016-07-28,140.9548797607422
2016-07-29,140.12890625
2016-07-30,61.8918342590332
2016-07-31,49.16682052612305
2016-08-01,157.2557830810547
2016-08-02,148.80702209472656
2016-08-03,168.77536010742188
2016-08-04,116.80413055419922
2016-08-05,120.9319076538086
2016-08-06,53.84300994873047
2016-08-07,129.18812561035156
2016-08-08,150.37066650390625
2016-08-09,140.75680541992188
2016-08-10,147.4743194580078
2016-08-11,81.9192886352539
2016-08-12,112.26191711425781
2016-08-13,87.71238708496094
2016-08-14,79.00409698486328
2016-08-15,117.0131607055664
2016-08-16,122.72325897216797
2016-08-17,91.45027923583984
2016-08-18,78.86260223388672
2016-08-19,117.24394989013672
2016-08-20,85.66462707519531
2016-08-21,46.07959747314453
2016-08-22,90.83142852783203
2016-08-23,123.34833526611328
2016-08-24,185.07159423828125
2016-08-25,264.6307678222656
2016-08-26,80.05747985839844
2016-08-27,168.3928680419922
2016-08-28,107.3941879272461
2016-08-29,219.2445831298828
2016-08-30,97.84803771972656
2016-08-31,128.87303161621094
2016-09-01,110.44719696044922
2016-09-02,67.49372100830078
2016-09-03,108.86939239501953
2016-09-04,120.71331024169922
2016-09-05,75.05389404296875
2016-09-06,60.70535659790039
2016-09-07,101.76799011230469
2016-09-08,60.225616455078125
2016-09-09,106.8414306640625
2016-09-10,68.24647521972656
2016-09-11,92.80668640136719
2016-09-12,137.1226806640625
2016-09-13,127.68394470214844
2016-09-14,134.39883422851562
2016-09-15,75.3750991821289
2016-09-16,37.00135803222656
2016-09-17,91.61685943603516
2016-09-18,119.27301025390625
2016-09-19,391.3043212890625
2016-09-20,243.39085388183594
2016-09-21,230.2762908935547
2016-09-22,114.20304870605469
2016-09-23,112.97586059570312
2016-09-24,79.38392639160156
2016-09-25,74.71428680419922
2016-09-26,144.54823303222656
2016-09-27,104.50542449951172
2016-09-28,96.27904510498047
2016-09-29,127.0142822265625
2016-09-30,175.2655029296875
2016-10-01,55.50204086303711
2016-10-02,113.03960418701172
2016-10-03,70.51326751708984
2016-10-04,174.09535217285156
2016-10-05,119.54285430908203
2016-10-06,97.27161407470703
2016-10-07,42.068424224853516
2016-10-08,25.01796531677246
2016-10-09,155.77223205566406
2016-10-10,131.6162567138672
2016-10-11,102.13519287109375
2016-10-12,162.07957458496094
2016-10-13,117.07077026367188
2016-10-14,139.34056091308594
2016-10-15,88.38463592529297
2016-10-16,76.2672348022461
2016-10-17,128.3607177734375
2016-10-18,102.66439056396484
2016-10-19,170.44496154785156
2016-10-20,134.39883422851562
2016-10-21,83.36981964111328
2016-10-22,111.364013671875
2016-10-23,95.49024963378906
2016-10-24,98.02957916259766
2016-10-25,76.54502868652344
2016-10-26,53.69709396362305
2016-10-27,65.8592529296875
2016-10-28,57.85176086425781
2016-10-29,83.28805541992188
2016-10-30,89.65714263916016
2016-10-31,92.53579711914062
2016-11-01,52.58552932739258
2016-11-02,92.15919494628906
2016-11-03,28.550762176513672
2016-11-04,76.91112518310547
2016-11-05,86.56281280517578
2016-11-06,77.15821075439453
2016-11-07,59.825565338134766
2016-11-08,94.6539535522461
2016-11-09,22.238189697265625
2016-11-10,35.509368896484375
2016-11-11,108.12674713134766
2016-11-12,31.56388282775879
2016-11-13,59.90696334838867
2016-11-14,141.0265350341797
2016-11-15,64.96468353271484
2016-11-16,127.83372497558594
2016-11-17,89.65714263916016
2016-11-18,64.30208587646484
2016-11-19,49.35050582885742
2016-11-20,59.90696334838867
2016-11-21,129.96810913085938
2016-11-22,115.50423431396484
2016-11-23,46.43052673339844
2016-11-24,67.51014709472656
2016-11-25,70.38802337646484
2016-11-26,78.5240249633789
2016-11-27,125.2083969116211
2016-11-28,128.3607177734375
2016-11-29,204.04896545410156
2016-11-30,177.09877014160156
2016-12-01,118.75747680664062
2016-12-02,55.424415588378906
2016-12-03,36.240013122558594
2016-12-04,30.506893157958984
2016-12-05,101.96000671386719
2016-12-06,42.068424224853516
2016-12-07,151.83316040039062
2016-12-08,40.08948516845703
2016-12-09,75.59075927734375
2016-12-10,35.65312957763672
2016-12-11,78.62789154052734
2016-12-12,95.20349884033203
2016-12-13,136.64984130859375
2016-12-14,147.4743194580078
2016-12-15,118.4707260131836
2016-12-16,74.84127807617188
2016-12-17,66.42700958251953
2016-12-18,81.33919525146484
2016-12-19,97.84803771972656
2016-12-20,120.30496215820312
2016-12-21,311.33465576171875
2016-12-22,147.5286102294922
2016-12-23,246.6056365966797
2016-12-24,89.10276794433594
2016-12-25,119.72342681884766
2016-12-26,133.62196350097656
2016-12-27,82.35340118408203
2016-12-28,160.43910217285156
2016-12-29,91.91490936279297
2016-12-30,247.23635864257812
2016-12-31,152.5073699951172
2017-01-01,99.81978607177734
2017-01-02,171.99850463867188
2017-01-03,89.5992202758789
2017-01-04,91.41512298583984
2017-01-05,62.703250885009766
2017-01-06,95.30653381347656
2017-01-07,35.509368896484375
2017-01-08,30.158639907836914
2017-01-09,217.86477661132812
2017-01-10,44.17887878417969
2017-01-11,166.5884552001953
2017-01-12,95.85983276367188
2017-01-13,103.19910430908203
2017-01-14,42.832313537597656
2017-01-15,43.643672943115234
2017-01-16,39.47057342529297
2017-01-17,122.72325897216797
2017-01-18,120.7618179321289
2017-01-19,120.2684555053711
2017-01-20,63.50714111328125
2017-01-21,23.338314056396484
2017-01-22,108.02149200439453
2017-01-23,111.10781860351562
2017-01-24,132.2983856201172
2017-01-25,131.4376678466797
2017-01-26,111.08894348144531
2017-01-27,95.03227233886719
2017-01-28,81.94469451904297
2017-01-29,101.38859558105469
2017-01-30,217.48719787597656
2017-01-31,198.560302734375
2017-02-01,200.1437225341797
2017-02-02,132.4733428955078
2017-02-03,100.90579223632812
2017-02-04,109.65728759765625
2017-02-05,0.0
2017-02-06,47.601749420166016
2017-02-07,167.06768798828125
2017-02-08,90.3212661743164
2017-02-09,112.46466064453125
2017-02-10,221.83868408203125
2017-02-11,156.66680908203125
2017-02-12,74.2105941772461
2017-02-13,71.79067993164062
2017-02-14,87.19132232666016
2017-02-15,92.73429107666016
2017-02-16,91.45027923583984
2017-02-17,65.02559661865234
2017-02-18,50.162601470947266
2017-02-19,72.90003204345703
2017-02-20,102.74044036865234
2017-02-21,104.10276794433594
2017-02-22,84.40565490722656
2017-02-23,69.52360534667969
2017-02-24,85.77587890625
2017-02-25,26.0029239654541
2017-02-26,41.10835647583008
2017-02-27,92.6981430053711
2017-02-28,106.70020294189453
2017-03-01,129.70037841796875
2017-03-02,91.3519058227539
2017-03-03,64.57150268554688
2017-03-04,16.388938903808594
2017-03-05,136.96470642089844
2017-03-06,140.27772521972656
2017-03-07,152.33343505859375
2017-03-08,63.30424118041992
2017-03-09,75.48277282714844
2017-03-10,57.26655197143555
2017-03-11,56.79753875732422
2017-03-12,105.79679107666016
2017-03-13,67.05322265625
2017-03-14,43.38090515136719
2017-03-15,127.42268371582031
2017-03-16,62.477294921875
2017-03-17,87.94596862792969
2017-03-18,86.90451049804688
2017-03-19,122.59382629394531
2017-03-20,134.04458618164062
2017-03-21,46.26789855957031
2017-03-22,124.81403350830078
2017-03-23,158.81277465820312
2017-03-24,258.0724182128906
2017-03-25,71.61769104003906
2017-03-26,80.21955108642578
2017-03-27,122.31005096435547
2017-03-28,104.46868896484375
2017-03-29,76.79933166503906
2017-03-30,70.37016296386719
2017-03-31,141.3282928466797
2017-04-01,41.33130645751953
2017-04-02,60.31727981567383
2017-04-03,49.01478958129883
2017-04-04,122.31005096435547
2017-04-05,41.604679107666016
2017-04-06,171.3045654296875
2017-04-07,185.0067901611328
2017-04-08,219.11468505859375
2017-04-09,107.02128601074219
2017-04-10,159.00306701660156
2017-04-11,91.25724029541016
2017-04-12,193.58729553222656
2017-04-13,187.516357421875
2017-04-14,78.62789154052734
2017-04-15,81.98990631103516
2017-04-16,31.228097915649414
2017-04-17,91.55088806152344
2017-04-18,59.076412200927734
2017-04-19,136.72238159179688
2017-04-20,73.38603210449219
2017-04-21,86.90451049804688
2017-04-22,163.3040771484375
2017-04-23,65.71883392333984
2017-04-24,118.57706451416016
2017-04-25,61.63056945800781
2017-04-26,61.249542236328125
2017-04-27,93.7581787109375
2017-04-28,116.97772979736328
2017-04-29,58.671573638916016
2017-04-30,30.29698371887207
2017-05-01,95.8946304321289
2017-05-02,103.37857818603516
2017-05-03,31.252727508544922
2017-05-04,127.53984832763672
2017-05-05,44.74757766723633
2017-05-06,98.3336410522461
2017-05-07,43.93398666381836
2017-05-08,48.38639450073242
2017-05-09,77.57247924804688
2017-05-10,117.7315902709961
2017-05-11,104.83718872070312
2017-05-12,49.215667724609375
2017-05-13,17.380901336669922
2017-05-14,45.0323371887207
2017-05-15,25.06543731689453
2017-05-16,64.02012634277344
2017-05-17,79.98823547363281
2017-05-18,102.55811309814453
2017-05-19,37.74138641357422
2017-05-20,49.84711456298828
2017-05-21,41.02324676513672
2017-05-22,37.3149299621582
2017-05-23,115.66975402832031
2017-05-24,224.07041931152344
2017-05-25,191.2958984375
2017-05-26,289.8633117675781
2017-05-27,214.439697265625
2017-05-28,100.72592163085938
2017-05-29,164.77528381347656
2017-05-30,107.61292266845703
2017-05-31,213.41856384277344
2017-06-01,96.41960144042969
2017-06-02,47.09263610839844
2017-06-03,89.49515533447266
2017-06-04,142.65103149414062
2017-06-05,430.4516906738281
2017-06-06,339.8666687011719
2017-06-07,333.8890380859375
2017-06-08,236.58778381347656
2017-06-09,175.12576293945312
2017-06-10,86.49067687988281
2017-06-11,57.55766677856445
2017-06-12,156.11209106445312
2017-06-13,101.09300231933594
2017-06-14,72.01432800292969
2017-06-15,112.81391906738281
2017-06-16,86.14881896972656
2017-06-17,83.71029663085938
2017-06-18,104.36388397216797
2017-06-19,252.5714111328125
2017-06-20,237.4993133544922
2017-06-21,165.11856079101562
2017-06-22,219.20501708984375
2017-06-23,111.62945556640625
2017-06-24,69.06920623779297
2017-06-25,72.10417175292969
2017-06-26,89.5992202758789
2017-06-27,141.0265350341797
2017-06-28,120.6846694946289
2017-06-29,92.73429107666016
2017-06-30,77.93206787109375
2017-07-01,82.44477081298828
2017-07-02,73.7136459350586
2017-07-03,63.263816833496094
2017-07-04,0.0
2017-07-05,95.20349884033203
2017-07-06,96.34146118164062
2017-07-07,67.29723358154297
2017-07-08,45.61286163330078
2017-07-09,60.17988967895508
2017-07-10,52.10842514038086
2017-07-11,62.308895111083984
2017-07-12,77.31304168701172
2017-07-13,50.18801498413086
2017-07-14,78.16263580322266
2017-07-15,26.489608764648438
2017-07-16,29.289323806762695
2017-07-17,93.58946990966797
2017-07-18,98.15965270996094
2017-07-19,33.41353988647461
2017-07-20,62.40701675415039
2017-07-21,84.55573272705078
2017-07-22,94.47616577148438
2017-07-23,84.67618560791016
2017-07-24,26.578439712524414
2017-07-25,70.51326751708984
2017-07-26,86.76181030273438
2017-07-27,128.2474365234375
2017-07-28,98.72560119628906
2017-07-29,66.04742431640625
2017-07-30,31.601638793945312
2017-07-31,149.7982940673828
2017-08-01,143.84193420410156
2017-08-02,57.93634033203125
2017-08-03,58.86579513549805
2017-08-04,52.9226188659668
2017-08-05,87.03174591064453
2017-08-06,46.62171173095703
2017-08-07,93.96991729736328
2017-08-08,112.7944564819336
2017-08-09,70.89169311523438
2017-08-10,110.07904815673828
2017-08-11,77.3615493774414
2017-08-12,76.35540771484375
2017-08-13,30.29698371887207
2017-08-14,189.42855834960938
2017-08-15,201.94357299804688
2017-08-16,102.13519287109375
2017-08-17,64.75238037109375
2017-08-18,159.7921600341797
2017-08-19,178.00015258789062
2017-08-20,134.79066467285156
2017-08-21,254.57252502441406
2017-08-22,311.5444641113281
2017-08-23,143.34165954589844
2017-08-24,33.526611328125
2017-08-25,60.966854095458984
2017-08-26,153.59866333007812
2017-08-27,72.26195526123047
2017-08-28,92.83775329589844
2017-08-29,61.155025482177734
2017-08-30,94.80491638183594
2017-08-31,73.85494995117188
2017-09-01,138.21583557128906
2017-09-02,62.98801040649414
2017-09-03,63.263816833496094
2017-09-04,118.73694610595703
2017-09-05,90.94309997558594
2017-09-06,113.87487030029297
2017-09-07,111.60087585449219
2017-09-08,107.79253387451172
2017-09-09,16.36863136291504
2017-09-10,59.825565338134766
2017-09-11,69.280517578125
2017-09-12,86.76181030273438
2017-09-13,133.32554626464844
2017-09-14,31.70276641845703
2017-09-15,59.86171340942383
2017-09-16,87.01900482177734
2017-09-17,103.42996978759766
2017-09-18,118.79033660888672
2017-09-19,96.97012329101562
2017-09-20,125.80462646484375
2017-09-21,85.63685607910156
2017-09-22,77.93206787109375
2017-09-23,34.761802673339844
2017-09-24,51.70052719116211
2017-09-25,33.134159088134766
2017-09-26,210.55386352539062
2017-09-27,136.5825653076172
2017-09-28,116.04232788085938
2017-09-29,10.271761894226074
2017-09-30,40.519893646240234
2017-10-01,30.22765350341797
2017-10-02,176.25015258789062
2017-10-03,117.13731384277344
2017-10-04,95.34405517578125
2017-10-05,47.80271911621094
2017-10-06,79.47945404052734
2017-10-07,35.16278076171875
2017-10-08,88.06324005126953
2017-10-09,9.408465385437012
2017-10-10,83.18315887451172
2017-10-11,25.533798217773438
2017-10-12,85.66462707519531
2017-10-13,48.0927848815918
2017-10-14,17.488285064697266
2017-10-15,90.68296813964844
2017-10-16,115.0960464477539
2017-10-17,98.71218872070312
2017-10-18,189.7914581298828
2017-10-19,80.4475326538086
2017-10-20,45.497650146484375
2017-10-21,89.5992202758789
2017-10-22,29.031837463378906
2017-10-23,93.31661987304688
2017-10-24,52.69741439819336
2017-10-25,79.15137481689453
2017-10-26,25.049592971801758
2017-10-27,63.05243682861328
2017-10-28,23.67291259765625
2017-10-29,24.73686408996582
2017-10-30,87.41571044921875
2017-10-31,81.65203857421875
2017-11-01,58.82086181640625
2017-11-02,307.19732666015625
2017-11-03,63.96845245361328
2017-11-04,35.007469177246094
2017-11-05,112.1824722290039
2017-11-06,118.42987060546875
2017-11-07,72.75726318359375
2017-11-08,105.67588806152344
2017-11-09,72.84642791748047
2017-11-10,114.93170928955078
2017-11-11,80.40556335449219
2017-11-12,29.684236526489258
2017-11-13,101.1868667602539
2017-11-14,98.94745635986328
2017-11-15,95.60543823242188
2017-11-16,38.35506820678711
2017-11-17,22.67074203491211
2017-11-18,23.886953353881836
2017-11-19,75.74246215820312
2017-11-20,9.475957870483398
2017-11-21,121.10247039794922
2017-11-22,80.4366455078125
2017-11-23,52.908485412597656
2017-11-24,92.3740234375
2017-11-25,90.0961685180664
2017-11-26,32.77787780761719
2017-11-27,182.93019104003906
2017-11-28,17.58919334411621
2017-11-29,51.937686920166016
2017-11-30,42.776832580566406
2017-12-01,45.3934211730957
2017-12-02,24.37174415588379
2017-12-03,13.817452430725098
2017-12-04,64.21277618408203
2017-12-05,100.76583862304688
2017-12-06,58.52303695678711
2017-12-07,8.58874225616455
2017-12-08,121.11386108398438
2017-12-09,69.7684097290039
2017-12-10,103.42996978759766
2017-12-11,91.45027923583984
2017-12-12,118.54666900634766
2017-12-13,65.46550750732422
2017-12-14,45.11436080932617
2017-12-15,82.45621490478516
2017-12-16,24.80654525756836
2017-12-17,53.121253967285156
2017-12-18,41.344242095947266
2017-12-19,48.99660873413086
2017-12-20,64.93427276611328
2017-12-21,35.74961853027344
2017-12-22,37.209815979003906
2017-12-23,25.113088607788086
2017-12-24,79.33625030517578
2017-12-25,36.693016052246094
2017-12-26,124.28279876708984
2017-12-27,65.8280029296875
2017-12-28,111.37845611572266
2017-12-29,171.6829071044922
2017-12-30,51.00187301635742
2017-12-31,15.838711738586426
2018-01-01,57.76742935180664
2018-01-02,94.05487823486328
2018-01-03,147.4272918701172
2018-01-04,77.81729125976562
2018-01-05,88.41690063476562
2018-01-06,50.36981964111328
2018-01-07,45.549949645996094
2018-01-08,92.15919494628906
2018-01-09,63.33314514160156
2018-01-10,44.68702697753906
2018-01-11,60.59396743774414
2018-01-12,116.89810180664062
2018-01-13,29.83172035217285
2018-01-14,0.0
2018-01-15,53.436431884765625
2018-01-16,45.05281448364258
2018-01-17,79.36273193359375
2018-01-18,137.5988006591797
2018-01-19,105.87133026123047
2018-01-20,29.885713577270508
2018-01-21,79.00409698486328
2018-01-22,153.59866333007812
2018-01-23,110.23213958740234
2018-01-24,143.92901611328125
2018-01-25,34.625125885009766
2018-01-26,57.43254089355469
2018-01-27,24.644561767578125
2018-01-28,43.168251037597656
2018-01-29,101.6114273071289
2018-01-30,69.52360534667969
2018-01-31,117.80158996582031
2018-02-01,48.151222229003906
2018-02-02,23.174535751342773
2018-02-03,14.358135223388672
2018-02-04,60.87320327758789
2018-02-05,84.31585693359375
2018-02-06,34.80760192871094
2018-02-07,59.27333450317383
2018-02-08,72.93580627441406
2018-02-09,55.90471267700195
2018-02-10,36.289794921875
2018-02-11,59.368473052978516
2018-02-12,124.115966796875
2018-02-13,68.88909912109375
2018-02-14,24.92355728149414
2018-02-15,40.870933532714844
2018-02-16,48.139522552490234
2018-02-17,23.886953353881836
2018-02-18,64.62566375732422
2018-02-19,57.03577423095703
2018-02-20,100.20988464355469
2018-02-21,28.757951736450195
2018-02-22,53.62443542480469
2018-02-23,78.62789154052734
2018-02-24,40.06343078613281
2018-02-25,59.368473052978516
2018-02-26,45.05281448364258
2018-02-27,37.36771011352539
2018-02-28,57.57558822631836
2018-03-01,112.10313415527344
2018-03-02,48.92401885986328
2018-03-03,70.4505844116211
2018-03-04,55.61888122558594
2018-03-05,79.86387634277344
2018-03-06,44.09040451049805
2018-03-07,58.52303695678711
2018-03-08,39.17403793334961
2018-03-09,62.089237213134766
2018-03-10,25.77460479736328
2018-03-11,43.45225524902344
2018-03-12,42.33809280395508
2018-03-13,63.58356475830078
2018-03-14,24.706018447875977
2018-03-15,75.53072357177734
2018-03-16,38.39966583251953
2018-03-17,30.892154693603516
2018-03-18,30.7197322845459
2018-03-19,66.42700958251953
2018-03-20,62.01636505126953
2018-03-21,107.83252716064453
2018-03-22,110.34176635742188
2018-03-23,71.87748718261719
2018-03-24,133.06259155273438
2018-03-25,60.482994079589844
2018-03-26,38.177703857421875
2018-03-27,95.30653381347656
2018-03-28,86.90451049804688
2018-03-29,105.81697082519531
2018-03-30,32.218257904052734
2018-03-31,89.65714263916016
2018-04-01,44.727378845214844
2018-04-02,105.29299926757812
2018-04-03,120.45123291015625
2018-04-04,79.25691223144531
2018-04-05,34.444549560546875
2018-04-06,104.20104217529297
2018-04-07,107.651611328125
2018-04-08,126.20527648925781
2018-04-09,120.4230728149414
2018-04-10,234.33383178710938
2018-04-11,49.04512023925781
2018-04-12,320.9465637207031
2018-04-13,93.795166015625
2018-04-14,101.3363037109375
2018-04-15,147.4272918701172
2018-04-16,193.68746948242188
2018-04-17,59.27333450317383
2018-04-18,26.958131790161133
2018-04-19,174.26760864257812
2018-04-20,31.4886417388916
2018-04-21,11.975960731506348
2018-04-22,0.0
2018-04-23,74.3149642944336
2018-04-24,58.106239318847656
2018-04-25,117.19442749023438
2018-04-26,85.77587890625
2018-04-27,53.387062072753906
2018-04-28,42.22209930419922
2018-04-29,14.976740837097168
2018-04-30,111.00408172607422
2018-05-01,72.87992095947266
2018-05-02,160.6787567138672
2018-05-03,44.62664031982422
2018-05-04,23.758068084716797
2018-05-05,24.48468017578125
2018-05-06,15.253446578979492
2018-05-07,39.72777557373047
2018-05-08,48.06945037841797
2018-05-09,132.8031463623047
2018-05-10,73.47673797607422
2018-05-11,79.57521057128906
2018-05-12,66.37931823730469
2018-05-13,75.3966064453125
2018-05-14,77.13567352294922
2018-05-15,66.54652404785156
2018-05-16,123.61817932128906
2018-05-17,67.65421295166016
2018-05-18,80.1546401977539
2018-05-19,39.08131790161133
2018-05-20,28.105287551879883
2018-05-21,60.13422775268555
2018-05-22,28.79975128173828
2018-05-23,99.69422912597656
2018-05-24,16.553239822387695
2018-05-25,37.87123107910156
2018-05-26,47.94731521606445
2018-05-27,45.866268157958984
2018-05-28,36.091487884521484
2018-05-29,10.145533561706543
2018-05-30,105.09382629394531
2018-05-31,104.97604370117188
2018-06-01,63.203277587890625
2018-06-02,68.60450744628906
2018-06-03,77.7028579711914
2018-06-04,29.13857078552246
2018-06-05,64.54145812988281
2018-06-06,33.31521987915039
2018-06-07,42.12208557128906
2018-06-08,44.82857131958008
2018-06-09,35.319480895996094
2018-06-10,56.09123611450195
2018-06-11,48.06945037841797
2018-06-12,69.06920623779297
2018-06-13,56.176429748535156
2018-06-14,135.93295288085938
2018-06-15,23.256135940551758
2018-06-16,137.10205078125
2018-06-17,32.61601257324219
2018-06-18,34.13303756713867
2018-06-19,36.04225158691406
2018-06-20,72.57958984375
2018-06-21,73.02540588378906
2018-06-22,22.85378074645996
2018-06-23,29.591142654418945
2018-06-24,40.9384880065918
2018-06-25,64.4814453125
2018-06-26,56.61207580566406
2018-06-27,63.12776565551758
2018-06-28,64.12371826171875
2018-06-29,98.80512237548828
2018-06-30,13.993098258972168
2018-07-01,44.32713317871094
2018-07-02,72.6794204711914
2018-07-03,137.2176513671875
2018-07-04,19.627763748168945
2018-07-05,97.12857055664062
2018-07-06,63.96845245361328
2018-07-07,44.36967468261719
2018-07-08,30.158639907836914
2018-07-09,174.5342254638672
2018-07-10,78.11128234863281
2018-07-11,68.88909912109375
2018-07-12,88.17010498046875
2018-07-13,164.4037628173828
2018-07-14,126.7820816040039
2018-07-15,139.04721069335938
2018-07-16,115.36668395996094
2018-07-17,91.3519058227539
2018-07-18,44.149349212646484
2018-07-19,169.3523712158203
2018-07-20,16.594829559326172
2018-07-21,25.574995040893555
2018-07-22,80.54563903808594
2018-07-23,87.9329605102539
2018-07-24,94.48844909667969
2018-07-25,69.8914566040039
2018-07-26,161.3098602294922
2018-07-27,106.66043853759766
2018-07-28,51.14999008178711
2018-07-29,46.84214401245117
2018-07-30,51.51905059814453
2018-07-31,76.24522399902344
2018-08-01,61.07423400878906
2018-08-02,78.11128234863281
2018-08-03,42.12208557128906
2018-08-04,40.519893646240234
2018-08-05,15.35986614227295
2018-08-06,111.75537109375
2018-08-07,89.92842102050781
2018-08-08,66.71456909179688
2018-08-09,34.94572830200195
2018-08-10,64.83182525634766
2018-08-11,88.15364837646484
2018-08-12,77.7028579711914
2018-08-13,81.16426849365234
2018-08-14,77.7028579711914
2018-08-15,67.59239196777344
2018-08-16,88.45637512207031
2018-08-17,34.17719268798828
2018-08-18,75.28722381591797
2018-08-19,48.80351638793945
2018-08-20,168.2022705078125
2018-08-21,52.25271224975586
2018-08-22,66.61843872070312
2018-08-23,147.59201049804688
2018-08-24,35.461708068847656
2018-08-25,76.23522186279297
2018-08-26,0.0
2018-08-27,57.43254089355469
2018-08-28,32.16595458984375
2018-08-29,143.97259521484375
2018-08-30,38.177703857421875
2018-08-31,41.22810745239258
2018-09-01,115.19900512695312
2018-09-02,55.97239303588867
2018-09-03,55.22359848022461
2018-09-04,9.544425964355469
2018-09-05,102.79754638671875
2018-09-06,35.41416931152344
2018-09-07,35.038421630859375
2018-09-08,77.28321838378906
2018-09-09,54.137229919433594
2018-09-10,25.50093650817871
2018-09-11,120.24239349365234
2018-09-12,80.64398956298828
2018-09-13,51.26578903198242
2018-09-14,76.09150695800781
2018-09-15,42.145118713378906
2018-09-16,0.0
2018-09-17,19.11647605895996
2018-09-18,47.584598541259766
2018-09-19,16.699729919433594
2018-09-20,24.82986068725586
2018-09-21,92.43278503417969
2018-09-22,17.396162033081055
2018-09-23,27.86811065673828
2018-09-24,116.186279296875
2018-09-25,55.50204086303711
2018-09-26,7.844112873077393
2018-09-27,23.201671600341797
2018-09-28,15.467780113220215
2018-09-29,58.55268478393555
2018-09-30,28.904781341552734
2018-10-01,128.99888610839844
2018-10-02,35.89533996582031
2018-10-03,78.44112396240234
2018-10-04,48.56428527832031
2018-10-05,54.58464813232422
2018-10-06,56.88294982910156
2018-10-07,28.28583526611328
2018-10-08,35.605079650878906
2018-10-09,19.11647605895996
2018-10-10,112.53166198730469
2018-10-11,57.00764465332031
2018-10-12,31.56388282775879
2018-10-13,35.96048355102539
2018-10-14,40.770015716552734
2018-10-15,47.109432220458984
2018-10-16,105.4458236694336
2018-10-17,18.070432662963867
2018-10-18,126.66629028320312
2018-10-19,48.86369323730469
2018-10-20,11.857707023620605
2018-10-21,13.993098258972168
2018-10-22,8.806323051452637
2018-10-23,86.79031372070312
2018-10-24,63.5944938659668
2018-10-25,127.83372497558594
2018-10-26,89.47311401367188
2018-10-27,87.43549346923828
2018-10-28,58.19156265258789
2018-10-29,69.31513977050781
2018-10-30,89.14376831054688
2018-10-31,102.66439056396484
2018-11-01,61.56217956542969
2018-11-02,31.715450286865234
2018-11-03,35.83042907714844
2018-11-04,25.25714111328125
2018-11-05,35.17838668823242
2018-11-06,35.65312957763672
2018-11-07,32.94136047363281
2018-11-08,64.67312622070312
2018-11-09,118.24347686767578
2018-11-10,17.305002212524414
2018-11-11,15.010778427124023
2018-11-12,63.91686248779297
2018-11-13,97.51969146728516
2018-11-14,24.954946517944336
2018-11-15,57.36128616333008
2018-11-16,24.2227725982666
2018-11-17,36.356380462646484
2018-11-18,13.875510215759277
2018-11-19,37.00135803222656
2018-11-20,24.798782348632812
2018-11-21,72.314697265625
2018-11-22,0.0
2018-11-23,95.72090911865234
2018-11-24,26.605207443237305
2018-11-25,77.52045440673828
2018-11-26,105.7527847290039
2018-11-27,92.5033950805664
2018-11-28,50.2899169921875
2018-11-29,63.81393814086914
2018-11-30,30.648456573486328
2018-12-01,6.2367730140686035
2018-12-02,14.234358787536621
2018-12-03,45.487205505371094
2018-12-04,37.84952926635742
2018-12-05,24.73686408996582
2018-12-06,113.423583984375
2018-12-07,124.77474212646484
2018-12-08,48.9693603515625
2018-12-09,28.407495498657227
2018-12-10,28.633275985717773
2018-12-11,60.5146598815918
2018-12-12,54.137229919433594
2018-12-13,114.17772674560547
2018-12-14,99.07113647460938
2018-12-15,73.23806762695312
2018-12-16,46.95314407348633
2018-12-17,51.84256362915039
2018-12-18,38.39966583251953
2018-12-19,26.63202667236328
2018-12-20,108.12674713134766
2018-12-21,157.2557830810547
2018-12-22,92.2251968383789
2018-12-23,48.92401885986328
2018-12-24,123.22280883789062
2018-12-25,98.09024047851562
2018-12-26,62.902313232421875
2018-12-27,12.052450180053711
2018-12-28,64.22764587402344
2018-12-29,67.69136047363281
2018-12-30,48.6836051940918
2018-12-31,86.41719055175781
2019-01-01,92.76324462890625
2019-01-02,99.6190414428711
2019-01-03,9.462382316589355
2019-01-04,62.81684112548828
2019-01-05,26.903230667114258
2019-01-06,0.0
2019-01-07,46.05817794799805
2019-01-08,27.068614959716797
2019-01-09,79.57521057128906
2019-01-10,42.556331634521484
2019-01-11,113.03960418701172
2019-01-12,6.070535659790039
2019-01-13,15.04497241973877
2019-01-14,46.84214401245117
2019-01-15,35.557159423828125
2019-01-16,77.06817626953125
2019-01-17,138.50050354003906
2019-01-18,107.97943878173828
2019-01-19,12.713652610778809
2019-01-20,23.843835830688477
2019-01-21,60.50145721435547
2019-01-22,101.87264251708984
2019-01-23,66.29603576660156
2019-01-24,82.76619720458984
2019-01-25,47.40245819091797
2019-01-26,49.24319076538086
2019-01-27,75.3966064453125
2019-01-28,20.167152404785156
2019-01-29,43.972984313964844
2019-01-30,57.71935272216797
2019-01-31,32.81859588623047
2019-02-01,67.93449401855469
2019-02-02,18.1448974609375
2019-02-03,44.727378845214844
2019-02-04,29.095781326293945
2019-02-05,18.44900131225586
2019-02-06,35.74961853027344
2019-02-07,33.526611328125
2019-02-08,85.47313690185547
2019-02-09,18.1448974609375
2019-02-10,31.228097915649414
2019-02-11,91.16976165771484
2019-02-12,29.57347297668457
2019-02-13,25.273250579833984
2019-02-14,25.435466766357422
2019-02-15,165.32522583007812
2019-02-16,47.81095886230469
2019-02-17,42.98097229003906
2019-02-18,22.31332015991211
2019-02-19,116.21247863769531
2019-02-20,124.22712707519531
2019-02-21,62.56184005737305
2019-02-22,40.71974563598633
2019-02-23,14.389416694641113
2019-02-24,13.590004920959473
2019-02-25,76.46590423583984
2019-02-26,64.57150268554688
2019-02-27,117.94183349609375
2019-02-28,153.59866333007812
2019-03-01,66.88346862792969
2019-03-02,50.03593063354492
2019-03-03,108.52862548828125
2019-03-04,77.24845123291016
2019-03-05,37.36771011352539
2019-03-06,44.86917495727539
2019-03-07,74.30335998535156
2019-03-08,62.67845916748047
2019-03-09,48.209800720214844
2019-03-10,30.86328125
2019-03-11,49.7345085144043
2019-03-12,96.61192321777344
2019-03-13,110.64645385742188
2019-03-14,74.77067565917969
2019-03-15,56.86740493774414
2019-03-16,48.209800720214844
2019-03-17,32.45573806762695
2019-03-18,139.46665954589844
2019-03-19,142.8052520751953
2019-03-20,60.12119674682617
2019-03-21,56.38195037841797
2019-03-22,118.24347686767578
2019-03-23,59.60959243774414
2019-03-24,66.98522186279297
2019-03-25,9.31557559967041
2019-03-26,108.11334991455078
2019-03-27,84.89386749267578
2019-03-28,81.09506225585938
2019-03-29,63.76992416381836
2019-03-30,24.37174415588379
2019-03-31,14.842118263244629
2019-04-01,50.18801498413086
2019-04-02,9.302453994750977
2019-04-03,25.113088607788086
2019-04-04,59.578861236572266
2019-04-05,33.39945983886719
2019-04-06,24.598669052124023
2019-04-07,15.467780113220215
2019-04-08,111.77256774902344
2019-04-09,95.44425201416016
2019-04-10,25.370330810546875
2019-04-11,43.28140640258789
2019-04-12,81.17560577392578
2019-04-13,31.095773696899414
2019-04-14,29.551420211791992
2019-04-15,41.0870475769043
2019-04-16,66.81098175048828
2019-04-17,67.49372100830078
2019-04-18,36.289794921875
2019-04-19,22.735774993896484
2019-04-20,32.9249382019043
2019-04-21,94.57865142822266
2019-04-22,90.0135269165039
2019-04-23,114.4128646850586
2019-04-24,138.94969177246094
2019-04-25,99.31944274902344
2019-04-26,103.33365631103516
2019-04-27,41.65153121948242
2019-04-28,44.426517486572266
2019-04-29,58.795928955078125
2019-04-30,44.74757766723633
2019-05-01,9.435346603393555
2019-05-02,90.8152084350586
2019-05-03,54.391998291015625
2019-05-04,24.304479598999023
2019-05-05,31.008182525634766
2019-05-06,103.52261352539062
2019-05-07,87.9329605102539
2019-05-08,26.105703353881836
2019-05-09,85.44298553466797
2019-05-10,57.50397491455078
2019-05-11,35.0570182800293
2019-05-12,62.16228103637695
2019-05-13,38.6807746887207
2019-05-14,93.55159759521484
2019-05-15,201.73849487304688
2019-05-16,199.6395721435547
2019-05-17,119.31147766113281
2019-05-18,43.8645133972168
2019-05-19,42.79530715942383
2019-05-20,53.96031951904297
2019-05-21,84.07734680175781
2019-05-22,46.44685363769531
2019-05-23,97.78219604492188
2019-05-24,74.11805725097656
2019-05-25,6.087320327758789
2019-05-26,0.0
2019-05-27,37.03593826293945
2019-05-28,0.0
2019-05-29,17.947669982910156
2019-05-30,107.46139526367188
2019-05-31,33.35728454589844
2019-06-01,71.3675537109375
2019-06-02,43.357173919677734
2019-06-03,95.44425201416016
2019-06-04,18.44900131225586
2019-06-05,89.47311401367188
2019-06-06,60.91330337524414
2019-06-07,60.99366760253906
2019-06-08,17.899032592773438
2019-06-09,30.7197322845459
2019-06-10,30.959732055664062
2019-06-11,52.2802848815918
2019-06-12,99.25160217285156
2019-06-13,59.27333450317383
2019-06-14,125.24795532226562
2019-06-15,37.00135803222656
2019-06-16,62.308895111083984
2019-06-17,17.99657440185547
2019-06-18,91.04281616210938
2019-06-19,8.445961952209473
2019-06-20,25.533798217773438
2019-06-21,40.519893646240234
2019-06-22,106.85124969482422
2019-06-23,42.42875289916992
2019-06-24,21.340042114257812
2019-06-25,0.0
2019-06-26,24.67525291442871
2019-06-27,86.79031372070312
2019-06-28,87.67357635498047
2019-06-29,36.89800262451172
2019-06-30,0.0
2019-07-01,26.921504974365234
2019-07-02,47.516136169433594
2019-07-03,9.51692008972168
2019-07-04,52.753536224365234
2019-07-05,35.65312957763672
2019-07-06,38.88955307006836
2019-07-07,17.289901733398438
2019-07-08,9.698594093322754
2019-07-09,35.038421630859375
2019-07-10,26.20929718017578
2019-07-11,68.17799377441406
2019-07-12,39.64431381225586
2019-07-13,38.737491607666016
2019-07-14,15.614048957824707
2019-07-15,30.959732055664062
2019-07-16,28.550762176513672
2019-07-17,82.55928039550781
2019-07-18,115.71651458740234
2019-07-19,17.683380126953125
2019-07-20,39.94804000854492
2019-07-21,17.380901336669922
2019-07-22,104.0116958618164
2019-07-23,99.1703109741211
2019-07-24,47.244224548339844
2019-07-25,37.10529708862305
2019-07-26,61.97479248046875
2019-07-27,13.18311882019043
2019-07-28,0.0
2019-07-29,88.19389343261719
2019-07-30,137.19049072265625
2019-07-31,84.67618560791016
2019-08-01,89.49515533447266
2019-08-02,42.556331634521484
2019-08-03,78.94114685058594
2019-08-04,147.86737060546875
2019-08-05,103.19910430908203
2019-08-06,183.46507263183594
2019-08-07,88.06324005126953
2019-08-08,148.83926391601562
2019-08-09,61.56217956542969
2019-08-10,20.85708236694336
2019-08-11,60.7332649230957
2019-08-12,83.3405990600586
2019-08-13,27.031686782836914
2019-08-14,86.27384948730469
2019-08-15,101.1868667602539
2019-08-16,78.21405792236328
2019-08-17,33.12308120727539
2019-08-18,64.27973175048828
2019-08-19,46.34907150268555
2019-08-20,50.962520599365234
2019-08-21,47.516136169433594
2019-08-22,66.61843872070312
2019-08-23,70.16990661621094
2019-08-24,46.094913482666016
2019-08-25,99.31944274902344
2019-08-26,69.03912353515625
2019-08-27,111.60087585449219
2019-08-28,78.8364486694336
2019-08-29,57.101524353027344
2019-08-30,41.48707580566406
2019-08-31,13.424273490905762
2019-09-01,56.69306945800781
2019-09-02,146.77206420898438
2019-09-03,41.73612976074219
2019-09-04,53.62443542480469
2019-09-05,44.86917495727539
2019-09-06,42.887939453125
2019-09-07,25.18490982055664
2019-09-08,43.168251037597656
2019-09-09,87.15936279296875
2019-09-10,104.5605697631836
2019-09-11,17.899032592773438
2019-09-12,70.4505844116211
2019-09-13,41.38309860229492
2019-09-14,55.55390930175781
2019-09-15,67.39533233642578
2019-09-16,122.31005096435547
2019-09-17,200.1437225341797
2019-09-18,65.71883392333984
2019-09-19,76.20857238769531
2019-09-20,130.4072265625
2019-09-21,83.52301025390625
2019-09-22,113.67887115478516
2019-09-23,47.65326690673828
2019-09-24,71.59613037109375
2019-09-25,76.79933166503906
2019-09-26,52.83794403076172
2019-09-27,16.720867156982422
2019-09-28,11.911168098449707
2019-09-29,91.30980682373047
2019-09-30,42.33809280395508
2019-10-01,71.88835906982422
2019-10-02,8.679030418395996
2019-10-03,25.273250579833984
2019-10-04,59.732810974121094
2019-10-05,50.80571365356445
2019-10-06,46.62171173095703
2019-10-07,28.79975128173828
2019-10-08,87.71238708496094
2019-10-09,73.08152770996094
2019-10-10,109.77410888671875
2019-10-11,277.364501953125
2019-10-12,108.46163177490234
2019-10-13,101.83524322509766
2019-10-14,68.90193939208984
2019-10-15,93.68428802490234
2019-10-16,119.41815948486328
2019-10-17,15.781941413879395
2019-10-18,76.5028076171875
2019-10-19,66.37931823730469
2019-10-20,29.095781326293945
2019-10-21,55.89345169067383
2019-10-22,72.18297576904297
2019-10-23,16.827369689941406
2019-10-24,42.94371032714844
2019-10-25,96.30244445800781
2019-10-26,31.784133911132812
2019-10-27,0.0
2019-10-28,97.99321746826172
2019-10-29,68.88909912109375
2019-10-30,90.35215759277344
2019-10-31,52.34934616088867
2019-11-01,72.98058319091797
2019-11-02,44.66975784301758
2019-11-03,61.87112045288086
2019-11-04,9.843133926391602
2019-11-05,48.56428527832031
2019-11-06,95.03227233886719
2019-11-07,45.300018310546875
2019-11-08,94.691650390625
2019-11-09,11.900437355041504
2019-11-10,47.516136169433594
2019-11-11,61.53487014770508
2019-11-12,67.004638671875
2019-11-13,142.8506622314453
2019-11-14,28.509681701660156
2019-11-15,56.130958557128906
2019-11-16,54.03879928588867
2019-11-17,14.742729187011719
2019-11-18,79.09871673583984
2019-11-19,46.90868377685547
2019-11-20,33.87047576904297
2019-11-21,41.80216979980469
2019-11-22,22.618980407714844
2019-11-23,33.732086181640625
2019-11-24,29.885713577270508
2019-11-25,31.302099227905273
2019-11-26,46.84214401245117
2019-11-27,97.38896179199219
2019-11-28,10.827446937561035
2019-11-29,75.16065216064453
2019-11-30,72.248779296875
2019-12-01,50.80571365356445
2019-12-02,31.056781768798828
2019-12-03,50.341026306152344
2019-12-04,47.516136169433594
2019-12-05,94.91845703125
2019-12-06,64.27973175048828
2019-12-07,12.197124481201172
2019-12-08,44.82857131958008
2019-12-09,51.599552154541016
2019-12-10,26.848546981811523
2019-12-11,138.75509643554688
2019-12-12,70.82833862304688
2019-12-13,41.38309860229492
2019-12-14,68.79940032958984
2019-12-15,48.209800720214844
2019-12-16,59.771427154541016
2019-12-17,48.28028106689453
2019-12-18,109.6222915649414
2019-12-19,34.39970016479492
2019-12-20,71.79067993164062
2019-12-21,30.055709838867188
2019-12-22,33.78384780883789
2019-12-23,23.133949279785156
2019-12-24,34.82289505004883
2019-12-25,30.158639907836914
2019-12-26,52.83794403076172
2019-12-27,111.56658935546875
2019-12-28,60.75321960449219
2019-12-29,36.190372467041016
2019-12-30,153.89691162109375
2019-12-31,142.86463928222656
2020-01-01,105.39482879638672
2020-01-02,86.76181030273438
2020-01-03,40.27281951904297
2020-01-04,212.17308044433594
2020-01-05,248.298583984375
2020-01-06,115.13814544677734
2020-01-07,147.20822143554688
2020-01-08,158.09225463867188
2020-01-09,339.62139892578125
2020-01-10,166.7864227294922
2020-01-11,32.376190185546875
2020-01-12,140.1536865234375
2020-01-13,126.00462341308594
2020-01-14,81.54003143310547
2020-01-15,64.93427276611328
2020-01-16,44.09040451049805
2020-01-17,83.49864196777344
2020-01-18,19.34983253479004
2020-01-19,62.01636505126953
2020-01-20,33.928470611572266
2020-01-21,85.65228271484375
2020-01-22,24.552946090698242
2020-01-23,16.870351791381836
2020-01-24,8.633650779724121
2020-01-25,0.0
2020-01-26,15.504091262817383
2020-01-27,30.76743507385254
2020-01-28,51.80190658569336
2020-01-29,8.522249221801758
2020-01-30,42.61124038696289
2020-01-31,40.972347259521484
2020-02-01,41.42759704589844
2020-02-02,41.02324676513672
2020-02-03,112.29082489013672
2020-02-04,181.34408569335938
2020-02-05,36.3397102355957
2020-02-06,36.140865325927734
2020-02-07,23.61648178100586
2020-02-08,22.599632263183594
2020-02-09,31.37645149230957
2020-02-10,19.745119094848633
2020-02-11,89.98286437988281
2020-02-12,74.2105941772461
2020-02-13,83.8165283203125
2020-02-14,59.27333450317383
2020-02-15,47.817142486572266
2020-02-16,0.0
2020-02-17,78.76183319091797
2020-02-18,0.0
2020-02-19,45.487205505371094
2020-02-20,53.26405334472656
2020-02-21,86.33650207519531
2020-02-22,89.9478530883789
2020-02-23,30.22765350341797
2020-02-24,70.58502960205078
2020-02-25,44.2677116394043
2020-02-26,19.483016967773438
2020-02-27,72.87992095947266
2020-02-28,59.19743347167969
2020-02-29,75.51596069335938
2020-03-01,45.866268157958984
2020-03-02,125.16276550292969
2020-03-03,141.5301971435547
2020-03-04,140.3507843017578
2020-03-05,122.7973403930664
2020-03-06,55.10512161254883
2020-03-07,69.8914566040039
2020-03-08,28.841670989990234
2020-03-09,41.47405242919922
2020-03-10,16.80596160888672
2020-03-11,65.9649658203125
2020-03-12,70.68095397949219
2020-03-13,82.93626403808594
2020-03-14,40.626712799072266
2020-03-15,15.99211311340332
2020-03-16,9.813881874084473
2020-03-17,94.08465576171875
2020-03-18,74.86483764648438
2020-03-19,97.78219604492188
2020-03-20,26.59627914428711
2020-03-21,56.61207580566406
2020-03-22,47.74512481689453
2020-03-23,40.27281951904297
2020-03-24,100.22371673583984
2020-03-25,17.730854034423828
2020-03-26,28.26565933227539
2020-03-27,47.244224548339844
2020-03-28,32.218257904052734
2020-03-29,148.97915649414062
2020-03-30,39.31394577026367
2020-03-31,59.32403564453125
2020-04-01,9.341927528381348
2020-04-02,9.489572525024414
2020-04-03,56.210575103759766
2020-04-04,46.41887664794922
2020-04-05,17.24475860595703
2020-04-06,108.92378997802734
2020-04-07,60.686763763427734
2020-04-08,55.03952407836914
2020-04-09,84.07734680175781
2020-04-10,71.01873779296875
2020-04-11,7.132551193237305
2020-04-12,0.0
2020-04-13,77.44254302978516
2020-04-14,43.28140640258789
2020-04-15,68.00249481201172
2020-04-16,17.56580352783203
2020-04-17,45.80265426635742
2020-04-18,29.12786293029785
2020-04-19,14.942856788635254
2020-04-20,0.0
2020-04-21,35.94417953491211
2020-04-22,136.83859252929688
2020-04-23,82.33058166503906
2020-04-24,8.307851791381836
2020-04-25,27.692840576171875
2020-04-26,16.348373413085938
2020-04-27,19.540658950805664
2020-04-28,127.1889877319336
2020-04-29,99.0216293334961
2020-04-30,56.774288177490234
2020-05-01,60.225616455078125
2020-05-02,34.871925354003906
2020-05-03,0.0
2020-05-04,29.70648765563965
2020-05-05,36.89800262451172
2020-05-06,113.71149444580078
2020-05-07,27.986196517944336
2020-05-08,93.68428802490234
2020-05-09,14.052643775939941
2020-05-10,0.0
2020-05-11,37.795379638671875
2020-05-12,9.828486442565918
2020-05-13,33.91395568847656
2020-05-14,45.487205505371094
2020-05-15,27.40557289123535
2020-05-16,55.26980972290039
2020-05-17,33.441734313964844
2020-05-18,140.0679473876953
2020-05-19,79.33625030517578
2020-05-20,45.17607879638672
2020-05-21,27.367717742919922
2020-05-22,69.79913330078125
2020-05-23,39.509925842285156
2020-05-24,17.70708465576172
2020-05-25,11.194478988647461
2020-05-26,73.03822326660156
2020-05-27,28.02578353881836
2020-05-28,43.45225524902344
2020-05-29,45.67595291137695
2020-05-30,13.4379301071167
2020-05-31,17.24475860595703
2020-06-01,39.08131790161133
2020-06-02,82.78925323486328
2020-06-03,52.69741439819336
2020-06-04,27.031686782836914
2020-06-05,61.3986701965332
2020-06-06,27.462547302246094
2020-06-07,69.34112548828125
2020-06-08,50.341026306152344
2020-06-09,19.454322814941406
2020-06-10,45.42464065551758
2020-06-11,18.346508026123047
2020-06-12,55.03952407836914
2020-06-13,39.119895935058594
2020-06-14,17.850656509399414
2020-06-15,102.55811309814453
2020-06-16,27.86811065673828
2020-06-17,150.91482543945312
2020-06-18,61.480316162109375
2020-06-19,78.04718017578125
2020-06-20,40.9384880065918
2020-06-21,34.670562744140625
2020-06-22,83.8697509765625
2020-06-23,65.5790023803711
2020-06-24,37.63386154174805
2020-06-25,27.10564613342285
2020-06-26,8.841690063476562
2020-06-27,29.518402099609375
2020-06-28,54.285552978515625
2020-06-29,63.81393814086914
2020-06-30,67.10188293457031
2020-07-01,143.35874938964844
2020-07-02,18.6574649810791
2020-07-03,29.224525451660156
2020-07-04,27.86811065673828
2020-07-05,0.0
2020-07-06,30.76743507385254
2020-07-07,74.09166717529297
2020-07-08,48.851646423339844
2020-07-09,18.552648544311523
2020-07-10,18.50067901611328
2020-07-11,14.022809028625488
2020-07-12,0.0
2020-07-13,51.35880661010742
2020-07-14,98.43133544921875
2020-07-15,39.372535705566406
2020-07-16,29.397964477539062
2020-07-17,16.97877311706543
2020-07-18,13.660274505615234
2020-07-19,0.0
2020-07-20,67.59239196777344
2020-07-21,26.739849090576172
2020-07-22,18.683855056762695
2020-07-23,34.579803466796875
2020-07-24,52.83794403076172
2020-07-25,28.499427795410156
2020-07-26,31.302099227905273
2020-07-27,50.64986801147461
2020-07-28,46.64366149902344
2020-07-29,37.958290100097656
2020-07-30,26.958131790161133
2020-07-31,34.22146224975586
2020-08-01,19.99417495727539
2020-08-02,0.0
2020-08-03,28.02578353881836
2020-08-04,19.42571449279785
2020-08-05,0.0
2020-08-06,98.5782470703125
2020-08-07,17.472864151000977
2020-08-08,20.343149185180664
2020-08-09,0.0
2020-08-10,20.22892189025879
2020-08-11,18.372024536132812
2020-08-12,61.64426040649414
2020-08-13,9.32873249053955
2020-08-14,26.489608764648438
2020-08-15,14.249713897705078
2020-08-16,15.99211311340332
2020-08-17,30.158639907836914
2020-08-18,37.26230239868164
2020-08-19,46.512271881103516
2020-08-20,36.04225158691406
2020-08-21,17.92331886291504
2020-08-22,21.99137306213379
2020-08-23,0.0
2020-08-24,0.0
2020-08-25,45.11436080932617
2020-08-26,36.64212417602539
2020-08-27,97.38896179199219
2020-08-28,17.044498443603516
2020-08-29,6.923210144042969
2020-08-30,16.720867156982422
2020-08-31,66.26831817626953
2020-09-01,80.79196166992188
2020-09-02,90.7244873046875
2020-09-03,84.55573272705078
2020-09-04,36.04225158691406
2020-09-05,25.305526733398438
2020-09-06,0.0
2020-09-07,22.933134078979492
2020-09-08,29.31098747253418
2020-09-09,25.732763290405273
2020-09-10,140.12890625
2020-09-11,88.1808090209961
2020-09-12,26.105703353881836
2020-09-13,62.16228103637695
2020-09-14,47.92991638183594
2020-09-15,33.023712158203125
2020-09-16,54.8111457824707
2020-09-17,29.930856704711914
2020-09-18,18.120006561279297
2020-09-19,32.155513763427734
2020-09-20,16.308006286621094
2020-09-21,31.65212059020996
2020-09-22,35.84663772583008
2020-09-23,35.41416931152344
2020-09-24,68.97903442382812
2020-09-25,25.46816062927246
2020-09-26,25.799776077270508
2020-09-27,15.467780113220215
2020-09-28,85.16143798828125
2020-09-29,104.83718872070312
2020-09-30,125.56544494628906
2020-10-01,53.479698181152344
2020-10-02,25.402856826782227
2020-10-03,18.979145050048828
2020-10-04,29.7510929107666
2020-10-05,9.53065299987793
2020-10-06,68.35438537597656
2020-10-07,43.682159423828125
2020-10-08,16.784605026245117
2020-10-09,27.10564613342285
2020-10-10,32.892147064208984
2020-10-11,0.0
2020-10-12,56.258453369140625
2020-10-13,0.0
2020-10-14,17.289901733398438
2020-10-15,51.66682815551758
2020-10-16,61.56217956542969
2020-10-17,28.346534729003906
2020-10-18,16.308006286621094
2020-10-19,69.94432067871094
2020-10-20,103.05272674560547
2020-10-21,62.81684112548828
2020-10-22,105.35172271728516
2020-10-23,52.41859436035156
2020-10-24,31.723068237304688
2020-10-25,62.45619583129883
2020-10-26,29.885713577270508
2020-10-27,65.02559661865234
2020-10-28,54.36001968383789
2020-10-29,51.067596435546875
2020-10-30,89.01270294189453
2020-10-31,0.0
2020-11-01,28.407495498657227
2020-11-02,56.4507942199707
2020-11-03,179.1984405517578
2020-11-04,94.72251892089844
2020-11-05,86.79031372070312
2020-11-06,89.61659240722656
2020-11-07,71.15785217285156
2020-11-08,0.0
2020-11-09,80.05747985839844
2020-11-10,44.93022155761719
2020-11-11,76.40447998046875
2020-11-12,17.56580352783203
2020-11-13,77.6014175415039
2020-11-14,47.176734924316406
2020-11-15,99.56898498535156
2020-11-16,97.447021484375
2020-11-17,36.54076385498047
2020-11-18,105.35172271728516
2020-11-19,35.557159423828125
2020-11-20,42.66629409790039
2020-11-21,13.479065895080566
2020-11-22,32.45573806762695
2020-11-23,54.96318435668945
2020-11-24,128.72811889648438
2020-11-25,9.31557559967041
2020-11-26,63.60908126831055
2020-11-27,100.22371673583984
2020-11-28,34.835140228271484
2020-11-29,36.693016052246094
2020-11-30,20.73702621459961
2020-12-01,41.69660568237305
2020-12-02,36.795223236083984
2020-12-03,63.07394027709961
2020-12-04,25.699386596679688
2020-12-05,32.12423324584961
2020-12-06,31.90696907043457
2020-12-07,0.0
2020-12-08,34.99201583862305
2020-12-09,8.33932113647461
2020-12-10,27.180009841918945
2020-12-11,42.721492767333984
2020-12-12,27.096378326416016
2020-12-13,0.0
2020-12-14,19.8043270111084
2020-12-15,46.97541046142578
2020-12-16,8.724891662597656
2020-12-17,70.7335205078125
2020-12-18,0.0
2020-12-19,27.78019905090332
2020-12-20,0.0
2020-12-21,64.12371826171875
2020-12-22,48.06945037841797
2020-12-23,39.08131790161133
2020-12-24,42.175880432128906
2020-12-25,0.0
2020-12-26,29.419790267944336
2020-12-27,0.0
2020-12-28,16.511856079101562
2020-12-29,22.933134078979492
2020-12-30,53.60992431640625
2020-12-31,46.02608108520508
2021-01-01,32.53567886352539
2021-01-02,47.176734924316406
2021-01-03,0.0
2021-01-04,108.92378997802734
2021-01-05,71.98629760742188
2021-01-06,35.41416931152344
2021-01-07,24.954946517944336
2021-01-08,51.66682815551758
2021-01-09,26.98567008972168
2021-01-10,78.44112396240234
2021-01-11,35.319480895996094
2021-01-12,169.3523712158203
2021-01-13,74.58304595947266
2021-01-14,41.279640197753906
2021-01-15,49.53556823730469
2021-01-16,19.579275131225586
2021-01-17,15.800819396972656
2021-01-18,55.408912658691406
2021-01-19,49.84711456298828
2021-01-20,23.78658676147461
2021-01-21,39.407772064208984
2021-01-22,73.115234375
2021-01-23,26.471914291381836
2021-01-24,33.95754623413086
2021-01-25,96.56056213378906
2021-01-26,8.349864959716797
2021-01-27,72.6683120727539
2021-01-28,41.64402770996094
2021-01-29,16.80596160888672
2021-01-30,27.434030532836914
2021-01-31,15.876785278320312
2021-02-01,29.930856704711914
2021-02-02,144.8782196044922
2021-02-03,43.56690216064453
2021-02-04,24.61394691467285
2021-02-05,101.87264251708984
2021-02-06,33.08989334106445
2021-02-07,48.32738494873047
2021-02-08,63.50714111328125
2021-02-09,69.79913330078125
2021-02-10,39.31394577026367
2021-02-11,50.611053466796875
2021-02-12,34.39970016479492
2021-02-13,39.82759475708008
2021-02-14,16.80596160888672
2021-02-15,44.40163040161133
2021-02-16,82.33058166503906
2021-02-17,54.285552978515625
2021-02-18,8.392302513122559
2021-02-19,25.46816062927246
2021-02-20,6.767153739929199
2021-02-21,44.82857131958008
2021-02-22,0.0
2021-02-23,79.46882629394531
2021-02-24,34.48951721191406
2021-02-25,25.113088607788086
2021-02-26,83.28805541992188
2021-02-27,25.90095329284668
2021-02-28,33.10647964477539
2021-03-01,76.79933166503906
2021-03-02,61.8918342590332
2021-03-03,70.4505844116211
2021-03-04,32.061859130859375
2021-03-05,48.38639450073242
2021-03-06,27.208003997802734
2021-03-07,16.227869033813477
2021-03-08,92.63314056396484
2021-03-09,17.754684448242188
2021-03-10,52.76758575439453
2021-03-11,78.94114685058594
2021-03-12,16.409297943115234
2021-03-13,59.20586013793945
2021-03-14,52.41859436035156
2021-03-15,20.22892189025879
2021-03-16,47.176734924316406
2021-03-17,50.74066162109375
2021-03-18,95.4693374633789
2021-03-19,8.54429817199707
2021-03-20,6.532880783081055
2021-03-21,17.472864151000977
2021-03-22,38.01290512084961
2021-03-23,103.46854400634766
2021-03-24,16.935237884521484
2021-03-25,33.91395568847656
2021-03-26,32.73726272583008
2021-03-27,6.338524341583252
2021-03-28,60.31727981567383
2021-03-29,127.77032470703125
2021-03-30,99.66004180908203
2021-03-31,76.1109848022461
2021-04-01,62.98801040649414
2021-04-02,54.58464813232422
2021-04-03,42.24781799316406
2021-04-04,0.0
2021-04-05,42.47422790527344
2021-04-06,27.751020431518555
2021-04-07,67.22384643554688
2021-04-08,37.053253173828125
2021-04-09,26.105703353881836
2021-04-10,12.937790870666504
2021-04-11,48.6836051940918
2021-04-12,120.08622741699219
2021-04-13,72.38074493408203
2021-04-14,144.96005249023438
2021-04-15,41.176700592041016
2021-04-16,18.045743942260742
2021-04-17,87.61392974853516
2021-04-18,62.45619583129883
2021-04-19,150.1077880859375
2021-04-20,129.5047607421875
2021-04-21,62.73161315917969
2021-04-22,61.07423400878906
2021-04-23,115.25054168701172
2021-04-24,139.34056091308594
2021-04-25,33.10647964477539
2021-04-26,39.490238189697266
2021-04-27,143.94952392578125
2021-04-28,33.27326202392578
2021-04-29,68.7099380493164
2021-04-30,27.217348098754883
2021-05-01,19.735286712646484
2021-05-02,16.470680236816406
2021-05-03,86.33650207519531
2021-05-04,71.30625915527344
2021-05-05,8.59992504119873
2021-05-06,53.69709396362305
2021-05-07,8.577588081359863
2021-05-08,0.0
2021-05-09,0.0
2021-05-10,9.770329475402832
2021-05-11,78.94114685058594
2021-05-12,33.65473937988281
2021-05-13,131.76544189453125
2021-05-14,73.93368530273438
2021-05-15,26.079933166503906
2021-05-16,32.77787780761719
2021-05-17,40.83302688598633
2021-05-18,108.11334991455078
2021-05-19,92.01653289794922
2021-05-20,89.61659240722656
2021-05-21,125.1236801147461
2021-05-22,20.385007858276367
2021-05-23,82.14854431152344
2021-05-24,101.1868667602539
2021-05-25,46.05817794799805
2021-05-26,85.88742065429688
2021-05-27,49.84711456298828
2021-05-28,43.624454498291016
2021-05-29,14.709895133972168
2021-05-30,31.008182525634766
2021-05-31,51.00187301635742
2021-06-01,18.763473510742188
2021-06-02,27.40557289123535
2021-06-03,17.11073112487793
2021-06-04,52.908485412597656
2021-06-05,34.47151565551758
2021-06-06,37.74138641357422
2021-06-07,0.0
2021-06-08,54.96318435668945
2021-06-09,53.121253967285156
2021-06-10,35.89533996582031
2021-06-11,84.56776428222656
2021-06-12,46.98495864868164
2021-06-13,0.0
2021-06-14,19.511795043945312
2021-06-15,27.481592178344727
2021-06-16,139.9680633544922
2021-06-17,18.346508026123047
2021-06-18,33.69766616821289
2021-06-19,14.037710189819336
2021-06-20,51.46552658081055
2021-06-21,79.33625030517578
2021-06-22,37.795379638671875
2021-06-23,49.65972137451172
2021-06-24,40.2237663269043
2021-06-25,42.01490020751953
2021-06-26,7.2499918937683105
2021-06-27,0.0
2021-06-28,110.84883117675781
2021-06-29,154.4437713623047
2021-06-30,61.155025482177734
2021-07-01,68.17799377441406
2021-07-02,43.74001693725586
2021-07-03,73.46023559570312
2021-07-04,55.65794372558594
2021-07-05,78.94114685058594
2021-07-06,29.13857078552246
2021-07-07,43.33820724487305
2021-07-08,28.30603790283203
2021-07-09,32.25759506225586
2021-07-10,20.618343353271484
2021-07-11,0.0
2021-07-12,89.38748931884766
2021-07-13,81.54003143310547
2021-07-14,17.24475860595703
2021-07-15,108.72003936767578
2021-07-16,28.065479278564453
2021-07-17,66.37931823730469
2021-07-18,48.6836051940918
2021-07-19,10.083576202392578
2021-07-20,27.986196517944336
2021-07-21,45.23796081542969
2021-07-22,63.33314514160156
2021-07-23,39.78760528564453
2021-07-24,82.30208587646484
2021-07-25,17.426761627197266
2021-07-26,49.14242935180664
2021-07-27,65.02559661865234
2021-07-28,65.39349365234375
2021-07-29,8.806323051452637
2021-07-30,125.46322631835938
2021-07-31,13.465325355529785
2021-08-01,0.0
2021-08-02,40.58213424682617
2021-08-03,46.05817794799805
2021-08-04,76.898681640625
2021-08-05,75.69905853271484
2021-08-06,16.91355323791504
2021-08-07,60.904388427734375
2021-08-08,37.00135803222656
2021-08-09,53.0927848815918
2021-08-10,46.84214401245117
2021-08-11,47.79119110107422
2021-08-12,94.8957290649414
2021-08-13,126.66629028320312
2021-08-14,14.792257308959961
2021-08-15,93.02454376220703
2021-08-16,95.10829162597656
2021-08-17,137.5988006591797
2021-08-18,73.69308471679688
2021-08-19,8.998287200927734
2021-08-20,48.851646423339844
2021-08-21,70.41303253173828
2021-08-22,55.03952407836914
2021-08-23,44.55138397216797
2021-08-24,151.83316040039062
2021-08-25,47.37978744506836
2021-08-26,133.04518127441406
2021-08-27,141.12698364257812
2021-08-28,140.52642822265625
2021-08-29,126.66629028320312
2021-08-30,124.40440368652344
2021-08-31,108.59815979003906
2021-09-01,88.65426635742188
2021-09-02,55.26980972290039
2021-09-03,136.88584899902344
2021-09-04,65.8498764038086
2021-09-05,67.39533233642578
2021-09-06,137.85989379882812
2021-09-07,88.06324005126953
2021-09-08,75.59075927734375
2021-09-09,36.693016052246094
2021-09-10,85.07279205322266
2021-09-11,118.88536071777344
2021-09-12,76.44377899169922
2021-09-13,109.5809555053711
2021-09-14,37.10529708862305
2021-09-15,56.37049102783203
2021-09-16,45.67595291137695
2021-09-17,48.851646423339844
2021-09-18,51.599552154541016
2021-09-19,32.696746826171875
2021-09-20,49.80952072143555
2021-09-21,26.667871475219727
2021-09-22,45.05281448364258
2021-09-23,60.043113708496094
2021-09-24,70.4505844116211
2021-09-25,39.31394577026367
2021-09-26,49.65972137451172
2021-09-27,47.37978744506836
2021-09-28,67.10188293457031
2021-09-29,81.98990631103516
2021-09-30,62.308895111083984
2021-10-01,67.82791137695312
2021-10-02,108.16364288330078
2021-10-03,51.73427200317383
2021-10-04,17.496007919311523
2021-10-05,120.4230728149414
2021-10-06,0.0
2021-10-07,74.41963195800781
2021-10-08,25.66609764099121
2021-10-09,56.61207580566406
2021-10-10,17.380901336669922
2021-10-11,20.259946823120117
2021-10-12,108.4225845336914
2021-10-13,116.02925872802734
2021-10-14,64.39163970947266
2021-10-15,151.32159423828125
2021-10-16,33.83576965332031
2021-10-17,34.94572830200195
2021-10-18,27.068614959716797
2021-10-19,28.59195899963379
2021-10-20,62.73161315917969
2021-10-21,80.32794952392578
2021-10-22,68.6207046508789
2021-10-23,32.761619567871094
2021-10-24,32.85941696166992
2021-10-25,116.42976379394531
2021-10-26,105.7527847290039
2021-10-27,55.97239303588867
2021-10-28,87.85026550292969
2021-10-29,25.66609764099121
2021-10-30,33.12308120727539
2021-10-31,0.0
2021-11-01,17.70708465576172
2021-11-02,28.925880432128906
2021-11-03,60.59396743774414
2021-11-04,61.155025482177734
2021-11-05,64.59406280517578
2021-11-06,0.0
2021-11-07,61.7265625
2021-11-08,71.90232849121094
2021-11-09,28.105287551879883
2021-11-10,37.209815979003906
2021-11-11,45.9940299987793
2021-11-12,27.51976203918457
2021-11-13,37.84952926635742
2021-11-14,34.22146224975586
2021-11-15,28.14521026611328
2021-11-16,56.53131866455078
2021-11-17,78.00877380371094
2021-11-18,54.06337356567383
2021-11-19,81.31694030761719
2021-11-20,13.465325355529785
2021-11-21,16.97877311706543
2021-11-22,41.15104293823242
2021-11-23,28.468717575073242
2021-11-24,126.26714324951172
2021-11-25,47.09263610839844
2021-11-26,9.799321174621582
2021-11-27,0.0
2021-11-28,0.0
2021-11-29,20.19799041748047
2021-11-30,18.50067901611328
2021-12-01,17.335281372070312
2021-12-02,26.525070190429688
2021-12-03,42.33809280395508
2021-12-04,33.223052978515625
2021-12-05,47.176734924316406
2021-12-06,67.29723358154297
2021-12-07,155.9453125
2021-12-08,52.76758575439453
2021-12-09,66.33170318603516
2021-12-10,112.53166198730469
2021-12-11,34.04506301879883
2021-12-12,16.935237884521484
2021-12-13,10.483718872070312
2021-12-14,101.75373840332031
2021-12-15,26.921504974365234
2021-12-16,59.42570495605469
2021-12-17,71.3597640991211
2021-12-18,62.439796447753906
2021-12-19,52.142704010009766
2021-12-20,21.16904640197754
2021-12-21,19.255809783935547
2021-12-22,17.612646102905273
2021-12-23,59.95227813720703
2021-12-24,60.13422775268555
2021-12-25,0.0
2021-12-26,21.79783058166504
2021-12-27,17.472864151000977
2021-12-28,14.677206039428711
2021-12-29,21.584125518798828
2021-12-30,56.4507942199707
2021-12-31,0.0
2022-01-01,31.451156616210938
2022-01-02,0.0
2022-01-03,14.909126281738281
2022-01-04,10.434032440185547
2022-01-05,82.44477081298828
2022-01-06,69.79913330078125
2022-01-07,72.98058319091797
2022-01-08,13.875510215759277
2022-01-09,18.1448974609375
2022-01-10,51.84256362915039
2022-01-11,78.8364486694336
2022-01-12,36.693016052246094
2022-01-13,100.07186126708984
2022-01-14,17.754684448242188
2022-01-15,33.732086181640625
2022-01-16,73.38603210449219
2022-01-17,137.5988006591797
2022-01-18,114.5331039428711
2022-01-19,52.48802185058594
2022-01-20,26.313716888427734
2022-01-21,88.1808090209961
2022-01-22,96.90931701660156
2022-01-23,135.58123779296875
2022-01-24,42.33809280395508
2022-01-25,123.89849853515625
2022-01-26,71.59613037109375
2022-01-27,79.25691223144531
2022-01-28,80.7425765991211
2022-01-29,94.83732604980469
2022-01-30,36.190372467041016
2022-01-31,19.006452560424805
2022-02-01,54.285552978515625
2022-02-02,58.22821044921875
2022-02-03,40.870933532714844
2022-02-04,64.20162963867188
2022-02-05,33.87047576904297
2022-02-06,34.670562744140625
2022-02-07,29.930856704711914
2022-02-08,81.20585632324219
2022-02-09,35.94417953491211
2022-02-10,17.312562942504883
2022-02-11,73.115234375
2022-02-12,96.27904510498047
2022-02-13,100.83576202392578
2022-02-14,70.4774398803711
2022-02-15,87.82902526855469
2022-02-16,61.155025482177734
2022-02-17,91.09989929199219
2022-02-18,147.54351806640625
2022-02-19,115.8726806640625
2022-02-20,110.69401550292969
2022-02-21,135.02029418945312
2022-02-22,121.55968475341797
2022-02-23,183.46507263183594
2022-02-24,189.51914978027344
2022-02-25,162.41171264648438
2022-02-26,362.6435852050781
2022-02-27,157.6728973388672
2022-02-28,218.17466735839844
2022-03-01,287.5534362792969
2022-03-02,203.2228546142578
2022-03-03,353.82550048828125
2022-03-04,226.84716796875
2022-03-05,236.41136169433594
2022-03-06,206.39820861816406
2022-03-07,247.6778564453125
2022-03-08,360.2586975097656
2022-03-09,179.1984405517578
2022-03-10,384.1055908203125
2022-03-11,289.7564392089844
2022-03-12,183.2529754638672
2022-03-13,216.54891967773438
2022-03-14,204.04896545410156
2022-03-15,207.28150939941406
2022-03-16,343.9051513671875
2022-03-17,227.74974060058594
2022-03-18,202.4811553955078
2022-03-19,175.34715270996094
2022-03-20,156.42811584472656
2022-03-21,227.03802490234375
2022-03-22,201.01390075683594
2022-03-23,297.41851806640625
2022-03-24,265.6553955078125
2022-03-25,328.0787353515625
2022-03-26,236.15573120117188
2022-03-27,205.8621063232422
2022-03-28,319.3782653808594
2022-03-29,181.5736846923828
2022-03-30,270.6861572265625
2022-03-31,220.89439392089844
2022-04-01,167.83352661132812
2022-04-02,187.57864379882812
2022-04-03,301.02044677734375
2022-04-04,143.01608276367188
2022-04-05,137.36032104492188
2022-04-06,116.80413055419922
2022-04-07,232.1155548095703
2022-04-08,152.65199279785156
2022-04-09,211.8138885498047
2022-04-10,139.7829132080078
2022-04-11,226.01780700683594
2022-04-12,219.77252197265625
2022-04-13,305.4825134277344
2022-04-14,302.6723327636719
2022-04-15,186.57464599609375
2022-04-16,207.69631958007812
2022-04-17,132.0948486328125
2022-04-18,184.93280029296875
2022-04-19,243.26858520507812
2022-04-20,166.7864227294922
2022-04-21,111.19095611572266
2022-04-22,218.7000732421875
2022-04-23,134.00927734375
2022-04-24,50.2899169921875
2022-04-25,232.46505737304688
2022-04-26,160.05030822753906
2022-04-27,127.62787628173828
2022-04-28,131.87506103515625
2022-04-29,143.35874938964844
2022-04-30,193.3591766357422
2022-05-01,100.07186126708984
2022-05-02,128.49693298339844
2022-05-03,156.98878479003906
2022-05-04,217.2612762451172
2022-05-05,144.25335693359375
2022-05-06,178.79080200195312
2022-05-07,77.93206787109375
2022-05-08,124.95458984375
2022-05-09,170.0230712890625
2022-05-10,190.40699768066406
2022-05-11,175.83340454101562
2022-05-12,174.09535217285156
2022-05-13,141.38592529296875
2022-05-14,68.79940032958984
2022-05-15,68.97903442382812
2022-05-16,174.46490478515625
2022-05-17,158.26060485839844
2022-05-18,128.04025268554688
2022-05-19,129.5047607421875
2022-05-20,90.33842468261719
2022-05-21,91.73253631591797
2022-05-22,49.90989303588867
2022-05-23,115.2660140991211
2022-05-24,295.5650634765625
2022-05-25,209.8496856689453
2022-05-26,72.23937225341797
2022-05-27,124.03273010253906
2022-05-28,113.38613891601562
2022-05-29,84.24417114257812
2022-05-30,138.56103515625
2022-05-31,177.8656005859375
2022-06-01,162.41171264648438
2022-06-02,120.28504180908203
2022-06-03,102.48738098144531
2022-06-04,61.53487014770508
2022-06-05,52.55763626098633
2022-06-06,145.80006408691406
2022-06-07,108.4720458984375
2022-06-08,146.27198791503906
2022-06-09,76.79933166503906
2022-06-10,52.25271224975586
2022-06-11,84.79698181152344
2022-06-12,55.65794372558594
2022-06-13,146.77206420898438
2022-06-14,113.28888702392578
2022-06-15,120.6846694946289
2022-06-16,109.89588165283203
2022-06-17,82.68848419189453
2022-06-18,111.78690338134766
2022-06-19,37.526947021484375
2022-06-20,115.36668395996094
2022-06-21,98.02957916259766
2022-06-22,126.20527648925781
2022-06-23,190.8272247314453
2022-06-24,106.35655975341797
2022-06-25,117.94183349609375
2022-06-26,67.22384643554688
2022-06-27,100.26174926757812
2022-06-28,189.0246124267578
2022-06-29,186.822998046875
2022-06-30,151.08888244628906
2022-07-01,107.92063903808594
2022-07-02,80.05747985839844
2022-07-03,40.15040969848633
2022-07-04,87.48003387451172
2022-07-05,138.0782470703125
2022-07-06,150.1077880859375
2022-07-07,66.26831817626953
2022-07-08,83.8697509765625
2022-07-09,50.18801498413086
2022-07-10,19.199832916259766
2022-07-11,52.94382858276367
2022-07-12,147.27557373046875
2022-07-13,145.84605407714844
2022-07-14,98.90629577636719
2022-07-15,148.89918518066406
2022-07-16,87.67357635498047
2022-07-17,107.10393524169922
2022-07-18,162.07957458496094
2022-07-19,89.25328063964844
2022-07-20,55.22359848022461
2022-07-21,100.40994262695312
2022-07-22,40.02873992919922
2022-07-23,99.6190414428711
2022-07-24,39.54935836791992
2022-07-25,38.54907989501953
2022-07-26,154.42742919921875
2022-07-27,127.68394470214844
2022-07-28,95.72090911865234
2022-07-29,52.33551788330078
2022-07-30,145.6163787841797
2022-07-31,153.59866333007812
2022-08-01,117.47565460205078
2022-08-02,116.48576354980469
2022-08-03,124.61779022216797
2022-08-04,148.54957580566406
2022-08-05,112.70892333984375
2022-08-06,108.27445983886719
2022-08-07,92.24501037597656
2022-08-08,103.40105438232422
2022-08-09,153.0510711669922
2022-08-10,68.91905975341797
2022-08-11,136.05274963378906
2022-08-12,160.56910705566406
2022-08-13,63.81393814086914
2022-08-14,199.53904724121094
2022-08-15,90.65332794189453
2022-08-16,96.24397277832031
2022-08-17,138.3192138671875
2022-08-18,59.076412200927734
2022-08-19,129.04470825195312
2022-08-20,91.45027923583984
2022-08-21,150.5354461669922
2022-08-22,76.06229400634766
2022-08-23,144.89381408691406
2022-08-24,56.74177551269531
2022-08-25,169.89691162109375
2022-08-26,86.33650207519531
2022-08-27,50.962520599365234
2022-08-28,94.08465576171875
2022-08-29,146.77206420898438
2022-08-30,60.482994079589844
2022-08-31,119.10192108154297
2022-09-01,198.14227294921875
2022-09-02,94.35346984863281
2022-09-03,88.06324005126953
2022-09-04,49.28912353515625
2022-09-05,45.654903411865234
2022-09-06,95.03227233886719
2022-09-07,86.19566345214844
2022-09-08,93.90628814697266
2022-09-09,55.316104888916016
2022-09-10,71.45780181884766
2022-09-11,66.54652404785156
2022-09-12,131.3070068359375
2022-09-13,143.84193420410156
2022-09-14,178.50656127929688
2022-09-15,156.98878479003906
2022-09-16,105.8452377319336
2022-09-17,133.04518127441406
2022-09-18,71.01873779296875
2022-09-19,67.67153930664062
2022-09-20,90.1231918334961
2022-09-21,162.14588928222656
2022-09-22,150.1077880859375
2022-09-23,93.61052703857422
2022-09-24,62.81684112548828
2022-09-25,53.121253967285156
2022-09-26,104.0116958618164
2022-09-27,99.90367126464844
2022-09-28,185.5878143310547
2022-09-29,122.930908203125
2022-09-30,104.67103576660156
2022-10-01,135.18478393554688
2022-10-02,64.12371826171875
2022-10-03,91.0102310180664
2022-10-04,90.3212661743164
2022-10-05,121.08694458007812
2022-10-06,148.89918518066406
2022-10-07,39.66812515258789
2022-10-08,75.59075927734375
2022-10-09,124.28279876708984
2022-10-10,256.9938659667969
2022-10-11,256.721435546875
2022-10-12,149.38027954101562
2022-10-13,100.07186126708984
2022-10-14,94.35346984863281
2022-10-15,58.19156265258789
2022-10-16,54.887054443359375
2022-10-17,139.44754028320312
2022-10-18,58.44905090332031
2022-10-19,148.29299926757812
2022-10-20,148.03733825683594
2022-10-21,115.8726806640625
2022-10-22,122.13607025146484
2022-10-23,104.28540802001953
2022-10-24,37.3149299621582
2022-10-25,69.64579010009766
2022-10-26,110.81782531738281
2022-10-27,201.10594177246094
2022-10-28,128.2474365234375
2022-10-29,28.59195899963379
2022-10-30,34.39970016479492
2022-10-31,138.64918518066406
2022-11-01,163.7539520263672
2022-11-02,75.17593383789062
2022-11-03,120.63455963134766
2022-11-04,115.53485870361328
2022-11-05,72.77953338623047
2022-11-06,84.02980041503906
2022-11-07,104.46868896484375
2022-11-08,146.53944396972656
2022-11-09,156.55685424804688
2022-11-10,127.20244598388672
2022-11-11,110.75025939941406
2022-11-12,28.509681701660156
2022-11-13,73.38603210449219
2022-11-14,163.23509216308594
2022-11-15,100.75031280517578
2022-11-16,164.5699920654297
2022-11-17,158.00819396972656
2022-11-18,67.79061889648438
2022-11-19,76.91112518310547
2022-11-20,68.79940032958984
2022-11-21,83.45343017578125
2022-11-22,143.58135986328125
2022-11-23,99.73604583740234
2022-11-24,39.70787048339844
2022-11-25,80.2659683227539
2022-11-26,99.56898498535156
2022-11-27,37.84952926635742
2022-11-28,25.06543731689453
2022-11-29,66.82707977294922
2022-11-30,21.690452575683594
2022-12-01,40.45784378051758
2022-12-02,138.42276000976562
2022-12-03,138.36752319335938
2022-12-04,68.6207046508789
2022-12-05,139.2915802001953
2022-12-06,133.53289794921875
2022-12-07,74.09166717529297
2022-12-08,97.28752899169922
2022-12-09,55.68922805786133
2022-12-10,51.76130676269531
2022-12-11,18.397611618041992
2022-12-12,157.88229370117188
2022-12-13,146.52159118652344
2022-12-14,166.22674560546875
2022-12-15,45.1606330871582
2022-12-16,127.45994567871094
2022-12-17,79.45555114746094
2022-12-18,39.66812515258789
2022-12-19,164.09298706054688
2022-12-20,132.33546447753906
2022-12-21,169.01901245117188
2022-12-22,184.93280029296875
2022-12-23,161.74879455566406
2022-12-24,61.958187103271484
2022-12-25,49.28912353515625
2022-12-26,51.599552154541016
2022-12-27,128.06979370117188
2022-12-28,86.52501678466797
2022-12-29,101.6114273071289
2022-12-30,194.6976318359375
2022-12-31,99.13309478759766
2023-01-01,23.01304054260254
2023-01-02,93.35325622558594
2023-01-03,167.40130615234375
2023-01-04,100.26174926757812
2023-01-05,118.15282440185547
2023-01-06,106.14765167236328
2023-01-07,108.27445983886719
2023-01-08,19.42571449279785
2023-01-09,52.83794403076172
2023-01-10,102.84201049804688
2023-01-11,82.1193618774414
2023-01-12,126.77049255371094
2023-01-13,80.40556335449219
2023-01-14,42.27035140991211
2023-01-15,21.23711395263672
2023-01-16,152.5344696044922
2023-01-17,88.90999603271484
2023-01-18,65.61003112792969
2023-01-19,120.74484252929688
2023-01-20,123.76859283447266
2023-01-21,115.32090759277344
2023-01-22,41.40904235839844
2023-01-23,80.70968627929688
2023-01-24,67.2809066772461
2023-01-25,116.0763168334961
2023-01-26,83.15322875976562
2023-01-27,171.99850463867188
2023-01-28,58.36296844482422
2023-01-29,0.0
2023-01-30,94.16130065917969
2023-01-31,153.3439483642578
2023-02-01,114.07154846191406
2023-02-02,118.36457061767578
2023-02-03,99.40248107910156
2023-02-04,89.11946105957031
2023-02-05,20.901084899902344
2023-02-06,126.20527648925781
2023-02-07,125.08982849121094
2023-02-08,67.2809066772461
2023-02-09,169.06336975097656
2023-02-10,153.3243865966797
2023-02-11,65.67215728759766
2023-02-12,86.33650207519531
2023-02-13,142.45523071289062
2023-02-14,35.319480895996094
2023-02-15,86.4778060913086
2023-02-16,123.13927459716797
2023-02-17,58.76105499267578
2023-02-18,50.883995056152344
2023-02-19,114.86508178710938
2023-02-20,76.62114715576172
2023-02-21,132.33546447753906
2023-02-22,149.84580993652344
2023-02-23,145.69285583496094
2023-02-24,88.5057601928711
2023-02-25,78.86260223388672
2023-02-26,89.86044311523438
2023-02-27,92.2818374633789
2023-02-28,146.50076293945312
2023-03-01,97.92863464355469
2023-03-02,149.84580993652344
2023-03-03,213.43870544433594
2023-03-04,115.36668395996094
2023-03-05,19.95390510559082
2023-03-06,53.26405334472656
2023-03-07,90.1231918334961
2023-03-08,54.58464813232422
2023-03-09,79.16643524169922
2023-03-10,67.85694122314453
2023-03-11,55.97239303588867
2023-03-12,77.47498321533203
2023-03-13,87.56288146972656
2023-03-14,122.51631164550781
2023-03-15,101.43802642822266
2023-03-16,163.58494567871094
2023-03-17,90.63111877441406
2023-03-18,58.44905090332031
2023-03-19,21.305620193481445
2023-03-20,80.38226318359375
2023-03-21,141.27792358398438
2023-03-22,48.03449249267578
2023-03-23,75.1963119506836
2023-03-24,55.68922805786133
2023-03-25,101.29973602294922
2023-03-26,0.0
2023-03-27,53.588172912597656
2023-03-28,47.09263610839844
2023-03-29,79.71240997314453
2023-03-30,110.4882583618164
2023-03-31,45.08356475830078
2023-04-01,28.468717575073242
2023-04-02,43.45225524902344
2023-04-03,64.87959289550781
2023-04-04,75.1963119506836
2023-04-05,105.7698974609375
2023-04-06,123.68431091308594
2023-04-07,134.79066467285156
2023-04-08,69.62831115722656
2023-04-09,65.8280029296875
2023-04-10,56.937435150146484
2023-04-11,52.83794403076172
2023-04-12,112.7944564819336
2023-04-13,75.48277282714844
2023-04-14,47.77390670776367
2023-04-15,51.199554443359375
2023-04-16,20.967437744140625
2023-04-17,98.3685073852539
2023-04-18,146.47613525390625
2023-04-19,169.66310119628906
2023-04-20,107.2972640991211
2023-04-21,97.12857055664062
2023-04-22,100.83576202392578
2023-04-23,93.81736755371094
2023-04-24,86.71434783935547
2023-04-25,173.48292541503906
2023-04-26,116.69156646728516
2023-04-27,164.53094482421875
2023-04-28,117.52210998535156
2023-04-29,48.35097122192383
2023-04-30,101.6114273071289
2023-05-01,111.23776245117188
2023-05-02,89.5992202758789
2023-05-03,160.5319366455078
2023-05-04,136.30799865722656
2023-05-05,23.174535751342773
2023-05-06,111.42970275878906
2023-05-07,0.0
2023-05-08,58.970916748046875
2023-05-09,150.1077880859375
2023-05-10,70.89169311523438
2023-05-11,71.40262603759766
2023-05-12,100.52880096435547
2023-05-13,93.7581787109375
2023-05-14,92.24501037597656
2023-05-15,116.09899139404297
2023-05-16,143.06301879882812
2023-05-17,11.137845993041992
2023-05-18,102.13519287109375
2023-05-19,140.31320190429688
2023-05-20,107.95269775390625
2023-05-21,80.05747985839844
2023-05-22,39.00438690185547
2023-05-23,146.50076293945312
2023-05-24,80.40556335449219
2023-05-25,117.7315902709961
2023-05-26,55.59547805786133
2023-05-27,70.37016296386719
2023-05-28,54.58464813232422
2023-05-29,44.82857131958008
2023-05-30,65.26425170898438
2023-05-31,137.5988006591797
2023-06-01,140.7760467529297
2023-06-02,123.55810546875
2023-06-03,108.76073455810547
2023-06-04,38.06768035888672
2023-06-05,42.70307922363281
2023-06-06,133.06259155273438
2023-06-07,158.87696838378906
2023-06-08,78.49439239501953
2023-06-09,53.350101470947266
2023-06-10,67.79061889648438
2023-06-11,101.29973602294922
2023-06-12,65.52323913574219
2023-06-13,59.18228530883789
2023-06-14,77.44254302978516
2023-06-15,133.55178833007812
2023-06-16,90.89095306396484
2023-06-17,78.16263580322266
2023-06-18,112.58084106445312
2023-06-19,100.28893280029297
2023-06-20,102.48738098144531
2023-06-21,72.84642791748047
2023-06-22,98.5782470703125
2023-06-23,46.26789855957031
2023-06-24,119.72342681884766
2023-06-25,134.39883422851562
2023-06-26,140.82606506347656
2023-06-27,94.35346984863281
2023-06-28,109.71332550048828
2023-06-29,72.314697265625
2023-06-30,86.19566345214844
2023-07-01,92.44585418701172
2023-07-02,59.32403564453125
2023-07-03,38.77539825439453
2023-07-04,116.89810180664062
2023-07-05,95.54781341552734
2023-07-06,140.25515747070312
2023-07-07,171.70040893554688
2023-07-08,53.178279876708984
2023-07-09,75.69905853271484
2023-07-10,105.04560089111328
2023-07-11,134.79066467285156
2023-07-12,110.4882583618164
2023-07-13,57.33283615112305
2023-07-14,104.46868896484375
2023-07-15,20.167152404785156
2023-07-16,0.0
2023-07-17,91.0102310180664
2023-07-18,138.3850860595703
2023-07-19,139.83982849121094
2023-07-20,145.42552185058594
2023-07-21,106.14765167236328
2023-07-22,62.40701675415039
2023-07-23,78.86260223388672
2023-07-24,163.4163055419922
2023-07-25,54.697662353515625
2023-07-26,55.877685546875
2023-07-27,60.043113708496094
2023-07-28,97.447021484375
2023-07-29,66.1576919555664
2023-07-30,20.075204849243164
2023-07-31,111.94478607177734
2023-08-01,103.60381317138672
2023-08-02,138.64918518066406
2023-08-03,106.14765167236328
2023-08-04,95.20349884033203
2023-08-05,71.56841278076172
2023-08-06,15.04497241973877
2023-08-07,96.5202407836914
2023-08-08,88.90999603271484
2023-08-09,93.68428802490234
2023-08-10,124.38309478759766
2023-08-11,76.41851043701172
2023-08-12,129.7167205810547
2023-08-13,69.15960693359375
2023-08-14,143.26991271972656
2023-08-15,72.18297576904297
2023-08-16,105.58203125
2023-08-17,69.40184783935547
2023-08-18,33.0788459777832
2023-08-19,113.69666290283203
2023-08-20,52.2802848815918
2023-08-21,83.07852172851562
2023-08-22,62.19154739379883
2023-08-23,96.24397277832031
2023-08-24,49.105892181396484
2023-08-25,11.466567039489746
2023-08-26,80.66860961914062
2023-08-27,16.720867156982422
2023-08-28,68.37207794189453
2023-08-29,40.68629837036133
2023-08-30,116.28068542480469
2023-08-31,110.9005355834961
2023-09-01,45.08356475830078
2023-09-02,58.795928955078125
2023-09-03,16.308006286621094
2023-09-04,61.7265625
2023-09-05,24.282142639160156
2023-09-06,47.00884246826172
2023-09-07,61.61140441894531
2023-09-08,95.87529754638672
2023-09-09,59.058799743652344
2023-09-10,16.553239822387695
2023-09-11,39.94804000854492
2023-09-12,65.78429412841797
2023-09-13,31.008182525634766
2023-09-14,102.48738098144531
2023-09-15,85.08525085449219
2023-09-16,69.31513977050781
2023-09-17,48.0927848815918
2023-09-18,94.16130065917969
2023-09-19,97.30744171142578
2023-09-20,206.7571563720703
2023-09-21,108.27445983886719
2023-09-22,109.35003662109375
2023-09-23,42.95767593383789
2023-09-24,66.21295928955078
2023-09-25,41.10835647583008
2023-09-26,24.92355728149414
2023-09-27,47.601749420166016
2023-09-28,58.34578323364258
2023-09-29,91.89207458496094
2023-09-30,72.01432800292969
2023-10-01,77.7028579711914
2023-10-02,37.958290100097656
2023-10-03,83.00394439697266
2023-10-04,66.60244750976562
2023-10-05,36.091487884521484
2023-10-06,91.89207458496094
2023-10-07,68.69717407226562
2023-10-08,83.8165283203125
2023-10-09,279.63629150390625
2023-10-10,282.88470458984375
2023-10-11,265.11181640625
2023-10-12,229.41517639160156
2023-10-13,292.04644775390625
2023-10-14,184.6046142578125
2023-10-15,136.88584899902344
2023-10-16,381.54888916015625
2023-10-17,267.595458984375
2023-10-18,349.457275390625
2023-10-19,430.997314453125
2023-10-20,363.8672790527344
2023-10-21,256.08050537109375
2023-10-22,209.67437744140625
2023-10-23,467.71783447265625
2023-10-24,286.62091064453125
2023-10-25,224.2696990966797
2023-10-26,223.8895721435547
2023-10-27,283.8401794433594
2023-10-28,234.06637573242188
2023-10-29,187.3685760498047
2023-10-30,191.9983367919922
2023-10-31,208.31283569335938
2023-11-01,262.36456298828125
2023-11-02,287.7065734863281
2023-11-03,261.573974609375
2023-11-04,188.10975646972656
2023-11-05,134.79066467285156
2023-11-06,229.61273193359375
2023-11-07,174.7286376953125
2023-11-08,204.14659118652344
2023-11-09,259.93621826171875
2023-11-10,229.63510131835938
2023-11-11,186.9266815185547
2023-11-12,119.46562194824219
2023-11-13,159.6750946044922
2023-11-14,141.3466339111328
2023-11-15,94.691650390625
2023-11-16,219.79176330566406
2023-11-17,178.82876586914062
2023-11-18,148.4211883544922
2023-11-19,171.34945678710938
2023-11-20,217.888427734375
2023-11-21,141.07217407226562
2023-11-22,127.23672485351562
2023-11-23,223.8895721435547
2023-11-24,231.5315704345703
2023-11-25,108.45225524902344
2023-11-26,122.63447570800781
2023-11-27,173.05003356933594
2023-11-28,215.50982666015625
2023-11-29,143.8218536376953
2023-11-30,230.13040161132812
2023-12-01,106.33753967285156
2023-12-02,152.18301391601562
2023-12-03,186.76651000976562
2023-12-04,259.009521484375
2023-12-05,59.60959243774414
2023-12-06,177.94076538085938
2023-12-07,175.9700469970703
2023-12-08,188.37054443359375
2023-12-09,106.01513671875
2023-12-10,154.6778106689453
2023-12-11,140.52642822265625
2023-12-12,166.9068603515625
2023-12-13,244.62010192871094
2023-12-14,213.43870544433594
2023-12-15,204.8916473388672
2023-12-16,145.6163787841797
2023-12-17,140.9548797607422
2023-12-18,237.22137451171875
2023-12-19,240.65863037109375
2023-12-20,229.3313446044922
2023-12-21,143.58135986328125
2023-12-22,71.27420043945312
2023-12-23,143.84193420410156
2023-12-24,42.20282745361328
2023-12-25,194.25714111328125
2023-12-26,222.63177490234375
2023-12-27,234.89671325683594
2023-12-28,143.89418029785156
2023-12-29,213.91879272460938
2023-12-30,236.3526153564453
2023-12-31,179.5851593017578
2024-01-01,275.1976013183594
2024-01-02,192.63832092285156
2024-01-03,259.009521484375
2024-01-04,240.17245483398438
2024-01-05,197.89491271972656
2024-01-06,146.53944396972656
2024-01-07,142.0374755859375
2024-01-08,141.732666015625
2024-01-09,299.03363037109375
2024-01-10,129.5047607421875
2024-01-11,190.15573120117188
2024-01-12,238.31544494628906
2024-01-13,212.71311950683594
2024-01-14,107.10393524169922
2024-01-15,141.42916870117188
2024-01-16,286.0811462402344
2024-01-17,234.2107391357422
2024-01-18,160.78961181640625
2024-01-19,212.67507934570312
2024-01-20,146.30758666992188
2024-01-21,104.83718872070312
2024-01-22,239.20596313476562
2024-01-23,249.70672607421875
2024-01-24,235.04421997070312
2024-01-25,252.08941650390625
2024-01-26,191.6051483154297
2024-01-27,234.42759704589844
2024-01-28,190.33839416503906
2024-01-29,200.1437225341797
2024-01-30,254.028564453125
2024-01-31,250.5247344970703
2024-02-01,159.29806518554688
2024-02-02,245.8075714111328
2024-02-03,117.94183349609375
2024-02-04,113.87487030029297
2024-02-05,145.30433654785156
2024-02-06,162.0031280517578
2024-02-07,144.54823303222656
2024-02-08,162.22174072265625
2024-02-09,277.0445861816406
2024-02-10,113.69666290283203
2024-02-11,154.7986602783203
2024-02-12,184.2524871826172
2024-02-13,262.1920471191406
2024-02-14,153.0510711669922
2024-02-15,247.95962524414062
2024-02-16,133.69923400878906
2024-02-17,119.2974853515625
2024-02-18,89.49515533447266
2024-02-19,218.21836853027344
2024-02-20,221.8984832763672
2024-02-21,236.77378845214844
2024-02-22,125.08982849121094
2024-02-23,149.32461547851562
2024-02-24,147.70989990234375
2024-02-25,86.90451049804688
2024-02-26,276.34906005859375
2024-02-27,98.5782470703125
2024-02-28,188.70693969726562
2024-02-29,141.0265350341797
2024-03-01,130.90481567382812
2024-03-02,96.9859390258789
2024-03-03,127.71601867675781
2024-03-04,177.03433227539062
2024-03-05,102.39910888671875
2024-03-06,95.72090911865234
2024-03-07,146.23046875
2024-03-08,177.6065216064453
2024-03-09,115.68817138671875
2024-03-10,124.61779022216797
2024-03-11,202.59947204589844
2024-03-12,172.4129638671875
2024-03-13,179.1521453857422
2024-03-14,248.7661895751953
2024-03-15,183.46507263183594
2024-03-16,98.74200439453125
2024-03-17,34.48951721191406
2024-03-18,127.99888610839844
2024-03-19,221.8984832763672
2024-03-20,138.80369567871094
2024-03-21,148.69964599609375
2024-03-22,135.94667053222656
2024-03-23,138.71026611328125
2024-03-24,103.19910430908203
2024-03-25,245.5775146484375
2024-03-26,203.2228546142578
2024-03-27,149.32461547851562
2024-03-28,111.734375
2024-03-29,113.22415161132812
2024-03-30,214.7883758544922
2024-03-31,183.9761199951172
2024-04-01,144.52391052246094
2024-04-02,249.9803009033203
2024-04-03,194.25714111328125
2024-04-04,172.83438110351562
2024-04-05,158.60446166992188
2024-04-06,169.8647918701172
2024-04-07,104.28540802001953
2024-04-08,153.92408752441406
2024-04-09,159.00306701660156
2024-04-10,261.3387451171875
2024-04-11,117.1053695678711
2024-04-12,160.82977294921875
2024-04-13,118.90699005126953
2024-04-14,219.5482177734375
2024-04-15,230.08323669433594
2024-04-16,283.94219970703125
2024-04-17,221.26441955566406
2024-04-18,136.56422424316406
2024-04-19,184.42562866210938
2024-04-20,123.64572143554688
2024-04-21,70.26321411132812
2024-04-22,81.20585632324219
2024-04-23,110.9005355834961
2024-04-24,150.37066650390625
2024-04-25,171.87063598632812
2024-04-26,138.80369567871094
2024-04-27,164.8438262939453
2024-04-28,146.77206420898438
2024-04-29,197.57777404785156
2024-04-30,123.91637420654297
2024-05-01,111.734375
2024-05-02,214.98257446289062
2024-05-03,127.45994567871094
2024-05-04,96.97012329101562
2024-05-05,51.46552658081055
2024-05-06,172.29763793945312
2024-05-07,133.30673217773438
2024-05-08,198.0258026123047
2024-05-09,126.04470825195312
2024-05-10,223.8895721435547
2024-05-11,147.94622802734375
2024-05-12,71.79067993164062
2024-05-13,235.4165496826172
2024-05-14,167.0460205078125
2024-05-15,81.9737548828125
2024-05-16,129.9293670654297
2024-05-17,170.44496154785156
2024-05-18,140.74032592773438
2024-05-19,124.95458984375
2024-05-20,115.42268371582031
2024-05-21,151.04400634765625
2024-05-22,121.41071319580078
2024-05-23,83.60433959960938
2024-05-24,81.39647674560547
2024-05-25,42.887939453125
2024-05-26,148.83926391601562
2024-05-27,64.43651580810547
2024-05-28,104.0116958618164
2024-05-29,112.51690673828125
2024-05-30,111.94478607177734
2024-05-31,195.0219268798828
2024-06-01,151.02308654785156
2024-06-02,89.73834991455078
2024-06-03,83.07852172851562
2024-06-04,109.87557220458984
2024-06-05,135.94667053222656
2024-06-06,145.96116638183594
2024-06-07,166.7864227294922
2024-06-08,30.672178268432617
2024-06-09,101.09300231933594
2024-06-10,120.32931518554688
2024-06-11,133.55178833007812
2024-06-12,140.7760467529297
2024-06-13,157.2557830810547
2024-06-14,67.39533233642578
2024-06-15,73.03822326660156
2024-06-16,92.76324462890625
2024-06-17,133.97044372558594
2024-06-18,148.69964599609375
2024-06-19,89.08130645751953
2024-06-20,151.25364685058594
2024-06-21,46.512271881103516
2024-06-22,47.09263610839844
2024-06-23,101.87264251708984
2024-06-24,232.46505737304688
2024-06-25,103.19910430908203
2024-06-26,109.87557220458984
2024-06-27,72.18297576904297
2024-06-28,143.10275268554688
2024-06-29,42.40605163574219
2024-06-30,37.42063903808594
2024-07-01,90.65332794189453
2024-07-02,97.66717529296875
2024-07-03,131.37823486328125
2024-07-04,83.07852172851562
2024-07-05,56.06742477416992
2024-07-06,81.54003143310547
2024-07-07,132.4733428955078
2024-07-08,88.90999603271484
2024-07-09,89.77320098876953
2024-07-10,177.54684448242188
2024-07-11,139.04721069335938
2024-07-12,64.54145812988281
2024-07-13,10.55070686340332
2024-07-14,53.84300994873047
2024-07-15,121.80877685546875
2024-07-16,49.47372817993164
2024-07-17,86.41719055175781
2024-07-18,126.77049255371094
2024-07-19,126.13223266601562
2024-07-20,126.81106567382812
2024-07-21,121.55968475341797
2024-07-22,136.4616241455078
2024-07-23,36.356380462646484
2024-07-24,84.67618560791016
2024-07-25,114.07154846191406
2024-07-26,89.86044311523438
2024-07-27,69.7684097290039
2024-07-28,104.83718872070312
2024-07-29,65.26425170898438
2024-07-30,93.40039825439453
2024-07-31,101.26522064208984
2024-08-01,161.654541015625
2024-08-02,246.69667053222656
2024-08-03,126.35160064697266
2024-08-04,101.35154724121094
2024-08-05,119.8441162109375
2024-08-06,124.85336303710938
2024-08-07,221.38803100585938
2024-08-08,199.01295471191406
2024-08-09,201.15966796875
2024-08-10,139.04721069335938
2024-08-11,35.22529220581055
2024-08-12,170.3604278564453
2024-08-13,181.36593627929688
2024-08-14,188.70693969726562
2024-08-15,101.22210693359375
2024-08-16,166.0078887939453
2024-08-17,178.1855010986328
2024-08-18,130.97222900390625
2024-08-19,186.25088500976562
2024-08-20,183.82981872558594
2024-08-21,114.75421142578125
2024-08-22,159.29806518554688
2024-08-23,203.0391082763672
2024-08-24,54.40480041503906
2024-08-25,202.3737335205078
2024-08-26,191.4418182373047
2024-08-27,141.62216186523438
2024-08-28,220.5906219482422
2024-08-29,176.12648010253906
2024-08-30,258.2860107421875
2024-08-31,158.06222534179688
2024-09-01,145.69285583496094
2024-09-02,204.7982177734375
2024-09-03,144.43771362304688
2024-09-04,226.3722381591797
2024-09-05,165.11856079101562
2024-09-06,100.07186126708984
2024-09-07,60.13422775268555
2024-09-08,191.69436645507812
2024-09-09,97.53839111328125
2024-09-10,85.14401245117188
2024-09-11,249.70672607421875
2024-09-12,64.24846649169922
2024-09-13,219.77252197265625
2024-09-14,80.05747985839844
2024-09-15,79.57521057128906
2024-09-16,81.8769760131836
2024-09-17,80.38226318359375
2024-09-18,145.96116638183594
2024-09-19,137.07955932617188
2024-09-20,191.9326934814453
2024-09-21,78.76183319091797
2024-09-22,17.850656509399414
2024-09-23,150.1077880859375
2024-09-24,154.19631958007812
2024-09-25,132.5769500732422
2024-09-26,263.7102355957031
2024-09-27,116.89810180664062
2024-09-28,88.5057601928711
2024-09-29,111.31588745117188
2024-09-30,179.1984405517578
2024-10-01,232.19798278808594
2024-10-02,216.34033203125
2024-10-03,223.8895721435547
2024-10-04,161.09127807617188
2024-10-05,72.35242462158203
2024-10-06,71.21015930175781
2024-10-07,107.17634582519531
2024-10-08,91.73253631591797
2024-10-09,142.54840087890625
2024-10-10,178.82876586914062
2024-10-11,217.3406982421875
2024-10-12,85.08525085449219
2024-10-13,69.34112548828125
2024-10-14,210.09120178222656
2024-10-15,112.7944564819336
2024-10-16,123.453125
2024-10-17,57.7337646484375
2024-10-18,130.43478393554688
2024-10-19,88.65426635742188
2024-10-20,103.46854400634766
2024-10-21,111.70811462402344
2024-10-22,173.4578857421875
2024-10-23,207.32376098632812
2024-10-24,160.78961181640625
2024-10-25,233.79620361328125
2024-10-26,128.53541564941406
2024-10-27,34.04506301879883
2024-10-28,171.03915405273438
2024-10-29,102.59794616699219
2024-10-30,157.83392333984375
2024-10-31,174.11448669433594
2024-11-01,130.66937255859375
2024-11-02,74.2105941772461
2024-11-03,101.09300231933594
2024-11-04,107.61292266845703
2024-11-05,38.177703857421875
2024-11-06,114.07154846191406
2024-11-07,115.8726806640625
2024-11-08,68.56134033203125
2024-11-09,92.58984375
2024-11-10,89.73834991455078
2024-11-11,147.0691680908203
2024-11-12,93.21208953857422
2024-11-13,97.84803771972656
2024-11-14,35.06943130493164
2024-11-15,118.90699005126953
2024-11-16,86.19566345214844
2024-11-17,16.891923904418945
2024-11-18,346.1000671386719
2024-11-19,152.41714477539062
2024-11-20,160.25372314453125
2024-11-21,217.3406982421875
2024-11-22,67.85694122314453
2024-11-23,135.8570556640625
2024-11-24,17.066518783569336
2024-11-25,164.4334259033203
2024-11-26,192.83920288085938
2024-11-27,236.327880859375
2024-11-28,161.09127807617188
2024-11-29,293.54412841796875
2024-11-30,110.81782531738281
2024-12-01,239.1689453125
2024-12-02,320.0536193847656
2024-12-03,189.7914581298828
2024-12-04,95.32618713378906
2024-12-05,107.17634582519531
2024-12-06,156.39645385742188
2024-12-07,193.62437438964844
2024-12-08,85.55366516113281
2024-12-09,298.2787170410156
2024-12-10,254.4946746826172
2024-12-11,181.88619995117188
2024-12-12,323.76190185546875
2024-12-13,249.9803009033203
2024-12-14,112.70892333984375
2024-12-15,91.73253631591797
2024-12-16,179.62689208984375
2024-12-17,93.02454376220703
2024-12-18,187.99078369140625
2024-12-19,202.83277893066406
2024-12-20,153.89691162109375
2024-12-21,106.71935272216797
2024-12-22,55.65794372558594
2024-12-23,102.28583526611328
2024-12-24,135.4047393798828
2024-12-25,102.66439056396484
2024-12-26,158.93765258789062
2024-12-27,219.18392944335938
2024-12-28,79.41574096679688
2024-12-29,90.47592163085938
2024-12-30,82.97415161132812
2024-12-31,79.00409698486328
2025-01-01,143.13682556152344
2025-01-02,272.9232482910156
2025-01-03,137.07955932617188
2025-01-04,46.43052673339844
2025-01-05,76.79933166503906
2025-01-06,120.63455963134766
2025-01-07,61.7265625
2025-01-08,50.90360641479492
2025-01-09,85.93531799316406
2025-01-10,59.39516830444336
2025-01-11,43.958351135253906
2025-01-12,54.434696197509766
2025-01-13,71.01873779296875
2025-01-14,89.42591094970703
2025-01-15,152.5073699951172
2025-01-16,115.66975402832031
2025-01-17,66.04742431640625
2025-01-18,112.81391906738281
2025-01-19,51.067596435546875
2025-01-20,173.05003356933594
2025-01-21,37.45600509643555
2025-01-22,174.4210205078125
2025-01-23,120.08622741699219
2025-01-24,116.42976379394531
2025-01-25,126.60848236083984
2025-01-26,136.1802520751953
2025-01-27,269.03228759765625
2025-01-28,192.83920288085938
2025-01-29,86.41719055175781
2025-01-30,72.18297576904297
2025-01-31,69.15960693359375
2025-02-01,80.05747985839844
2025-02-02,52.979217529296875
2025-02-03,145.5955352783203
2025-02-04,152.77874755859375
2025-02-05,117.52210998535156
2025-02-06,119.8682861328125
2025-02-07,141.78338623046875
2025-02-08,111.25906372070312
2025-02-09,0.0
2025-02-10,105.55525207519531
2025-02-11,83.60433959960938
2025-02-12,76.06229400634766
2025-02-13,178.82876586914062
2025-02-14,102.13519287109375
2025-02-15,92.44585418701172
2025-02-16,94.12934875488281
2025-02-17,155.77223205566406
2025-02-18,180.78675842285156
2025-02-19,171.87063598632812
2025-02-20,336.8539123535156
2025-02-21,203.92001342773438
2025-02-22,165.89620971679688
2025-02-23,140.52642822265625
2025-02-24,182.7399139404297
2025-02-25,207.54273986816406
2025-02-26,233.1085662841797
2025-02-27,126.13223266601562
2025-02-28,88.9527587890625
2025-03-01,108.6306381225586
2025-03-02,55.65794372558594
2025-03-03,160.43910217285156
2025-03-04,211.539794921875
2025-03-05,116.0763168334961
2025-03-06,176.28317260742188
2025-03-07,138.56103515625
2025-03-08,150.1077880859375
2025-03-09,140.52642822265625
2025-03-10,205.5950927734375
2025-03-11,226.92605590820312
2025-03-12,234.28985595703125
2025-03-13,214.5130157470703
2025-03-14,212.3711395263672
2025-03-15,113.87487030029297
2025-03-16,101.09300231933594
2025-03-17,136.8214111328125
2025-03-18,271.2662353515625
2025-03-19,251.39157104492188
2025-03-20,223.1331787109375
2025-03-21,135.71388244628906
2025-03-22,178.79080200195312
2025-03-23,70.26321411132812
2025-03-24,192.3711395263672
2025-03-25,81.25342559814453
2025-03-26,119.21918487548828
2025-03-27,160.82977294921875
2025-03-28,139.83982849121094
2025-03-29,126.60848236083984
2025-03-30,36.59136962890625
2025-03-31,90.65332794189453
2025-04-01,79.30223083496094
2025-04-02,109.89588165283203
2025-04-03,114.86508178710938
2025-04-04,187.44677734375
2025-04-05,98.8733901977539
2025-04-06,71.01873779296875
2025-04-07,137.85989379882812
2025-04-08,133.7977294921875
2025-04-09,206.04049682617188
2025-04-10,148.54957580566406
2025-04-11,100.75031280517578
2025-04-12,68.79940032958984
2025-04-13,99.56898498535156
2025-04-14,161.3940887451172
2025-04-15,141.27792358398438
2025-04-16,191.7892608642578
2025-04-17,97.66717529296875
2025-04-18,156.96829223632812
2025-04-19,122.12158966064453
2025-04-20,107.10393524169922
2025-04-21,137.31272888183594
2025-04-22,193.19174194335938
2025-04-23,105.39482879638672
2025-04-24,149.84580993652344
2025-04-25,206.7571563720703
2025-04-26,123.06974029541016
2025-04-27,153.59866333007812
2025-04-28,75.62682342529297
2025-04-29,109.26964569091797
2025-04-30,139.7829132080078
2025-05-01,128.3607177734375
2025-05-02,180.51547241210938
2025-05-03,75.48277282714844
2025-05-04,103.73941040039062
2025-05-05,193.87698364257812
2025-05-06,281.3131103515625
2025-05-07,357.8924560546875
2025-05-08,251.08938598632812
2025-05-09,128.2474365234375
2025-05-10,84.81210327148438
2025-05-11,144.2783660888672
2025-05-12,193.12112426757812
2025-05-13,83.75579071044922
2025-05-14,96.41960144042969
2025-05-15,138.0782470703125
2025-05-16,116.24346923828125
2025-05-17,127.58045959472656
2025-05-18,137.28102111816406
2025-05-19,303.8181457519531
2025-05-20,153.89691162109375
2025-05-21,95.8946304321289
2025-05-22,170.518310546875
2025-05-23,65.28575897216797
2025-05-24,42.00154495239258
2025-05-25,150.1077880859375
2025-05-26,163.88938903808594
2025-05-27,222.33786010742188
2025-05-28,167.51158142089844
2025-05-29,104.83718872070312
2025-05-30,150.1077880859375
2025-05-31,21.87000846862793
2025-06-01,169.3523712158203
2025-06-02,196.42356872558594
2025-06-03,223.04945373535156
2025-06-04,184.1470947265625
2025-06-05,181.88619995117188
2025-06-06,142.86463928222656
2025-06-07,103.52261352539062
2025-06-08,68.26607513427734
2025-06-09,144.89381408691406
2025-06-10,113.87487030029297
2025-06-11,68.44292449951172
2025-06-12,89.404296875
2025-06-13,80.2659683227539
2025-06-14,258.4464416503906
2025-06-15,137.91806030273438
2025-06-16,177.8199920654297
2025-06-17,199.01295471191406
2025-06-18,159.89134216308594
2025-06-19,177.76739501953125
2025-06-20,344.69195556640625
2025-06-21,224.7967529296875
2025-06-22,290.13079833984375
2025-06-23,583.9163208007812
2025-06-24,318.76171875
2025-06-25,188.70693969726562
2025-06-26,171.87063598632812
2025-06-27,138.3192138671875
2025-06-28,145.52822875976562
2025-06-29,69.15960693359375
2025-06-30,89.5992202758789
2025-07-01,182.78807067871094
2025-07-02,131.37823486328125
2025-07-03,113.48355102539062
2025-07-04,149.49005126953125
2025-07-05,63.60908126831055
2025-07-06,64.75238037109375
2025-07-07,76.79933166503906
2025-07-08,138.64918518066406
2025-07-09,59.076412200927734
2025-07-10,104.83718872070312
2025-07-11,178.80859375
2025-07-12,102.39910888671875
2025-07-13,17.022531509399414
2025-07-14,71.53150939941406
2025-07-15,147.59201049804688
2025-07-16,134.54104614257812
2025-07-17,160.25372314453125
2025-07-18,107.3941879272461
2025-07-19,46.512271881103516
2025-07-20,112.76390075683594
2025-07-21,95.91950225830078
2025-07-22,83.42832946777344
2025-07-23,123.91637420654297
2025-07-24,132.5769500732422
2025-07-25,105.02241516113281
2025-07-26,73.28424835205078
2025-07-27,214.7883758544922
2025-07-28,175.58621215820312
2025-07-29,88.56934356689453
2025-07-30,269.84356689453125
2025-07-31,164.2387237548828
2025-08-01,107.10393524169922
2025-08-02,75.69905853271484
2025-08-03,39.66812515258789
2025-08-04,120.8184585571289
2025-08-05,117.7082748413086
2025-08-06,114.09344482421875
2025-08-07,136.30799865722656
2025-08-08,132.5769500732422
2025-08-09,124.79891204833984
2025-08-10,94.08465576171875
2025-08-11,189.86940002441406
2025-08-12,101.6114273071289
2025-08-13,165.11856079101562
2025-08-14,166.3985595703125
2025-08-15,88.23129272460938
2025-08-16,125.40650177001953
2025-08-17,135.18478393554688
2025-08-18,223.6368865966797
2025-08-19,167.37164306640625
2025-08-20,116.32618713378906
2025-08-21,115.42268371582031
2025-08-22,52.10842514038086
2025-08-23,54.947940826416016
2025-08-24,57.26655197143555
2025-08-25,146.12261962890625
2025-08-26,101.16673278808594
2025-08-27,154.19631958007812
2025-08-28,150.96554565429688
2025-08-29,137.5988006591797
2025-08-30,122.51631164550781
2025-08-31,89.25328063964844
2025-09-01,143.58135986328125
2025-09-02,100.72592163085938
2025-09-03,199.38845825195312
2025-09-04,76.35540771484375
2025-09-05,86.57901763916016
2025-09-06,97.70329284667969
2025-09-07,92.5033950805664
2025-09-08,114.86508178710938
2025-09-09,126.77049255371094
2025-09-10,235.8836669921875
2025-09-11,178.50656127929688
2025-09-12,77.55079650878906
2025-09-13,88.32493591308594
2025-09-14,85.55366516113281
2025-09-15,106.95939636230469
2025-09-16,102.2010498046875
2025-09-17,155.10159301757812
2025-09-18,115.42268371582031
2025-09-19,73.25038146972656
2025-09-20,77.13567352294922
2025-09-21,146.365478515625
2025-09-22,91.73253631591797
2025-09-23,102.2010498046875
2025-09-24,86.09534454345703
2025-09-25,136.05274963378906
2025-09-26,122.08396911621094
2025-09-27,59.771427154541016
2025-09-28,78.39456939697266
2025-09-29,100.64369201660156
2025-09-30,154.7986602783203
2025-10-01,156.68185424804688
2025-10-02,241.3271484375
2025-10-03,268.8656311035156
2025-10-04,227.74974060058594
2025-10-05,73.1827392578125
2025-10-06,202.05712890625
2025-10-07,108.9442138671875
2025-10-08,128.49693298339844
2025-10-09,180.95184326171875
2025-10-10,177.54684448242188
2025-10-11,163.67437744140625
2025-10-12,134.79066467285156
2025-10-13,190.65237426757812
2025-10-14,144.52391052246094
2025-10-15,113.87487030029297
2025-10-16,95.13003540039062
2025-10-17,162.50685119628906
2025-10-18,104.68611907958984
2025-10-19,130.97222900390625
2025-10-20,237.3797607421875
2025-10-21,143.8656768798828
2025-10-22,128.99888610839844
2025-10-23,141.3466339111328
2025-10-24,113.87487030029297
2025-10-25,113.16537475585938
2025-10-26,57.26655197143555
2025-10-27,127.28626251220703
2025-10-28,155.10159301757812
2025-10-29,134.24273681640625
2025-10-30,83.75579071044922
2025-10-31,141.9200897216797
2025-11-01,32.16595458984375
2025-11-02,65.23202514648438
2025-11-03,350.8013610839844
2025-11-04,138.1219940185547
2025-11-05,93.68428802490234
2025-11-06,93.51847839355469
2025-11-07,87.91670227050781
2025-11-08,85.498291015625
2025-11-09,16.42970848083496
2025-11-10,117.94183349609375
2025-11-11,80.96882629394531
2025-11-12,99.23653411865234
2025-11-13,64.37371063232422
2025-11-14,43.52383804321289
2025-11-15,86.90451049804688
2025-11-16,95.26071166992188
2025-11-17,69.67028045654297
2025-11-18,49.84711456298828
2025-11-19,59.28853225708008
2025-11-20,67.62535095214844
2025-11-21,23.21526336669922
2025-11-22,43.81255340576172
2025-11-23,113.03960418701172
2025-11-24,234.89671325683594
2025-11-25,45.47154998779297
2025-11-26,47.176734924316406
2025-11-27,172.98135375976562
2025-11-28,81.25342559814453
2025-11-29,81.39647674560547
2025-11-30,38.39966583251953
2025-12-01,135.90005493164062
2025-12-02,109.6728515625
2025-12-03,117.94183349609375
2025-12-04,142.29248046875
2025-12-05,131.85511779785156
2025-12-06,21.90627670288086
2025-12-07,48.92401885986328
2025-12-08,116.78327178955078
2025-12-09,61.26848220825195
2025-12-10,59.60959243774414
2025-12-11,106.33753967285156
2025-12-12,108.4720458984375
2025-12-13,32.16595458984375
2025-12-14,277.1220703125
2025-12-15,250.2849884033203
2025-12-16,150.96554565429688
2025-12-17,130.66937255859375
2025-12-18,270.0824279785156
2025-12-19,82.26547241210938
2025-12-20,163.65733337402344
2025-12-21,64.43651580810547
2025-12-22,127.55941009521484
2025-12-23,83.42832946777344
2025-12-24,89.25328063964844
2025-12-25,234.83529663085938
2025-12-26,159.5348358154297
2025-12-27,187.0624237060547
2025-12-28,79.57521057128906
2025-12-29,47.064674377441406
2025-12-30,160.0268096923828
2025-12-31,140.2280731201172
2026-01-01,77.24845123291016
2026-01-02,111.70811462402344
2026-01-03,184.19601440429688
2026-01-04,84.45962524414062
2026-01-05,165.80943298339844
2026-01-06,66.98522186279297
2026-01-07,65.26425170898438
2026-01-08,169.66310119628906
2026-01-09,142.15505981445312
2026-01-10,112.70892333984375
2026-01-11,33.78384780883789
2026-01-12,151.3586883544922
2026-01-13,119.21918487548828
2026-01-14,62.902313232421875
2026-01-15,46.92534637451172
2026-01-16,84.98749542236328
2026-01-17,32.91400146484375
2026-01-18,97.12857055664062
2026-01-19,116.4564208984375
2026-01-20,137.85989379882812
2026-01-21,143.84193420410156
2026-01-22,84.83155059814453
2026-01-23,135.94667053222656
2026-01-24,67.1668701171875
2026-01-25,67.91509246826172
2026-01-26,69.03912353515625
2026-01-27,96.77278900146484
2026-01-28,93.02454376220703
2026-01-29,122.08396911621094
2026-01-30,72.69371032714844
2026-01-31,61.82286071777344
2026-02-01,65.55575561523438
2026-02-02,72.57958984375
2026-02-03,105.7698974609375
2026-02-04,226.92605590820312
2026-02-05,169.0427703857422
2026-02-06,80.12686157226562
2026-02-07,120.88546752929688
2026-02-08,54.887054443359375
2026-02-09,101.028564453125
2026-02-10,23.630563735961914
2026-02-11,142.29248046875
2026-02-12,91.09989929199219
2026-02-13,74.09166717529297
2026-02-14,74.09166717529297
2026-02-15,0.0
2026-02-16,0.0
2026-02-17,63.62950897216797
2026-02-18,46.34907150268555
2026-02-19,33.87047576904297
2026-02-20,56.74177551269531
2026-02-21,33.35728454589844
2026-02-22,15.467780113220215
2026-02-23,108.67034912109375
2026-02-24,83.60433959960938
2026-02-25,68.91905975341797
2026-02-26,66.71456909179688
2026-02-27,141.9200897216797
2026-02-28,105.00386047363281
2026-03-01,341.3303527832031
2026-03-02,553.40283203125
2026-03-03,447.1961364746094
2026-03-04,611.7600708007812
2026-03-05,485.4768371582031
2026-03-06,390.9349060058594
2026-03-07,352.77557373046875
2026-03-08,304.36602783203125
2026-03-09,608.1715087890625
2026-03-10,627.3322143554688
2026-03-11,543.2933349609375
2026-03-12,460.7960205078125
2026-03-13,505.626220703125
2026-03-14,386.7183532714844
2026-03-15,374.1603088378906
2026-03-16,318.9412841796875
2026-03-17,562.3603515625
2026-03-18,467.1117248535156
2026-03-19,476.6308898925781
2026-03-20,403.9264221191406
2026-03-21,329.23944091796875
2026-03-22,205.9032440185547
2026-03-23,452.54718017578125
2026-03-24,502.53472900390625
2026-03-25,387.8623962402344
2026-03-26,470.12921142578125
2026-03-27,445.3856201171875
2026-03-28,372.9275207519531
2026-03-29,382.64251708984375
2026-03-30,379.5829162597656
2026-03-31,590.8815307617188
2026-04-01,419.53900146484375
2026-04-02,372.5752258300781
2026-04-03,330.8734436035156
2026-04-04,387.8975830078125
2026-04-05,189.1983642578125
2026-04-06,334.8026123046875
2026-04-07,298.9801025390625
2026-04-08,440.3161926269531
2026-04-09,524.9610595703125
2026-04-10,342.3863220214844
2026-04-11,307.6743469238281
2026-04-12,284.4147644042969
2026-04-13,506.11053466796875
2026-04-14,330.8074951171875
2026-04-15,261.1430358886719
2026-04-16,334.57421875
2026-04-17,347.6180419921875
2026-04-18,145.69285583496094
2026-04-19,166.7864227294922
2026-04-20,290.8510437011719
2026-04-21,126.28570556640625
2026-04-22,229.8353729248047
2026-04-23,336.8539123535156
2026-04-24,262.8184814453125
2026-04-25,209.34207153320312
2026-04-26,191.18991088867188
2026-04-27,183.46507263183594
2026-04-28,278.89508056640625
2026-04-29,326.01104736328125
2026-04-30,245.4860076904297
2026-05-01,260.86956787109375
2026-05-02,210.00772094726562
2026-05-03,221.29290771484375
2026-05-04,279.63629150390625
2026-05-05,292.9522705078125
2026-05-06,234.5609588623047
2026-05-07,317.6629638671875
2026-05-08,289.0964660644531
2026-05-09,184.976318359375
2026-05-10,191.69436645507812
2026-05-11,287.7585144042969
2026-05-12,254.028564453125
2026-05-13,244.16793823242188
2026-05-14,243.71742248535156
2026-05-15,173.52362060546875
2026-05-16,138.42276000976562
2026-05-17,111.31588745117188
2026-05-18,343.4466247558594
2026-05-19,227.74974060058594
2026-05-20,207.15982055664062
2026-05-21,240.40249633789062
2026-05-22,110.2628173828125
2026-05-23,137.37864685058594
2026-05-24,238.0087432861328
2026-05-25,171.99850463867188
2026-05-26,163.23509216308594
2026-05-27,142.17645263671875
2026-05-28,210.09120178222656
2026-05-29,176.12648010253906
2026-05-30,154.11065673828125
2026-05-31,90.97441101074219
2026-06-01,185.30340576171875
2026-06-02,252.18109130859375
2026-06-03,161.3940887451172
2026-06-04,253.54098510742188
2026-06-05,127.45994567871094
2026-06-06,130.09341430664062
2026-06-07,159.15042114257812
2026-06-08,249.4833221435547
2026-06-09,172.89901733398438
2026-06-10,119.65113067626953
2026-06-11,201.15966796875
2026-06-12,184.06658935546875
2026-06-13,219.42665100097656
2026-06-14,256.6609802246094
2026-06-15,208.0233917236328
2026-06-16,316.2491760253906
2026-06-17,202.8760528564453
2026-06-18,248.5655975341797
2026-06-19,164.8016357421875
2026-06-20,153.83717346191406
2026-06-21,104.28540802001953
2026-06-22,55.50204086303711
2026-06-23,180.95184326171875
2026-06-24,163.08006286621094
2026-06-25,342.4681091308594
2026-06-26,75.2983627319336
2026-06-27,154.07643127441406
2026-06-28,104.28540802001953
2026-06-29,186.80079650878906
2026-06-30,139.18040466308594
2026-07-01,158.06222534179688
2026-07-02,106.71935272216797
2026-07-03,50.32184600830078
2026-07-04,36.96684265136719
2026-07-05,17.947669982910156
2026-07-06,89.25328063964844
2026-07-07,184.19601440429688
2026-07-08,89.08130645751953
2026-07-09,172.83438110351562
2026-07-10,171.70040893554688
2026-07-11,128.45529174804688
2026-07-12,253.33258056640625
2026-07-13,254.028564453125
2026-07-14,390.81317138671875
2026-07-15,193.19174194335938
2026-07-16,313.2684020996094
2026-07-17,208.31283569335938
2026-07-18,131.22006225585938
2026-07-19,152.8089599609375
2026-07-20,185.4463348388672
2026-07-21,204.2703857421875
2026-07-22,189.42855834960938
2026-07-23,294.9690856933594
2026-07-24,357.34613037109375
2026-07-25,156.1932373046875
2026-07-26,117.04607391357422
2026-07-27,254.028564453125
2026-07-28,139.71571350097656
2026-07-29,126.04470825195312
2026-07-30,263.68743896484375
2026-07-31,191.6051483154297
2026-08-01,86.4778060913086
2026-08-02,90.7244873046875
2026-08-03,252.88429260253906
2026-08-04,186.04908752441406
2026-08-05,91.91490936279297
2026-08-06,118.17630767822266
2026-08-07,218.87062072753906
2026-08-08,139.2915802001953
2026-08-09,70.07684326171875
2026-08-10,117.15729522705078
2026-08-11,103.60381317138672
2026-08-12,147.0443572998047
2026-08-13,81.54003143310547
2026-08-14,90.1231918334961
2026-08-15,32.91400146484375
2026-08-16,18.6574649810791
2026-08-17,198.8524627685547
2026-08-18,193.49832153320312
2026-08-19,90.2992172241211
2026-08-20,168.02671813964844
2026-08-21,92.65170288085938
2026-08-22,121.4919204711914
2026-08-23,0.0
2026-08-24,146.4466094970703
2026-08-25,115.61912536621094
2026-08-26,180.95184326171875
2026-08-27,100.45235443115234
2026-08-28,184.83421325683594
2026-08-29,141.38592529296875
2026-08-30,69.52360534667969
2026-08-31,205.41064453125
2026-09-01,133.69923400878906
2026-09-02,182.7399139404297
2026-09-03,215.92428588867188
2026-09-04,164.4859161376953
2026-09-05,91.73253631591797
2026-09-06,151.25364685058594
2026-09-07,152.27072143554688
2026-09-08,71.47990417480469
2026-09-09,127.83372497558594
2026-09-10,208.43370056152344
2026-09-11,222.00816345214844
2026-09-12,113.00890350341797
2026-09-13,160.6993408203125
2026-09-14,239.91587829589844
2026-09-15,204.2703857421875
2026-09-16,211.23910522460938
2026-09-17,108.72003936767578
2026-09-18,109.06914520263672
2026-09-19,80.70968627929688
2026-09-20,156.510498046875
2026-09-21,109.29834747314453
2026-09-22,112.9015884399414
2026-09-23,182.2965087890625
2026-09-24,136.74415588378906
2026-09-25,208.0233917236328
2026-09-26,183.10177612304688
2026-09-27,87.36431884765625
2026-09-28,221.74197387695312
2026-09-29,227.74974060058594
2026-09-30,259.51837158203125
2026-10-01,278.24859619140625
2026-10-02,334.092041015625
2026-10-03,264.7470703125
2026-10-04,163.3040771484375
2026-10-05,165.94830322265625
