date,value
2013-01-02,9.548999786376953
2013-01-03,9.244999885559082
2013-01-04,9.298999786376953
2013-01-07,9.366999626159668
2013-01-08,9.244999885559082
2013-01-09,9.322999954223633
2013-01-10,9.340999603271484
2013-01-11,9.394000053405762
2013-01-14,9.432999610900879
2013-01-15,9.484000205993652
2013-01-16,9.425999641418457
2013-01-17,9.425999641418457
2013-01-18,9.378999710083008
2013-01-22,9.307999610900879
2013-01-23,9.446000099182129
2013-01-24,9.524999618530273
2013-01-25,10.180999755859375
2013-01-28,9.939000129699707
2013-01-29,10.01099967956543
2013-01-30,10.074000358581543
2013-01-31,10.027000427246094
2013-02-01,10.236000061035156
2013-02-04,9.916000366210938
2013-02-05,10.072999954223633
2013-02-06,9.904000282287598
2013-02-07,9.807999610900879
2013-02-08,9.892999649047852
2013-02-11,9.805000305175781
2013-02-12,9.97599983215332
2013-02-13,9.97700023651123
2013-02-14,9.897000312805176
2013-02-15,10.407999992370605
2013-02-19,10.666000366210938
2013-02-20,10.270999908447266
2013-02-21,10.093000411987305
2013-02-22,10.225000381469727
2013-02-25,9.909000396728516
2013-02-26,10.317999839782715
2013-02-27,10.218999862670898
2013-02-28,10.187999725341797
2013-03-01,10.309000015258789
2013-03-04,10.305000305175781
2013-03-05,11.345000267028809
2013-03-06,11.265000343322754
2013-03-07,11.208000183105469
2013-03-08,11.418999671936035
2013-03-11,11.269000053405762
2013-03-12,11.269000053405762
2013-03-13,11.279999732971191
2013-03-14,11.293000221252441
2013-03-15,11.227999687194824
2013-03-18,10.89900016784668
2013-03-19,10.744999885559082
2013-03-20,10.847000122070312
2013-03-21,10.807000160217285
2013-03-22,10.38599967956543
2013-03-25,10.175999641418457
2013-03-26,10.26099967956543
2013-03-27,10.100000381469727
2013-03-28,10.107999801635742
2013-04-01,10.303000450134277
2013-04-02,10.253000259399414
2013-04-03,10.144000053405762
2013-04-04,10.102999687194824
2013-04-05,10.053999900817871
2013-04-08,10.145000457763672
2013-04-09,10.119000434875488
2013-04-10,10.479000091552734
2013-04-11,10.305999755859375
2013-04-12,10.288000106811523
2013-04-15,10.017999649047852
2013-04-16,10.013999938964844
2013-04-17,9.817000389099121
2013-04-18,9.736000061035156
2013-04-19,9.576000213623047
2013-04-22,9.616999626159668
2013-04-23,9.788000106811523
2013-04-24,9.682999610900879
2013-04-25,9.822999954223633
2013-04-26,9.770999908447266
2013-04-29,9.930000305175781
2013-04-30,9.019000053405762
2013-05-01,8.92199993133545
2013-05-02,9.0
2013-05-03,9.11400032043457
2013-05-06,9.102999687194824
2013-05-07,9.166999816894531
2013-05-08,9.192000389099121
2013-05-09,9.14799976348877
2013-05-10,9.470000267028809
2013-05-13,9.449000358581543
2013-05-14,9.486000061035156
2013-05-15,9.309000015258789
2013-05-16,9.4350004196167
2013-05-17,9.595000267028809
2013-05-20,9.416999816894531
2013-05-21,9.322999954223633
2013-05-22,9.057000160217285
2013-05-23,9.128999710083008
2013-05-24,9.241000175476074
2013-05-28,9.234000205993652
2013-05-29,9.145999908447266
2013-05-30,9.315999984741211
2013-05-31,9.14799976348877
2013-06-03,9.109000205993652
2013-06-04,9.052000045776367
2013-06-05,9.053000450134277
2013-06-06,9.010000228881836
2013-06-07,8.970999717712402
2013-06-10,8.968999862670898
2013-06-11,8.812000274658203
2013-06-12,8.814000129699707
2013-06-13,9.005000114440918
2013-06-14,9.093999862670898
2013-06-17,8.920999526977539
2013-06-18,8.956999778747559
2013-06-19,8.793999671936035
2013-06-20,8.663999557495117
2013-06-21,8.427000045776367
2013-06-24,8.482999801635742
2013-06-25,8.430999755859375
2013-06-26,8.407999992370605
2013-06-27,8.557999610900879
2013-06-28,8.696000099182129
2013-07-01,8.777000427246094
2013-07-02,8.880000114440918
2013-07-03,8.861000061035156
2013-07-05,8.973999977111816
2013-07-08,8.996000289916992
2013-07-09,9.222999572753906
2013-07-10,9.527999877929688
2013-07-11,9.833999633789062
2013-07-12,9.770999908447266
2013-07-15,9.659000396728516
2013-07-16,9.66100025177002
2013-07-17,9.70300006866455
2013-07-18,9.72599983215332
2013-07-19,9.677000045776367
2013-07-22,9.63700008392334
2013-07-23,9.692000389099121
2013-07-24,9.734999656677246
2013-07-25,9.819999694824219
2013-07-26,9.737000465393066
2013-07-29,9.656999588012695
2013-07-30,9.593999862670898
2013-07-31,9.50100040435791
2013-08-01,9.677000045776367
2013-08-02,9.510000228881836
2013-08-05,9.734999656677246
2013-08-06,9.618000030517578
2013-08-07,9.574999809265137
2013-08-08,9.725000381469727
2013-08-09,9.9350004196167
2013-08-12,10.02299976348877
2013-08-13,10.092000007629395
2013-08-14,10.048999786376953
2013-08-15,9.751999855041504
2013-08-16,9.630999565124512
2013-08-19,9.51099967956543
2013-08-20,9.489999771118164
2013-08-21,9.413000106811523
2013-08-22,9.489999771118164
2013-08-23,9.510000228881836
2013-08-26,9.484999656677246
2013-08-27,9.246999740600586
2013-08-28,9.187999725341797
2013-08-29,9.232999801635742
2013-08-30,9.180999755859375
2013-09-03,9.170000076293945
2013-09-04,9.263999938964844
2013-09-05,9.284000396728516
2013-09-06,9.34000015258789
2013-09-09,9.652000427246094
2013-09-10,9.821999549865723
2013-09-11,10.28600025177002
2013-09-12,10.538999557495117
2013-09-13,10.616999626159668
2013-09-16,10.454999923706055
2013-09-17,10.520999908447266
2013-09-18,10.555999755859375
2013-09-19,10.395000457763672
2013-09-20,10.854999542236328
2013-09-23,10.505000114440918
2013-09-24,10.47700023651123
2013-09-25,10.461000442504883
2013-09-26,10.442000389099121
2013-09-27,10.383000373840332
2013-09-30,10.37600040435791
2013-10-01,10.711000442504883
2013-10-02,10.706000328063965
2013-10-03,10.418999671936035
2013-10-04,10.555999755859375
2013-10-07,10.23900032043457
2013-10-08,10.097999572753906
2013-10-09,9.906000137329102
2013-10-10,10.045000076293945
2013-10-11,10.258999824523926
2013-10-14,10.244999885559082
2013-10-15,9.619000434875488
2013-10-16,9.73900032043457
2013-10-17,9.979999542236328
2013-10-18,10.017999649047852
2013-10-21,9.871999740600586
2013-10-22,9.991000175476074
2013-10-23,9.913999557495117
2013-10-24,10.133000373840332
2013-10-25,10.02400016784668
2013-10-28,10.062000274658203
2013-10-29,11.916999816894531
2013-10-30,12.53499984741211
2013-10-31,12.199000358581543
2013-11-01,12.227999687194824
2013-11-04,12.656000137329102
2013-11-05,12.668000221252441
2013-11-06,12.437999725341797
2013-11-07,12.288000106811523
2013-11-08,12.42300033569336
2013-11-11,12.565999984741211
2013-11-12,12.640000343322754
2013-11-13,12.899999618530273
2013-11-14,12.675000190734863
2013-11-15,12.697999954223633
2013-11-18,12.612000465393066
2013-11-19,12.449999809265137
2013-11-20,12.506999969482422
2013-11-21,12.651000022888184
2013-11-22,12.663000106811523
2013-11-25,12.520000457763672
2013-11-26,12.881999969482422
2013-11-27,12.875
2013-11-29,12.932999610900879
2013-12-02,12.543000221252441
2013-12-03,12.711999893188477
2013-12-04,12.725000381469727
2013-12-05,12.815999984741211
2013-12-06,12.657999992370605
2013-12-09,12.762999534606934
2013-12-10,12.404000282287598
2013-12-11,12.295000076293945
2013-12-12,12.218999862670898
2013-12-13,12.418999671936035
2013-12-16,12.49899959564209
2013-12-17,12.399999618530273
2013-12-18,12.479999542236328
2013-12-19,12.236000061035156
2013-12-20,12.232000350952148
2013-12-23,12.494999885559082
2013-12-24,12.48900032043457
2013-12-26,12.45300006866455
2013-12-27,12.470999717712402
2013-12-30,12.380999565124512
2013-12-31,12.423999786376953
2014-01-02,12.352999687194824
2014-01-03,12.326000213623047
2014-01-06,12.144000053405762
2014-01-07,12.295999526977539
2014-01-08,12.244000434875488
2014-01-09,12.126999855041504
2014-01-10,12.307000160217285
2014-01-13,12.11400032043457
2014-01-14,12.362000465393066
2014-01-15,12.404000282287598
2014-01-16,12.284000396728516
2014-01-17,12.293000221252441
2014-01-21,12.390000343322754
2014-01-22,12.234999656677246
2014-01-23,12.190999984741211
2014-01-24,11.911999702453613
2014-01-27,11.625
2014-01-28,12.598999977111816
2014-01-29,12.102999687194824
2014-01-30,12.562999725341797
2014-01-31,12.569999694824219
2014-02-03,12.340999603271484
2014-02-04,12.409000396728516
2014-02-05,12.385000228881836
2014-02-06,12.373000144958496
2014-02-07,12.402000427246094
2014-02-10,12.312000274658203
2014-02-11,12.331999778747559
2014-02-12,12.300999641418457
2014-02-13,13.02400016784668
2014-02-14,13.017000198364258
2014-02-18,13.123000144958496
2014-02-19,12.954000473022461
2014-02-20,13.163000106811523
2014-02-21,13.211000442504883
2014-02-24,13.199999809265137
2014-02-25,13.069999694824219
2014-02-26,13.210000038146973
2014-02-27,13.444999694824219
2014-02-28,12.913000106811523
2014-03-03,12.890000343322754
2014-03-04,12.99899959564209
2014-03-05,12.807000160217285
2014-03-06,13.234000205993652
2014-03-07,13.13599967956543
2014-03-10,12.890999794006348
2014-03-11,12.73900032043457
2014-03-12,12.755999565124512
2014-03-13,12.454999923706055
2014-03-14,12.569000244140625
2014-03-17,12.706000328063965
2014-03-18,12.920999526977539
2014-03-19,12.722000122070312
2014-03-20,12.571999549865723
2014-03-21,12.4350004196167
2014-03-24,11.869000434875488
2014-03-25,11.628999710083008
2014-03-26,11.522000312805176
2014-03-27,11.402000427246094
2014-03-28,11.350000381469727
2014-03-31,11.538999557495117
2014-04-01,11.62600040435791
2014-04-02,11.67300033569336
2014-04-03,11.494999885559082
2014-04-04,11.166000366210938
2014-04-07,10.878000259399414
2014-04-08,10.460000038146973
2014-04-09,10.842000007629395
2014-04-10,10.404999732971191
2014-04-11,10.053999900817871
2014-04-14,10.109000205993652
2014-04-15,10.208999633789062
2014-04-16,10.284000396728516
2014-04-17,10.449999809265137
2014-04-21,10.204000473022461
2014-04-22,10.821000099182129
2014-04-23,10.720999717712402
2014-04-24,12.675999641418457
2014-04-25,12.079999923706055
2014-04-28,12.0
2014-04-29,11.63700008392334
2014-04-30,12.142999649047852
2014-05-01,12.088000297546387
2014-05-02,11.902000427246094
2014-05-05,11.78499984741211
2014-05-06,11.78600025177002
2014-05-07,11.755999565124512
2014-05-08,11.618000030517578
2014-05-09,12.142000198364258
2014-05-12,12.529000282287598
2014-05-13,12.395000457763672
2014-05-14,12.204000473022461
2014-05-15,12.927000045776367
2014-05-16,13.163000106811523
2014-05-19,13.887999534606934
2014-05-20,13.788999557495117
2014-05-21,14.072999954223633
2014-05-22,14.201000213623047
2014-05-23,14.26200008392334
2014-05-27,14.480999946594238
2014-05-28,14.197999954223633
2014-05-29,14.255000114440918
2014-05-30,14.112000465393066
2014-06-02,14.006999969482422
2014-06-03,14.184000015258789
2014-06-04,14.020000457763672
2014-06-05,14.220000267028809
2014-06-06,14.303999900817871
2014-06-09,14.331999778747559
2014-06-10,14.208999633789062
2014-06-11,14.128000259399414
2014-06-12,14.27400016784668
2014-06-13,14.32800006866455
2014-06-16,14.42199993133545
2014-06-17,14.343000411987305
2014-06-18,14.319999694824219
2014-06-19,14.39799976348877
2014-06-20,14.460000038146973
2014-06-23,14.407999992370605
2014-06-24,13.987000465393066
2014-06-25,13.993000030517578
2014-06-26,13.944000244140625
2014-06-27,14.074999809265137
2014-06-30,14.062000274658203
2014-07-01,14.23900032043457
2014-07-02,14.223999977111816
2014-07-03,14.359999656677246
2014-07-07,13.979999542236328
2014-07-08,13.895000457763672
2014-07-09,13.887999534606934
2014-07-10,13.65999984741211
2014-07-11,14.055000305175781
2014-07-14,14.21399974822998
2014-07-15,13.989999771118164
2014-07-16,13.927000045776367
2014-07-17,13.935999870300293
2014-07-18,13.954999923706055
2014-07-21,13.805999755859375
2014-07-22,13.989999771118164
2014-07-23,13.836999893188477
2014-07-24,14.145000457763672
2014-07-25,13.864999771118164
2014-07-28,13.753000259399414
2014-07-29,15.036999702453613
2014-07-30,14.973999977111816
2014-07-31,14.312999725341797
2014-08-01,14.020999908447266
2014-08-04,14.387999534606934
2014-08-05,14.432000160217285
2014-08-06,14.420000076293945
2014-08-07,14.289999961853027
2014-08-08,14.28600025177002
2014-08-11,14.050999641418457
2014-08-12,13.779000282287598
2014-08-13,13.701000213623047
2014-08-14,13.552000045776367
2014-08-15,13.486000061035156
2014-08-18,13.795999526977539
2014-08-19,13.868000030517578
2014-08-20,13.732999801635742
2014-08-21,13.704000473022461
2014-08-22,13.673999786376953
2014-08-25,13.59000015258789
2014-08-26,13.958000183105469
2014-08-27,13.866999626159668
2014-08-28,13.77299976348877
2014-08-29,13.892999649047852
2014-09-02,13.91100025177002
2014-09-03,14.083000183105469
2014-09-04,13.777000427246094
2014-09-05,13.821000099182129
2014-09-08,14.291000366210938
2014-09-09,13.99899959564209
2014-09-10,14.036999702453613
2014-09-11,14.161999702453613
2014-09-12,13.925999641418457
2014-09-15,13.666000366210938
2014-09-16,13.901000022888184
2014-09-17,13.928000450134277
2014-09-18,13.963000297546387
2014-09-19,13.729000091552734
2014-09-22,13.387999534606934
2014-09-23,13.175000190734863
2014-09-24,13.472999572753906
2014-09-25,13.029999732971191
2014-09-26,13.121999740600586
2014-09-29,13.359999656677246
2014-09-30,13.083999633789062
2014-10-01,12.859000205993652
2014-10-02,13.37399959564209
2014-10-03,13.678999900817871
2014-10-06,13.654000282287598
2014-10-07,13.569000244140625
2014-10-08,13.718999862670898
2014-10-09,13.562000274658203
2014-10-10,14.755999565124512
2014-10-13,14.70300006866455
2014-10-14,14.541000366210938
2014-10-15,14.45300006866455
2014-10-16,14.491999626159668
2014-10-17,14.529999732971191
2014-10-20,14.98799991607666
2014-10-21,15.133999824523926
2014-10-22,14.864999771118164
2014-10-23,15.425999641418457
2014-10-24,15.75
2014-10-27,15.420000076293945
2014-10-28,15.810999870300293
2014-10-29,16.0
2014-10-30,16.0
2014-10-31,16.08799934387207
2014-11-03,15.939000129699707
2014-11-04,15.840999603271484
2014-11-05,15.875
2014-11-06,15.838000297546387
2014-11-07,15.744000434875488
2014-11-10,15.85200023651123
2014-11-11,16.020999908447266
2014-11-12,15.998000144958496
2014-11-13,15.998000144958496
2014-11-14,16.674999237060547
2014-11-17,16.41900062561035
2014-11-18,16.881999969482422
2014-11-19,16.70199966430664
2014-11-20,16.700000762939453
2014-11-21,16.577999114990234
2014-11-24,17.388999938964844
2014-11-25,17.10700035095215
2014-11-26,17.386999130249023
2014-11-28,17.173999786376953
2014-12-01,17.125
2014-12-02,17.051000595092773
2014-12-03,16.95800018310547
2014-12-04,16.884000778198242
2014-12-05,16.97599983215332
2014-12-08,16.75
2014-12-09,17.027000427246094
2014-12-10,16.575000762939453
2014-12-11,16.740999221801758
2014-12-12,15.824000358581543
2014-12-15,15.708999633789062
2014-12-16,15.402999877929688
2014-12-17,15.92199993133545
2014-12-18,16.610000610351562
2014-12-19,16.4060001373291
2014-12-22,16.509000778198242
2014-12-23,16.40999984741211
2014-12-24,16.35300064086914
2014-12-26,16.378000259399414
2014-12-29,16.16900062561035
2014-12-30,15.913000106811523
2014-12-31,16.239999771118164
2015-01-02,16.312000274658203
2015-01-05,16.29800033569336
2015-01-06,15.79699993133545
2015-01-07,15.800000190734863
2015-01-08,16.240999221801758
2015-01-09,15.961999893188477
2015-01-12,15.868000030517578
2015-01-13,15.805999755859375
2015-01-14,15.869999885559082
2015-01-15,15.366000175476074
2015-01-16,15.788999557495117
2015-01-20,15.998000144958496
2015-01-21,15.890000343322754
2015-01-22,16.357999801635742
2015-01-23,16.520999908447266
2015-01-26,16.829999923706055
2015-01-27,16.145000457763672
2015-01-28,15.902999877929688
2015-01-29,16.187999725341797
2015-01-30,16.15999984741211
2015-02-02,16.500999450683594
2015-02-03,16.75
2015-02-04,16.895999908447266
2015-02-05,17.422000885009766
2015-02-06,17.516000747680664
2015-02-09,17.533000946044922
2015-02-10,17.783000946044922
2015-02-11,17.805999755859375
2015-02-12,17.875
2015-02-13,18.124000549316406
2015-02-17,17.965999603271484
2015-02-18,17.965999603271484
2015-02-19,17.961999893188477
2015-02-20,17.954999923706055
2015-02-23,17.73900032043457
2015-02-24,17.732999801635742
2015-02-25,17.93000030517578
2015-02-26,17.951000213623047
2015-02-27,17.833999633789062
2015-03-02,17.958999633789062
2015-03-03,17.91900062561035
2015-03-04,17.468000411987305
2015-03-05,17.030000686645508
2015-03-06,16.172000885009766
2015-03-09,16.486000061035156
2015-03-10,16.104000091552734
2015-03-11,16.020999908447266
2015-03-12,16.30299949645996
2015-03-13,16.426000595092773
2015-03-16,16.840999603271484
2015-03-17,16.996000289916992
2015-03-18,17.323999404907227
2015-03-19,17.378000259399414
2015-03-20,17.47599983215332
2015-03-23,17.434999465942383
2015-03-24,17.25
2015-03-25,16.695999145507812
2015-03-26,16.95400047302246
2015-03-27,17.01300048828125
2015-03-30,17.090999603271484
2015-03-31,16.91900062561035
2015-04-01,16.916000366210938
2015-04-02,16.95199966430664
2015-04-06,17.00200080871582
2015-04-07,17.027999877929688
2015-04-08,17.207000732421875
2015-04-09,17.39900016784668
2015-04-10,17.599000930786133
2015-04-13,17.195999145507812
2015-04-14,17.11199951171875
2015-04-15,17.339000701904297
2015-04-16,17.334999084472656
2015-04-17,17.065000534057617
2015-04-20,17.121999740600586
2015-04-21,17.538999557495117
2015-04-22,17.631999969482422
2015-04-23,17.663000106811523
2015-04-24,17.509000778198242
2015-04-27,17.356000900268555
2015-04-28,16.969999313354492
2015-04-29,18.707000732421875
2015-04-30,18.211999893188477
2015-05-01,18.26799964904785
2015-05-04,18.1299991607666
2015-05-05,17.899999618530273
2015-05-06,17.934999465942383
2015-05-07,17.753999710083008
2015-05-08,18.083999633789062
2015-05-11,18.106000900268555
2015-05-12,17.757999420166016
2015-05-13,17.743000030517578
2015-05-14,17.98200035095215
2015-05-15,17.8799991607666
2015-05-18,17.90999984741211
2015-05-19,17.868999481201172
2015-05-20,17.645000457763672
2015-05-21,17.538000106811523
2015-05-22,17.530000686645508
2015-05-26,17.27899932861328
2015-05-27,17.5310001373291
2015-05-28,17.667999267578125
2015-05-29,17.597999572753906
2015-06-01,17.61400032043457
2015-06-02,17.58799934387207
2015-06-03,17.780000686645508
2015-06-04,17.48900032043457
2015-06-05,18.042999267578125
2015-06-08,17.687000274658203
2015-06-09,17.67799949645996
2015-06-10,18.176000595092773
2015-06-11,18.06399917602539
2015-06-12,17.875
2015-06-15,17.409000396728516
2015-06-16,17.6200008392334
2015-06-17,17.68000030517578
2015-06-18,17.86400032043457
2015-06-19,17.768999099731445
2015-06-22,17.86199951171875
2015-06-23,17.86199951171875
2015-06-24,17.42300033569336
2015-06-25,17.388999938964844
2015-06-26,17.38599967956543
2015-06-29,16.788000106811523
2015-06-30,17.007999420166016
2015-07-01,17.006000518798828
2015-07-02,17.256999969482422
2015-07-06,17.246999740600586
2015-07-07,17.360000610351562
2015-07-08,17.222000122070312
2015-07-09,17.444000244140625
2015-07-10,17.56999969482422
2015-07-13,17.709999084472656
2015-07-14,18.06999969482422
2015-07-15,18.28700065612793
2015-07-16,18.6299991607666
2015-07-17,18.562999725341797
2015-07-20,18.399999618530273
2015-07-21,18.149999618530273
2015-07-22,18.371999740600586
2015-07-23,17.98200035095215
2015-07-24,18.14299964904785
2015-07-27,17.816999435424805
2015-07-28,20.201000213623047
2015-07-29,20.447999954223633
2015-07-30,20.481000900268555
2015-07-31,20.385000228881836
2015-08-03,20.350000381469727
2015-08-04,21.486000061035156
2015-08-05,21.625
2015-08-06,21.304000854492188
2015-08-07,21.56100082397461
2015-08-10,21.885000228881836
2015-08-11,21.541000366210938
2015-08-12,21.697999954223633
2015-08-13,21.871000289916992
2015-08-14,21.8799991607666
2015-08-17,22.15999984741211
2015-08-18,21.773000717163086
2015-08-19,21.86199951171875
2015-08-20,20.958999633789062
2015-08-21,20.399999618530273
2015-08-24,19.606000900268555
2015-08-25,19.60300064086914
2015-08-26,20.11400032043457
2015-08-27,20.086999893188477
2015-08-28,20.099000930786133
2015-08-31,19.8700008392334
2015-09-01,19.604000091552734
2015-09-02,19.70199966430664
2015-09-03,19.836999893188477
2015-09-04,19.542999267578125
2015-09-08,20.125
2015-09-09,19.833999633789062
2015-09-10,19.840999603271484
2015-09-11,20.11400032043457
2015-09-14,20.094999313354492
2015-09-15,20.795000076293945
2015-09-16,20.98699951171875
2015-09-17,20.989999771118164
2015-09-18,20.667999267578125
2015-09-21,20.850000381469727
2015-09-22,20.707000732421875
2015-09-23,20.827999114990234
2015-09-24,20.518999099731445
2015-09-25,20.518999099731445
2015-09-28,19.527999877929688
2015-09-29,19.472000122070312
2015-09-30,19.64699935913086
2015-10-01,19.93000030517578
2015-10-02,19.884000778198242
2015-10-05,20.099000930786133
2015-10-06,19.757999420166016
2015-10-07,19.95800018310547
2015-10-08,19.952999114990234
2015-10-09,20.524999618530273
2015-10-12,20.611000061035156
2015-10-13,19.937999725341797
2015-10-14,19.674999237060547
2015-10-15,19.979000091552734
2015-10-16,20.31100082397461
2015-10-19,20.37299919128418
2015-10-20,19.711000442504883
2015-10-21,19.035999298095703
2015-10-22,19.492000579833984
2015-10-23,18.81800079345703
2015-10-26,19.625999450683594
2015-10-27,16.823999404907227
2015-10-28,17.885000228881836
2015-10-29,17.437999725341797
2015-10-30,17.207000732421875
2015-11-02,17.615999221801758
2015-11-03,17.711999893188477
2015-11-04,18.023000717163086
2015-11-05,17.691999435424805
2015-11-06,17.764999389648438
2015-11-09,17.486000061035156
2015-11-10,17.44499969482422
2015-11-11,17.485000610351562
2015-11-12,17.27199935913086
2015-11-13,16.886999130249023
2015-11-16,17.158000946044922
2015-11-17,17.19300079345703
2015-11-18,17.48200035095215
2015-11-19,17.299999237060547
2015-11-20,17.320999145507812
2015-11-23,17.368000030517578
2015-11-24,17.329999923706055
2015-11-25,17.540000915527344
2015-11-27,17.555999755859375
2015-11-30,17.336999893188477
2015-12-01,17.7189998626709
2015-12-02,17.618999481201172
2015-12-03,17.357999801635742
2015-12-04,17.68400001525879
2015-12-07,17.37299919128418
2015-12-08,17.548999786376953
2015-12-09,17.253000259399414
2015-12-10,17.274999618530273
2015-12-11,17.413999557495117
2015-12-14,17.524999618530273
2015-12-15,17.89299964904785
2015-12-16,17.711999893188477
2015-12-17,17.35099983215332
2015-12-18,17.573999404907227
2015-12-21,17.73699951171875
2015-12-22,17.714000701904297
2015-12-23,17.7450008392334
2015-12-24,17.76099967956543
2015-12-28,17.641000747680664
2015-12-29,18.06399917602539
2015-12-30,17.892000198364258
2015-12-31,17.929000854492188
2016-01-04,17.113000869750977
2016-01-05,17.177000045776367
2016-01-06,16.927000045776367
2016-01-07,16.10300064086914
2016-01-08,14.8149995803833
2016-01-11,15.244999885559082
2016-01-12,15.619000434875488
2016-01-13,15.034000396728516
2016-01-14,15.253000259399414
2016-01-15,14.993000030517578
2016-01-19,14.633999824523926
2016-01-20,14.968999862670898
2016-01-21,15.022000312805176
2016-01-22,14.991000175476074
2016-01-25,14.588000297546387
2016-01-26,14.71500015258789
2016-01-27,14.23900032043457
2016-01-28,16.72599983215332
2016-01-29,17.250999450683594
2016-02-01,17.333999633789062
2016-02-02,17.18899917602539
2016-02-03,17.148000717163086
2016-02-04,16.784000396728516
2016-02-05,15.645999908447266
2016-02-08,15.5
2016-02-09,15.196000099182129
2016-02-10,15.015000343322754
2016-02-11,14.956999778747559
2016-02-12,15.1899995803833
2016-02-16,15.236000061035156
2016-02-17,15.65999984741211
2016-02-18,14.932000160217285
2016-02-19,15.324999809265137
2016-02-22,15.460000038146973
2016-02-23,15.258999824523926
2016-02-24,15.657999992370605
2016-02-25,15.8149995803833
2016-02-26,15.857999801635742
2016-02-29,16.089000701904297
2016-03-01,17.23900032043457
2016-03-02,16.823999404907227
2016-03-03,17.077999114990234
2016-03-04,16.898000717163086
2016-03-07,16.875
2016-03-08,16.764999389648438
2016-03-09,16.823999404907227
2016-03-10,16.711999893188477
2016-03-11,17.05900001525879
2016-03-14,16.804000854492188
2016-03-15,16.58099937438965
2016-03-16,16.738000869750977
2016-03-17,16.898000717163086
2016-03-18,17.511999130249023
2016-03-21,17.55500030517578
2016-03-22,17.57699966430664
2016-03-23,16.947999954223633
2016-03-24,17.281999588012695
2016-03-28,17.20199966430664
2016-03-29,17.77899932861328
2016-03-30,18.086999893188477
2016-03-31,17.972000122070312
2016-04-01,18.274999618530273
2016-04-04,18.47100067138672
2016-04-05,18.309999465942383
2016-04-06,18.233999252319336
2016-04-07,17.90999984741211
2016-04-08,17.8799991607666
2016-04-11,18.07200050354004
2016-04-12,18.264999389648438
2016-04-13,18.707000732421875
2016-04-14,18.795000076293945
2016-04-15,18.617000579833984
2016-04-18,18.825000762939453
2016-04-19,18.934999465942383
2016-04-20,18.827999114990234
2016-04-21,18.826000213623047
2016-04-22,19.18000030517578
2016-04-25,18.549999237060547
2016-04-26,18.982999801635742
2016-04-27,18.996999740600586
2016-04-28,18.256999969482422
2016-04-29,17.93199920654297
2016-05-02,18.40999984741211
2016-05-03,18.034000396728516
2016-05-04,18.006999969482422
2016-05-05,17.982999801635742
2016-05-06,18.256999969482422
2016-05-09,18.81599998474121
2016-05-10,19.049999237060547
2016-05-11,18.518999099731445
2016-05-12,18.44499969482422
2016-05-13,18.21500015258789
2016-05-16,18.249000549316406
2016-05-17,17.899999618530273
2016-05-18,18.025999069213867
2016-05-19,17.884000778198242
2016-05-20,17.92799949645996
2016-05-23,18.351999282836914
2016-05-24,18.93899917602539
2016-05-25,18.708999633789062
2016-05-26,18.80299949645996
2016-05-27,19.093000411987305
2016-05-31,18.65399932861328
2016-06-01,18.64699935913086
2016-06-02,19.06999969482422
2016-06-03,18.868999481201172
2016-06-06,19.47100067138672
2016-06-07,19.38800048828125
2016-06-08,19.229999542236328
2016-06-09,19.208999633789062
2016-06-10,18.775999069213867
2016-06-13,18.631999969482422
2016-06-14,18.549999237060547
2016-06-15,18.486000061035156
2016-06-16,18.472000122070312
2016-06-17,17.917999267578125
2016-06-20,18.39699935913086
2016-06-21,18.219999313354492
2016-06-22,17.961999893188477
2016-06-23,18.29400062561035
2016-06-24,17.312000274658203
2016-06-27,16.71299934387207
2016-06-28,16.815000534057617
2016-06-29,17.43199920654297
2016-06-30,17.50200080871582
2016-07-01,17.23900032043457
2016-07-05,17.288000106811523
2016-07-06,17.290000915527344
2016-07-07,17.384000778198242
2016-07-08,17.82900047302246
2016-07-11,18.05500030517578
2016-07-12,18.15999984741211
2016-07-13,18.158000946044922
2016-07-14,18.22100067138672
2016-07-15,18.72100067138672
2016-07-18,18.739999771118164
2016-07-19,18.655000686645508
2016-07-20,19.04800033569336
2016-07-21,18.378999710083008
2016-07-22,18.784000396728516
2016-07-25,18.451000213623047
2016-07-26,18.520999908447266
2016-07-27,18.29800033569336
2016-07-28,18.507999420166016
2016-07-29,17.48900032043457
2016-08-01,17.201000213623047
2016-08-02,16.724000930786133
2016-08-03,16.68400001525879
2016-08-04,16.448999404907227
2016-08-05,16.631999969482422
2016-08-08,16.444000244140625
2016-08-09,16.506000518798828
2016-08-10,16.558000564575195
2016-08-11,16.613000869750977
2016-08-12,16.542999267578125
2016-08-15,16.674999237060547
2016-08-16,16.540000915527344
2016-08-17,16.402000427246094
2016-08-18,16.558000564575195
2016-08-19,16.663999557495117
2016-08-22,16.687999725341797
2016-08-23,16.841999053955078
2016-08-24,16.67799949645996
2016-08-25,16.832000732421875
2016-08-26,16.746999740600586
2016-08-29,16.600000381469727
2016-08-30,16.695999145507812
2016-08-31,16.679000854492188
2016-09-01,16.73200035095215
2016-09-02,16.97800064086914
2016-09-06,17.062999725341797
2016-09-07,17.17099952697754
2016-09-08,17.264999389648438
2016-09-09,17.06999969482422
2016-09-12,17.2450008392334
2016-09-13,16.993000030517578
2016-09-14,16.839000701904297
2016-09-15,16.761999130249023
2016-09-16,16.483999252319336
2016-09-19,16.424999237060547
2016-09-20,16.655000686645508
2016-09-21,16.76300048828125
2016-09-22,17.030000686645508
2016-09-23,17.17799949645996
2016-09-26,17.086999893188477
2016-09-27,16.9060001373291
2016-09-28,17.024999618530273
2016-09-29,16.573999404907227
2016-09-30,16.743999481201172
2016-10-03,16.384000778198242
2016-10-04,17.049999237060547
2016-10-05,17.10099983215332
2016-10-06,17.277000427246094
2016-10-07,17.29800033569336
2016-10-10,17.4689998626709
2016-10-11,17.305999755859375
2016-10-12,17.31599998474121
2016-10-13,17.23699951171875
2016-10-14,17.219999313354492
2016-10-17,17.184999465942383
2016-10-18,17.257999420166016
2016-10-19,17.013999938964844
2016-10-20,16.8439998626709
2016-10-21,16.861000061035156
2016-10-24,17.40399932861328
2016-10-25,17.229000091552734
2016-10-26,17.18000030517578
2016-10-27,17.35300064086914
2016-10-28,19.14699935913086
2016-10-31,19.481000900268555
2016-11-01,19.503999710083008
2016-11-02,19.187000274658203
2016-11-03,18.895999908447266
2016-11-04,19.016000747680664
2016-11-07,19.231000900268555
2016-11-08,19.0
2016-11-09,19.187999725341797
2016-11-10,19.31599998474121
2016-11-11,19.674999237060547
2016-11-14,19.211000442504883
2016-11-15,19.309999465942383
2016-11-16,19.648000717163086
2016-11-17,19.746999740600586
2016-11-18,19.667999267578125
2016-11-21,19.69300079345703
2016-11-22,19.85700035095215
2016-11-23,19.820999145507812
2016-11-25,19.78499984741211
2016-11-28,19.503000259399414
2016-11-29,19.523000717163086
2016-11-30,19.402999877929688
2016-12-01,19.15999984741211
2016-12-02,19.194000244140625
2016-12-05,19.576000213623047
2016-12-06,19.85700035095215
2016-12-07,19.844999313354492
2016-12-08,20.097999572753906
2016-12-09,20.097000122070312
2016-12-12,20.187000274658203
2016-12-13,20.444000244140625
2016-12-14,19.958999633789062
2016-12-15,20.155000686645508
2016-12-16,20.040000915527344
2016-12-19,20.31800079345703
2016-12-20,20.388999938964844
2016-12-21,20.0310001373291
2016-12-22,19.618000030517578
2016-12-23,20.121999740600586
2016-12-27,20.148000717163086
2016-12-28,19.760000228881836
2016-12-29,19.850000381469727
2016-12-30,19.739999771118164
2017-01-03,19.784000396728516
2017-01-04,19.79400062561035
2017-01-05,19.961000442504883
2017-01-06,19.91699981689453
2017-01-09,19.863000869750977
2017-01-10,20.077999114990234
2017-01-11,20.100000381469727
2017-01-12,20.047000885009766
2017-01-13,20.3799991607666
2017-01-17,20.091999053955078
2017-01-18,20.250999450683594
2017-01-19,19.899999618530273
2017-01-20,20.155000686645508
2017-01-23,20.510000228881836
2017-01-24,20.29599952697754
2017-01-25,20.329999923706055
2017-01-26,20.1299991607666
2017-01-27,19.95800018310547
2017-01-30,19.945999145507812
2017-01-31,20.1299991607666
2017-02-01,19.650999069213867
2017-02-02,19.149999618530273
2017-02-03,19.54800033569336
2017-02-06,19.030000686645508
2017-02-07,18.798999786376953
2017-02-08,18.749000549316406
2017-02-09,19.000999450683594
2017-02-10,18.934999465942383
2017-02-13,19.134000778198242
2017-02-14,19.298999786376953
2017-02-15,19.415000915527344
2017-02-16,19.26799964904785
2017-02-17,19.28700065612793
2017-02-21,19.579999923706055
2017-02-22,19.459999084472656
2017-02-23,19.329999923706055
2017-02-24,19.433000564575195
2017-02-27,19.441999435424805
2017-02-28,19.187999725341797
2017-03-01,19.378000259399414
2017-03-02,19.023000717163086
2017-03-03,19.0
2017-03-06,18.795000076293945
2017-03-07,18.756999969482422
2017-03-08,18.916000366210938
2017-03-09,18.761999130249023
2017-03-10,18.69700050354004
2017-03-13,18.885000228881836
2017-03-14,18.86199951171875
2017-03-15,19.00200080871582
2017-03-16,19.104999542236328
2017-03-17,19.18600082397461
2017-03-20,19.242000579833984
2017-03-21,18.798999786376953
2017-03-22,18.69499969482422
2017-03-23,18.641000747680664
2017-03-24,18.61400032043457
2017-03-27,18.694000244140625
2017-03-28,18.77400016784668
2017-03-29,18.7810001373291
2017-03-30,18.82900047302246
2017-03-31,18.780000686645508
2017-04-03,18.743000030517578
2017-04-04,18.625
2017-04-05,18.410999298095703
2017-04-06,18.349000930786133
2017-04-07,18.280000686645508
2017-04-10,18.479000091552734
2017-04-11,18.566999435424805
2017-04-12,18.392000198364258
2017-04-13,18.160999298095703
2017-04-17,18.42300033569336
2017-04-18,18.541000366210938
2017-04-19,18.5939998626709
2017-04-20,18.81100082397461
2017-04-21,18.759000778198242
2017-04-24,19.066999435424805
2017-04-25,19.06800079345703
2017-04-26,19.301000595092773
2017-04-27,19.249000549316406
2017-04-28,19.017000198364258
2017-05-01,19.135000228881836
2017-05-02,18.801000595092773
2017-05-03,18.784000396728516
2017-05-04,18.91699981689453
2017-05-05,19.094999313354492
2017-05-08,19.152000427246094
2017-05-09,18.788000106811523
2017-05-10,18.711000442504883
2017-05-11,18.704999923706055
2017-05-12,18.5310001373291
2017-05-15,18.707000732421875
2017-05-16,18.766000747680664
2017-05-17,18.389999389648438
2017-05-18,18.413000106811523
2017-05-19,18.378000259399414
2017-05-22,18.52199935913086
2017-05-23,18.209999084472656
2017-05-24,18.198999404907227
2017-05-25,18.149999618530273
2017-05-26,18.07699966430664
2017-05-30,18.284000396728516
2017-05-31,18.236000061035156
2017-06-01,18.5939998626709
2017-06-02,18.832000732421875
2017-06-05,18.413000106811523
2017-06-06,18.281999588012695
2017-06-07,18.25200080871582
2017-06-08,18.461000442504883
2017-06-09,18.07900047302246
2017-06-12,18.118999481201172
2017-06-13,18.211999893188477
2017-06-14,18.34000015258789
2017-06-15,18.281999588012695
2017-06-16,18.260000228881836
2017-06-19,18.23900032043457
2017-06-20,18.31399917602539
2017-06-21,18.44700050354004
2017-06-22,18.459999084472656
2017-06-23,18.4950008392334
2017-06-26,18.483999252319336
2017-06-27,18.51099967956543
2017-06-28,18.882999420166016
2017-06-29,18.90999984741211
2017-06-30,19.16699981689453
2017-07-03,18.65399932861328
2017-07-05,18.45199966430664
2017-07-06,18.261999130249023
2017-07-07,18.499000549316406
2017-07-10,18.37700080871582
2017-07-11,18.43400001525879
2017-07-12,18.76799964904785
2017-07-13,18.57900047302246
2017-07-14,18.472999572753906
2017-07-17,18.582000732421875
2017-07-18,18.875
2017-07-19,18.981000900268555
2017-07-20,18.93199920654297
2017-07-21,18.847999572753906
2017-07-24,19.190000534057617
2017-07-25,19.250999450683594
2017-07-26,19.1560001373291
2017-07-27,18.917999267578125
2017-07-28,13.99899959564209
2017-07-31,13.451000213623047
2017-08-01,13.628000259399414
2017-08-02,13.593000411987305
2017-08-03,13.355999946594238
2017-08-04,13.572999954223633
2017-08-07,13.213000297546387
2017-08-08,13.14900016784668
2017-08-09,13.0600004196167
2017-08-10,12.77400016784668
2017-08-11,12.901000022888184
2017-08-14,12.892000198364258
2017-08-15,12.869000434875488
2017-08-16,12.871999740600586
2017-08-17,12.746000289916992
2017-08-18,12.593000411987305
2017-08-21,12.520999908447266
2017-08-22,12.61400032043457
2017-08-23,12.564000129699707
2017-08-24,12.564000129699707
2017-08-25,12.576000213623047
2017-08-28,12.630999565124512
2017-08-29,12.670000076293945
2017-08-30,12.572999954223633
2017-08-31,12.899999618530273
2017-09-01,12.850000381469727
2017-09-05,12.831000328063965
2017-09-06,12.819000244140625
2017-09-07,12.836000442504883
2017-09-08,12.824999809265137
2017-09-11,12.819999694824219
2017-09-12,12.85200023651123
2017-09-13,13.220999717712402
2017-09-14,13.010000228881836
2017-09-15,12.680999755859375
2017-09-18,12.595000267028809
2017-09-19,12.585000038146973
2017-09-20,12.529999732971191
2017-09-21,12.451000213623047
2017-09-22,12.47599983215332
2017-09-25,12.395999908447266
2017-09-26,12.454000473022461
2017-09-27,12.732999801635742
2017-09-28,12.772000312805176
2017-09-29,12.770999908447266
2017-10-02,12.906000137329102
2017-10-03,12.927000045776367
2017-10-04,13.098999977111816
2017-10-05,13.116000175476074
2017-10-06,13.13599967956543
2017-10-09,13.211999893188477
2017-10-10,13.234999656677246
2017-10-11,13.213000297546387
2017-10-12,13.357000350952148
2017-10-13,13.5
2017-10-16,13.583000183105469
2017-10-17,13.58899974822998
2017-10-18,13.600000381469727
2017-10-19,13.555999755859375
2017-10-20,13.699999809265137
2017-10-23,13.687999725341797
2017-10-24,13.704000473022461
2017-10-25,13.78499984741211
2017-10-26,14.095999717712402
2017-10-27,14.086000442504883
2017-10-30,13.581000328063965
2017-10-31,13.22599983215332
2017-11-01,13.454000473022461
2017-11-02,13.39900016784668
2017-11-03,13.368000030517578
2017-11-06,13.430000305175781
2017-11-07,13.371000289916992
2017-11-08,13.439000129699707
2017-11-09,13.33899974822998
2017-11-10,13.350000381469727
2017-11-13,13.222000122070312
2017-11-14,13.317999839782715
2017-11-15,13.223999977111816
2017-11-16,13.342000007629395
2017-11-17,13.37600040435791
2017-11-20,13.458999633789062
2017-11-21,13.699999809265137
2017-11-22,13.746000289916992
2017-11-24,13.743000030517578
2017-11-27,13.630000114440918
2017-11-28,13.819999694824219
2017-11-29,13.659000396728516
2017-11-30,13.675999641418457
2017-12-01,13.5
2017-12-04,13.52299976348877
2017-12-05,13.456000328063965
2017-12-06,13.446999549865723
2017-12-07,13.39900016784668
2017-12-08,13.625
2017-12-11,13.368000030517578
2017-12-12,13.236000061035156
2017-12-13,13.28499984741211
2017-12-14,13.175000190734863
2017-12-15,13.265000343322754
2017-12-18,13.39799976348877
2017-12-19,13.482000350952148
2017-12-20,13.506999969482422
2017-12-21,13.364999771118164
2017-12-22,13.192999839782715
2017-12-26,13.104000091552734
2017-12-27,13.138999938964844
2017-12-28,13.15999984741211
2017-12-29,13.130000114440918
2018-01-02,13.180000305175781
2018-01-03,13.23799991607666
2018-01-04,13.505999565124512
2018-01-05,13.50100040435791
2018-01-08,13.66100025177002
2018-01-09,13.625
2018-01-10,13.661999702453613
2018-01-11,13.836000442504883
2018-01-12,13.975000381469727
2018-01-16,13.831000328063965
2018-01-17,13.960000038146973
2018-01-18,13.885000228881836
2018-01-19,14.097999572753906
2018-01-22,13.92199993133545
2018-01-23,13.90999984741211
2018-01-24,13.829000473022461
2018-01-25,13.732999801635742
2018-01-26,13.779000282287598
2018-01-29,13.795000076293945
2018-01-30,13.838000297546387
2018-01-31,13.77299976348877
2018-02-01,13.913999557495117
2018-02-02,13.57699966430664
2018-02-05,13.159000396728516
2018-02-06,13.300000190734863
2018-02-07,13.35200023651123
2018-02-08,13.152999877929688
2018-02-09,13.062000274658203
2018-02-12,13.286999702453613
2018-02-13,13.451000213623047
2018-02-14,13.583000183105469
2018-02-15,13.78499984741211
2018-02-16,13.755000114440918
2018-02-20,13.798999786376953
2018-02-21,13.677000045776367
2018-02-22,13.737000465393066
2018-02-23,13.79800033569336
2018-02-26,13.769000053405762
2018-02-27,13.515999794006348
2018-02-28,12.79800033569336
2018-03-01,12.38700008392334
2018-03-02,12.543000221252441
2018-03-05,13.413999557495117
2018-03-06,13.319999694824219
2018-03-07,13.324999809265137
2018-03-08,13.420999526977539
2018-03-09,13.626999855041504
2018-03-12,13.607000350952148
2018-03-13,13.503999710083008
2018-03-14,13.343000411987305
2018-03-15,13.336999893188477
2018-03-16,13.175999641418457
2018-03-19,13.085000038146973
2018-03-20,13.071000099182129
2018-03-21,13.072999954223633
2018-03-22,13.086000442504883
2018-03-23,12.97700023651123
2018-03-26,13.069999694824219
2018-03-27,12.842000007629395
2018-03-28,12.770000457763672
2018-03-29,12.89900016784668
2018-04-02,12.553999900817871
2018-04-03,12.682000160217285
2018-04-04,12.680000305175781
2018-04-05,12.758000373840332
2018-04-06,12.586999893188477
2018-04-09,12.543999671936035
2018-04-10,12.75100040435791
2018-04-11,12.869999885559082
2018-04-12,12.95199966430664
2018-04-13,13.017999649047852
2018-04-16,13.236000061035156
2018-04-17,13.463000297546387
2018-04-18,13.482000350952148
2018-04-19,13.423999786376953
2018-04-20,13.154999732971191
2018-04-23,13.152000427246094
2018-04-24,13.034000396728516
2018-04-25,13.157999992370605
2018-04-26,13.229000091552734
2018-04-27,12.668999671936035
2018-04-30,12.746000289916992
2018-05-01,13.081999778747559
2018-05-02,13.031000137329102
2018-05-03,12.911999702453613
2018-05-04,13.020000457763672
2018-05-07,12.993000030517578
2018-05-08,13.104000091552734
2018-05-09,13.0600004196167
2018-05-10,13.017999649047852
2018-05-11,12.928000450134277
2018-05-14,12.713000297546387
2018-05-15,12.746000289916992
2018-05-16,12.880999565124512
2018-05-17,12.947999954223633
2018-05-18,13.079999923706055
2018-05-21,13.017999649047852
2018-05-22,12.975000381469727
2018-05-23,13.010000228881836
2018-05-24,13.095000267028809
2018-05-25,13.071999549865723
2018-05-29,12.927000045776367
2018-05-30,13.223999977111816
2018-05-31,12.956999778747559
2018-06-01,13.041999816894531
2018-06-04,13.112000465393066
2018-06-05,13.130999565124512
2018-06-06,13.178000450134277
2018-06-07,12.989999771118164
2018-06-08,12.996000289916992
2018-06-11,13.109000205993652
2018-06-12,13.251999855041504
2018-06-13,13.272000312805176
2018-06-14,13.315999984741211
2018-06-15,13.473999977111816
2018-06-18,13.57800006866455
2018-06-19,13.550000190734863
2018-06-20,13.5
2018-06-21,13.246000289916992
2018-06-22,13.114999771118164
2018-06-25,12.87600040435791
2018-06-26,12.961000442504883
2018-06-27,12.505999565124512
2018-06-28,12.729999542236328
2018-06-29,12.774999618530273
2018-07-02,12.963000297546387
2018-07-03,13.175999641418457
2018-07-05,13.404999732971191
2018-07-06,13.48799991607666
2018-07-09,13.51200008392334
2018-07-10,13.491999626159668
2018-07-11,13.425999641418457
2018-07-12,13.630999565124512
2018-07-13,13.583000183105469
2018-07-16,13.529999732971191
2018-07-17,13.48799991607666
2018-07-18,13.583000183105469
2018-07-19,13.753999710083008
2018-07-20,13.529000282287598
2018-07-23,13.420000076293945
2018-07-24,13.331999778747559
2018-07-25,13.527000427246094
2018-07-26,13.73799991607666
2018-07-27,12.916000366210938
2018-07-30,12.793000221252441
2018-07-31,13.015000343322754
2018-08-01,13.230999946594238
2018-08-02,13.654999732971191
2018-08-03,13.48900032043457
2018-08-06,13.717000007629395
2018-08-07,13.78600025177002
2018-08-08,13.79699993133545
2018-08-09,13.975000381469727
2018-08-10,14.145999908447266
2018-08-13,14.07800006866455
2018-08-14,14.21500015258789
2018-08-15,14.057000160217285
2018-08-16,14.107000350952148
2018-08-17,13.95300006866455
2018-08-20,14.092000007629395
2018-08-21,14.107000350952148
2018-08-22,14.156000137329102
2018-08-23,14.178999900817871
2018-08-24,14.967000007629395
2018-08-27,14.692999839782715
2018-08-28,14.784000396728516
2018-08-29,14.779999732971191
2018-08-30,14.718000411987305
2018-08-31,14.899999618530273
2018-09-04,14.774999618530273
2018-09-05,14.484000205993652
2018-09-06,14.480999946594238
2018-09-07,14.454000473022461
2018-09-10,14.677000045776367
2018-09-11,14.779999732971191
2018-09-12,14.888999938964844
2018-09-13,14.769000053405762
2018-09-14,14.913000106811523
2018-09-17,14.710000038146973
2018-09-18,14.996000289916992
2018-09-19,14.781000137329102
2018-09-20,14.765000343322754
2018-09-21,14.812000274658203
2018-09-24,14.73799991607666
2018-09-25,14.680999755859375
2018-09-26,14.140999794006348
2018-09-27,14.053999900817871
2018-09-28,14.062000274658203
2018-10-01,13.647000312805176
2018-10-02,13.24899959564209
2018-10-03,13.347999572753906
2018-10-04,13.170000076293945
2018-10-05,13.119999885559082
2018-10-08,13.083999633789062
2018-10-09,13.071000099182129
2018-10-10,12.67199993133545
2018-10-11,12.680000305175781
2018-10-12,12.727999687194824
2018-10-15,12.800999641418457
2018-10-16,13.114999771118164
2018-10-17,13.053999900817871
2018-10-18,12.82699966430664
2018-10-19,12.64799976348877
2018-10-22,12.758000373840332
2018-10-23,12.687000274658203
2018-10-24,12.125
2018-10-25,12.324999809265137
2018-10-26,12.24899959564209
2018-10-29,12.170999526977539
2018-10-30,12.404000282287598
2018-10-31,12.597000122070312
2018-11-01,12.562999725341797
2018-11-02,12.67300033569336
2018-11-05,12.663999557495117
2018-11-06,12.633000373840332
2018-11-07,12.986000061035156
2018-11-08,12.85099983215332
2018-11-09,12.82800006866455
2018-11-12,12.659000396728516
2018-11-13,12.590999603271484
2018-11-14,12.545000076293945
2018-11-15,12.741999626159668
2018-11-16,12.708000183105469
2018-11-19,12.444999694824219
2018-11-20,12.302000045776367
2018-11-21,12.517999649047852
2018-11-23,12.4350004196167
2018-11-26,12.607999801635742
2018-11-27,12.527999877929688
2018-11-28,12.746000289916992
2018-11-29,12.776000022888184
2018-11-30,12.96399974822998
2018-12-03,13.107000350952148
2018-12-04,12.670999526977539
2018-12-06,12.765000343322754
2018-12-07,12.758000373840332
2018-12-10,12.763999938964844
2018-12-11,12.699000358581543
2018-12-12,12.78499984741211
2018-12-13,12.8100004196167
2018-12-14,12.692000389099121
2018-12-17,12.281999588012695
2018-12-18,12.335000038146973
2018-12-19,12.282999992370605
2018-12-20,12.060999870300293
2018-12-21,11.657999992370605
2018-12-24,11.670000076293945
2018-12-26,12.109000205993652
2018-12-27,12.595000267028809
2018-12-28,12.687999725341797
2018-12-31,12.774999618530273
2019-01-02,12.857000350952148
2019-01-03,12.656999588012695
2019-01-04,13.039999961853027
2019-01-07,13.123000144958496
2019-01-08,13.230999946594238
2019-01-09,13.157999992370605
2019-01-10,13.25100040435791
2019-01-11,13.38599967956543
2019-01-14,13.211000442504883
2019-01-15,13.430999755859375
2019-01-16,13.383999824523926
2019-01-17,13.48799991607666
2019-01-18,13.631999969482422
2019-01-22,13.723999977111816
2019-01-23,13.748000144958496
2019-01-24,13.82800006866455
2019-01-25,13.9399995803833
2019-01-28,13.85099983215332
2019-01-29,13.82699966430664
2019-01-30,12.737000465393066
2019-01-31,12.689000129699707
2019-02-01,12.803999900817871
2019-02-04,13.005000114440918
2019-02-05,13.21500015258789
2019-02-06,12.82699966430664
2019-02-07,12.913999557495117
2019-02-08,13.07800006866455
2019-02-11,13.680000305175781
2019-02-12,14.211000442504883
2019-02-13,14.043000221252441
2019-02-14,14.005999565124512
2019-02-15,14.105999946594238
2019-02-19,14.190999984741211
2019-02-20,14.041999816894531
2019-02-21,14.312999725341797
2019-02-22,14.541000366210938
2019-02-25,14.619000434875488
2019-02-26,14.180000305175781
2019-02-27,14.119000434875488
2019-02-28,14.149999618530273
2019-03-01,14.173999786376953
2019-03-04,13.930999755859375
2019-03-05,13.866000175476074
2019-03-06,13.696999549865723
2019-03-07,13.734999656677246
2019-03-08,13.812000274658203
2019-03-11,14.300000190734863
2019-03-12,14.519000053405762
2019-03-13,14.75
2019-03-14,14.800000190734863
2019-03-15,14.833000183105469
2019-03-18,14.782999992370605
2019-03-19,14.739999771118164
2019-03-20,14.753999710083008
2019-03-21,14.961999893188477
2019-03-22,14.383000373840332
2019-03-25,14.409000396728516
2019-03-26,14.5649995803833
2019-03-27,14.362000465393066
2019-03-28,14.479999542236328
2019-03-29,14.425000190734863
2019-04-01,14.734000205993652
2019-04-02,14.619999885559082
2019-04-03,14.793000221252441
2019-04-04,14.456999778747559
2019-04-05,14.652000427246094
2019-04-08,14.442000389099121
2019-04-09,14.413000106811523
2019-04-10,14.77400016784668
2019-04-11,14.85200023651123
2019-04-12,15.0649995803833
2019-04-15,14.954000473022461
2019-04-16,15.112000465393066
2019-04-17,14.810999870300293
2019-04-18,14.64799976348877
2019-04-22,14.734000205993652
2019-04-23,14.916000366210938
2019-04-24,14.954000473022461
2019-04-25,14.800000190734863
2019-04-26,14.942000389099121
2019-04-29,14.92300033569336
2019-04-30,14.970000267028809
2019-05-01,14.10200023651123
2019-05-02,14.083999633789062
2019-05-03,14.102999687194824
2019-05-06,14.145000457763672
2019-05-07,13.88700008392334
2019-05-08,13.79699993133545
2019-05-09,13.812999725341797
2019-05-10,13.925999641418457
2019-05-13,13.505000114440918
2019-05-14,13.649999618530273
2019-05-15,13.621999740600586
2019-05-16,13.805999755859375
2019-05-17,13.684000015258789
2019-05-20,13.626999855041504
2019-05-21,13.730999946594238
2019-05-22,13.626999855041504
2019-05-23,13.392000198364258
2019-05-24,13.407999992370605
2019-05-28,13.532999992370605
2019-05-29,13.375
2019-05-30,13.366000175476074
2019-05-31,13.291000366210938
2019-06-03,13.09000015258789
2019-06-04,13.381999969482422
2019-06-05,13.437999725341797
2019-06-06,13.440999984741211
2019-06-07,13.71399974822998
2019-06-10,13.654999732971191
2019-06-11,13.413999557495117
2019-06-12,13.267999649047852
2019-06-13,13.204999923706055
2019-06-14,13.364999771118164
2019-06-17,14.125
2019-06-18,14.559000015258789
2019-06-19,14.767000198364258
2019-06-20,14.788999557495117
2019-06-21,14.67199993133545
2019-06-24,14.157999992370605
2019-06-25,14.015999794006348
2019-06-26,13.911999702453613
2019-06-27,14.102999687194824
2019-06-28,14.331000328063965
2019-07-01,14.003000259399414
2019-07-02,14.050000190734863
2019-07-03,14.116000175476074
2019-07-05,14.02400016784668
2019-07-08,12.593000411987305
2019-07-09,12.39900016784668
2019-07-10,12.295999526977539
2019-07-11,12.279000282287598
2019-07-12,12.302000045776367
2019-07-15,12.362000465393066
2019-07-16,12.449999809265137
2019-07-17,12.25100040435791
2019-07-18,12.265999794006348
2019-07-19,12.175000190734863
2019-07-22,12.225000381469727
2019-07-23,12.157999992370605
2019-07-24,12.27299976348877
2019-07-25,12.218999862670898
2019-07-26,12.331999778747559
2019-07-29,12.218000411987305
2019-07-30,12.319000244140625
2019-07-31,13.67300033569336
2019-08-01,13.54800033569336
2019-08-02,13.430000305175781
2019-08-05,13.251999855041504
2019-08-06,13.40999984741211
2019-08-07,13.835000038146973
2019-08-08,14.027000427246094
2019-08-09,14.069999694824219
2019-08-12,14.074000358581543
2019-08-13,13.873000144958496
2019-08-14,13.795000076293945
2019-08-15,13.638999938964844
2019-08-16,13.732999801635742
2019-08-19,13.975000381469727
2019-08-20,14.050999641418457
2019-08-21,14.08899974822998
2019-08-22,14.121999740600586
2019-08-23,13.810999870300293
2019-08-26,13.961999893188477
2019-08-27,13.871999740600586
2019-08-28,13.946000099182129
2019-08-29,14.138999938964844
2019-08-30,14.329000473022461
2019-09-03,14.359999656677246
2019-09-04,13.717000007629395
2019-09-05,14.140999794006348
2019-09-06,13.98900032043457
2019-09-09,14.369000434875488
2019-09-10,14.496000289916992
2019-09-11,14.753999710083008
2019-09-12,14.84000015258789
2019-09-13,14.57800006866455
2019-09-16,14.744999885559082
2019-09-17,14.901000022888184
2019-09-18,14.812999725341797
2019-09-19,15.045000076293945
2019-09-20,14.904999732971191
2019-09-23,15.059000015258789
2019-09-24,14.887999534606934
2019-09-25,14.956999778747559
2019-09-26,14.937000274658203
2019-09-27,14.70300006866455
2019-09-30,14.836999893188477
2019-10-01,14.633999824523926
2019-10-02,14.489999771118164
2019-10-03,14.541999816894531
2019-10-04,14.659000396728516
2019-10-07,14.734999656677246
2019-10-08,14.395999908447266
2019-10-09,14.437000274658203
2019-10-10,14.35200023651123
2019-10-11,14.414999961853027
2019-10-14,14.394000053405762
2019-10-15,14.418000221252441
2019-10-16,14.340999603271484
2019-10-17,14.371999740600586
2019-10-18,14.3149995803833
2019-10-21,14.402000427246094
2019-10-22,14.302000045776367
2019-10-23,14.260000228881836
2019-10-24,14.460000038146973
2019-10-25,14.57699966430664
2019-10-28,14.616999626159668
2019-10-29,14.664999961853027
2019-10-30,15.340999603271484
2019-10-31,15.324999809265137
2019-11-01,15.369000434875488
2019-11-04,15.35099983215332
2019-11-05,15.5
2019-11-06,15.496000289916992
2019-11-07,15.57800006866455
2019-11-08,15.61299991607666
2019-11-11,15.592000007629395
2019-11-12,15.805999755859375
2019-11-13,15.696000099182129
2019-11-14,15.663999557495117
2019-11-15,15.640000343322754
2019-11-18,15.52299976348877
2019-11-19,15.74899959564209
2019-11-20,15.402000427246094
2019-11-21,14.949999809265137
2019-11-22,15.15999984741211
2019-11-25,15.276000022888184
2019-11-26,15.239999771118164
2019-11-27,15.26200008392334
2019-11-29,15.032999992370605
2019-12-02,15.008000373840332
2019-12-03,14.998000144958496
2019-12-04,15.15999984741211
2019-12-05,14.986000061035156
2019-12-06,15.15999984741211
2019-12-09,15.229999542236328
2019-12-10,15.270000457763672
2019-12-11,15.04699993133545
2019-12-12,14.6850004196167
2019-12-13,14.53499984741211
2019-12-16,14.652999877929688
2019-12-17,14.734999656677246
2019-12-18,14.581999778747559
2019-12-19,14.595000267028809
2019-12-20,14.520000457763672
2019-12-23,14.432999610900879
2019-12-24,14.4399995803833
2019-12-26,14.505000114440918
2019-12-27,14.47599983215332
2019-12-30,14.20199966430664
2019-12-31,14.262999534606934
2020-01-02,14.430999755859375
2020-01-03,14.357000350952148
2020-01-06,14.425000190734863
2020-01-07,14.38700008392334
2020-01-08,14.371000289916992
2020-01-09,14.350000381469727
2020-01-10,14.23900032043457
2020-01-13,14.458999633789062
2020-01-14,14.47700023651123
2020-01-15,14.626999855041504
2020-01-16,14.67199993133545
2020-01-17,14.673999786376953
2020-01-21,14.595000267028809
2020-01-22,14.592000007629395
2020-01-23,14.574000358581543
2020-01-24,14.315999984741211
2020-01-27,14.253000259399414
2020-01-28,14.399999618530273
2020-01-29,15.260000228881836
2020-01-30,15.270000457763672
2020-01-31,15.20300006866455
2020-02-03,14.947999954223633
2020-02-04,15.180999755859375
2020-02-05,15.284000396728516
2020-02-06,15.223999977111816
2020-02-07,15.265999794006348
2020-02-10,15.145000457763672
2020-02-11,15.210000038146973
2020-02-12,14.984000205993652
2020-02-13,14.807000160217285
2020-02-14,14.883999824523926
2020-02-18,14.79699993133545
2020-02-19,14.960000038146973
2020-02-20,14.979999542236328
2020-02-21,14.994999885559082
2020-02-24,14.588000297546387
2020-02-25,14.005000114440918
2020-02-26,14.01200008392334
2020-02-27,13.621999740600586
2020-02-28,13.515999794006348
2020-03-02,13.67199993133545
2020-03-03,13.439000129699707
2020-03-04,13.616999626159668
2020-03-05,13.687999725341797
2020-03-06,13.628000259399414
2020-03-09,12.942999839782715
2020-03-10,12.998000144958496
2020-03-11,12.414999961853027
2020-03-12,10.852999687194824
2020-03-13,11.133000373840332
2020-03-16,10.666000366210938
2020-03-17,10.935999870300293
2020-03-18,9.220000267028809
2020-03-19,10.538000106811523
2020-03-20,10.074000358581543
2020-03-23,10.246999740600586
2020-03-24,10.689000129699707
2020-03-25,10.413000106811523
2020-03-26,11.053999900817871
2020-03-27,10.630999565124512
2020-03-30,11.02400016784668
2020-03-31,11.8100004196167
2020-04-01,11.33899974822998
2020-04-02,11.449000358581543
2020-04-03,11.222999572753906
2020-04-06,11.602999687194824
2020-04-07,11.770999908447266
2020-04-08,12.300000190734863
2020-04-09,12.541999816894531
2020-04-13,12.208999633789062
2020-04-14,12.649999618530273
2020-04-15,12.260000228881836
2020-04-16,12.413000106811523
2020-04-17,12.652999877929688
2020-04-20,12.692000389099121
2020-04-21,12.270999908447266
2020-04-22,12.50100040435791
2020-04-23,12.597999572753906
2020-04-24,12.555000305175781
2020-04-27,12.92300033569336
2020-04-28,12.885000228881836
2020-04-29,12.748000144958496
2020-04-30,12.633000373840332
2020-05-01,12.258999824523926
2020-05-04,11.854999542236328
2020-05-05,12.081000328063965
2020-05-06,12.199999809265137
2020-05-07,12.347999572753906
2020-05-08,12.467000007629395
2020-05-11,12.381999969482422
2020-05-12,12.01099967956543
2020-05-13,11.494999885559082
2020-05-14,11.321000099182129
2020-05-15,11.557999610900879
2020-05-18,12.012999534606934
2020-05-19,11.906000137329102
2020-05-20,12.12399959564209
2020-05-21,12.071999549865723
2020-05-22,12.237000465393066
2020-05-26,12.470999717712402
2020-05-27,12.592000007629395
2020-05-28,12.534000396728516
2020-05-29,12.447999954223633
2020-06-01,12.260000228881836
2020-06-02,12.109000205993652
2020-06-03,12.963000297546387
2020-06-04,12.529999732971191
2020-06-05,12.520999908447266
2020-06-08,12.63599967956543
2020-06-09,12.567999839782715
2020-06-10,12.392000198364258
2020-06-11,11.734000205993652
2020-06-12,11.802000045776367
2020-06-15,12.267000198364258
2020-06-16,12.196000099182129
2020-06-17,12.17300033569336
2020-06-18,11.946000099182129
2020-06-19,11.819000244140625
2020-06-22,11.871000289916992
2020-06-23,11.753999710083008
2020-06-24,11.437999725341797
2020-06-25,11.779000282287598
2020-06-26,11.600000381469727
2020-06-29,11.850000381469727
2020-06-30,11.829000473022461
2020-07-01,11.779999732971191
2020-07-02,11.734999656677246
2020-07-06,11.975000381469727
2020-07-07,11.809000015258789
2020-07-08,11.821999549865723
2020-07-09,11.737000465393066
2020-07-10,11.765999794006348
2020-07-13,11.579000473022461
2020-07-14,11.666000366210938
2020-07-15,12.045000076293945
2020-07-16,11.845999717712402
2020-07-17,11.833999633789062
2020-07-20,12.050999641418457
2020-07-21,12.104000091552734
2020-07-22,12.121000289916992
2020-07-23,11.97599983215332
2020-07-24,11.694999694824219
2020-07-27,11.765999794006348
2020-07-28,11.781000137329102
2020-07-29,12.27400016784668
2020-07-30,12.21500015258789
2020-07-31,12.392000198364258
2020-08-03,12.366000175476074
2020-08-04,12.331999778747559
2020-08-05,12.395000457763672
2020-08-06,12.335000038146973
2020-08-07,12.33899974822998
2020-08-10,12.362000465393066
2020-08-11,13.48900032043457
2020-08-12,13.704000473022461
2020-08-13,13.699999809265137
2020-08-14,14.663000106811523
2020-08-17,14.383999824523926
2020-08-18,14.314000129699707
2020-08-19,14.166999816894531
2020-08-20,14.413999557495117
2020-08-21,14.508000373840332
2020-08-24,14.857999801635742
2020-08-25,14.696000099182129
2020-08-26,14.605999946594238
2020-08-27,14.652000427246094
2020-08-28,14.689000129699707
2020-08-31,14.444000244140625
2020-09-01,14.881999969482422
2020-09-02,15.0
2020-09-03,14.428000450134277
2020-09-04,14.218999862670898
2020-09-08,13.881999969482422
2020-09-09,14.114999771118164
2020-09-10,13.972000122070312
2020-09-11,14.11299991607666
2020-09-14,14.26200008392334
2020-09-15,15.574999809265137
2020-09-16,17.489999771118164
2020-09-17,16.361000061035156
2020-09-18,15.958999633789062
2020-09-21,15.215999603271484
2020-09-22,15.425000190734863
2020-09-23,14.82800006866455
2020-09-24,14.605999946594238
2020-09-25,14.61299991607666
2020-09-28,15.145999908447266
2020-09-29,14.968999862670898
2020-09-30,15.055999755859375
2020-10-01,14.895999908447266
2020-10-02,14.645999908447266
2020-10-05,14.821000099182129
2020-10-06,15.003999710083008
2020-10-07,15.309000015258789
2020-10-08,16.393999099731445
2020-10-09,16.472999572753906
2020-10-12,16.645999908447266
2020-10-13,16.607999801635742
2020-10-14,16.423999786376953
2020-10-15,16.597000122070312
2020-10-16,16.469999313354492
2020-10-19,16.413999557495117
2020-10-20,16.906999588012695
2020-10-21,18.104999542236328
2020-10-22,18.30500030517578
2020-10-23,18.43000030517578
2020-10-26,17.5
2020-10-27,17.558000564575195
2020-10-28,16.21500015258789
2020-10-29,16.195999145507812
2020-10-30,16.707000732421875
2020-11-02,16.656999588012695
2020-11-03,17.19499969482422
2020-11-04,17.253000259399414
2020-11-05,18.167999267578125
2020-11-06,18.562000274658203
2020-11-09,18.500999450683594
2020-11-10,18.61400032043457
2020-11-11,19.215999603271484
2020-11-12,18.694000244140625
2020-11-13,19.226999282836914
2020-11-16,20.39299964904785
2020-11-17,20.81999969482422
2020-11-18,21.29599952697754
2020-11-19,21.711000442504883
2020-11-20,22.211000442504883
2020-11-23,22.076000213623047
2020-11-24,24.722999572753906
2020-11-25,27.027000427246094
2020-11-27,27.125999450683594
2020-11-30,34.277000427246094
2020-12-01,32.400001525878906
2020-12-02,32.13199996948242
2020-12-03,33.15999984741211
2020-12-04,32.79999923706055
2020-12-07,33.62200164794922
2020-12-08,28.94499969482422
2020-12-09,28.621000289916992
2020-12-10,29.033000946044922
2020-12-11,28.591999053955078
2020-12-14,27.952999114990234
2020-12-15,28.57900047302246
2020-12-16,29.91200065612793
2020-12-17,29.780000686645508
2020-12-18,30.1200008392334
2020-12-21,31.760000228881836
2020-12-22,33.150001525878906
2020-12-23,33.71799850463867
2020-12-24,32.26100158691406
2020-12-28,37.0
2020-12-29,36.606998443603516
2020-12-30,38.99700164794922
2020-12-31,38.85499954223633
2021-01-04,42.52199935913086
2021-01-05,42.862998962402344
2021-01-06,48.05500030517578
2021-01-07,53.57500076293945
2021-01-08,53.16400146484375
2021-01-11,49.54899978637695
2021-01-12,51.42399978637695
2021-01-13,51.92599868774414
2021-01-14,63.099998474121094
2021-01-15,57.80699920654297
2021-01-19,59.22100067138672
2021-01-20,55.082000732421875
2021-01-21,52.04600143432617
2021-01-22,57.702999114990234
2021-01-25,57.141998291015625
2021-01-26,55.98099899291992
2021-01-27,54.0099983215332
2021-01-28,57.8380012512207
2021-01-29,61.73099899291992
2021-02-01,63.45600128173828
2021-02-02,68.79199981689453
2021-02-03,74.11900329589844
2021-02-04,76.55899810791016
2021-02-05,80.5999984741211
2021-02-08,104.0999984741211
2021-02-09,127.29399871826172
2021-02-10,97.447998046875
2021-02-11,100.99400329589844
2021-02-12,103.43099975585938
2021-02-16,95.5
2021-02-17,94.18000030517578
2021-02-18,92.77799987792969
2021-02-19,96.37200164794922
2021-02-22,87.5999984741211
2021-02-23,69.12300109863281
2021-02-24,81.76899719238281
2021-02-25,73.16100311279297
2021-02-26,75.04100036621094
2021-03-01,78.24400329589844
2021-03-02,74.8499984741211
2021-03-03,73.15699768066406
2021-03-04,64.56600189208984
2021-03-05,62.02399826049805
2021-03-08,62.41899871826172
2021-03-09,71.5989990234375
2021-03-10,75.65499877929688
2021-03-11,80.375
2021-03-12,78.4000015258789
2021-03-15,76.9010009765625
2021-03-16,72.42900085449219
2021-03-17,77.0989990234375
2021-03-18,73.20500183105469
2021-03-19,77.7040023803711
2021-03-22,72.45600128173828
2021-03-23,67.72100067138672
2021-03-24,62.15700149536133
2021-03-25,62.090999603271484
2021-03-26,62.400001525878906
2021-03-29,63.13399887084961
2021-03-30,65.39800262451172
2021-03-31,67.87999725341797
2021-04-01,70.35600280761719
2021-04-05,72.05500030517578
2021-04-06,70.45800018310547
2021-04-07,65.62000274658203
2021-04-08,69.01200103759766
2021-04-09,71.0999984741211
2021-04-12,71.8239974975586
2021-04-13,84.85399627685547
2021-04-14,73.55000305175781
2021-04-15,74.01499938964844
2021-04-16,69.36199951171875
2021-04-19,63.75199890136719
2021-04-20,64.6449966430664
2021-04-21,65.0459976196289
2021-04-22,59.81999969482422
2021-04-23,61.30400085449219
2021-04-26,65.88200378417969
2021-04-27,67.6989974975586
2021-04-28,68.08200073242188
2021-04-29,65.5009994506836
2021-04-30,65.71600341796875
2021-05-03,63.5620002746582
2021-05-04,61.6879997253418
2021-05-05,62.345001220703125
2021-05-06,60.90800094604492
2021-05-07,62.04600143432617
2021-05-10,56.94599914550781
2021-05-11,57.69599914550781
2021-05-12,54.1879997253418
2021-05-13,48.80799865722656
2021-05-14,52.13100051879883
2021-05-17,48.935001373291016
2021-05-18,48.720001220703125
2021-05-19,45.486000061035156
2021-05-20,47.26599884033203
2021-05-21,45.051998138427734
2021-05-24,47.244998931884766
2021-05-25,46.96699905395508
2021-05-26,48.27899932861328
2021-05-27,49.3849983215332
2021-05-28,47.0
2021-06-01,47.7760009765625
2021-06-02,49.849998474121094
2021-06-03,48.86399841308594
2021-06-04,48.46699905395508
2021-06-07,46.98099899291992
2021-06-08,45.9379997253418
2021-06-09,51.29899978637695
2021-06-10,50.8650016784668
2021-06-11,51.64400100708008
2021-06-14,59.8489990234375
2021-06-15,63.05400085449219
2021-06-16,61.981998443603516
2021-06-17,63.08100128173828
2021-06-18,64.64600372314453
2021-06-21,58.367000579833984
2021-06-22,55.37200164794922
2021-06-23,55.29999923706055
2021-06-24,58.1879997253418
2021-06-25,55.005001068115234
2021-06-28,62.41699981689453
2021-06-29,66.89900207519531
2021-06-30,66.44999694824219
2021-07-01,65.08599853515625
2021-07-02,63.56100082397461
2021-07-06,63.42900085449219
2021-07-07,63.986000061035156
2021-07-08,61.84400177001953
2021-07-09,62.86600112915039
2021-07-12,58.86899948120117
2021-07-13,57.987998962402344
2021-07-14,56.042999267578125
2021-07-15,54.104000091552734
2021-07-16,52.308998107910156
2021-07-19,49.87200164794922
2021-07-20,50.178001403808594
2021-07-21,55.694000244140625
2021-07-22,55.59400177001953
2021-07-23,53.97100067138672
2021-07-26,68.25
2021-07-27,63.06100082397461
2021-07-28,64.66500091552734
2021-07-29,62.500999450683594
2021-07-30,62.60100173950195
2021-08-02,63.77899932861328
2021-08-03,62.50600051879883
2021-08-04,67.09300231933594
2021-08-05,71.56199645996094
2021-08-06,74.87200164794922
2021-08-09,76.77300262451172
2021-08-10,75.04900360107422
2021-08-11,74.7490005493164
2021-08-12,72.0989990234375
2021-08-13,72.80000305175781
2021-08-16,69.7509994506836
2021-08-17,66.36900329589844
2021-08-18,65.50499725341797
2021-08-19,67.6259994506836
2021-08-20,71.65599822998047
2021-08-23,71.85099792480469
2021-08-24,71.55000305175781
2021-08-25,72.6709976196289
2021-08-26,69.36599731445312
2021-08-27,70.72000122070312
2021-08-30,70.29900360107422
2021-08-31,69.43000030517578
2021-09-01,70.25
2021-09-02,69.57099914550781
2021-09-03,71.22599792480469
2021-09-07,64.8010025024414
2021-09-08,63.86199951171875
2021-09-09,64.06199645996094
2021-09-10,61.55699920654297
2021-09-13,64.2699966430664
2021-09-14,61.847999572753906
2021-09-15,63.29999923706055
2021-09-16,63.29999923706055
2021-09-17,61.42900085449219
2021-09-20,58.8390007019043
2021-09-21,58.10200119018555
2021-09-22,59.96099853515625
2021-09-23,61.65700149536133
2021-09-24,59.93899917602539
2021-09-27,59.474998474121094
2021-09-28,57.35100173950195
2021-09-29,56.63199996948242
2021-09-30,57.84000015258789
2021-10-01,61.24599838256836
2021-10-04,60.724998474121094
2021-10-05,65.10099792480469
2021-10-06,67.38099670410156
2021-10-07,69.27899932861328
2021-10-08,70.88200378417969
2021-10-11,73.18000030517578
2021-10-12,71.06500244140625
2021-10-13,72.62999725341797
2021-10-14,72.3949966430664
2021-10-15,74.98500061035156
2021-10-18,73.96399688720703
2021-10-19,72.7249984741211
2021-10-20,75.81800079345703
2021-10-21,73.54299926757812
2021-10-22,71.85199737548828
2021-10-25,74.60199737548828
2021-10-26,73.48600006103516
2021-10-27,71.50199890136719
2021-10-28,71.71299743652344
2021-10-29,71.50599670410156
2021-11-01,73.61199951171875
2021-11-02,79.41400146484375
2021-11-03,81.0250015258789
2021-11-04,80.0
2021-11-05,79.7509994506836
2021-11-08,86.0
2021-11-09,85.9010009765625
2021-11-10,81.63400268554688
2021-11-11,81.83599853515625
2021-11-12,81.1729965209961
2021-11-15,79.5
2021-11-16,75.2020034790039
2021-11-17,75.30000305175781
2021-11-18,72.73600006103516
2021-11-19,71.83100128173828
2021-11-22,69.00199890136719
2021-11-23,69.677001953125
2021-11-24,70.08999633789062
2021-11-26,66.30000305175781
2021-11-29,69.5479965209961
2021-11-30,72.14299774169922
2021-12-01,70.5469970703125
2021-12-02,68.33599853515625
2021-12-03,63.0989990234375
2021-12-06,59.64699935913086
2021-12-07,62.81700134277344
2021-12-08,63.65399932861328
2021-12-09,59.1879997253418
2021-12-10,60.08399963378906
2021-12-13,57.16400146484375
2021-12-14,58.03799819946289
2021-12-15,59.85900115966797
2021-12-16,56.694000244140625
2021-12-17,57.15800094604492
2021-12-20,54.638999938964844
2021-12-21,56.75
2021-12-22,56.999000549316406
2021-12-23,59.72100067138672
2021-12-27,60.827999114990234
2021-12-28,56.797000885009766
2021-12-29,55.60900115966797
2021-12-30,56.23400115966797
2021-12-31,54.44900131225586
2022-01-03,55.82600021362305
2022-01-04,55.106998443603516
2022-01-05,50.90999984741211
2022-01-06,49.86199951171875
2022-01-07,48.29499816894531
2022-01-10,48.19499969482422
2022-01-11,50.65599822998047
2022-01-12,51.4640007019043
2022-01-13,48.95899963378906
2022-01-14,49.95600128173828
2022-01-18,46.827999114990234
2022-01-19,46.04199981689453
2022-01-20,45.75299835205078
2022-01-21,37.5890007019043
2022-01-24,37.04499816894531
2022-01-25,36.505001068115234
2022-01-26,35.3650016784668
2022-01-27,31.94499969482422
2022-01-28,33.89500045776367
2022-01-31,36.80099868774414
2022-02-01,37.29999923706055
2022-02-02,34.88399887084961
2022-02-03,34.00899887084961
2022-02-04,39.16400146484375
2022-02-07,41.34700012207031
2022-02-08,42.542999267578125
2022-02-09,44.65999984741211
2022-02-10,43.14799880981445
2022-02-11,41.10100173950195
2022-02-14,40.94900131225586
2022-02-15,43.7239990234375
2022-02-16,43.49800109863281
2022-02-17,40.459999084472656
2022-02-18,39.59700012207031
2022-02-22,37.77000045776367
2022-02-23,36.50299835205078
2022-02-24,39.69599914550781
2022-02-25,40.5
2022-02-28,44.29999923706055
2022-03-01,46.472999572753906
2022-03-02,45.92900085449219
2022-03-03,42.869998931884766
2022-03-04,41.0359992980957
2022-03-07,38.89099884033203
2022-03-08,41.0359992980957
2022-03-09,43.67499923706055
2022-03-10,42.112998962402344
2022-03-11,39.082000732421875
2022-03-14,36.99300003051758
2022-03-15,39.61399841308594
2022-03-16,42.87799835205078
2022-03-17,43.409000396728516
2022-03-18,45.428001403808594
2022-03-21,43.64799880981445
2022-03-22,45.994998931884766
2022-03-23,45.069000244140625
2022-03-24,48.391998291015625
2022-03-25,47.242000579833984
2022-03-28,51.0
2022-03-29,52.0
2022-03-30,50.069000244140625
2022-03-31,48.63199996948242
2022-04-01,49.097999572753906
2022-04-04,50.125999450683594
2022-04-05,48.72800064086914
2022-04-06,45.51100158691406
2022-04-07,46.361000061035156
2022-04-08,45.32400131225586
2022-04-11,43.638999938964844
2022-04-12,44.345001220703125
2022-04-13,46.358001708984375
2022-04-14,44.91899871826172
2022-04-18,44.5890007019043
2022-04-19,47.11399841308594
2022-04-20,44.90299987792969
2022-04-21,42.7859992980957
2022-04-22,40.90800094604492
2022-04-25,42.79999923706055
2022-04-26,39.10100173950195
2022-04-27,38.577999114990234
2022-04-28,40.04899978637695
2022-04-29,35.41699981689453
2022-05-02,36.590999603271484
2022-05-03,34.34000015258789
2022-05-04,36.64400100708008
2022-05-05,31.45199966430664
2022-05-06,29.423999786376953
2022-05-09,21.905000686645508
2022-05-10,22.552000045776367
2022-05-11,16.81999969482422
2022-05-12,17.118000030517578
2022-05-13,20.457000732421875
2022-05-16,20.150999069213867
2022-05-17,22.48699951171875
2022-05-18,19.743999481201172
2022-05-19,21.07699966430664
2022-05-20,20.274999618530273
2022-05-23,20.437000274658203
2022-05-24,19.301000595092773
2022-05-25,19.812000274658203
2022-05-26,21.610000610351562
2022-05-27,21.93899917602539
2022-05-31,26.4689998626709
2022-06-01,23.81399917602539
2022-06-02,24.445999145507812
2022-06-03,22.722000122070312
2022-06-06,23.54400062561035
2022-06-07,24.0
2022-06-08,23.288999557495117
2022-06-09,21.775999069213867
2022-06-10,20.336000442504883
2022-06-13,15.21500015258789
2022-06-14,15.687000274658203
2022-06-15,17.134000778198242
2022-06-16,16.134000778198242
2022-06-17,16.760000228881836
2022-06-21,17.895999908447266
2022-06-22,17.090999603271484
2022-06-23,18.83099937438965
2022-06-24,20.54400062561035
2022-06-27,19.67300033569336
2022-06-28,18.61199951171875
2022-06-29,17.9689998626709
2022-06-30,16.43000030517578
2022-07-01,16.677000045776367
2022-07-05,18.76799964904785
2022-07-06,18.829999923706055
2022-07-07,21.951000213623047
2022-07-08,22.128000259399414
2022-07-11,20.09000015258789
2022-07-12,19.25200080871582
2022-07-13,19.55500030517578
2022-07-14,20.458999633789062
2022-07-15,21.398000717163086
2022-07-18,22.562999725341797
2022-07-19,26.716999053955078
2022-07-20,28.87700080871582
2022-07-21,28.97100067138672
2022-07-22,28.191999435424805
2022-07-25,26.586000442504883
2022-07-26,23.763999938964844
2022-07-27,26.239999771118164
2022-07-28,27.57200050354004
2022-07-29,28.606000900268555
2022-08-01,27.573999404907227
2022-08-02,27.826000213623047
2022-08-03,31.368000030517578
2022-08-04,30.930999755859375
2022-08-05,31.915000915527344
2022-08-08,33.000999450683594
2022-08-09,31.937999725341797
2022-08-10,33.58000183105469
2022-08-11,33.69900131225586
2022-08-12,35.284000396728516
2022-08-15,34.90800094604492
2022-08-16,34.263999938964844
2022-08-17,32.52000045776367
2022-08-18,32.4379997253418
2022-08-19,28.299999237060547
2022-08-22,26.80900001525879
2022-08-23,26.579999923706055
2022-08-24,27.44099998474121
2022-08-25,27.2810001373291
2022-08-26,24.920000076293945
2022-08-29,24.496000289916992
2022-08-30,24.023000717163086
2022-08-31,23.1560001373291
2022-09-01,22.091999053955078
2022-09-02,21.805999755859375
2022-09-06,20.424999237060547
2022-09-07,21.861000061035156
2022-09-08,23.450000762939453
2022-09-09,26.19700050354004
2022-09-12,26.29800033569336
2022-09-13,23.125
2022-09-14,22.599000930786133
2022-09-15,21.694000244140625
2022-09-16,20.634000778198242
2022-09-19,20.6200008392334
2022-09-20,19.65999984741211
2022-09-21,19.591999053955078
2022-09-22,19.23200035095215
2022-09-23,19.145000457763672
2022-09-26,20.01799964904785
2022-09-27,20.60700035095215
2022-09-28,22.047000885009766
2022-09-29,21.18199920654297
2022-09-30,21.22599983215332
2022-10-03,22.45199966430664
2022-10-04,24.874000549316406
2022-10-05,24.2189998626709
2022-10-06,24.16699981689453
2022-10-07,22.030000686645508
2022-10-10,22.065000534057617
2022-10-11,21.636999130249023
2022-10-12,21.83799934387207
2022-10-13,22.054000854492188
2022-10-14,20.930999755859375
2022-10-17,22.113000869750977
2022-10-18,23.5
2022-10-19,22.607999801635742
2022-10-20,22.10099983215332
2022-10-21,23.261999130249023
2022-10-24,23.760000228881836
2022-10-25,26.868999481201172
2022-10-26,27.27199935913086
2022-10-27,27.055999755859375
2022-10-28,27.999000549316406
2022-10-31,26.750999450683594
2022-11-01,25.719999313354492
2022-11-02,24.822999954223633
2022-11-03,24.8439998626709
2022-11-04,27.709999084472656
2022-11-07,26.663999557495117
2022-11-08,21.18400001525879
2022-11-09,17.035999298095703
2022-11-10,17.5
2022-11-11,17.51799964904785
2022-11-14,16.59000015258789
2022-11-15,17.152999877929688
2022-11-16,16.944000244140625
2022-11-17,17.38800048828125
2022-11-18,17.011999130249023
2022-11-21,15.722000122070312
2022-11-22,16.70800018310547
2022-11-23,17.638999938964844
2022-11-25,18.299999237060547
2022-11-28,17.66699981689453
2022-11-29,18.200000762939453
2022-11-30,19.80900001525879
2022-12-01,19.898000717163086
2022-12-02,20.694000244140625
2022-12-05,19.566999435424805
2022-12-06,19.552000045776367
2022-12-07,19.349000930786133
2022-12-08,20.256999969482422
2022-12-09,20.325000762939453
2022-12-12,19.615999221801758
2022-12-13,20.180999755859375
2022-12-14,20.273000717163086
2022-12-15,18.799999237060547
2022-12-16,17.375
2022-12-19,17.020999908447266
2022-12-20,16.885000228881836
2022-12-21,16.881999969482422
2022-12-22,16.62299919128418
2022-12-23,16.267000198364258
2022-12-27,14.77400016784668
2022-12-28,13.809000015258789
2022-12-29,13.663000106811523
2022-12-30,14.156999588012695
2023-01-03,14.501999855041504
2023-01-04,16.506000518798828
2023-01-05,15.656000137329102
2023-01-06,16.045000076293945
2023-01-09,17.500999450683594
2023-01-10,19.0
2023-01-11,19.47599983215332
2023-01-12,21.017000198364258
2023-01-13,21.69700050354004
2023-01-17,23.591999053955078
2023-01-18,22.118999481201172
2023-01-19,22.145000457763672
2023-01-20,24.003000259399414
2023-01-23,25.02199935913086
2023-01-24,24.75
2023-01-25,24.583999633789062
2023-01-26,24.531999588012695
2023-01-27,25.836000442504883
2023-01-30,24.569000244140625
2023-01-31,25.17300033569336
2023-02-01,26.79199981689453
2023-02-02,29.21299934387207
2023-02-03,28.47599983215332
2023-02-06,28.204999923706055
2023-02-07,28.386999130249023
2023-02-08,27.59600067138672
2023-02-09,24.90399932861328
2023-02-10,24.336999893188477
2023-02-13,24.924999237060547
2023-02-14,27.11400032043457
2023-02-15,29.84000015258789
2023-02-16,28.402999877929688
2023-02-17,29.405000686645508
2023-02-21,26.992000579833984
2023-02-22,26.857999801635742
2023-02-23,26.575000762939453
2023-02-24,25.579999923706055
2023-02-27,25.864999771118164
2023-02-28,26.226999282836914
2023-03-01,25.791000366210938
2023-03-02,25.288999557495117
2023-03-03,24.69099998474121
2023-03-06,23.7450008392334
2023-03-07,23.143999099731445
2023-03-08,23.27199935913086
2023-03-09,21.082000732421875
2023-03-10,19.201000213623047
2023-03-13,22.31599998474121
2023-03-14,22.94700050354004
2023-03-15,22.7549991607666
2023-03-16,24.107999801635742
2023-03-17,26.766000747680664
2023-03-20,26.395999908447266
2023-03-21,27.33799934387207
2023-03-22,24.68600082397461
2023-03-23,26.33300018310547
2023-03-24,25.66699981689453
2023-03-27,23.895999908447266
2023-03-28,24.826000213623047
2023-03-29,28.402999877929688
2023-03-30,27.92300033569336
2023-03-31,29.23200035095215
2023-04-03,29.73900032043457
2023-04-04,29.898000717163086
2023-04-05,29.083999633789062
2023-04-06,29.010000228881836
2023-04-10,31.277999877929688
2023-04-11,33.23500061035156
2023-04-12,32.28300094604492
2023-04-13,34.071998596191406
2023-04-14,33.375
2023-04-17,31.30299949645996
2023-04-18,32.98500061035156
2023-04-19,31.472000122070312
2023-04-20,29.47100067138672
2023-04-21,29.101999282836914
2023-04-24,28.533000946044922
2023-04-25,29.090999603271484
2023-04-26,29.945999145507812
2023-04-27,31.86400032043457
2023-04-28,32.8380012512207
2023-05-01,30.746999740600586
2023-05-02,32.80099868774414
2023-05-03,30.424999237060547
2023-05-04,31.224000930786133
2023-05-05,32.672000885009766
2023-05-08,29.466999053955078
2023-05-09,30.343000411987305
2023-05-10,31.51099967956543
2023-05-11,28.73699951171875
2023-05-12,27.100000381469727
2023-05-15,28.25
2023-05-16,27.3439998626709
2023-05-17,29.05699920654297
2023-05-18,28.757999420166016
2023-05-19,28.827999114990234
2023-05-22,29.41200065612793
2023-05-23,28.933000564575195
2023-05-24,28.44300079345703
2023-05-25,28.099000930786133
2023-05-26,28.510000228881836
2023-05-30,29.927000045776367
2023-05-31,30.163000106811523
2023-06-01,29.993999481201172
2023-06-02,30.21299934387207
2023-06-05,27.63599967956543
2023-06-06,29.881999969482422
2023-06-07,29.08099937438965
2023-06-08,29.093000411987305
2023-06-09,28.232999801635742
2023-06-12,27.770000457763672
2023-06-13,28.381999969482422
2023-06-14,28.288000106811523
2023-06-15,27.79199981689453
2023-06-16,29.339000701904297
2023-06-20,31.34000015258789
2023-06-21,33.13100051879883
2023-06-22,32.722999572753906
2023-06-23,32.9109992980957
2023-06-26,30.573999404907227
2023-06-27,32.487998962402344
2023-06-28,32.56100082397461
2023-06-29,34.0260009765625
2023-06-30,34.242000579833984
2023-07-03,37.784000396728516
2023-07-05,37.81100082397461
2023-07-06,37.654998779296875
2023-07-07,38.07400131225586
2023-07-10,40.770999908447266
2023-07-11,41.22999954223633
2023-07-12,41.3489990234375
2023-07-13,46.18299865722656
2023-07-14,45.88600158691406
2023-07-17,44.987998962402344
2023-07-18,44.58000183105469
2023-07-19,45.310001373291016
2023-07-20,44.08300018310547
2023-07-21,43.665000915527344
2023-07-24,43.09400177001953
2023-07-25,43.68199920654297
2023-07-26,44.34600067138672
2023-07-27,42.6150016784668
2023-07-28,43.46099853515625
2023-07-31,43.78799819946289
2023-08-01,43.49800109863281
2023-08-02,40.733001708984375
2023-08-03,38.99100112915039
2023-08-04,37.696998596191406
2023-08-07,37.082000732421875
2023-08-08,38.948001861572266
2023-08-09,37.784000396728516
2023-08-10,37.80099868774414
2023-08-11,38.430999755859375
2023-08-14,38.882999420166016
2023-08-15,37.6150016784668
2023-08-16,36.96699905395508
2023-08-17,34.67900085449219
2023-08-18,32.86199951171875
2023-08-21,33.525001525878906
2023-08-22,32.95100021362305
2023-08-23,34.63999938964844
2023-08-24,33.65599822998047
2023-08-25,33.60499954223633
2023-08-28,34.4370002746582
2023-08-29,38.152000427246094
2023-08-30,37.167999267578125
2023-08-31,35.75299835205078
2023-09-01,35.14799880981445
2023-09-05,34.92499923706055
2023-09-06,35.06999969482422
2023-09-07,35.30699920654297
2023-09-08,35.62799835205078
2023-09-11,34.268001556396484
2023-09-12,34.7760009765625
2023-09-13,34.183998107910156
2023-09-14,34.63999938964844
2023-09-15,34.077999114990234
2023-09-18,34.0620002746582
2023-09-19,33.92599868774414
2023-09-20,33.34700012207031
2023-09-21,32.60599899291992
2023-09-22,32.28099822998047
2023-09-25,32.7599983215332
2023-09-26,31.729999542236328
2023-09-27,31.562999725341797
2023-09-28,32.891998291015625
2023-09-29,32.827999114990234
2023-10-02,32.94900131225586
2023-10-03,31.132999420166016
2023-10-04,32.040000915527344
2023-10-05,32.34199905395508
2023-10-06,34.0629997253418
2023-10-09,34.04499816894531
2023-10-10,34.04600143432617
2023-10-11,33.46099853515625
2023-10-12,32.36000061035156
2023-10-13,31.82200050354004
2023-10-16,32.58000183105469
2023-10-17,33.54100036621094
2023-10-18,32.91400146484375
2023-10-19,34.23500061035156
2023-10-20,34.80400085449219
2023-10-23,37.749000549316406
2023-10-24,42.48699951171875
2023-10-25,43.321998596191406
2023-10-26,41.345001220703125
2023-10-27,40.67599868774414
2023-10-30,42.02199935913086
2023-10-31,42.3390007019043
2023-11-01,42.66699981689453
2023-11-02,45.362998962402344
2023-11-03,45.39500045776367
2023-11-06,45.9630012512207
2023-11-07,47.35499954223633
2023-11-08,47.45000076293945
2023-11-09,49.40700149536133
2023-11-10,50.917999267578125
2023-11-13,50.487998962402344
2023-11-14,48.0
2023-11-15,50.595001220703125
2023-11-16,48.90800094604492
2023-11-17,48.62200164794922
2023-11-20,50.85300064086914
2023-11-21,49.30400085449219
2023-11-22,50.78799819946289
2023-11-24,52.02399826049805
2023-11-27,49.53799819946289
2023-11-28,50.58700180053711
2023-11-29,50.709999084472656
2023-11-30,49.83000183105469
2023-12-01,52.768001556396484
2023-12-04,56.321998596191406
2023-12-05,57.75
2023-12-06,56.888999938964844
2023-12-07,57.10900115966797
2023-12-08,59.93899917602539
2023-12-11,55.58000183105469
2023-12-12,55.832000732421875
2023-12-13,58.599998474121094
2023-12-14,58.23699951171875
2023-12-15,57.04100036621094
2023-12-18,57.189998626708984
2023-12-19,57.130001068115234
2023-12-20,57.34700012207031
2023-12-21,58.19499969482422
2023-12-22,61.92399978637695
2023-12-26,60.388999938964844
2023-12-27,67.07099914550781
2023-12-28,66.78800201416016
2023-12-29,63.1619987487793
2024-01-02,68.51499938964844
2024-01-03,63.10599899291992
2024-01-04,65.58100128173828
2024-01-05,63.108001708984375
2024-01-08,59.80099868774414
2024-01-09,57.729000091552734
2024-01-10,56.56700134277344
2024-01-11,53.61800003051758
2024-01-12,48.553001403808594
2024-01-16,48.2140007019043
2024-01-17,49.900001525878906
2024-01-18,48.65999984741211
2024-01-19,48.099998474121094
2024-01-22,47.01900100708008
2024-01-23,45.01900100708008
2024-01-24,45.0989990234375
2024-01-25,45.77799987792969
2024-01-26,49.45000076293945
2024-01-29,51.38100051879883
2024-01-30,51.95100021362305
2024-01-31,50.12099838256836
2024-02-01,50.347999572753906
2024-02-02,50.0099983215332
2024-02-05,49.060001373291016
2024-02-06,49.79999923706055
2024-02-07,50.80099868774414
2024-02-08,58.78099822998047
2024-02-09,64.63200378417969
2024-02-12,71.75199890136719
2024-02-13,68.60199737548828
2024-02-14,76.98799896240234
2024-02-15,71.80000305175781
2024-02-16,69.95600128173828
2024-02-20,70.49800109863281
2024-02-21,67.27999877929688
2024-02-22,71.31500244140625
2024-02-23,68.74400329589844
2024-02-26,79.64800262451172
2024-02-27,87.18000030517578
2024-02-28,96.29499816894531
2024-02-29,102.28399658203125
2024-03-01,107.93900299072266
2024-03-04,133.4010009765625
2024-03-05,105.10099792480469
2024-03-06,124.62100219726562
2024-03-07,130.0019989013672
2024-03-08,142.5590057373047
2024-03-11,148.42300415039062
2024-03-12,159.3350067138672
2024-03-13,176.61500549316406
2024-03-14,167.68499755859375
2024-03-15,178.23599243164062
2024-03-18,150.2760009765625
2024-03-19,141.75
2024-03-20,154.65199279785156
2024-03-21,159.9290008544922
2024-03-22,152.3000030517578
2024-03-25,185.60000610351562
2024-03-26,187.69900512695312
2024-03-27,191.91600036621094
2024-03-28,170.45599365234375
2024-04-01,163.6739959716797
2024-04-02,157.88299560546875
2024-04-03,160.61099243164062
2024-04-04,161.54200744628906
2024-04-05,143.89999389648438
2024-04-08,151.2989959716797
2024-04-09,144.1020050048828
2024-04-10,156.60000610351562
2024-04-11,155.18099975585938
2024-04-12,147.95799255371094
2024-04-15,133.58799743652344
2024-04-16,125.40299987792969
2024-04-17,118.80500030517578
2024-04-18,120.81600189208984
2024-04-19,117.41100311279297
2024-04-22,132.4010009765625
2024-04-23,133.86399841308594
2024-04-24,126.56700134277344
2024-04-25,124.04100036621094
2024-04-26,128.23800659179688
2024-04-29,129.2969970703125
2024-04-30,106.50299835205078
2024-05-01,102.8270034790039
2024-05-02,112.94200134277344
2024-05-03,122.3010025024414
2024-05-06,126.88099670410156
2024-05-07,125.74500274658203
2024-05-08,123.31199645996094
2024-05-09,126.36399841308594
2024-05-10,118.0479965209961
2024-05-13,124.59600067138672
2024-05-14,129.76300048828125
2024-05-15,150.3470001220703
2024-05-16,143.9980010986328
2024-05-17,158.4499969482422
2024-05-20,172.7239990234375
2024-05-21,165.54200744628906
2024-05-22,164.6999969482422
2024-05-23,154.40699768066406
2024-05-24,168.48399353027344
2024-05-28,167.53500366210938
2024-05-29,161.8699951171875
2024-05-30,154.10000610351562
2024-05-31,152.44900512695312
2024-06-03,162.74099731445312
2024-06-04,163.8769989013672
2024-06-05,169.468994140625
2024-06-06,165.66299438476562
2024-06-07,159.6199951171875
2024-06-10,159.99200439453125
2024-06-11,155.5489959716797
2024-06-12,160.36700439453125
2024-06-13,148.38800048828125
2024-06-14,149.5540008544922
2024-06-17,150.7259979248047
2024-06-18,146.9429931640625
2024-06-20,146.5399932861328
2024-06-21,148.37600708007812
2024-06-24,137.21499633789062
2024-06-25,149.57400512695312
2024-06-26,145.7729949951172
2024-06-27,152.5399932861328
2024-06-28,137.7480010986328
2024-07-01,136.5970001220703
2024-07-02,132.0189971923828
2024-07-03,130.20899963378906
2024-07-05,128.1719970703125
2024-07-08,129.05799865722656
2024-07-09,130.177001953125
2024-07-10,130.57200622558594
2024-07-11,135.8560028076172
2024-07-12,139.67599487304688
2024-07-15,161.1280059814453
2024-07-16,166.42999267578125
2024-07-17,159.0
2024-07-18,155.51600646972656
2024-07-19,177.85000610351562
2024-07-22,180.00900268554688
2024-07-23,172.177001953125
2024-07-24,167.2689971923828
2024-07-25,160.64700317382812
2024-07-26,175.27099609375
2024-07-29,168.48500061035156
2024-07-30,160.40699768066406
2024-07-31,161.44400024414062
2024-08-01,151.18099975585938
2024-08-02,144.7989959716797
2024-08-05,130.89999389648438
2024-08-06,136.92100524902344
2024-08-07,124.68499755859375
2024-08-08,135.99000549316406
2024-08-09,135.3699951171875
2024-08-12,131.4600067138672
2024-08-13,135.3800048828125
2024-08-14,130.3699951171875
2024-08-15,131.92999267578125
2024-08-16,133.0399932861328
2024-08-19,135.35000610351562
2024-08-20,133.69000244140625
2024-08-21,141.4199981689453
2024-08-22,133.80999755859375
2024-08-23,150.00999450683594
2024-08-26,146.89999389648438
2024-08-27,140.00999450683594
2024-08-28,132.08999633789062
2024-08-29,132.55999755859375
2024-08-30,132.4199981689453
2024-09-03,122.31999969482422
2024-09-04,124.8499984741211
2024-09-05,119.56999969482422
2024-09-06,114.30000305175781
2024-09-09,124.81999969482422
2024-09-10,129.63999938964844
2024-09-11,129.27999877929688
2024-09-12,130.77000427246094
2024-09-13,141.47000122070312
2024-09-16,134.52999877929688
2024-09-17,131.27000427246094
2024-09-18,132.6699981689453
2024-09-19,144.66000366210938
2024-09-20,144.77999877929688
2024-09-23,149.97000122070312
2024-09-24,153.8800048828125
2024-09-25,151.94000244140625
2024-09-26,165.97999572753906
2024-09-27,176.22000122070312
2024-09-30,168.60000610351562
2024-10-01,162.69000244140625
2024-10-02,164.63999938964844
2024-10-03,163.41000366210938
2024-10-04,176.50999450683594
2024-10-07,186.08999633789062
2024-10-08,192.1999969482422
2024-10-09,188.91000366210938
2024-10-10,183.33999633789062
2024-10-11,212.58999633789062
2024-10-14,201.6699981689453
2024-10-15,194.30999755859375
2024-10-16,194.08999633789062
2024-10-17,193.4199981689453
2024-10-18,215.86000061035156
2024-10-21,219.0500030517578
2024-10-22,219.6999969482422
2024-10-23,213.9499969482422
2024-10-24,235.88999938964844
2024-10-25,234.33999633789062
2024-10-28,255.33999633789062
2024-10-29,258.239990234375
2024-10-30,247.30999755859375
2024-10-31,244.5
2024-11-01,229.7100067138672
2024-11-04,222.99000549316406
2024-11-05,227.8000030517578
2024-11-06,257.80999755859375
2024-11-07,270.80999755859375
2024-11-08,270.4200134277344
2024-11-11,340.0
2024-11-12,356.5899963378906
2024-11-13,328.3800048828125
2024-11-14,327.6700134277344
2024-11-15,340.6499938964844
2024-11-18,384.7900085449219
2024-11-19,430.5400085449219
2024-11-20,473.8299865722656
2024-11-21,397.2799987792969
2024-11-22,421.8800048828125
2024-11-25,403.45001220703125
2024-11-26,353.69000244140625
2024-11-27,388.8399963378906
2024-11-29,387.4700012207031
2024-12-02,380.29998779296875
2024-12-03,373.42999267578125
2024-12-04,406.0
2024-12-05,386.3999938964844
2024-12-06,395.010009765625
2024-12-09,365.3399963378906
2024-12-10,377.32000732421875
2024-12-11,411.3999938964844
2024-12-12,392.19000244140625
2024-12-13,408.6700134277344
2024-12-16,408.5
2024-12-17,386.4200134277344
2024-12-18,349.6400146484375
2024-12-19,326.4599914550781
2024-12-20,364.20001220703125
2024-12-23,332.2300109863281
2024-12-24,358.17999267578125
2024-12-26,341.04998779296875
2024-12-27,330.0
2024-12-30,302.9599914550781
2024-12-31,289.6199951171875
2025-01-02,300.010009765625
2025-01-03,339.6600036621094
2025-01-06,379.0899963378906
2025-01-07,341.42999267578125
2025-01-08,331.70001220703125
2025-01-10,327.9100036621094
2025-01-13,328.3999938964844
2025-01-14,342.1700134277344
2025-01-15,360.6199951171875
2025-01-16,367.0
2025-01-17,396.5
2025-01-21,389.1000061035156
2025-01-22,377.30999755859375
2025-01-23,373.1199951171875
2025-01-24,353.6700134277344
2025-01-27,347.9200134277344
2025-01-28,335.92999267578125
2025-01-29,341.25
2025-01-30,340.0899963378906
2025-01-31,334.7900085449219
2025-02-03,347.0899963378906
2025-02-04,348.30999755859375
2025-02-05,336.70001220703125
2025-02-06,325.4599914550781
2025-02-07,327.55999755859375
2025-02-10,334.6199951171875
2025-02-11,319.4599914550781
2025-02-12,326.82000732421875
2025-02-13,324.9200134277344
2025-02-14,337.7300109863281
2025-02-18,333.9700012207031
2025-02-19,318.6700134277344
2025-02-20,323.9200134277344
2025-02-21,299.69000244140625
2025-02-24,282.760009765625
2025-02-25,250.50999450683594
2025-02-26,263.2699890136719
2025-02-27,240.0500030517578
2025-02-28,255.42999267578125
2025-03-03,250.9199981689453
2025-03-04,275.1499938964844
2025-03-05,308.54998779296875
2025-03-06,304.1099853515625
2025-03-07,287.17999267578125
2025-03-10,239.27000427246094
2025-03-11,260.5899963378906
2025-03-12,262.54998779296875
2025-03-13,263.260009765625
2025-03-14,297.489990234375
2025-03-17,294.2699890136719
2025-03-18,283.19000244140625
2025-03-19,304.2300109863281
2025-03-20,302.07000732421875
2025-03-21,304.0
2025-03-24,335.7200012207031
2025-03-25,341.80999755859375
2025-03-26,329.30999755859375
2025-03-27,324.5899963378906
2025-03-28,289.4100036621094
2025-03-31,288.2699890136719
2025-04-01,306.0199890136719
2025-04-02,312.5400085449219
2025-04-03,282.2799987792969
2025-04-04,293.6099853515625
2025-04-07,268.1400146484375
2025-04-08,237.9499969482422
2025-04-09,296.8599853515625
2025-04-10,272.3399963378906
2025-04-11,299.9800109863281
2025-04-14,311.45001220703125
2025-04-15,310.7200012207031
2025-04-16,311.6600036621094
2025-04-17,317.20001220703125
2025-04-21,317.760009765625
2025-04-22,343.0299987792969
2025-04-23,345.7300109863281
2025-04-24,350.3399963378906
2025-04-25,368.7099914550781
2025-04-28,369.25
2025-04-29,381.45001220703125
2025-04-30,380.1099853515625
2025-05-01,381.6000061035156
2025-05-02,394.3699951171875
2025-05-05,386.5299987792969
2025-05-06,385.6000061035156
2025-05-07,392.4800109863281
2025-05-08,414.3800048828125
2025-05-09,416.0299987792969
2025-05-12,404.8999938964844
2025-05-13,421.6099853515625
2025-05-14,416.75
2025-05-15,397.0299987792969
2025-05-16,399.79998779296875
2025-05-19,413.4200134277344
2025-05-20,416.9200134277344
2025-05-21,402.69000244140625
2025-05-22,399.4599914550781
2025-05-23,369.510009765625
2025-05-27,372.20001220703125
2025-05-28,364.25
2025-05-29,370.6300048828125
2025-05-30,369.05999755859375
2025-06-02,372.2699890136719
2025-06-03,387.42999267578125
2025-06-04,378.1000061035156
2025-06-05,368.7900085449219
2025-06-06,374.4700012207031
2025-06-09,392.1199951171875
2025-06-10,391.17999267578125
2025-06-11,387.1099853515625
2025-06-12,379.760009765625
2025-06-13,382.8699951171875
2025-06-16,382.25
2025-06-17,375.17999267578125
2025-06-18,369.0299987792969
2025-06-20,369.70001220703125
2025-06-23,367.17999267578125
2025-06-24,377.0199890136719
2025-06-25,388.6700134277344
2025-06-26,386.44000244140625
2025-06-27,383.8800048828125
2025-06-30,404.2300109863281
2025-07-01,373.29998779296875
2025-07-02,402.2799987792969
2025-07-03,403.989990234375
2025-07-07,395.6700134277344
2025-07-08,396.94000244140625
2025-07-09,415.4100036621094
2025-07-10,421.739990234375
2025-07-11,434.5799865722656
2025-07-14,451.0199890136719
2025-07-15,442.30999755859375
2025-07-16,455.8999938964844
2025-07-17,451.3399963378906
2025-07-18,423.2200012207031
2025-07-21,426.2799987792969
2025-07-22,426.3999938964844
2025-07-23,412.6700134277344
2025-07-24,414.9200134277344
2025-07-25,405.8900146484375
2025-07-28,403.79998779296875
2025-07-29,394.6600036621094
2025-07-30,395.0400085449219
2025-07-31,401.8599853515625
2025-08-01,366.6300048828125
2025-08-04,389.239990234375
2025-08-05,375.4599914550781
2025-08-06,383.4100036621094
2025-08-07,402.010009765625
2025-08-08,395.1300048828125
2025-08-11,400.25
2025-08-12,394.3900146484375
2025-08-13,389.8999938964844
2025-08-14,372.94000244140625
2025-08-15,366.32000732421875
2025-08-18,363.6000061035156
2025-08-19,336.57000732421875
2025-08-20,344.3699951171875
2025-08-21,337.5799865722656
2025-08-22,358.1300048828125
2025-08-25,343.20001220703125
2025-08-26,351.3599853515625
2025-08-27,342.05999755859375
2025-08-28,338.8399963378906
2025-08-29,334.4100036621094
2025-09-02,341.6199951171875
2025-09-03,330.260009765625
2025-09-04,327.5899963378906
2025-09-05,335.8699951171875
2025-09-08,329.8999938964844
2025-09-09,328.5299987792969
2025-09-10,326.45001220703125
2025-09-11,326.0199890136719
2025-09-12,331.44000244140625
2025-09-15,327.7900085449219
2025-09-16,335.0899963378906
2025-09-17,329.7099914550781
2025-09-18,349.1199951171875
2025-09-19,344.75
2025-09-22,335.92999267578125
2025-09-23,327.7799987792969
2025-09-24,323.30999755859375
2025-09-25,300.70001220703125
2025-09-26,309.05999755859375
2025-09-29,326.4200134277344
2025-09-30,322.2099914550781
2025-10-01,338.4100036621094
2025-10-02,352.3299865722656
2025-10-03,351.6300048828125
2025-10-06,359.69000244140625
2025-10-07,328.3999938964844
2025-10-08,330.79998779296875
2025-10-09,320.2900085449219
2025-10-10,304.7900085449219
2025-10-13,315.4700012207031
2025-10-14,300.6700134277344
2025-10-15,296.760009765625
2025-10-16,283.8399963378906
2025-10-17,289.8699951171875
2025-10-20,296.6099853515625
2025-10-21,301.9100036621094
2025-10-22,280.80999755859375
2025-10-23,284.9200134277344
2025-10-24,289.0799865722656
2025-10-27,295.6300048828125
2025-10-28,284.6400146484375
2025-10-29,275.3599853515625
2025-10-30,254.57000732421875
2025-10-31,269.510009765625
2025-11-03,264.6700134277344
2025-11-04,246.99000549316406
2025-11-05,255.0
2025-11-06,237.1999969482422
2025-11-07,241.92999267578125
2025-11-10,238.8800048828125
2025-11-11,231.35000610351562
2025-11-12,224.61000061035156
2025-11-13,208.5399932861328
2025-11-14,199.75
2025-11-17,195.4199981689453
2025-11-18,206.8000030517578
2025-11-19,186.5
2025-11-20,177.1300048828125
2025-11-21,170.5
2025-11-24,179.0399932861328
2025-11-25,172.19000244140625
2025-11-26,175.63999938964844
2025-11-28,177.17999267578125
2025-12-01,171.4199981689453
2025-12-02,181.3300018310547
2025-12-03,188.38999938964844
2025-12-04,186.00999450683594
2025-12-05,178.99000549316406
2025-12-08,183.69000244140625
2025-12-09,188.99000549316406
2025-12-10,184.63999938964844
2025-12-11,183.3000030517578
2025-12-12,176.4499969482422
2025-12-15,162.0800018310547
2025-12-16,167.5
2025-12-17,160.3800048828125
2025-12-18,158.24000549316406
2025-12-19,164.82000732421875
2025-12-22,164.32000732421875
2025-12-23,157.8800048828125
2025-12-24,158.7100067138672
2025-12-26,158.80999755859375
2025-12-29,155.38999938964844
2025-12-30,155.61000061035156
2025-12-31,151.9499969482422
2026-01-02,157.16000366210938
2026-01-05,164.72000122070312
2026-01-06,157.97000122070312
2026-01-07,161.8300018310547
2026-01-08,166.97000122070312
2026-01-09,157.3300018310547
2026-01-12,162.22999572753906
2026-01-13,172.99000549316406
2026-01-14,179.3300018310547
2026-01-15,170.91000366210938
2026-01-16,173.7100067138672
2026-01-20,160.22999572753906
2026-01-21,163.80999755859375
2026-01-22,160.97999572753906
2026-01-23,163.11000061035156
2026-01-26,160.5800018310547
2026-01-27,161.5800018310547
2026-01-28,158.4499969482422
2026-01-29,143.19000244140625
2026-01-30,149.7100067138672
2026-02-02,139.6300048828125
2026-02-03,133.25999450683594
2026-02-04,129.08999633789062
2026-02-05,106.98999786376953
2026-02-06,134.92999267578125
2026-02-09,138.44000244140625
2026-02-10,133.0
2026-02-11,126.06999969482422
2026-02-12,123.0
2026-02-13,133.8800048828125
2026-02-17,128.6699981689453
2026-02-18,125.19999694824219
2026-02-19,129.4499969482422
2026-02-20,131.0500030517578
2026-02-23,123.70999908447266
2026-02-24,124.61000061035156
2026-02-25,135.64999389648438
2026-02-26,133.39999389648438
2026-02-27,129.5
2026-03-02,137.64999389648438
2026-03-03,132.67999267578125
2026-03-04,146.44000244140625
2026-03-05,139.80999755859375
2026-03-06,133.52999877929688
2026-03-09,138.9499969482422
2026-03-10,138.4600067138672
2026-03-11,138.3300018310547
2026-03-12,137.33999633789062
2026-03-13,139.6699981689453
2026-03-16,147.52000427246094
2026-03-17,150.27999877929688
2026-03-18,140.55999755859375
2026-03-19,138.24000549316406
2026-03-20,135.66000366210938
2026-03-23,138.1999969482422
2026-03-24,136.25
2026-03-25,139.1300048828125
2026-03-26,132.92999267578125
2026-03-27,126.02999877929688
2026-03-30,121.44000244140625
2026-03-31,124.80000305175781
2026-04-01,122.77999877929688
2026-04-02,119.83000183105469
2026-04-06,127.69000244140625
2026-04-07,123.72000122070312
2026-04-08,128.3000030517578
2026-04-09,128.86000061035156
2026-04-10,128.63999938964844
2026-04-13,132.36000061035156
2026-04-14,137.41000366210938
2026-04-15,143.5399932861328
2026-04-16,148.94000244140625
2026-04-17,166.52000427246094
2026-04-20,170.80999755859375
2026-04-21,163.97000122070312
2026-04-22,179.36000061035156
2026-04-23,172.47000122070312
2026-04-24,171.02000427246094
2026-04-27,169.1999969482422
2026-04-28,165.7100067138672
2026-04-29,158.19000244140625
2026-04-30,165.4499969482422
2026-05-01,177.1699981689453
2026-05-04,183.8000030517578
2026-05-05,186.89999389648438
2026-05-06,186.82000732421875
2026-05-07,179.83999633789062
2026-05-08,187.58999633789062
2026-05-11,195.94000244140625
2026-05-12,184.4199981689453
2026-05-13,178.02999877929688
2026-05-14,186.97000122070312
2026-05-15,177.4199981689453
2026-05-18,166.6300048828125
2026-05-19,164.6300048828125
2026-05-20,165.80999755859375
2026-05-21,164.85000610351562
2026-05-22,159.88999938964844
2026-05-26,159.92999267578125
2026-05-27,154.1999969482422
2026-05-28,151.63999938964844
2026-05-29,159.08999633789062
2026-06-01,149.77999877929688
2026-06-02,136.0800018310547
2026-06-03,126.55000305175781
2026-06-04,129.3699951171875
2026-06-05,120.44000244140625
2026-06-08,127.19999694824219
2026-06-09,117.0199966430664
2026-06-10,115.3499984741211
2026-06-11,120.1500015258789
2026-06-12,123.97000122070312
2026-06-15,131.13999938964844
2026-06-16,122.80999755859375
2026-06-17,116.55999755859375
2026-06-18,112.52999877929688
2026-06-22,109.45999908447266
2026-06-23,103.83999633789062
2026-06-24,94.12999725341797
2026-06-25,85.33000183105469
2026-06-26,82.30999755859375
2026-06-29,92.68000030517578
2026-06-30,86.93000030517578
2026-07-01,93.38999938964844
2026-07-02,100.7699966430664
2026-07-06,100.7699966430664
2026-07-07,97.36000061035156
2026-07-08,93.87000274658203
2026-07-09,93.88999938964844
2026-07-10,94.63999938964844
2026-07-13,92.0999984741211
2026-07-14,97.58000183105469
2026-07-15,97.47000122070312
2026-07-16,94.02999877929688
2026-07-17,94.8499984741211
2026-07-20,97.81999969482422
2026-07-21,101.94999694824219
2026-07-22,100.01000213623047
2026-07-23,93.62999725341797
2026-07-24,91.66999816894531
2026-07-27,98.6500015258789
2026-07-28,96.16000366210938
2026-07-29,93.33000183105469
2026-07-30,97.73999786376953
2026-07-31,93.27999877929688
2026-08-03,94.86000061035156
2026-08-04,97.6500015258789
2026-08-05,98.37000274658203
2026-08-06,96.8499984741211
2026-08-07,100.01000213623047
2026-08-10,97.33000183105469
2026-08-11,96.08999633789062
2026-08-12,94.83000183105469
2026-08-13,97.0999984741211
2026-08-14,93.04000091552734
2026-08-17,97.68000030517578
2026-08-18,92.5199966430664
2026-08-19,104.25
2026-08-20,112.38999938964844
2026-08-21,119.25
2026-08-24,122.62999725341797
2026-08-25,126.83000183105469
2026-08-26,123.19000244140625
2026-08-27,137.39999389648438
2026-08-28,127.30999755859375
2026-08-31,132.94000244140625
2026-09-01,124.87999725341797
2026-09-02,123.19000244140625
2026-09-03,144.82000732421875
2026-09-04,142.8000030517578
2026-09-08,136.52000427246094
2026-09-09,132.6999969482422
2026-09-10,128.55999755859375
2026-09-11,130.97000122070312
2026-09-14,136.94000244140625
2026-09-15,129.60000610351562
2026-09-16,126.18000030517578
2026-09-17,132.25
2026-09-18,153.9199981689453
2026-09-21,168.5
2026-09-22,167.3300018310547
2026-09-23,162.1999969482422
2026-09-24,161.61000061035156
2026-09-25,158.61000061035156
2026-09-28,157.13999938964844
2026-09-29,154.6699981689453
2026-09-30,153.08999633789062
2026-10-01,160.5
2026-10-02,160.00999450683594
2026-10-05,164.42999267578125
2026-10-06,164.5500030517578
2026-10-07,153.3699951171875
2026-10-08,151.47000122070312
2026-10-09,154.33999633789062
